id,title,year,field,split,s_m,s_t,s_mt,s_mn,s_tn,s_mtn,S
H0,An Empirical Analysis of Search in GSAT,0,ALL,historical,0.4296809076804205,0.44375447054421435,0.440570890551996,0.0,0.0,0.0,0.0
H1,Substructure Discovery Using Minimum Description Length and Background Knowledge,0,ALL,historical,0.6583946797644464,0.44375447054421435,0.4405709141632031,0.44705978106687394,0.0,4.300976455272151e-08,0.4470597961202915
H2,Bias-Driven Revision of Logical Domain Theories,0,ALL,historical,0.7463776036383454,0.44375447054421435,0.5221252298829137,0.6190372983203524,0.0,0.14855796732168647,0.6710325868829426
H3,Wrap-Up: a Trainable Discourse Module for Information Extraction,0,ALL,historical,0.5326321183147188,0.6991463390918542,0.501612125663295,0.20123556735284842,0.48471271504394314,0.11119165313993243,0.7248653609957678
H4,Cost-Sensitive Classification: Empirical Evaluation of a Hybrid Genetic Decision Tree Induction Algorithm,0,ALL,historical,0.4296809076804205,0.5888917608920886,0.5099993297599031,0.0,0.2754586136931623,0.12646963837439634,0.31972298712420105
H5,FLECS: Planning with a Flexible Commitment Strategy,0,ALL,historical,0.865509236871612,0.44375447054421435,0.52690860646297,0.8519002404427741,0.0,0.15727128297720225,0.9069451894847949
H6,Induction of First-Order Decision Lists: Results on Learning the Past Tense of English Verbs,0,ALL,historical,0.6496683894037146,0.7982597757013467,0.5668345945023577,0.4300027694901443,0.6728218479992132,0.22999976897932983,1.183324536632123
H7,Building and Refining Abstract Planning Cases by Change of Representation Language,0,ALL,historical,0.6875146028893631,0.5036763142778168,0.5256220365517441,0.5039795998354905,0.11372672016429294,0.15492768958417108,0.6719310113542433
H8,OPUS: An Efficient Admissible Algorithm for Unordered Search,0,ALL,historical,0.42968139461031524,0.443754891236026,0.4405710203570936,9.517869000767849e-07,7.984383817240091e-07,2.3645071013869064e-07,1.8329830303493356e-06
H9,Translating between Horn Representations and their Characteristic Models,0,ALL,historical,0.47988760615936504,0.44375447054421435,0.45634181483080566,0.09813749047801724,0.0,0.028728041608400274,0.10819230504095734
H10,A Formal Framework for Speedup Learning from Problems and Solutions,0,ALL,historical,0.5539900430733568,0.8422478915214378,0.5110107622203859,0.2429832464700096,0.7563076659701425,0.12831204616833117,1.044200128599068
H11,Cue Phrase Classification Using Machine Learning,0,ALL,historical,0.4523106091525794,0.5008007297086123,0.45366510168003044,0.04423358197264709,0.10826909768083648,0.023852187447300548,0.16085094526003876
H12,MUSE CSP: An Extension to the Constraint Satisfaction Problem,0,ALL,historical,0.6547162772876394,0.593997055246911,0.8814424273901968,0.43986972079646286,0.28514804155904167,0.8030839302972768,1.0060971379595514
H13,Exploiting Causal Independence in Bayesian Network Inference,0,ALL,historical,0.4296809076804205,0.4437550450718903,0.4405709574616741,0.0,1.0904061717135918e-06,1.2188150686584525e-07,1.1330646991166377e-06
H14,Flaw Selection Strategies for Partial-Order Planning,0,ALL,historical,0.48317429784176374,0.46125119215774457,0.6382700087740619,0.10456188569732947,0.03320733540144126,0.36012527825390245,0.2638130684876365
H15,Cached Sufficient Statistics for Efficient Machine Learning with Large Datasets,0,ALL,historical,0.6962344451315374,0.5437674166809447,0.72404524870124,0.5210240074730507,0.18981632789313108,0.5163719647534,0.8915705230298717
H16,Model-Based Diagnosis using Structured System Descriptions,0,ALL,historical,0.6410218634039208,0.5650479526880755,0.5309721427635379,0.41310167085828425,0.2302050311210987,0.16467335008856435,0.7009423745103806
H17,A reusable iterative optimization software library to solve combinatorial problems with approximate reasoning,0,ALL,historical,0.6197529278239203,0.6095978967130342,0.4917036172955524,0.3715279361536371,0.31475715271445076,0.09314248648150385,0.7188849591366142
H18,Iterative Deepening Branch and Bound,0,ALL,historical,0.5086600887990022,0.7832721192824874,0.5411678172892243,0.15437817800819764,0.6443765115198494,0.183245613630098,0.8628906542985814
H19,On the accuracy and running time of GSAT,0,ALL,historical,0.4296809076804205,0.8057886299037896,0.49866859742903263,0.0,0.6871109926865093,0.10582977325930859,0.7241514133272673
H20,ACLP: Integrating Abduction and Constraint Solving,0,ALL,historical,0.6699943579569685,0.5109983488105838,0.7152243519404902,0.4697333155284976,0.12762333816629085,0.5003039724983924,0.7724630440692258
H21,Probabilistic Default Reasoning with Conditional Constraints,0,ALL,historical,0.6565407344171316,0.4655359987840178,0.6633043838338475,0.4434359310751208,0.041339545189756265,0.4057274608301097,0.6267800875554155
H22,Planning with Incomplete Information,0,ALL,historical,0.8954656569882068,0.4551739830207315,0.6868922204579433,0.910455134172357,0.021673293392026245,0.44869465412896165,1.08917155650952
H23,SATEN: An Object-Oriented Web-Based Revision and Extraction Engine,0,ALL,historical,0.5423736205420018,0.8125999854021282,0.6595067233340243,0.2202769823638851,0.7000383839754505,0.3988097084571502,1.059898764299338
H24,DATALOG with constraints - an answer-set programming system,0,ALL,historical,0.8906748928373857,0.5258652980489742,0.5263474705864131,0.9010907747247664,0.1558395823667849,0.15624912761555654,1.1116175517569962
H25,Brainstorm/J: a Java Framework for Intelligent Agents,0,ALL,historical,0.64046511417471,0.737986460990456,0.5069494088232481,0.4120134102509227,0.5584280648911023,0.12091395539592417,1.0127613595305984
H26,Searching for Plannable Domains can Speed up Reinforcement Learning,0,ALL,historical,0.7443946558726586,0.44375447054421435,0.5199698675166451,0.6151612912661323,0.0,0.1446317966899157,0.6657824201076028
H27,A Framework for Searching AND/OR Graphs with Cycles,0,ALL,historical,0.7591848824055262,0.7000964360202013,0.902487131124617,0.6440712925111997,0.4865159206992874,0.8414185969173684,1.425083722131566
H28,Pruning Isomorphic Structural Sub-problems in Configuration,0,ALL,historical,0.698370664943371,0.7026294650143885,0.5182547347327048,0.5251996106852531,0.4913234009375569,0.14150754061526236,1.066050650838152
H29,"Probabilistic Reasoning as Information Compression by Multiple Alignment, Unification and Search: An Introduction and Overview",0,ALL,historical,0.5763258862375208,0.5519804801112185,0.6926779679939523,0.286642432639379,0.20540404529680206,0.45923387129922577,0.65277833289091
H30,Parametric Connectives in Disjunctive Logic Programming,0,ALL,historical,0.6749547663411485,0.7856148476994278,0.6925624959469908,0.47942927334523583,0.6488228169486143,0.4590235294250863,1.2889103255926304
H31,Logic-Based Specification Languages for Intelligent Software Agents,0,ALL,historical,0.7362371241512349,0.4437545456261459,0.7177760669403646,0.5992160147215875,1.42499317243715e-07,0.5049521321999558,0.7759494034908893
H32,Modeling Object Oriented Constraint Programs in Z,0,ALL,historical,0.862949785921187,0.44375453530479336,0.721887175452725,0.8468973603314356,1.2291024087222808e-07,0.5124408560256372,1.0262517828506494
H33,Data Mining Approach for Analyzing Call Center Performance,0,ALL,historical,0.5614324964005536,0.626455570559272,0.693655851528737,0.2575307812543805,0.34675162812904675,0.4610151669531026,0.7656377178170132
H34,A Concurrent Fuzzy-Neural Network Approach for Decision Support Systems,0,ALL,historical,0.48425404193297616,0.8224846654600778,0.5097684331161886,0.10667242828786631,0.7187986919503137,0.12604904106059245,0.8695882846093873
H35,Business Intelligence from Web Usage Mining,0,ALL,historical,0.4990278801343971,0.8837985065145991,0.47793284656761764,0.13555039576512937,0.8351673082900544,0.06805788982388111,0.9945379654935421
H36,Regression with respect to sensing actions and partial states,0,ALL,historical,0.5233486467538088,0.906225792318062,0.4766232125803371,0.1830894508083832,0.877732448107085,0.06567228331070273,1.083807198074214
H37,Decomposition Based Search - A theoretical and experimental evaluation,0,ALL,historical,0.7699247656407355,0.5113116092468359,0.596620296635452,0.6650642121944644,0.12821788065284342,0.28425688638649893,0.8927720030825825
H38,Proportional Conflict Redistribution Rules for Information Fusion,0,ALL,historical,0.5331371281681133,0.44375447054421435,0.5354882716087535,0.20222269459244563,0.0,0.17289985191436869,0.2627376427624747
H39,Planning with Preferences using Logic Programming,0,ALL,historical,0.5240058185496372,0.44375447054421435,0.4560473275683643,0.18437400432035303,0.0,0.02819160872856416,0.1942410673753505
H40,K-Histograms: An Efficient Clustering Algorithm for Categorical Dataset,0,ALL,historical,0.7955675174828207,0.4437546146576788,0.5567457347779536,0.7151873111229502,2.735154765115685e-07,0.21162207742364694,0.7892553117367032
H41,"An efficient memetic, permutation-based evolutionary algorithm for real-world train timetabling",0,ALL,historical,0.6765193468604074,0.8692728363337971,0.6720040627071325,0.48248751080084656,0.8075987836098882,0.4215746446877648,1.4376374200514523
H42,Evolution of Voronoi based Fuzzy Recurrent Controllers,0,ALL,historical,0.6230863436621711,0.48788921719505984,0.6031004282241963,0.378043661644386,0.08376411120120446,0.2960609814806265,0.5654291163638098
H43,Processing Uncertainty and Indeterminacy in Information Systems success mapping,0,ALL,historical,0.5677934995178447,0.6375423165378009,0.4862829442658919,0.2699644385504402,0.3677933581371924,0.08326828268795339,0.6669016956284164
H44,Truecluster: robust scalable clustering with model selection,0,ALL,historical,0.8879510248614958,0.44375476598729974,0.5982228236407413,0.8957665137068991,5.607266232570338e-07,0.28717602173155876,0.9962786820395679
H45,Divide-and-Evolve: a New Memetic Scheme for Domain-Independent Temporal Planning,0,ALL,historical,0.8002351282136466,0.5737931864954071,0.6150270102243022,0.7243109463654392,0.24680276403464707,0.3177862359988671,1.0823388929996898
H46,Approximation Algorithms for K-Modes Clustering,0,ALL,historical,0.7015531067487301,0.6597113907176207,0.48539216191383855,0.531420231873903,0.4098684335764349,0.08164564903494663,0.9698646426125692
H47,Retraction and Generalized Extension of Computing with Words,0,ALL,historical,0.5946108285429968,0.6847519115278107,0.4809258039371035,0.32238344739953684,0.4573932780323085,0.07350980895827741,0.8055051585672424
H48,Fusion of qualitative beliefs using DSmT,0,ALL,historical,0.6995742754506117,0.5516412473816252,0.5208531624715601,0.5275522711523244,0.20476020953833415,0.1462407914304068,0.783496757691301
H49,Decentralized Failure Diagnosis of Stochastic Discrete Event Systems,0,ALL,historical,0.7574758482721445,0.7261238514936931,0.606981812990512,0.6407306960156606,0.535913809878283,0.3031312445225175,1.2827404414768249
H50,Structure and Problem Hardness: Goal Asymmetry and DPLL Proofs in<br> SAT-Based Planning,0,ALL,historical,0.4296809076804205,0.7911506210279846,0.49936546505480317,0.0,0.6593292584230894,0.107099175216655,0.6968139697489186
H51,Case Base Mining for Adaptation Knowledge Acquisition,0,ALL,historical,0.4835167739830304,0.7365396107045541,0.48075959487292474,0.10523131328509643,0.555682062309541,0.07320704541525312,0.6865358414899759
H52,Fuzzy Artmap and Neural Network Approach to Online Processing of Inputs with Missing Values,0,ALL,historical,0.570886116618691,0.6535992436328254,0.5637738977093559,0.2760094821498264,0.39826808222199683,0.22442445688819287,0.7528261242826908
H53,On-Line Condition Monitoring using Computational Intelligence,0,ALL,historical,0.7177740788951791,0.4619184484856337,0.5314666135124906,0.5631268675976983,0.03447373291112177,0.1655740694122337,0.6555515248031019
H54,The Road to Quantum Artificial Intelligence,0,ALL,historical,0.4763827885571498,0.5102283516420308,0.4733139782114909,0.09128673122706135,0.1261619470097598,0.059644239490348,0.23832416205844295
H55,Qualitative Belief Conditioning Rules (QBCR),0,ALL,historical,0.6459974932611472,0.44375447054421435,0.5321165289572147,0.4228273816205738,0.0,0.1667579440924935,0.48119266205294653
H56,Fitness landscape of the cellular automata majority problem: View from the Olympus,0,ALL,historical,0.4709150797229037,0.83561998857077,0.45923684644417456,0.08059916881181048,0.7437284524950407,0.03400158088715036,0.8362281746173539
H57,Lagrangian Relaxation for MAP Estimation in Graphical Models,0,ALL,historical,0.6641782909172337,0.5768864690170791,0.5541773402311908,0.45836482803532275,0.2526735592874642,0.20694353454931896,0.7834686244150486
H58,Decomposition During Search for Propagation-Based Constraint Solvers,0,ALL,historical,0.6389665383794207,0.6729229954332073,0.5007805526040192,0.4090841902006846,0.4349429703195058,0.10967687410574484,0.882414066457201
H59,Bin Packing Under Multiple Objectives - a Heuristic Approximation Approach,0,ALL,historical,0.45311190873725804,0.44375447054421435,0.444439978311594,0.04579985764389872,0.0,0.007047863028144129,0.048266609703749165
H60,Extended ASP tableaux and rule redundancy in normal logic programs,0,ALL,historical,0.8042698002991242,0.44375447054421435,0.7125627876953432,0.7321973958904271,0.0,0.49545571332053634,0.9056068955526149
H61,Classification dynamique d'un flux documentaire : une évaluation statique préalable de l'algorithme GERMEN,0,ALL,historical,0.6790363996555151,0.7194974408513488,0.5036513118196811,0.48740751654103964,0.523337428681371,0.11490619920662341,1.0509621149447288
H62,Learning DTW Global Constraint for Time Series Classification,0,ALL,historical,0.8730967914456406,0.4437545512774489,0.4405709674175863,0.8667314001748255,1.5322502447589805e-07,1.400170235318525e-07,0.8667316024058083
H63,A Novel Two-Stage Dynamic Decision Support based Optimal Threat Evaluation and Defensive Resource Scheduling Algorithm for Multi Air-borne threats,0,ALL,historical,0.5850040956363802,0.8346421094078301,0.8380034402147825,0.3036054618376437,0.7418725184484753,0.7239562261158032,1.2988626594266501
H64,Reasoning about Cardinal Directions between Extended Objects,0,ALL,historical,0.6838200677654958,0.4437546362523488,0.47443687739260854,0.49675800557568706,3.145003801581415e-07,0.061689693125587995,0.518349712670023
H65,A Local Search Modeling for Constrained Optimum Paths Problems (Extended Abstract),0,ALL,historical,0.8140436228791176,0.5534028084248134,0.6474340994991883,0.751301986501582,0.2081035071962237,0.3768184266705947,1.0912919430325139
H66,Finite element model selection using Particle Swarm Optimization,0,ALL,historical,0.44373803568913195,0.8225632596834844,0.6504004957187518,0.027477036090746556,0.7189478573079691,0.3822219624758566,0.8802025802652654
H67,$α$-Discounting Multi-Criteria Decision Making ($α$-D MCDM),0,ALL,historical,0.8179751358205388,0.46760757352102034,0.8374652567440103,0.7589867940181474,0.0452712232846743,0.7229758804576816,1.0572995754630101
H68,Model-Driven Constraint Programming,0,ALL,historical,0.7514668910838231,0.7299748144370889,0.5331504197121324,0.628985172077276,0.5432226201173952,0.1686412615253039,1.2312322337285275
H69,A new model for solution of complex distributed constrained problems,0,ALL,historical,0.6386515768931437,0.6040858294659566,0.7361342886462728,0.40846854466339794,0.3042957034285765,0.5383931498410206,0.9012018505363317
H70,Terrorism Event Classification Using Fuzzy Inference Systems,0,ALL,historical,0.6009202009631642,0.592851501163521,0.5871821278016492,0.33471618375873224,0.28297387433458254,0.2670644820498104,0.7111626268107485
H71,Online Cake Cutting,0,ALL,historical,0.8343644114852038,0.8534112240850836,0.5760292575210394,0.7910224074564057,0.7774947510039556,0.24674860735469503,1.6548791710345045
H72,Logic-Based Decision Support for Strategic Environmental Assessment,0,ALL,historical,0.7227093470996996,0.5701389774979114,0.5063092528402121,0.5727736846779073,0.2398673765668047,0.11974785838148126,0.8545528116782305
H73,AI 3D Cybug Gaming,0,ALL,historical,0.6367808065361492,0.8494778893932773,0.5248003073709252,0.40481180734231925,0.7700296059761047,0.15343084198791948,1.2285422080141957
H74,General Scaled Support Vector Machines,0,ALL,historical,0.6225151444110555,0.44375447054421435,0.7010476540715739,0.37692715602331006,0.0,0.4744799460147217,0.5429951371284627
H75,Introduction to the iDian,0,ALL,historical,0.7697389273190914,0.5159258546655657,0.560396211684849,0.6647009597386503,0.13697533811423626,0.21827172272139922,0.8780714008053763
H76,Prunnig Algorithm of Generation a Minimal Set of Rule Reducts Based on Rough Set Theory,0,ALL,historical,0.6667382265086863,0.62081458660623,0.6939848339556313,0.46336865545958317,0.3360455055616077,0.4616144356250694,0.9609792134899652
H77,Significance of Classification Techniques in Prediction of Learning Disabilities,0,ALL,historical,0.6955080476466727,0.5024209705421656,0.558747899717818,0.5196041406342848,0.11134418122959157,0.21526918628565497,0.7062925370638556
H78,URSA: A System for Uniform Reduction to SAT,0,ALL,historical,0.9412764073655365,0.4437545391385066,0.5709493374464625,1.0,1.3018631258810177e-07,0.23749511322271963,1.0831234198142645
H79,SAPFOCS: a metaheuristic based approach to part family formation problems in group technology,0,ALL,historical,0.7632076435228883,0.5168404426757507,0.47205449324691345,0.6519344600328806,0.13871115076984045,0.05734998356546529,0.8107181050506338
H80,Evolving Genes to Balance a Pole,0,ALL,historical,0.5383181961177268,0.6164267003945315,0.5345069982017108,0.21234996888004667,0.3277176592168071,0.17111238132809392,0.5999569615616867
H81,Growing a Tree in the Forest: Constructing Folksonomies by Integrating Structured Metadata,0,ALL,historical,0.7136841453164479,0.6795188750589917,0.502636157036668,0.555132400130239,0.4474614061635999,0.11305701089465149,1.0421637601069669
H82,A general approach to belief change in answer set programming,0,ALL,historical,0.5900929642376804,0.7917879558966718,0.551419032618024,0.313552516892726,0.660538867469573,0.20191904933342758,1.0447630516289987
H83,Learning Efficient Disambiguation,0,ALL,historical,0.6972619496171172,0.5593894096227766,0.6186207534041154,0.5230324389119749,0.21946558280595987,0.324332536125252,0.856014409361773
H84,Resolving Part-of-Speech Ambiguity in the Greek Language Using Learning Techniques,0,ALL,historical,0.7249554339496901,0.6101736201933586,0.5116003810615923,0.5771640416129722,0.3158498284243297,0.12938608560342219,0.9382989999984995
H85,Implementing Integrity Constraints in an Existing Belief Revision System,0,ALL,historical,0.715157422215983,0.44375447054421435,0.6027631148184298,0.5580121692064759,0.0,0.29544653724231695,0.6614184572412868
H86,Reasoning with Axioms: Theory and Pratice,0,ALL,historical,0.6267581791950864,0.6378234952276249,0.49644166157615577,0.3852208857113985,0.3683270121134609,0.10177322560809422,0.7891685267876924
H87,Semantic Parsing based on Verbal Subcategorization,0,ALL,historical,0.6957295284674858,0.7625956855813836,0.6641828984684628,0.5200370623877979,0.6051343446737322,0.4073277478222124,1.2677361187993046
H88,Boosting Applied to Word Sense Disambiguation,0,ALL,historical,0.706731801645229,0.44375447054421435,0.6198937511268241,0.5415428676275137,0.0,0.32665140665552983,0.6558708599569492
H89,Naive Bayes and Exemplar-Based approaches to Word Sense Disambiguation Revisited,0,ALL,historical,0.5238747755555268,0.44375447054421435,0.5145033175277479,0.18411785860720437,0.0,0.13467402422464256,0.23125376708582926
H90,Coaxing Confidences from an Old Friend: Probabilistic Classifications from Transformation Rule Lists,0,ALL,historical,0.48507149975314856,0.44375447054421435,0.4496762506725626,0.10827028796543489,0.0,0.01658616576801227,0.11407544598423919
H91,Stacking classifiers for anti-spam filtering of e-mail,0,ALL,historical,0.6117654469497171,0.6094221728994517,0.5582063778346248,0.35591505277385865,0.31442364340084633,0.2142827594334801,0.745337661976423
H92,Propositional satisfiability in answer-set programming,0,ALL,historical,0.7471178734031994,0.7073744821493969,0.6170280457861282,0.6204842808784664,0.500329052337186,0.3214312876054662,1.2333142838775657
H93,aspps --- an implementation of answer-set programming with propositional schemata,0,ALL,historical,0.7539374004692005,0.4520308238462988,0.6213565494695125,0.6338142008449215,0.01570783636350555,0.3293160146969186,0.7647826423523486
H94,A Logic Programming Approach to Knowledge-State Planning: Semantics and Complexity,0,ALL,historical,0.7007061977754425,0.8284972417106328,0.8929338783248969,0.5297648049324838,0.7302100660687953,0.8240165576282268,1.5483806661711585
H95,Computing Preferred Answer Sets by Meta-Interpretation in Answer Set Programming,0,ALL,historical,0.42968112455569435,0.7829003407954978,0.5215125490698379,4.239194324113691e-07,0.6436709065965271,0.1474419185993958,0.6952760020257481
H96,"The Mysterious Optimality of Naive Bayes: Estimation of the Probability in the System of ""Classifiers""",0,ALL,historical,0.4296812419442083,0.6776550134666925,0.4528444771984815,6.533751528725033e-07,0.4439239504959348,0.022357352152042268,0.4517496771243025
H97,Robust Global Localization Using Clustered Particle Filtering,0,ALL,historical,0.5368346869765768,0.5945471590416953,0.5174878968764494,0.20945019915560006,0.2861920932175467,0.14011068210196634,0.5446810311088349
H98,Relational Association Rules: getting WARMeR,0,ALL,historical,0.5377336847422695,0.4887279969318055,0.46354554372166024,0.21120744245865103,0.08535604600255073,0.041850228973802125,0.31121106860203246
H99,A Polynomial Translation of Logic Programs with Nested Expressions into Disjunctive Logic Programs: Preliminary Report,0,ALL,historical,0.6164647613309145,0.6201425579870479,0.4852632234401505,0.36510065816735765,0.3347700506364238,0.08141077695189369,0.7283644807369443
H100,Offline Specialisation in Prolog Using a Hand-Written Compiler Generator,0,ALL,historical,0.6620123725700587,0.6950698652545245,0.8151551306829777,0.4541311740088349,0.4769759037165727,0.6823361425172003,1.1699247276064277
H101,Approximate Grammar for Information Extraction,0,ALL,historical,0.8176179412765867,0.44375447054421435,0.5615322318706374,0.7582885968210025,0.0,0.22034107735073835,0.8354079738937609
H102,Conflict-based Force Aggregation,0,ALL,historical,0.6617608741710743,0.7250391543850954,0.5120633539645931,0.4536395778178222,0.5338551441756565,0.13022942899825665,1.0330750221428684
H103,Bounded LTL Model Checking with Stable Models,0,ALL,historical,0.5918365225534024,0.6964397108934826,0.5534894231250796,0.31696059674642896,0.4795757578255793,0.20569043670304718,0.8685280074180748
H104,"'Computing' as Information Compression by Multiple Alignment, Unification and Search",0,ALL,historical,0.5225326489739178,0.6494726631750235,0.8637009170395693,0.1814944450266803,0.3904361726591623,0.770766303344143,0.8416988238562926
H105,"Syntax, Parsing and Production of Natural Language in a Framework of Information Compression by Multiple Alignment, Unification and Search",0,ALL,historical,0.7380492127509938,0.4875727607141052,0.6983421784963981,0.6027580486153068,0.08316350288525035,0.46955169872115055,0.8502646460529598
H106,Learning in Multiagent Systems: An Introduction from a Game-Theoretic Perspective,0,ALL,historical,0.6026871372701776,0.7743579035902977,0.5116990248339116,0.33816995985351994,0.6274580649176914,0.1295657733849053,1.0109760454559282
H107,Abduction in Well-Founded Semantics and Generalized Stable Models,0,ALL,historical,0.6052510881100742,0.5891986618416325,0.7058053989874494,0.3431816357605103,0.27604108639814284,0.4831465714761778,0.7883240221753154
H108,Intelligent search strategies based on adaptive Constraint Handling Rules,0,ALL,historical,0.7293163996268381,0.4551774914578358,0.8681134809840569,0.5856882871933814,0.02167995211645657,0.7788041531464714,0.879949692911103
H109,A FP-Tree Based Approach for Mining All Strongly Correlated Pairs without Candidate Generation,0,ALL,historical,0.5870109889135096,0.8448768984968347,0.6237023751105443,0.30752827444714587,0.7612973045054682,0.333589129920239,1.1855817744246977
H110,ANTIDS: Self-Organized Ant-based Clustering Model for Intrusion Detection System,0,ALL,historical,0.6525760505518278,0.5176551133734342,0.5028247685366276,0.4356862853731081,0.1402573286023083,0.11340058232539785,0.6156338177893056
H111,Self-Organized Stigmergic Document Maps: Environment as a Mechanism for Context Learning,0,ALL,historical,0.4844242020761728,0.8204092936305002,0.6556659121686668,0.10700503509011806,0.7148598072866751,0.39181335358170044,0.9589995161303883
H112,Map Segmentation by Colour Cube Genetic K-Mean Clustering,0,ALL,historical,0.4434301402651959,0.5898824998365265,0.5385426396223691,0.026875202368351492,0.27733895454500385,0.17846363561095374,0.36667642937718914
H113,Image Colour Segmentation by Genetic Algorithms,0,ALL,historical,0.44042156347314737,0.6888812227353877,0.5502219514432639,0.020994429777700708,0.4652303703331257,0.1997384670676596,0.5561332635845073
H114,A Suffix Tree Approach to Email Filtering,0,ALL,historical,0.4296809076804205,0.6224991880222126,0.4615370590161592,0.0,0.3392427401906949,0.03819160813653158,0.35260980303848094
H115,Componentwise Least Squares Support Vector Machines,0,ALL,historical,0.5773371709285725,0.44375447054421435,0.581199329081895,0.288619159744434,0.0,0.25616631986747596,0.37827737169805054
H116,A Unified Subspace Outlier Ensemble Framework for Outlier Detection in High Dimensional Spaces,0,ALL,historical,0.5939456168769026,0.5810179449552328,0.5463440966464621,0.3210831786002537,0.2605147600684816,0.19267463415689343,0.649034060623648
H117,A Fast Greedy Algorithm for Outlier Mining,0,ALL,historical,0.4296809076804205,0.5338933242892879,0.4570863991797617,0.0,0.17107611443617077,0.03008436351950812,0.1816056416679986
H118,K-ANMI: A Mutual Information Based Clustering Algorithm for Categorical Data,0,ALL,historical,0.5702706538810649,0.44375466984492556,0.4709582837946488,0.27480645605205006,3.7825632190729214e-07,0.055353147476505465,0.2941804359251489
H119,Probabilistic Automata for Computing with Words,0,ALL,historical,0.6413182120023393,0.4527110943475663,0.5091766298826529,0.4136809343557172,0.016998933701525033,0.1249710225743936,0.47441972595827997
H120,An application-oriented terminology evaluation: the case of back-of-the book indexes,0,ALL,historical,0.4529780055595738,0.7609140837260636,0.48453709611586965,0.04553812121782252,0.6019428029635348,0.0800880760361988,0.6755117507940268
H121,Universal Algorithmic Intelligence: A mathematical top->down approach,0,ALL,historical,0.6462899853450688,0.7567534065100452,0.9129996540505159,0.4233991069076446,0.5940461805641353,0.8605680259987234,1.318644096571333
H122,Multimodal Meaning Representation for Generic Dialogue Systems Architectures,0,ALL,historical,0.6832014160811675,0.7292136678977982,0.6870333792015385,0.4955487461418002,0.5417780267256637,0.44895178644332073,1.1944598981226262
H123,Improving ecological niche models by data mining large environmental datasets for surrogate models,0,ALL,historical,0.7126934693858227,0.8529112081698808,0.7200200225324102,0.5531959563358059,0.7765457620122487,0.509039682712281,1.507905607297353
H124,Introduction to Arabic Speech Recognition Using CMUSphinx System,0,ALL,historical,0.4296809076804205,0.5795196157714367,0.4799861661226121,0.0,0.2576710547820233,0.07179818104387511,0.28280041814737955
H125,Arabic Speech Recognition System using CMU-Sphinx4,0,ALL,historical,0.6778596264967626,0.5845331919634992,0.586770371951166,0.48510731421424663,0.2671864091351355,0.266314434747822,0.8455037755111199
H126,Clustering with Lattices in the Analysis of Graph Patterns,0,ALL,historical,0.6623213096111519,0.6786616885045669,0.6067816513032794,0.4547350437482741,0.4458345367395372,0.3027666334713471,1.0065379022027827
H127,Multi-Dimensional Recurrent Neural Networks,0,ALL,historical,0.5194934092088915,0.5146521137075774,0.503752674566465,0.1755537364651372,0.13455788276798647,0.11509083982474246,0.3503934131717835
H128,Condition Monitoring of HV Bushings in the Presence of Missing Data Using Evolutionary Computing,0,ALL,historical,0.7324751214866226,0.44375447054421435,0.5676351404405253,0.5918625437334187,0.0,0.23145802954887776,0.672872854075526
H129,On complexity of optimized crossover for binary representations,0,ALL,historical,0.762698448466362,0.5889989450484684,0.491781396439908,0.6509391521053486,0.2756620403869877,0.09328416761926159,0.9592506511590778
H130,Virtual Sensor Based Fault Detection and Classification on a Plasma Etch Reactor,0,ALL,historical,0.6350138731175445,0.7158044709440307,0.798376987060688,0.40135803689341537,0.5163284762016727,0.6517733676555842,1.1458071917745425
H131,Learning Probabilistic Models of Word Sense Disambiguation,0,ALL,historical,0.5829452778649098,0.44375497764675703,0.4658371314358737,0.299581154014886,9.624388265204853e-07,0.046024545332145055,0.3156907073199633
H132,Classification of Images Using Support Vector Machines,0,ALL,historical,0.6678863457957418,0.5435056020658363,0.5246057202851111,0.46561284894401017,0.18931942533452936,0.15307638553382083,0.7085090092153767
H133,A Recommender System based on the Immune Network,0,ALL,historical,0.4296809076804205,0.6441001419936948,0.4794261122673014,0.0,0.3802395703035663,0.07077799667332889,0.40501186913923143
H134,Movie Recommendation Systems Using An Artificial Immune System,0,ALL,historical,0.7923294615757392,0.7480588631210875,0.647937940164349,0.7088579827588921,0.5775446538863471,0.3777362140708037,1.4186103115700206
H135,Design and Implementation of Aggregate Functions in the DLV System,0,ALL,historical,0.7934165262287675,0.44375452556006284,0.49861149077312333,0.7109828346266222,1.0441554557985971e-07,0.1057257487672702,0.7479869511107122
H136,A Recommender System based on Idiotypic Artificial Immune Networks,0,ALL,historical,0.5459604835476737,0.5658706341572257,0.6291387374823844,0.22728811324341708,0.23176641273749793,0.3434919131468636,0.5792766955823172
H137,Binary Decision Diagrams for Affine Approximation,0,ALL,historical,0.8364980655104144,0.4437545701299894,0.5452056513080683,0.7951929954043526,1.8900559242077454e-07,0.1906008619117112,0.861903486079044
H138,Symmetry Breaking for Maximum Satisfiability,0,ALL,historical,0.6540190146667089,0.959336513838615,0.5748964159821559,0.4385068029808064,0.9785322197386861,0.24468504289332121,1.5026787877321548
H139,An Analysis of Key Factors for the Success of the Communal Management of Knowledge,0,ALL,historical,0.5036045150447245,0.6022460041043741,0.465877161455697,0.14449620336731564,0.3008038665455514,0.046097463320637015,0.46143418207509
H140,A Pseudo-Boolean Solution to the Maximum Quartet Consistency Problem,0,ALL,historical,0.5664873090501858,0.7527207029078649,0.44872613724601523,0.2674112681874037,0.5863924415351822,0.014855455660727858,0.8590031192038406
H141,MOOPPS: An Optimization System for Multi Objective Scheduling,0,ALL,historical,0.7964581040828658,0.628606445861054,0.5301459295209643,0.7169281133790162,0.35083381215932335,0.1631683344033418,1.124870842579509
H142,Temporal Difference Updating without a Learning Rate,0,ALL,historical,0.8955647420833348,0.44375447054421435,0.7787603332012824,0.9106488127625498,0.0,0.6160400118720051,1.1262628169177515
H143,Justifications for Logic Programs under Answer Set Semantics,0,ALL,historical,0.4296811071992277,0.8851685841420769,0.44057098691681534,3.899932804739915e-07,0.8377676026941491,1.7553648035001803e-07,0.8377680541251976
H144,Emerge-Sort: Converging to Ordered Sequences by Simple Local Operators,0,ALL,historical,0.6931790307057658,0.44375447054421435,0.48559496050292494,0.5150516827992562,0.0,0.08201506342071138,0.5437569549965051
H145,The Offset Tree for Learning with Partial Labels,0,ALL,historical,0.7319095351093182,0.44375447054421435,0.49340077052470294,0.5907570094242769,0.0,0.09623399131159029,0.6244389063833335
H146,Finding Still Lifes with Memetic/Exact Hybrid Algorithms,0,ALL,historical,0.46618994827983085,0.8960343740739879,0.6359505008744119,0.07136309960091801,0.858389976338795,0.35590010297094876,1.054318111979545
H147,Algorithms for Weighted Boolean Optimization,0,ALL,historical,0.5470059889845826,0.8581978722834186,0.9834883027372878,0.22933173058866826,0.7865794147302103,0.9889689235361209,1.3620502685565208
H148,"Design, development and implementation of a tool for construction of declarative functional descriptions of semantic web services based on WSMO methodology",0,ALL,historical,0.6577450028567484,0.818995800601555,0.948248159089927,0.4457898775823869,0.712177114029243,0.9247760902506518,1.4816386231993581
H149,Online prediction of ovarian cancer,0,ALL,historical,0.581176630689352,0.933729398123448,0.5490509099777127,0.29612403373793594,0.929932024856492,0.19760531828368372,1.295217919993717
H150,On the Workings of Genetic Algorithms: The Genoclique Fixing Hypothesis,0,ALL,historical,0.76030374236682,0.4907319624338456,0.610934856058206,0.6462582936908082,0.08915940734240893,0.3103320390809631,0.8440339147115542
H151,A Minimum Description Length Approach to Multitask Feature Selection,0,ALL,historical,0.6614944706548342,0.48638229077598916,0.5172606059696774,0.4531188470521997,0.08090408907084853,0.13969665293591868,0.5829167646506197
H152,Mining Compressed Repetitive Gapped Sequential Patterns Efficiently,0,ALL,historical,0.5873427058115696,0.695075201650154,0.5610095947938168,0.3081766712728884,0.4769860317556087,0.2193890507336829,0.8619488707852861
H153,Apply Local Clustering Method to Improve the Running Speed of Ant Colony Optimization,0,ALL,historical,0.6471308852265604,0.5694874746337198,0.8391962169454659,0.425042788062012,0.2386308778326945,0.7261289674810412,0.9178188045130709
H154,Graphical Probabilistic Routing Model for OBS Networks with Realistic Traffic Scenario,0,ALL,historical,0.5876242079769587,0.7618339259343009,0.5591099352702404,0.30872691490396487,0.6036885876539487,0.21592866395670599,0.9879905349427607
H155,Manipulation and gender neutrality in stable marriage procedures,0,ALL,historical,0.7095281891620422,0.6456514112489505,0.5904930178351285,0.5470088803632285,0.3831837514819069,0.2730955418000897,1.025776071475167
H156,An Agent Based Classification Model,0,ALL,historical,0.6565685326309423,0.6177080551901619,0.9431160537472425,0.44349026738931396,0.33014956499930753,0.9154275363411367,1.0940394701080194
H157,Dendritic Cells for Anomaly Detection,0,ALL,historical,0.7580117205071333,0.44375473869624316,0.5287705878430506,0.6417781490040442,5.089304474149569e-07,0.16066303590273595,0.6980107205004492
H158,A new approach to content-based file type detection,0,ALL,historical,0.42968092238553346,0.8250162827084112,0.6188802079706576,2.8743632361300078e-08,0.7236034928113201,0.3248051540550158,0.837285325474208
H159,Exploration Of The Dendritic Cell Algorithm Using The Duration Calculus,0,ALL,historical,0.6923785365242912,0.44375447054421435,0.5220369486684068,0.5134869814248942,0.0,0.14839715579543994,0.5654259859532982
H160,Information Fusion in the Immune System,0,ALL,historical,0.5005059553894082,0.9361111433466135,0.6058871440418575,0.13843954403934383,0.9344523809673919,0.3011372145881639,1.178289950112593
H161,Belief Propagation for Min-cost Network Flow: Convergence and Correctness,0,ALL,historical,0.5987896651049367,0.7229104692699918,0.6336488734960787,0.3305516907959543,0.5298150752906011,0.35170749853490874,0.9834643905737736
H162,Nurse Rostering with Genetic Algorithms,0,ALL,historical,0.4375649116573645,0.8674194629214185,0.570083417317539,0.015410620268936213,0.8040812336431916,0.2359177681633251,0.9020630727692917
H163,GRASP for the Coalition Structure Formation Problem,0,ALL,historical,0.5801916274489705,0.6705946168743989,0.5572152898287256,0.29419867817677914,0.43052389973864424,0.21247741074448065,0.7990896716759917
H164,PCA 4 DCA: The Application Of Principal Component Analysis To The Dendritic Cell Algorithm,0,ALL,historical,0.701589531301857,0.44375447054421435,0.557968532483883,0.531491429828438,0.0,0.21384950447570597,0.6063387563949351
H165,Mirrored Language Structure and Innate Logic of the Human Brain as a Computable Model of the Oracle Turing Machine,0,ALL,historical,0.4506890440563583,0.7652004792136007,0.45899406215111016,0.041063958515796514,0.6100780282795617,0.0335593292378674,0.6628877520286117
H166,From RESTful Services to RDF: Connecting the Web and the Semantic Web,0,ALL,historical,0.5087668993641342,0.5558340843508747,0.4796822961802099,0.15458695733717495,0.21271786849849955,0.0712446568372691,0.3922404557287187
H167,Counterexample Guided Abstraction Refinement Algorithm for Propositional Circumscription,0,ALL,historical,0.6443460098644483,0.5817119085116773,0.5212882675017876,0.41959927778128026,0.2618318456965348,0.14703337119246895,0.7328928033951791
H168,Formalization of Psychological Knowledge in Answer Set Programming and its Application,0,ALL,historical,0.561044441239951,0.44375488614914316,0.46216526445534134,0.25677226175833057,7.887838973588474e-07,0.03933593624795979,0.27054062822901387
H169,Machine Learning Approaches for Modeling Spammer Behavior,0,ALL,historical,0.8181573821345303,0.45881001197301324,0.6102514141964427,0.7593430252869987,0.02857417663259865,0.3090870932620272,0.8960976845613069
H170,Gaussian Process Bandits for Tree Search: Theory and Application to Planning in Discounted MDPs,0,ALL,historical,0.6915507944800166,0.5664576956915529,0.5391194230142017,0.5118690194905456,0.23288060713930017,0.17951429421451212,0.807579629604925
H171,Hierarchical Semi-Markov Conditional Random Fields for Recursive Sequential Data,0,ALL,historical,0.6144799983230658,0.5256371374459302,0.7710006752792266,0.3612211029150726,0.15540655234904618,0.6019051538439759,0.7272944591095103
H172,An Embarrassingly Simple Speed-Up of Belief Propagation with Robust Potentials,0,ALL,historical,0.8438896527555253,0.5545913784271961,0.6189190961023602,0.8096411038213742,0.21035931508921166,0.32487599199995015,1.1337070161105682
H173,Predictive State Temporal Difference Learning,0,ALL,historical,0.6087729127422723,0.7919835376878862,0.7558799000724676,0.35006563813028435,0.6609100655878678,0.5743614124873138,1.212002198088712
H174,Covered Clause Elimination,0,ALL,historical,0.6960910567914799,0.4437546185608978,0.4861608568130105,0.5207437306915976,2.809234644876575e-07,0.08304589030534884,0.5498100732219342
H175,MUDOS-NG: Multi-document Summaries Using N-gram Graphs (Tech Report),0,ALL,historical,0.4998786816324739,0.5329036737603174,0.5337835834340582,0.13721343130512234,0.16919783930717042,0.16979462155841582,0.3658393881577383
H176,Inverse-Category-Frequency based supervised term weighting scheme for text categorization,0,ALL,historical,0.6513835736096204,0.4437545012683074,0.5379488545758285,0.43335538734343165,5.8311796076375936e-08,0.1773820070886239,0.49543914813624607
H177,An Image-Based Sensor System for Autonomous Rendez-Vous with Uncooperative Satellites,0,ALL,historical,0.8555862846221891,0.7584857902669248,0.8571941509912385,0.8325041506500954,0.5973341021376386,0.7589136913812706,1.6954580447711787
H178,A Multi-stage Probabilistic Algorithm for Dynamic Path-Planning,0,ALL,historical,0.4296809076804205,0.8485309064544875,0.4588527287086414,0.0,0.7682323104162601,0.03330187869507606,0.7798879679595366
H179,Combining a Probabilistic Sampling Technique and Simple Heuristics to solve the Dynamic Path Planning Problem,0,ALL,historical,0.5377707078257362,0.768227913001858,0.6359951709079571,0.21127981034204632,0.615823848064142,0.3559814731278051,0.9516971740009201
H180,Learning to Predict Combinatorial Structures,0,ALL,historical,0.5259137620352715,0.6501260330112218,0.49005540507576506,0.1881034028135153,0.3916762147522505,0.09014013174360525,0.6113286636760277
H181,Incremental Parser Generation for Tree Adjoining Grammars,0,ALL,historical,0.42968098720155595,0.9139158686451241,0.6361325959825761,1.5543751949192385e-07,0.8923275790976791,0.35623180425563866,1.017008866024672
H182,Processing Unknown Words in HPSG,0,ALL,historical,0.4296815896828496,0.6505613197152805,0.4650561337166105,1.3330891876615948e-06,0.39250235303670983,0.044601893458455846,0.408114348836357
H183,Computing Declarative Prosodic Morphology,0,ALL,historical,0.5090362998521016,0.6639019149918631,0.4671597527525208,0.1551135461913248,0.4178217032321079,0.04843380933881135,0.5898870826920166
H184,Empirically Evaluating an Adaptable Spoken Dialogue System,0,ALL,historical,0.8542447473286454,0.7741501643286253,0.5670180045216652,0.8298818889328414,0.6270637929225841,0.23033386548330845,1.5375625347745836
H185,Temporal Meaning Representations in a Natural Language Front-End,0,ALL,historical,0.6050964495008262,0.5048522262033599,0.45978153862857496,0.34287936842363337,0.11595850407082023,0.03499378270491256,0.47108569644117304
H186,A Real World Implementation of Answer Extraction,0,ALL,historical,0.5438927819671322,0.8163681722340589,0.5101765251845409,0.22324644051210074,0.7071900919780773,0.1267924144807183,0.9748138775584294
H187,Exploiting Syntactic Structure for Natural Language Modeling,0,ALL,historical,0.4296812362270805,0.44375447054421435,0.44057098020059116,6.422000588182578e-07,0.0,1.633023230799323e-07,6.993558718962342e-07
H188,Structured Language Modeling for Speech Recognition,0,ALL,historical,0.5138780468184164,0.44375447054421435,0.4690384420294124,0.1645775601814691,0.0,0.051855997078835876,0.18272715915906165
H189,Looking at discourse in a corpus: The role of lexical cohesion,0,ALL,historical,0.6916419210419623,0.44375456802880403,0.4942363964966745,0.5120471417805225,1.8501771574276628e-07,0.09775615306111528,0.5462619803696285
H190,"On the Scalability of the Answer Extraction System ""ExtrAns""",0,ALL,historical,0.6767640986186284,0.5037069300925882,0.5356120320152156,0.4829659195405084,0.1137848264571264,0.17312529172014426,0.6573445980996853
H191,Trainable Methods for Surface Natural Language Generation,0,ALL,historical,0.4296809076804205,0.44375447054421435,0.440570890551996,0.0,0.0,0.0,0.0
H192,Aspects of Pattern-Matching in Data-Oriented Parsing,0,ALL,historical,0.4428220518195979,0.4437546425059218,0.4490252806115769,0.025686590572563055,3.263691462284617e-07,0.015400370017096949,0.031077046447693216
H193,Selectional Restrictions in HPSG,0,ALL,historical,0.429681169589864,0.5511126297462995,0.4669931017927036,5.119463397998892e-07,0.2037569368394187,0.04813024084637102,0.22060303308198836
H194,Bunsetsu Identification Using Category-Exclusive Rules,0,ALL,historical,0.6882357609509652,0.589412776028158,0.7496237188022677,0.5053892253346319,0.27644745747514854,0.5629652614017693,0.9788745243003997
H195,Japanese Probabilistic Information Retrieval Using Location and Category Information,0,ALL,historical,0.6868640416490992,0.8559734645384711,0.5921542636028483,0.5027079677733158,0.782357672183943,0.27612163822241265,1.3817082133351033
H196,Microplanning with Communicative Intentions: The SPUD System,0,ALL,historical,0.6168895142189667,0.6453775282877794,0.958554307249208,0.36593090958339536,0.3826639441972487,0.9435495906433954,1.0788372105058324
H197,Part-of-Speech Tagging with Two Sequential Transducers,0,ALL,historical,0.5916690584019668,0.6085412672068002,0.515276625799117,0.31663325971641476,0.31275175700755226,0.13608266913367062,0.6770139509207517
H198,Combining semantic and syntactic structure for language modeling,0,ALL,historical,0.42968098895391627,0.4437547683612104,0.4405709248069154,1.5886280433803983e-07,5.652321100491657e-07,6.239816591896793e-08,7.459342724588444e-07
H199,Part of Speech Tagging in Thai Language Using Support Vector Machine,0,ALL,historical,0.5007594744766694,0.7494230382504482,0.47084738140807475,0.1389350900076277,0.5801337458355471,0.05515112961631881,0.7383717312088864
H200,Computational Phonology,0,ALL,historical,0.7352202617102483,0.8867716786691588,0.5604044104355106,0.59722838496016,0.8408101439665586,0.2182866574231313,1.5144388590248146
H201,An Approach for Resource Sharing in Multilingual NLP,0,ALL,historical,0.7705825761700982,0.44375447054421435,0.6232853628459489,0.6663500142192429,0.0,0.33282950762564684,0.7828403418882193
H202,A Public Reference Implementation of the RAP Anaphora Resolution Algorithm,0,ALL,historical,0.4527310320916245,0.7219583135325511,0.440570890551996,0.04505536977043628,0.528007962185301,0.0,0.5730633319557372
H203,Unsupervised Topic Adaptation for Lecture Speech Retrieval,0,ALL,historical,0.4772000135393855,0.44375447054421435,0.4640959544475065,0.09288413578347102,0.0,0.042852847587288675,0.10788263243902205
H204,"An Anthological Review of Research Utilizing MontyLingua, a Python-Based End-to-End Text Processor",0,ALL,historical,0.7961060002588369,0.4612718617938877,0.5066862241424414,0.7162398668556486,0.03324656466708262,0.1204345427548357,0.7916385214869237
H205,Framework and Resources for Natural Language Parser Evaluation,0,ALL,historical,0.5627358112956042,0.5977050707585401,0.5335549906536902,0.2600783308240167,0.2921855493555418,0.16937822092204882,0.6115462575022756
H206,Methods to integrate a language model with semantic information for a word prediction component,0,ALL,historical,0.4296810343552248,0.44375447054421435,0.4405709115750277,2.4760734680169867e-07,0.0,3.829518922675666e-08,2.610106630310635e-07
H207,A chain dictionary method for Word Sense Disambiguation and applications,0,ALL,historical,0.4974225843222626,0.7030059245845208,0.48832980486114735,0.1324125733778673,0.49203789017083127,0.08699680837912685,0.654899346481393
H208,Une grammaire formelle du créole martiniquais pour la génération automatique,0,ALL,historical,0.6784120025839268,0.44375458208434937,0.4827704162064651,0.48618702677525266,2.116939822241672e-07,0.07686992261355556,0.5130917113839794
H209,What's in a Message?,0,ALL,historical,0.5254870593294034,0.6377531611731589,0.48126673339297077,0.18726934014851782,0.368193523875585,0.07413084013061297,0.5814086580698173
H210,Induction of Word and Phrase Alignments for Automatic Document Summarization,0,ALL,historical,0.42968109135249183,0.6581094091939921,0.4644510451868167,3.590181529020772e-07,0.406828004692837,0.043499674707457324,0.4220532498586
H211,A Noisy-Channel Model for Document Compression,0,ALL,historical,0.4296809538486781,0.5414782770178744,0.4510878836861219,9.024367421968124e-08,0.1854717295019939,0.01915757193498066,0.19217696992291136
H212,Pattern Based Term Extraction Using ACABIT System,0,ALL,historical,0.9118566420741714,0.5049988482132114,0.6360448291047801,0.9424940889638928,0.11623678055974869,0.3560719296362069,1.1833560448963139
H213,Multiple Retrieval Models and Regression Models for Prior Art Search,0,ALL,historical,0.8474826721285155,0.4760434809069569,0.6776378580922456,0.8166642683628951,0.061281880147595634,0.43183706846049236,1.029089122471663
H214,Standards for Language Resources,0,ALL,historical,0.8571482305096104,0.598583429828447,0.49965286153796795,0.8355572382718252,0.2938526024687801,0.10762269165618031,1.1670777828202683
H215,Towards Effective Sentence Simplification for Automatic Processing of Biomedical Text,0,ALL,historical,0.4296809076804205,0.4437546282581649,0.440570890551996,0.0,2.993280781172335e-07,0.0,2.993280781172335e-07
H216,Approximations to the MMI criterion and their effect on lattice-based MMI,0,ALL,historical,0.6441899028178022,0.6370731058952237,0.4631464715748238,0.4192941401349518,0.36690283501370974,0.04112328608596677,0.8005901252787498
H217,Why has (reasonably accurate) Automatic Speech Recognition been so hard to achieve?,0,ALL,historical,0.4296809076804205,0.7049585656490625,0.5457704174987751,0.0,0.4957438419588919,0.19162963019052676,0.5628142125255762
H218,Learning Recursive Segments for Discourse Parsing,0,ALL,historical,0.4665339280723043,0.5427776227686549,0.45008267342592123,0.07203546632948615,0.18793778063440944,0.0173264983929539,0.26603752140142944
H219,Complete Complementary Results Report of the MARF's NLP Approach to the DEFT 2010 Competition,0,ALL,historical,0.4792582355148244,0.9706477428291935,0.6519314097273632,0.09690727902203682,1.0,0.38501064883061664,1.2316610061127526
H220,For the sake of simplicity: Unsupervised extraction of lexical simplifications from Wikipedia,0,ALL,historical,0.4296809613595952,0.44375447054421435,0.44057089946062644,1.049250330571025e-07,0.0,1.6227806408648633e-08,1.1060476530012951e-07
H221,Learning Taxonomy for Text Segmentation by Formal Concept Analysis,0,ALL,historical,0.5384009661828144,0.5730708233447458,0.5530440407175687,0.21251175698244115,0.24543177831769408,0.20487913584911976,0.5296512328473271
H222,"Image Compression with Iterated Function Systems, Finite Automata and Zerotrees: Grand Unification",0,ALL,historical,0.6273697331428463,0.6173139225670083,0.5144657024699403,0.38641627141775503,0.3294015337681545,0.1346055052889926,0.7629297320370569
H223,Gradient Vector Flow Models for Boundary Extraction in 2D Images,0,ALL,historical,0.5242140024984299,0.4437545466389469,0.47685504671090173,0.1847809350867901,1.4442153007693877e-07,0.06609458833426166,0.20791418542531176
H224,"The Perceptron Algorithm: Image and Signal Decomposition, Compression, and Analysis by Iterative Gaussian Blurring",0,ALL,historical,0.46321136014780656,0.7688173002289024,0.532991853249792,0.06554094492235342,0.6169424564390191,0.16835241961297975,0.7414067482259155
H225,Enhancement of Noisy Planar Nuclear Medicine Images using Mean Field Annealing,0,ALL,historical,0.4296809076804205,0.5286352593731679,0.4503840190207943,0.0,0.16109674063753152,0.017875424291967507,0.16735313913972014
H226,MI image registration using prior knowledge,0,ALL,historical,0.5428520115776649,0.841759582394628,0.6002317527685904,0.2212120786185582,0.7553808954978378,0.2908354521208557,1.0783853823586955
H227,Variational local structure estimation for image super-resolution,0,ALL,historical,0.4296809076804205,0.5783782473011361,0.4650292158554531,0.0,0.25550483150619574,0.04455286035033437,0.2710983326288128
H228,A Class of LULU Operators on Multi-Dimensional Arrays,0,ALL,historical,0.8532549860755179,0.7836829639910156,0.5682817678271223,0.8279472330304014,0.6451562609114985,0.23263591475959097,1.5545260641077567
H229,Wavelet and Curvelet Moments for Image Classification: Application to Aggregate Mixture Grading,0,ALL,historical,0.45778708820408165,0.44375447054421435,0.4475712698382008,0.054938287262027014,0.0,0.012751769259262042,0.059401406502768726
H230,Sparse Component Analysis (SCA) in Random-valued and Salt and Pepper Noise Removal,0,ALL,historical,0.5421446939619512,0.784199077664276,0.5031516785362795,0.21982950661362638,0.6461358021210915,0.11399607589991337,0.9058639352996876
H231,Point-Set Registration: Coherent Point Drift,0,ALL,historical,0.4944540647468888,0.8298336448298902,0.5232389406535615,0.12661009939754317,0.7327464490320126,0.15058668350808546,0.9120618876573857
H232,Learning Object Location Predictors with Boosting and Grammar-Guided Feature Extraction,0,ALL,historical,0.5098308094749825,0.7999788062949246,0.5958163648469131,0.15666654973293118,0.6760844263694455,0.282792458210752,0.9317283364761398
H233,Kernel Spectral Curvature Clustering (KSCC),0,ALL,historical,0.5827353893787389,0.7318483510351227,0.48547526317248896,0.29917089144162246,0.5467784381484527,0.08179702484361924,0.8745782882853419
H234,Motion Segmentation by SCC on the Hopkins 155 Database,0,ALL,historical,0.6372276821038971,0.5248512456751665,0.4859514606202223,0.4056853012804461,0.15391499454768057,0.08266445783933017,0.5885328560718922
H235,An Iterative Shrinkage Approach to Total-Variation Image Restoration,0,ALL,historical,0.5576707179579804,0.44375447054421435,0.47491991136361617,0.2501777485461402,0.0,0.06256957941329423,0.2720771013407932
H236,An Optimal Method For Wake Detection In SAR Images Using Radon Transformation Combined With Wavelet Filters,0,ALL,historical,0.4296809076804205,0.9355762420968993,0.45223783875113066,0.0,0.9334371824863134,0.02125231009815543,0.9408754910206678
H237,Boosting k-NN for categorization of natural scenes,0,ALL,historical,0.5691639137575348,0.5546133744304117,0.7089253496620274,0.27264314514683047,0.21040106169022676,0.4888298194083146,0.6541346436299673
H238,Gradient Based Seeded Region Grow method for CT Angiographic Image Segmentation,0,ALL,historical,0.6024649107745956,0.966215764602885,0.5896937034998141,0.3377355805524534,0.9915884706458894,0.271639524696897,1.4243978848422567
H239,Nonlinear Filter Based Image Denoising Using AMF Approach,0,ALL,historical,0.5154273115416755,0.4757959378044211,0.6539788337038606,0.16760586032135044,0.06081206374348345,0.38874020076727034,0.3644769943333785
H240,Pattern recognition using inverse resonance filtration,0,ALL,historical,0.7431213126513235,0.7224387274539577,0.5302337939500802,0.6126723264059667,0.5289197482085369,0.16332838672056277,1.1987570099667006
H241,Land-cover Classification and Mapping for Eastern Himalayan State Sikkim,0,ALL,historical,0.4296809076804205,0.819271630329811,0.4664326010516181,0.0,0.7127006161173601,0.047109242436463084,0.7291888509701222
H242,Recognition of Handwritten Roman Script Using Tesseract Open source OCR Engine,0,ALL,historical,0.4296809076804205,0.8053774939577537,0.49984089897195944,0.0,0.6863306905500767,0.10796521737833488,0.7241185166324939
H243,Development of a Multi-User Recognition Engine for Handwritten Bangla Basic Characters and Digits,0,ALL,historical,0.4296809076804205,0.7972760396932076,0.4868082193067468,0.0,0.6709547981432283,0.0842251145744528,0.7004335882442868
H244,Regularized Richardson-Lucy Algorithm for Sparse Reconstruction of Poissonian Images,0,ALL,historical,0.4520200318154996,0.9031293076467617,0.4588818374386576,0.04366559938238061,0.8718555754382201,0.033354902651839144,0.9271953907487444
H245,A New Approach to Lung Image Segmentation using Fuzzy Possibilistic C-Means Algorithm,0,ALL,historical,0.7077028666022674,0.49878319923621445,0.8061344162210776,0.5434409784545952,0.1044399911453735,0.6659041658100923,0.880947427633501
H246,Color Image Compression Based On Wavelet Packet Best Tree,0,ALL,historical,0.7292867044984631,0.5386554112030407,0.6088056373300887,0.5856302430385886,0.1801141628688278,0.30645349124613996,0.8730031278435653
H247,Deblured Gaussian Blurred Images,0,ALL,historical,0.7029888862820193,0.5462245570151416,0.8368325317234344,0.5342267060007726,0.1944797777100949,0.7218233195553252,0.9813446455552313
H248,Penalized K-Nearest-Neighbor-Graph Based Metrics for Clustering,0,ALL,historical,0.75752995842057,0.4437545527228618,0.6485199792950708,0.6408364634597816,1.5596829901841035e-07,0.3787964464369915,0.7734153756810277
H249,Solving Inverse Problems with Piecewise Linear Estimators: From Gaussian Mixture Models to Structured Sparsity,0,ALL,historical,0.4902926897729776,0.44375447054421435,0.4976243746412336,0.11847598763058563,0.0,0.10392763517494549,0.15485065994181654
H250,Survey of Nearest Neighbor Techniques,0,ALL,historical,0.48937819550085176,0.5080709663224244,0.5069192642035425,0.11668845378267517,0.12206740750226056,0.12085904448050393,0.2810565268531121
H251,A Parallel Framework for Multilayer Perceptron for Human Face Recognition,0,ALL,historical,0.7350442101109607,0.5535113081329448,0.9013790200743979,0.5968842623097534,0.20830943069883534,0.8394000810843937,1.0989837213881266
H252,Image Pixel Fusion for Human Face Recognition,0,ALL,historical,0.4296810645376296,0.6720014465468754,0.4678352203015368,3.0660396584205805e-07,0.43319394649474635,0.04966422928821966,0.45057673334958903
H253,Registration of Brain Images using Fast Walsh Hadamard Transform,0,ALL,historical,0.8342587036089963,0.6218442458409796,0.6168005939481294,0.7908157835195796,0.3379997139163364,0.32101696528989215,1.2411714352873782
H254,Multi-environment model estimation for motility analysis of Caenorhabditis Elegans,0,ALL,historical,0.6949714639020951,0.5399706165745009,0.599030974211095,0.5185552968799753,0.1826103142540153,0.288648134766948,0.8021924583024224
H255,Video Event Recognition for Surveillance Applications (VERSA),0,ALL,historical,0.6426080099479369,0.8177557713931631,0.7889233902331614,0.4162020627596837,0.7098236408049329,0.634552859953627,1.348119204548386
H256,Ear Identification by Fusion of Segmented Slice Regions using Invariant Features: An Experimental Manifold with Dual Fusion Approach,0,ALL,historical,0.4506827250539111,0.8019011618046739,0.4828848997298194,0.04105160695591947,0.6797328986708902,0.07707846381027018,0.7477619679604042
H257,Optimally Training a Cascade Classifier,0,ALL,historical,0.6130934781258436,0.44375447054421435,0.4931470757371176,0.3585109144984904,0.0,0.09577186529508414,0.39203106735176985
H258,Evolutionary Computational Method of Facial Expression Analysis for Content-based Video Retrieval using 2-Dimensional Cellular Automata,0,ALL,historical,0.5869667575521392,0.8980746510433665,0.6237980771444255,0.3074418167644697,0.8622622538505774,0.3337634590821031,1.286521281293783
H259,Modeling Instantaneous Changes In Natural Scenes,0,ALL,historical,0.5681330580610852,0.7022347775876108,0.4405709648786838,0.27062816319901395,0.49057431673485663,1.3539220289904457e-07,0.7612025273211416
H260,Face Detection with Effective Feature Extraction,0,ALL,historical,0.4296809076804205,0.44375447054421435,0.440570890551996,0.0,0.0,0.0,0.0
H261,Collaborative Sources Identification in Mixed Signals via Hierarchical Sparse Modeling,0,ALL,historical,0.6953715585451306,0.47531594279808687,0.44839739003334544,0.5193373495823186,0.05990107278652432,0.014256615450904966,0.5842282377766597
H262,Selective Image Super-Resolution,0,ALL,historical,0.558086516944162,0.8024696127380496,0.5377959733764893,0.25099049804537843,0.6808117716861226,0.17710352135258747,0.9937885022049067
H263,Generalized Tree-Based Wavelet Transform,0,ALL,historical,0.7259609112547024,0.4437546218963131,0.5174860686177677,0.5791294171990186,2.872538077521312e-07,0.1401073517777222,0.6281672775750291
H264,Learning sparse representations of depth,0,ALL,historical,0.4677787969051307,0.49638153528063633,0.4529507912223056,0.07446877317755769,0.09988183092221709,0.02255101193037746,0.1822434582754069
H265,Sparse motion segmentation using multiple six-point consistencies,0,ALL,historical,0.42968106204552386,0.8372777320785054,0.44057099342002914,3.017327233359695e-07,0.7468747130281203,1.8738262160051976e-07,0.7468750803447611
H266,Hierarchical Reinforcement Learning with the MAXQ Value Function Decomposition,0,ALL,historical,0.6364881148318127,0.4985787480907729,0.5796076095085908,0.40423969186335845,0.10405195972383931,0.25326687115271496,0.596935056490648
H267,State Abstraction in MAXQ Hierarchical Reinforcement Learning,0,ALL,historical,0.4296809823693241,0.7418931038090008,0.5555847429790809,1.4599210443282463e-07,0.5658425509436625,0.20950723493785542,0.6391702291640163
H268,Top-down induction of clustering trees,0,ALL,historical,0.6449929428354204,0.4437546500785482,0.5080147290395546,0.42086381777698045,3.407413669667906e-07,0.12285452418943762,0.46386324198465057
H269,Preference Learning in Terminology Extraction: A ROC-based approach,0,ALL,historical,0.4443628057944613,0.7543311311185769,0.47805413076269887,0.02869825501412234,0.5894489015346202,0.06827881900603541,0.6420447432008549
H270,Using Pseudo-Stochastic Rational Languages in Probabilistic Grammatical Inference,0,ALL,historical,0.7593220081477965,0.4750260124309147,0.6742648963178977,0.6443393279852309,0.05935080884803288,0.425692939905693,0.8526826658002563
H271,Parametric Learning and Monte Carlo Optimization,0,ALL,historical,0.722284541416681,0.520180296509875,0.9895440678324875,0.5719433300651712,0.14504991804929407,1.0,1.066993248114465
H272,Density estimation in linear time,0,ALL,historical,0.8621215009987293,0.44375447054421435,0.5849135635796783,0.8452783372497871,0.0,0.2629321048848477,0.9373045739594837
H273,A Novel Clustering Algorithm Based on Quantum Random Walk,0,ALL,historical,0.6607920846593655,0.5064652787268323,0.541025421442217,0.45174591473379366,0.11901994479956042,0.18298622782966117,0.6348110392737355
H274,Transfer Learning Using Feature Selection,0,ALL,historical,0.6909871085630978,0.6154486497431835,0.7835754810230012,0.5107671999529114,0.3258613996993786,0.6248112014692313,1.055312520166521
H275,Clustering for Improved Learning in Maze Traversal Problem,0,ALL,historical,0.6012331985087032,0.5782550547549526,0.49468499732328197,0.33532799044141726,0.25527102220806375,0.09857331653134119,0.6250996734354504
H276,Randomized Algorithms for Large scale SVMs,0,ALL,historical,0.5577047405500558,0.44375447054421435,0.49236606564344504,0.2502442514612291,0.0,0.09434919088038593,0.28326646826936414
H277,Variable sigma Gaussian processes: An expectation propagation perspective,0,ALL,historical,0.8235819805815947,0.44375447054421435,0.7100180428376625,0.7699463211533683,0.0,0.4908202503088699,0.9417334087614727
H278,Competing with Gaussian linear experts,0,ALL,historical,0.7048998377566273,0.5246465370870795,0.5451191998533227,0.5379619841175352,0.15352647452122586,0.19044338344404926,0.7581436428441783
H279,Online Distributed Sensor Selection,0,ALL,historical,0.5985491691060494,0.44375447054421435,0.440570890551996,0.33008160065826675,0.0,0.0,0.33008160065826675
H280,Asymptotic Analysis of Generative Semi-Supervised Learning,0,ALL,historical,0.6268988101045523,0.44375447054421435,0.5311368693472637,0.3854957726280201,0.0,0.1649734131709572,0.4432364672378551
H281,Model Selection with the Loss Rank Principle,0,ALL,historical,0.4296809076804205,0.44375447054421435,0.440570890551996,0.0,0.0,0.0,0.0
H282,Extension of Wirtinger's Calculus to Reproducing Kernel Hilbert Spaces and the Complex Kernel LMS,0,ALL,historical,0.6125377418661047,0.6032757650746852,0.490077936097902,0.3574246339114231,0.3027582679859898,0.09018117386199902,0.6917463127491126
H283,Comparison of Support Vector Machine and Back Propagation Neural Network in Evaluating the Enterprise Financial Distress,0,ALL,historical,0.42968112609795384,0.9239966270134611,0.4405710435188685,4.2693403963081435e-07,0.9114600275433002,2.7864179678096556e-07,0.9114605520019688
H284,Efficient L1/Lq Norm Regularization,0,ALL,historical,0.6847093385708636,0.5102312360737888,0.7230373853564324,0.49849623588833675,0.12616742142347834,0.514536058398557,0.80475127775131
H285,Algorithms for nonnegative matrix factorization with the beta-divergence,0,ALL,historical,0.6157043148113505,0.6000446564055137,0.5139736339290591,0.36361423672691856,0.29662589006596235,0.13370916178580225,0.7070383334179117
H286,"How I won the ""Chess Ratings - Elo vs the Rest of the World"" Competition",0,ALL,historical,0.748011261174979,0.7035998641191582,0.5518578459534135,0.6222305584988315,0.4931651384502819,0.20271838407973197,1.1863471313770195
H287,Positive factor networks: A graphical framework for modeling non-negative sequential data,0,ALL,historical,0.4987776891400471,0.6543531700377909,0.7293705505783694,0.13506135511777426,0.39969897239392094,0.5260724421128039,0.7188856822511765
H288,Delay-Optimal Power and Subcarrier Allocation for OFDMA Systems via Stochastic Approximation,0,ALL,historical,0.4296809076804205,0.5958300138076102,0.4471566639102351,0.0,0.28862684582000747,0.011996530305658625,0.292825631426988
H289,A Novel method for the design of 2-DOF Parallel mechanisms for machining applications,0,ALL,historical,0.6624333649375873,0.666484885255575,0.6099509252895206,0.4549540748509801,0.4227239678833727,0.30853972789089795,0.985666947496167
H290,"The Virtual Manufacturing concept: Scope, Socio-Economic Aspects and Future Trends",0,ALL,historical,0.9033077829154768,0.7390167053190387,0.5803835856830505,0.9257838967046638,0.5603833837056982,0.2546803758676515,1.5753054119640402
H291,"Architecture Optimization of a 3-DOF Translational Parallel Mechanism for Machining Applications, the Orthoglide",0,ALL,historical,0.4296809076804205,0.8692588597527057,0.5021153239583973,0.0,0.8075722572110392,0.11210827041000564,0.8468101518545412
H292,Design Strategies for the Geometric Synthesis of Orthoglide-type Mechanisms,0,ALL,historical,0.8324104444537691,0.44375456237396965,0.6434861531629458,0.7872030481527423,1.7428530620941055e-07,0.36962691622959304,0.916572643118406
H293,Development of Architectures for Internet Telerobotics Systems,0,ALL,historical,0.6894152906826139,0.6876474622685553,0.8073064918226105,0.5076948158497453,0.46288879466357524,0.6680391983582017,1.2043973299386912
H294,Wavelet Based Iterative Learning Control with Fuzzy PD Feedback for Position Tracking of A Pneumatic Servo System,0,ALL,historical,0.5515848907670009,0.5725059480066194,0.47563581065181315,0.23828196917606115,0.2443596914875155,0.06387364911619559,0.5049974378542451
H295,Urologic robots and future directions,0,ALL,historical,0.7092820078826314,0.8627054221422368,0.5487864610520703,0.5465276773824315,0.7951343728136002,0.19712360271617205,1.410655311146692
H296,Robust Global Localization Using Clustered Particle Filtering,0,ALL,historical,0.5368346869765768,0.5945471590416953,0.5174878968764494,0.20945019915560006,0.2861920932175467,0.14011068210196634,0.5446810311088349
H297,Automatic Image Segmentation by Dynamic Region Merging,0,ALL,historical,0.4296809076804205,0.8252370070002171,0.47664419159643506,0.0,0.7240224093232897,0.06571049832186578,0.7470210837359427
H298,A Multi-stage Probabilistic Algorithm for Dynamic Path-Planning,0,ALL,historical,0.4296809076804205,0.8485309064544875,0.4588527287086414,0.0,0.7682323104162601,0.03330187869507606,0.7798879679595366
H299,Combining a Probabilistic Sampling Technique and Simple Heuristics to solve the Dynamic Path Planning Problem,0,ALL,historical,0.5377707078257362,0.768227913001858,0.6359951709079571,0.21127981034204632,0.615823848064142,0.3559814731278051,0.9516971740009201
H300,Bayesian Classification and Regression with High Dimensional Features,0,ALL,historical,0.4779235983591171,0.704366918663838,0.541582951902985,0.09429850479214472,0.4946209447492566,0.18400181562855855,0.6533200850113968
H301,The nested Chinese restaurant process and Bayesian nonparametric inference of topic hierarchies,0,ALL,historical,0.4296809076804205,0.44375447054421435,0.440570890551996,0.0,0.0,0.0,0.0
H302,Component models for large networks,0,ALL,historical,0.77228781818226,0.47286073671649803,0.45619170596141845,0.6696831983719795,0.0552412940215738,0.02845460590042849,0.7348836044587034
H303,Supervised functional classification: A theoretical remark and some comparisons,0,ALL,historical,0.4296811425970425,0.5978949885801959,0.4405709698249791,4.5918430113824096e-07,0.2925459977264845,1.4440228849608394e-07,0.2925465074515866
H304,An information-theoretic derivation of min-cut based clustering,0,ALL,historical,0.5452809948640266,0.5202801131176644,0.5241522292707688,0.22595993759670926,0.14523936174318786,0.1522503141825959,0.4244869093038057
H305,Reconstruction of Epsilon-Machines in Predictive Frameworks and Decisional States,0,ALL,historical,0.7352705636883804,0.5612035135702174,0.6239989452319293,0.5973267086908476,0.22290860256511055,0.3341293568997322,0.9371805861708644
H306,KNIFE: Kernel Iterative Feature Extraction,0,ALL,historical,0.7135223179618696,0.44375447054421435,0.473670929053554,0.554816081173802,0.0,0.06029445494136762,0.5759191404032806
H307,Bayesian Agglomerative Clustering with Coalescents,0,ALL,historical,0.42968112907473627,0.44375453211254473,0.4405709099541622,4.327526647623784e-07,1.1685161609940403e-07,3.534264880318733e-08,5.619742079428979e-07
H308,Structured Sparse Principal Component Analysis,0,ALL,historical,0.4296809076804205,0.4437548142255334,0.4405709305772349,0.0,6.522788146070519e-07,7.29092796469339e-08,6.777970624834787e-07
H309,Sparse Convolved Multiple Output Gaussian Processes,0,ALL,historical,0.5317346579088764,0.4836699233645777,0.528424833443388,0.19948132907984806,0.07575623929920745,0.16003321569662776,0.3312491938728752
H310,Sparse Group Restricted Boltzmann Machines,0,ALL,historical,0.5212715582809172,0.46747742959542177,0.5149145980701659,0.17902942980708433,0.04502422084140116,0.135423205713719,0.2714517726482871
H311,Fast Sparse Decomposition by Iterative Detection-Estimation,0,ALL,historical,0.5748826345193669,0.7422329359546589,0.5023568831005627,0.2838213528624025,0.566487524344413,0.11254829034570091,0.8897007788278108
H312,Regularizers for Structured Sparsity,0,ALL,historical,0.4296809076804205,0.6511606155359273,0.46513254377392343,0.0,0.39363976710549803,0.04474108069104794,0.4092991453473648
H313,Exact block-wise optimization in group lasso and sparse group lasso for linear regression,0,ALL,historical,0.6844378719352925,0.47756380569975326,0.6034130363340674,0.49796560839896636,0.06416733128688074,0.2966304229812472,0.6659535877292836
H314,An Introduction to Conditional Random Fields,0,ALL,historical,0.6037183551141673,0.5906683426272252,0.5357640892714484,0.34018564968000264,0.2788304193862434,0.17340227657573604,0.6797068658677536
H315,Ultra-high Dimensional Multiple Output Learning With Simultaneous Orthogonal Matching Pursuit: A Sure Screening Approach,0,ALL,historical,0.6647600053081612,0.5300855123901066,0.8067046910443761,0.45950188727701957,0.1638492013221202,0.6669429685183111,0.8567811275805487
H316,Hyper-sparse optimal aggregation,0,ALL,historical,0.5916381196303966,0.5094342049323863,0.49808962737046314,0.3165727846504901,0.12465472201483715,0.10477513146162076,0.47789880267689455
H317,Foundations of a Multi-way Spectral Clustering Framework for Hybrid Linear Modeling,0,ALL,historical,0.7843669444654575,0.5397390296090602,0.8038745205343174,0.6932938952812215,0.1821707812828761,0.6617875790982327,1.107090329248479
H318,A D.C. Programming Approach to the Sparse Generalized Eigenvalue Problem,0,ALL,historical,0.4716663549703818,0.6560782536705837,0.45634562193342587,0.08206766344857037,0.4029730389336428,0.028734976560375654,0.49509794417834463
H319,Matrix Completion from Noisy Entries,0,ALL,historical,0.42968098002033184,0.44375465232616035,0.44057102665591763,1.4140060141938382e-07,3.45007149564856e-07,2.4792453851247077e-07,5.731813394636047e-07
H320,Sparse Canonical Correlation Analysis,0,ALL,historical,0.516606541827599,0.8349867713815451,0.980507100660624,0.16991086551910783,0.7425266584647642,0.9835384176388527,1.2566759701574703
H321,SpicyMKL,0,ALL,historical,0.6531757873525689,0.5450949730652029,0.5196548220290581,0.43685857246537185,0.1923359204825391,0.14405791530440307,0.679614763304452
H322,High-dimensional variable selection for Cox's proportional hazards model,0,ALL,historical,0.6677372079953098,0.44375447054421435,0.48273733942183156,0.46532133386906555,0.0,0.07680967051745607,0.49220471855017517
H323,Incorporating Side Information in Probabilistic Matrix Factorization with Gaussian Processes,0,ALL,historical,0.4296816853216277,0.4749619275227057,0.45485431321395864,1.520031367915545e-06,0.059229180974647716,0.026018434512083074,0.06833715308524471
H324,Quantum learning: optimal classification of qubit states,0,ALL,historical,0.6087599294239633,0.6749361779164963,0.5399534188874868,0.35004026003701144,0.4387638247300364,0.18103348660459684,0.8521658050786568
H325,Graph-Valued Regression,0,ALL,historical,0.6866106162919793,0.49690288395242393,0.4989254038604875,0.5022126050164584,0.1008713077275038,0.10629756739221512,0.6402880613312375
H326,NESVM: a Fast Gradient Method for Support Vector Machines,0,ALL,historical,0.631725172460025,0.6012938484817979,0.6787981897172419,0.39492971479217776,0.2989967536582545,0.43395070838502264,0.8458092163851902
H327,Hierarchical Semi-Markov Conditional Random Fields for Recursive Sequential Data,0,ALL,historical,0.6144799983230658,0.5256371374459302,0.7710006752792266,0.3612211029150726,0.15540655234904618,0.6019051538439759,0.7272944591095103
H328,Model Selection by Loss Rank for Classification and Unsupervised Learning,0,ALL,historical,0.7323831241909338,0.5859998309639011,0.6044319239374865,0.591682719446955,0.2699699690656724,0.2984864109340037,0.9661229323395287
H329,Using a Kernel Adatron for Object Classification with RCS Data,0,ALL,historical,0.4491132136940138,0.44375447054421435,0.4458241534152463,0.037983731337655965,0.0,0.009569252343573411,0.04133296965790666
H330,On the numeric stability of the SFA implementation sfa-tk,0,ALL,historical,0.618605572963668,0.5982828830309794,0.542625535663259,0.3692852368707886,0.2932821894206798,0.1859009680888641,0.7276327651225709
R0,A Meta-Learning Algorithm for Interrogative Agendas,0,ALL,recent,0.5761283431337167,0.5444498916919902,0.6589599523558132,0.2862563012056083,0.19111160920899561,0.3978137199447065,0.6166027123952511
R1,Contrast with Major Classifier Vectors for Federated Medical Relation Extraction with Heterogeneous Label Distribution,0,ALL,recent,0.5115678192902682,0.727571886331227,0.5326409714579288,0.16006182943409117,0.5386620606412018,0.16771325943833976,0.757423530878712
R2,Counterexample Guided Abstraction Refinement with Non-Refined Abstractions for Multi-Agent Path Finding,0,ALL,recent,0.5759412895034013,0.571609051919228,0.6295503397747508,0.2858906732232852,0.24265745664306237,0.34424168073005496,0.6490327181218668
R3,NeSIG: A Neuro-Symbolic Method for Learning to Generate Planning Problems,0,ALL,recent,0.5498124521387973,0.5351156438392771,0.4709395050425529,0.23481743786314974,0.17339597618860567,0.05531894042801365,0.42757504320156015
R4,Generalized Planning as Heuristic Search: A new planning search-space that leverages pointers over objects,0,ALL,recent,0.5978178494528797,0.5304317602581461,0.503083899912631,0.3286521126083919,0.16450635123511476,0.11387261153689249,0.533013877881419
R5,Context Matters: A Strategy to Pre-train Language Model for Science Education,0,ALL,recent,0.6092465198690409,0.5430509858658491,0.6258544489360682,0.35099138342526853,0.18845660126009076,0.3375093102033357,0.6575762432565267
R6,HeroNet: A Hybrid Retrieval-Generation Network for Conversational Bots,0,ALL,recent,0.46506706682221044,0.8479378670517954,0.6595417378780052,0.06916823772603534,0.7671067705130454,0.39887349034200364,0.975880729858782
R7,BERT-based Authorship Attribution on the Romanian Dataset called ROST,0,ALL,recent,0.5702735756619589,0.6298243827755886,0.48573105950234713,0.27481216716736634,0.35314535603091773,0.08226297899301019,0.6567495658458377
R8,Purposeful and Operation-based Cognitive System for AGI,0,ALL,recent,0.8250475163952962,0.4568448347714668,0.5964734554585562,0.7728109589670384,0.02484443228983253,0.2839894030503855,0.8970516823245059
R9,"Multimodality Representation Learning: A Survey on Evolution, Pretraining and Its Applications",0,ALL,recent,0.4524827569627506,0.7298092584597002,0.4973181018922489,0.04457007400644551,0.5429084085187718,0.1033697340576233,0.6236578894453855
R10,MetaTKG: Learning Evolutionary Meta-Knowledge for Temporal Knowledge Graph Reasoning,0,ALL,recent,0.5304837165631688,0.8179983995389537,0.7703549758397116,0.19703615247747855,0.710284129026273,0.6007289589655419,1.1175754171416912
R11,DOR: A Novel Dual-Observation-Based Approach for News Recommendation Systems,0,ALL,recent,0.5232582564667932,0.7025725123193687,0.47592753054596054,0.18291276769238404,0.49121530941691016,0.06440504100603713,0.6966698414614072
R12,"Describe, Explain, Plan and Select: Interactive Planning with Large Language Models Enables Open-World Multi-Task Agents",0,ALL,recent,0.7656794249218358,0.44375447054421435,0.5008151164787524,0.6567659751663579,0.0,0.1097398350593281,0.6951749174371228
R13,"Learning Zero-Shot Cooperation with Humans, Assuming Humans Are Biased",0,ALL,recent,0.5533736942034312,0.4652163920458355,0.5282834615967249,0.24177848827666168,0.04073295794525363,0.1597756951974234,0.3384329395410135
R14,Towards Understanding the Effects of Evolving the MCTS UCT Selection Policy,0,ALL,recent,0.6294763701563617,0.505695959802932,0.709457406155506,0.3905340500432747,0.11755984089547374,0.48979900427106937,0.6795235424336228
R15,Explaining with Greater Support: Weighted Column Sampling Optimization for q-Consistent Summary-Explanations,0,ALL,recent,0.8487308418861985,0.5616497466465744,0.5255958210613207,0.8191040274273342,0.22375551616190384,0.1548799359023733,1.0970675211550687
R16,A Biomedical Knowledge Graph for Biomarker Discovery in Cancer,0,ALL,recent,0.526772998136105,0.4437546201048264,0.5035277422391522,0.18978292521229004,2.8385371369996205e-07,0.11468110700605162,0.2299215965181218
R17,GeoFault: A well-founded fault ontology for interoperability in geological modeling,0,ALL,recent,0.7725272984290575,0.542113323620504,0.7401729197114596,0.670151303050275,0.1866769956081174,0.545749850008401,1.0478407461613328
R18,Knowledge Graph Completion based on Tensor Decomposition for Disease Gene Prediction,0,ALL,recent,0.6784470521408595,0.5735681452124882,0.5497383534626717,0.4862555370669858,0.2463756542293862,0.1988575533898952,0.8022313349828353
R19,VITAL: Vision Transformer Neural Networks for Accurate Smartphone Heterogeneity Resilient Indoor Localization,0,ALL,recent,0.7747520161667109,0.44375447054421435,0.5029299917739339,0.6744998904382068,0.0,0.11359225514596731,0.7142571797392954
R20,Unreliable Partial Label Learning with Recursive Separation,0,ALL,recent,0.708140303674804,0.5144548674542687,0.8921224515703721,0.5442960232562124,0.13418352563783517,0.8225384767526829,0.9663680157574865
R21,Label Information Enhanced Fraud Detection against Low Homophily in Graphs,0,ALL,recent,0.8221378320150713,0.5571151008479537,0.9244860229174998,0.7671234883344473,0.21514913221823473,0.881491395923435,1.2907946091258844
R22,Adaptive Discretization using Voronoi Trees for Continuous POMDPs,0,ALL,recent,0.6250837602534925,0.7229811750305585,0.6180430565523314,0.3819479504673934,0.5299492689960171,0.32328021357891956,1.0250452942160324
R23,Reusable Slotwise Mechanisms,0,ALL,recent,0.5643051351957066,0.6385271059264536,0.45991756397185846,0.2631458400203804,0.3696624072225639,0.03524156410646908,0.6451427946802084
R24,Dual Policy Learning for Aggregation Optimization in Graph Neural Network-based Recommender Systems,0,ALL,recent,0.6445499094632441,0.5117742509645814,0.5018503189296875,0.41999783406045244,0.1290959364984592,0.11162554185480986,0.5881627102080951
R25,DNG: Taxonomy Expansion by Exploring the Intrinsic Directed Structure on Non-gaussian Space,0,ALL,recent,0.5745931014670459,0.82071353340833,0.515309445600713,0.2832554115034593,0.7154372293070975,0.13614245311393458,1.0463424994004338
R26,KGTrust: Evaluating Trustworthiness of SIoT via Knowledge Enhanced Graph Neural Networks,0,ALL,recent,0.6055212958772537,0.6651052008330824,0.6891793781282831,0.34370980257852524,0.42010544057420945,0.4528609007963671,0.9223165584314632
R27,Explorative analysis of human disease-symptoms relations using the Convolutional Neural Network,0,ALL,recent,0.429681090621954,0.5383638264716057,0.4405709622113548,3.575901930140734e-07,0.1795607590833316,1.3053344269962466e-07,0.17956116236022956
R28,Towards Computationally Efficient Responsibility Attribution in Decentralized Partially Observable MDPs,0,ALL,recent,0.6102754228424689,0.5702944545951733,0.6325779991717753,0.3530025484454091,0.24016245928173022,0.3497568124747841,0.7155798920933137
R29,Towards Tackling MaxSAT by Combining Nested Monte Carlo with Local Search,0,ALL,recent,0.6973252349371779,0.758146799263362,0.8667622470466764,0.523156140782104,0.5966907251552517,0.7763427688870904,1.3915668350478374
R30,OEKG: The Open Event Knowledge Graph,0,ALL,recent,0.4560100176477609,0.7878529436375318,0.5350789455908532,0.05146470206158147,0.6530705385572012,0.17215423075318928,0.7647892213823989
R31,Forward-PECVaR Algorithm: Exact Evaluation for CVaR SSPs,0,ALL,recent,0.7199634629955936,0.5606270182352,0.5666614942753855,0.5674063894108534,0.22181446193864693,0.22968445261391146,0.8696104097643693
R32,Neural Compositional Rule Learning for Knowledge Graph Reasoning,0,ALL,recent,0.6076998309561547,0.4437547594011926,0.47005948305164963,0.3479681181427588,5.482267347481463e-07,0.05371590766189069,0.36676923405115525
R33,Fast and Slow Planning,0,ALL,recent,0.6750541676552977,0.657981118755199,0.5555220673716056,0.47962357003903083,0.4065845200147414,0.2093930661404184,0.9594956632029187
R34,Improve Retrieval-based Dialogue System via Syntax-Informed Attention,0,ALL,recent,0.5776212607481753,0.673341940282443,0.7756159436679426,0.2891744613836737,0.4357380931105386,0.610312246539432,0.9385218407830135
R35,Building an Effective Email Spam Classification Model with spaCy,0,ALL,recent,0.5662939820614801,0.44827795211033133,0.6310244332991612,0.2670333778642387,0.008585195150623181,0.3469268638781876,0.39704297537222755
R36,Large-Scale Traffic Signal Control Using Constrained Network Partition and Adaptive Deep Reinforcement Learning,0,ALL,recent,0.5877356027387515,0.6369435472239728,0.5392038704393569,0.30894465482126543,0.36665694333494714,0.17966812217669703,0.7384854409180566
R37,Extended High Utility Pattern Mining: An Answer Set Programming Based Framework and Applications,0,ALL,recent,0.5017914836506205,0.6209879054394808,0.48002094038534804,0.14095232662246576,0.33637445042078035,0.07186152523658818,0.502478310876052
R38,Enhanced Iterated local search for the technician routing and scheduling problem,0,ALL,recent,0.5759225798725147,0.8733936674913905,0.6443475165315038,0.2858541020828078,0.8154197814748305,0.37119596077349054,1.23119246982836
R39,Heuristic Search for Multi-Objective Probabilistic Planning,0,ALL,recent,0.617444466004687,0.7688390788918379,0.6081275810993951,0.36701565678320847,0.6169837905460975,0.3052183557991722,1.0908258718590162
R40,A Linear Weight Transfer Rule for Local Search,0,ALL,recent,0.710622430225008,0.44375447054421435,0.598003870942782,0.5491477597389058,0.0,0.2867771813017877,0.6495197731945315
R41,System Predictor: Grounding Size Estimator for Logic Programs under Answer Set Semantics,0,ALL,recent,0.7066583687892747,0.44375447054421435,0.5027387094344087,0.5413993306808449,0.0,0.1132438185602805,0.5810346671769431
R42,The challenge of redundancy on multi-agent value factorisation,0,ALL,recent,0.5802111633599111,0.6721607556160946,0.6194754679238067,0.2942368644214835,0.43349630197658473,0.3258894692415937,0.841794480632626
R43,Effective and Stable Role-Based Multi-Agent Collaboration by Structural Information Principles,0,ALL,recent,0.5255708428046793,0.5654728035130432,0.6438216926504734,0.18743310913266134,0.23101136296725272,0.3702381291292648,0.5480278172951567
R44,smProbLog: Stable Model Semantics in ProbLog for Probabilistic Argumentation,0,ALL,recent,0.7247768569283158,0.6354801158121595,0.592751364837834,0.5768149825976288,0.363879471143156,0.27720930745598726,1.0377177113503804
R45,Regularization of the policy updates for stabilizing Mean Field Games,0,ALL,recent,0.5729260778856301,0.7638986160620215,0.516520431791245,0.27999693174270723,0.6076071993279347,0.13834836451479926,0.9360260586508217
R46,Adaptive Ensemble Learning: Boosting Model Performance through Intelligent Feature Fusion in Deep Neural Networks,0,ALL,recent,0.5038609221072451,0.5676894288316173,0.5002482597042925,0.14499739437208098,0.2352183351097538,0.10870725860947679,0.4182632699951517
R47,Evidentiality-aware Retrieval for Overcoming Abstractiveness in Open-Domain Question Answering,0,ALL,recent,0.7966845186031339,0.8689579876099274,0.4996453906035092,0.7173706788832231,0.8070012266843568,0.10760908273179579,1.5620350845237085
R48,Addressing Variable Dependency in GNN-based SAT Solving,0,ALL,recent,0.6942261418929219,0.8632591524457682,0.6405952514709568,0.5170984388551647,0.7961853072867813,0.36436089994386117,1.4408100611222974
R49,PaTeCon: A Pattern-Based Temporal Constraint Mining Method for Conflict Detection on Knowledge Graphs,0,ALL,recent,0.4938489087908794,0.6329316112679645,0.5187581067434931,0.12542721964902726,0.35904261958659145,0.14242447432281055,0.5343184052486024
R50,H-TSP: Hierarchically Solving the Large-Scale Travelling Salesman Problem,0,ALL,recent,0.752030344929744,0.7576858249399571,0.5744275731754303,0.6300865379928628,0.595815833886654,0.24383100698386528,1.3112432243238699
R51,Pointerformer: Deep Reinforced Multi-Pointer Transformer for the Traveling Salesman Problem,0,ALL,recent,0.5455189053117524,0.7575875905350791,0.48235592419834333,0.22642497383700502,0.5956293930834682,0.07611489117436016,0.8486945788314992
R52,Sequential Recommendation with Probabilistic Logical Reasoning,0,ALL,recent,0.5279591675778809,0.6551886673998804,0.6409831586497046,0.19210149416472594,0.4012846775187295,0.3650675049198446,0.721159798405401
R53,Detecting Spoilers in Movie Reviews with External Movie Knowledge and User Networks,0,ALL,recent,0.502180014874305,0.9141917389925032,0.5434043214276139,0.1417117766643906,0.8928511582775436,0.1873195907039303,1.10012479168831
R54,Personalized Federated Learning via Gradient Modulation for Heterogeneous Text Summarization,0,ALL,recent,0.5506007047447635,0.5402859769248777,0.6019874830607309,0.23635821100609455,0.18320884220448466,0.29403365991096675,0.5224788341794175
R55,LogicRec: Recommendation with Users' Logical Requirements,0,ALL,recent,0.558212897396197,0.920477640796481,0.8863710186602315,0.2512375300308293,0.9047812817667233,0.8120617665086013,1.4402404300755631
R56,A Neuro-Symbolic Approach for Enhanced Human Motion Prediction,0,ALL,recent,0.5296442508150155,0.5555066744521959,0.5077799913699261,0.19539527457947126,0.2120964714985742,0.1224269301295761,0.4503411716233971
R57,Data-driven Knowledge Fusion for Deep Multi-instance Learning,0,ALL,recent,0.4756225307162272,0.538533136488436,0.4660736700701811,0.08980067859096391,0.17988209553937715,0.04645541999796964,0.2859421711296304
R58,Combining Monte Carlo Tree Search and Heuristic Search for Weighted Vertex Coloring,0,ALL,recent,0.49514797184377457,0.7547986636768115,0.6696428283149418,0.12796645827347713,0.5903362397923418,0.41727346115109765,0.8643484094687031
R59,Semantic Compression With Large Language Models,0,ALL,recent,0.5004031085186939,0.5630340420090163,0.505812375080949,0.1382385124220257,0.22638279465501993,0.1188427544896581,0.40621627114842596
R60,Adaptive Path-Memory Network for Temporal Knowledge Graph Reasoning,0,ALL,recent,0.6828432536454647,0.5174350956884314,0.47803140774846,0.49484865703639724,0.1398397531718067,0.06823742715816507,0.6585715097135617
R61,Standpoint Linear Temporal Logic,0,ALL,recent,0.9048062985231087,0.45654259425660804,0.7753546030296447,0.9287129991079379,0.02427080470573367,0.6098361929741328,1.166426471354618
R62,Metric Temporal Equilibrium Logic over Timed Traces,0,ALL,recent,0.598394355088724,0.492259791052093,0.47817034886504295,0.3297789904566119,0.09205910012387428,0.06849051988169531,0.4458097725390795
R63,Procedural Content Generation via Knowledge Transformation (PCG-KT),0,ALL,recent,0.4805736810494913,0.7908369816905694,0.48646045229518,0.0994785399801112,0.6587339968133614,0.08359162822947401,0.7874696066737885
R64,Rounding Meets Approximate Model Counting,0,ALL,recent,0.6819660238131943,0.8641087963787608,0.5869790232246751,0.49313396284379707,0.7977978614370894,0.26669451028182667,1.3842749028795258
R65,Scale-Adaptive Balancing of Exploration and Exploitation in Classical Planning,0,ALL,recent,0.7430833762717426,0.44375447054421435,0.440570890551996,0.6125981733307261,0.0,0.0,0.6125981733307261
R66,River of No Return: Graph Percolation Embeddings for Efficient Knowledge Graph Reasoning,0,ALL,recent,0.5700758409021995,0.5537232461019941,0.5199599054584474,0.2744256611095901,0.20871167149445258,0.14461364997781756,0.5337521100962788
R67,"Multi-Agent Reinforcement Learning: Methods, Applications, Visionary Prospects, and Challenges",0,ALL,recent,0.5723276142223547,0.4437545603517095,0.46470546755471487,0.2788271332131193,1.7044722316015366e-07,0.043963126071617856,0.2942143977854087
R68,Curriculum Learning in Job Shop Scheduling using Reinforcement Learning,0,ALL,recent,0.5699817350786841,0.7283407901312511,0.5616065253577008,0.2742417153485868,0.5401213766743892,0.22047640907574445,0.8915298351994866
R69,Integrated Conflict Management for UAM with Strategic Demand Capacity Balancing and Learning-based Tactical Deconfliction,0,ALL,recent,0.6178836710729365,0.853520752562997,0.5518845239271188,0.36787415743170865,0.7777026270268138,0.2027669802130395,1.2165452275330864
R70,Generalized Planning in PDDL Domains with Pretrained Large Language Models,0,ALL,recent,0.4825789254990809,0.8232729466062324,0.6516251223778579,0.10339812967709607,0.7202947845892195,0.38445272111723977,0.9582513666573494
R71,Tram: A Token-level Retrieval-augmented Mechanism for Source Code Summarization,0,ALL,recent,0.5163567103737767,0.638115510244381,0.4915137707032874,0.16942252765457216,0.36888123254502886,0.09279666522807672,0.5707825930294279
R72,NeuSTIP: A Novel Neuro-Symbolic Model for Link and Time Prediction in Temporal Knowledge Graphs,0,ALL,recent,0.5280272445389689,0.6479753297028047,0.7450125961723619,0.19223456210830622,0.38759435715120316,0.5545657205485195,0.7739269214514912
R73,Do Models Really Learn to Follow Instructions? An Empirical Study of Instruction Tuning,0,ALL,recent,0.6511369527033133,0.6164625058781568,0.5098379751371738,0.43287332503745185,0.3277856150733508,0.1261757175975586,0.8048204412699481
R74,XRoute Environment: A Novel Reinforcement Learning Environment for Routing,0,ALL,recent,0.8100731157428254,0.5910908393393863,0.7585809574186522,0.743540958230739,0.2796322833203355,0.579281611611732,1.2259218056151808
R75,A Mini Review on the utilization of Reinforcement Learning with OPC UA,0,ALL,recent,0.6332996894900513,0.443754694832349,0.5611125409876448,0.39800737483999954,4.2568039187085556e-07,0.21957657573142134,0.4748596020263889
R76,Symmetry-Aware Robot Design with Structured Subgroups,0,ALL,recent,0.6952376273323614,0.45422902308913954,0.583819936828562,0.5190755583569235,0.019879837333090573,0.2609399733994191,0.6302843863798109
R77,ProcessGPT: Transforming Business Process Management with Generative Artificial Intelligence,0,ALL,recent,0.5929750103782577,0.564814913239515,0.6788850099365744,0.31918596390770404,0.2297627414567235,0.4341088585878478,0.7008868058701743
R78,Addressing Domain Shift via Knowledge Space Sharing for Generalized Zero-Shot Industrial Fault Diagnosis,0,ALL,recent,0.4847541688430435,0.7838012184967975,0.5666262956544209,0.10765001098821292,0.6453806982159815,0.22962033541762342,0.8333978266003627
R79,Rhythm-controllable Attention with High Robustness for Long Sentence Speech Synthesis,0,ALL,recent,0.635567096732535,0.7500983842745579,0.953381634832503,0.4024394060910157,0.5814154969218363,0.9341271404567955,1.3107994021727303
R80,Efficient GPT Model Pre-training using Tensor Train Matrix Representation,0,ALL,recent,0.61291585136394,0.4437546954824522,0.4405709646106194,0.3581637129261292,4.2691423425072134e-07,1.349039014389704e-07,0.3581641870567289
R81,Action-Evolution Petri Nets: a Framework for Modeling and Solving Dynamic Task Assignment Problems,0,ALL,recent,0.8003650086578196,0.5493042743226768,0.9162041789589557,0.7245648196779545,0.20032482730463497,0.8664053328855816,1.228131513492543
R82,ColdNAS: Search to Modulate for User Cold-Start Recommendation,0,ALL,recent,0.6532082416808501,0.44375484607387794,0.5532395153916823,0.4369220099434209,7.127243473030317e-07,0.20523520911864063,0.5087550458592924
R83,A Unified One-Step Solution for Aspect Sentiment Quad Prediction,0,ALL,recent,0.47551580543187694,0.6123162955916456,0.5018562708294113,0.08959206595770985,0.319916449713675,0.1116363837319182,0.4485812499775562
R84,GCT-TTE: Graph Convolutional Transformer for Travel Time Estimation,0,ALL,recent,0.5043177090593818,0.9064097690565831,0.496846236601617,0.1458902617886588,0.8780816207919501,0.10251019244400666,1.059850449936011
R85,Progression Cognition Reinforcement Learning with Prioritized Experience for Multi-Vehicle Pursuit,0,ALL,recent,0.6322091025922574,0.49153326402575476,0.7155184977421954,0.3958756381486776,0.09068021171410674,0.5008397833792855,0.6618497740455342
R86,Gradient-Informed Quality Diversity for the Illumination of Discrete Spaces,0,ALL,recent,0.5713964526316316,0.5385003820445189,0.6488787847903469,0.2770070202697956,0.17981993030470808,0.3794500402920749,0.58963446467673
R87,Explaining SAT Solving Using Causal Reasoning,0,ALL,recent,0.9346226897331258,0.5404409171378084,0.5404614570620948,0.9869941826374432,0.18350290595720406,0.1819589201150731,1.2341827106349228
R88,On Guiding Search in HTN Temporal Planning with non Temporal Heuristics,0,ALL,recent,0.5105180407297015,0.5963666105186549,0.666207927887664,0.1580098595453553,0.2896452621469376,0.41101650622245495,0.5915108988701521
R89,Towards Explainable TOPSIS: Visual Insights into the Effects of Weights and Aggregations on Rankings,0,ALL,recent,0.8504036998633757,0.5296117682912621,0.7153902704410076,0.8223739115021684,0.1629500740723263,0.5006062067557004,1.16053615793899
R90,Contextual Dictionary Lookup for Knowledge Graph Completion,0,ALL,recent,0.49660628111976785,0.519431893564924,0.5049360013618693,0.1308169705959875,0.14362951094918947,0.11724636735209146,0.31548271011840895
R91,DsMtGCN: A Direction-sensitive Multi-task framework for Knowledge Graph Completion,0,ALL,recent,0.6489144214142424,0.44375454297886185,0.5059724753962693,0.42852901143336647,1.3747499031095355e-07,0.11913439044191615,0.4702261855630275
R92,FC-KBQA: A Fine-to-Coarse Composition Framework for Knowledge Base Question Answering,0,ALL,recent,0.5719210336580495,0.44375473806547633,0.4523724339530232,0.2780324026798065,5.077333039689552e-07,0.021497486379006305,0.28555703064576266
R93,Internal Contrastive Learning for Generalized Out-of-distribution Fault Diagnosis (GOOFD) Framework,0,ALL,recent,0.642480938571759,0.6486374923011642,0.5497260954968528,0.41595368024604534,0.38885108718210276,0.19883522449237115,0.874397096000478
R94,ShuttleSet22: Benchmarking Stroke Forecasting with Stroke-Level Badminton Dataset,0,ALL,recent,0.5179517420390329,0.9158802593606739,0.517682683979944,0.17254028702938673,0.8960558307548521,0.14046550290479604,1.1177590438009173
R95,ConKI: Contrastive Knowledge Injection for Multimodal Sentiment Analysis,0,ALL,recent,0.7492341987123534,0.47969467985162173,0.6799543118884247,0.6246209969177134,0.06821155478327783,0.43605668044163565,0.8454523898555637
R96,Computationally Assisted Quality Control for Public Health Data Streams,0,ALL,recent,0.8621490723530728,0.5411465979107193,0.6102005138654469,0.8453322301287519,0.18484222989628296,0.3089943741036015,1.1383224909612955
R97,Novelty and Lifted Helpful Actions in Generalized Planning,0,ALL,recent,0.6061571874745844,0.6909354807701744,0.9828641590432872,0.34495276034051114,0.46912918275462057,0.9878319942291326,1.1598231410753281
R98,Knowledge Graph for NLG in the context of conversational agents,0,ALL,recent,0.47878635915954726,0.772354080881863,0.8512745658230022,0.09598491681289394,0.623654974588326,0.7481306779058932,0.9814856286682825
R99,Inductive Meta-path Learning for Schema-complex Heterogeneous Information Networks,0,ALL,recent,0.73037267903442,0.6067067537817832,0.512303384030191,0.5877529640879827,0.30927000174227565,0.13066666359464799,0.9427562980883852
R100,Guided Bottom-Up Interactive Constraint Acquisition,0,ALL,recent,0.6541703723205651,0.5908204182759517,0.5012275553848564,0.43880265713501493,0.27911904643222357,0.11049112660356554,0.7565935978784865
R101,Abstracting Concept-Changing Rules for Solving Raven's Progressive Matrix Problems,0,ALL,recent,0.7305416367701415,0.44375447054421435,0.47823028488801783,0.5880832205812971,0.0,0.06859969829961328,0.6120931149861618
R102,Lifted Sequential Planning with Lazy Constraint Generation Solvers,0,ALL,recent,0.6630660450011227,0.6613528198058545,0.6828025358214089,0.45619075512655866,0.4129837306860665,0.44124495566319344,1.0236102202947428
R103,Machine Learning for SAT: Restricted Heuristics and New Graph Representations,0,ALL,recent,0.8367659421111286,0.44375455276664044,0.777675991599494,0.7957166055629235,1.5605138728253655e-07,0.6140647940532402,1.0106394395329448
R104,Rumor Detection with Diverse Counterfactual Evidence,0,ALL,recent,0.5461465399445735,0.4437548417594341,0.4596933907932715,0.22765179196423138,7.045358884923448e-07,0.03483321413990517,0.23984412144908668
R105,Reinforcement Learning and Data-Generation for Syntax-Guided Synthesis,0,ALL,recent,0.47266553637925685,0.8181886891109574,0.8023051798388255,0.08402073263993357,0.7106452829487334,0.6589288953584076,1.0252911289641096
R106,Towards Reliable Rare Category Analysis on Graphs via Individual Calibration,0,ALL,recent,0.5322327555033304,0.8611100880324709,0.6125688677518458,0.2004549451393336,0.7921065601735804,0.31330852638719986,1.1022194895484339
R107,TREA: Tree-Structure Reasoning Schema for Conversational Recommendation,0,ALL,recent,0.6271533152975648,0.6569721758717553,0.7178146039772927,0.3859932461069095,0.40466962958718233,0.5050223305967501,0.9674206914029544
R108,PPN: Parallel Pointer-based Network for Key Information Extraction with Complex Layouts,0,ALL,recent,0.5273493687655706,0.638041562682934,0.4844514430564243,0.190909539167691,0.3687408861687575,0.0799320519115418,0.5876266435054881
R109,Monte-Carlo Tree Search for Multi-Agent Pathfinding: Preliminary Results,0,ALL,recent,0.6876721504069734,0.5745275638243978,0.5501949640227394,0.5042875531261416,0.2481965516717637,0.19968930725140369,0.8223753623358966
R110,Argument Attribution Explanations in Quantitative Bipolar Argumentation Frameworks (Technical Report),0,ALL,recent,0.7367483838348415,0.4437545347953077,0.44057091994847847,0.6002153583122198,1.2194327905534858e-07,5.354812163335903e-08,0.6002154989973414
R111,ForestMonkey: Toolkit for Reasoning with AI-based Defect Detection and Classification Models,0,ALL,recent,0.609387723300483,0.6802914638172785,0.5229026336876994,0.3512673894330012,0.448927715943826,0.14997407258321646,0.8526860307809531
R112,DELPHIC: Practical DEL Planning via Possibilities (Extended Version),0,ALL,recent,0.8016020954760732,0.4585337660017104,0.6634339663683578,0.726982915261311,0.028049884549488865,0.4059635061231644,0.8971200269539074
R113,A Semantic Approach to Decidability in Epistemic Planning (Extended Version),0,ALL,recent,0.5047082495391029,0.6027533994549293,0.5196477813598795,0.1466536392616066,0.30176686109728446,0.14404509014377603,0.49883628190921264
R114,Reinforcement Learning-based Non-Autoregressive Solver for Traveling Salesman Problems,0,ALL,recent,0.5054035404706604,0.6618384510996481,0.46161122310289954,0.14801270307664302,0.41390541885203525,0.03832670414815772,0.5753324683805335
R115,Literal-Aware Knowledge Graph Embedding for Welding Quality Monitoring: A Bosch Case,0,ALL,recent,0.47255544099708763,0.8611571663031256,0.5222538141432449,0.0838055325800484,0.7921959108507118,0.14879219417584394,0.9280787113923056
R116,"A criterion for Artificial General Intelligence: hypothetic-deductive reasoning, tested on ChatGPT",0,ALL,recent,0.4835812024727895,0.6612287496071506,0.4405709376891904,0.10535724967390123,0.4127482556757939,8.586429424296247e-08,0.5181055354021981
R117,Pre-Trained Large Language Models for Industrial Control,0,ALL,recent,0.6232355062219981,0.4824062868373766,0.5076650227627566,0.378335225115759,0.07335796132970308,0.12221750531261316,0.4944693133048767
R118,Biomedical Knowledge Graph Embeddings with Negative Statements,0,ALL,recent,0.5708597963123964,0.7612114381796983,0.526213464910501,0.2759580346560332,0.6025071572061788,0.15600502520498727,0.9330669506839575
R119,No Length Left Behind: Enhancing Knowledge Tracing for Modeling Sequences of Excessive or Insufficient Lengths,0,ALL,recent,0.8966451236146183,0.4605687319431755,0.4895474138292739,0.9127606013376028,0.03191208216806925,0.08921478371657114,0.975897857806472
R120,ChatGPT for Arabic Grammatical Error Correction,0,ALL,recent,0.42968108349424144,0.4437547112583712,0.44057102915957935,3.4365787239027107e-07,4.5685562805834183e-07,2.524851651988033e-07,8.88883308268194e-07
R121,A Hierarchical Destroy and Repair Approach for Solving Very Large-Scale Travelling Salesman Problem,0,ALL,recent,0.7515493969763025,0.44375447054421435,0.6917242916922351,0.6291464438095922,0.0,0.4574966711204457,0.7892702787017482
R122,Multi-modal Multi-view Clustering based on Non-negative Matrix Factorization,0,ALL,recent,0.4356981204458567,0.6248827067373808,0.49491897169491006,0.011761660861246371,0.34376646224323043,0.0989995201808294,0.3901779551677671
R123,Service Reservation and Pricing for Green Metaverses: A Stackelberg Game Approach,0,ALL,recent,0.4626034544774163,0.6629575239034106,0.4900993502208002,0.0643526903916462,0.4160293267905621,0.09022018145614827,0.5119590806918601
R124,C5: Towards Better Conversation Comprehension and Contextual Continuity for ChatGPT,0,ALL,recent,0.8909936296901338,0.4437545598609217,0.6967068519582521,0.9017137998548631,1.6951574837179376e-07,0.4665728163170099,1.065014455081565
R125,TrajPAC: Towards Robustness Verification of Pedestrian Trajectory Prediction Models,0,ALL,recent,0.6625556008326177,0.44375447054421435,0.7333559265627422,0.4551930055982317,0.0,0.5333321337504091,0.6418592524108749
R126,Deep Task-specific Bottom Representation Network for Multi-Task Recommendation,0,ALL,recent,0.4932292583457898,0.5072679002759656,0.6266205170467228,0.12421600796817589,0.12054325434126802,0.3389047665614215,0.3633759306059414
R127,Probabilistic contingent planning based on HTN for high-quality plans,0,ALL,recent,0.582190603159931,0.5460722681325471,0.49417347593353883,0.29810601456302743,0.1941907459638095,0.09764153805670402,0.5264712988466833
R128,"Diverse, Top-k, and Top-Quality Planning Over Simulators",0,ALL,recent,0.8903354158205223,0.46703893333756796,0.4504240482492134,0.9004272094332963,0.044191991088396006,0.01794834083885129,0.9509011198152904
R129,Graph Edit Distance Learning via Different Attention,0,ALL,recent,0.6237583792827824,0.5425083688172411,0.7916602275055675,0.3793572690178383,0.18742675882871018,0.6395382351698878,0.7906224101560092
R130,Artificial Intelligence in Career Counseling: A Test Case with ResumAI,0,ALL,recent,0.5785357780352505,0.6968091473203878,0.4884163836773552,0.2909620402181983,0.48027691771191283,0.0871545188462151,0.8017430395262863
R131,Hierarchical Time Series Forecasting with Bayesian Modeling,0,ALL,recent,0.5585049531344746,0.44375447054421435,0.46174256138871567,0.25180840240648034,0.0,0.038565947687280625,0.26530648409702856
R132,Exploring the Limits of Historical Information for Temporal Knowledge Graph Extrapolation,0,ALL,recent,0.7997189692895426,0.47121437913634634,0.5765784519401133,0.7233020263799785,0.05211664304052801,0.2477490103649012,0.862130823048222
R133,"AI Framework for Early Diagnosis of Coronary Artery Disease: An Integration of Borderline SMOTE, Autoencoders and Convolutional Neural Networks Approach",0,ALL,recent,0.601595989279393,0.7310357762079461,0.9014598276304469,0.33603712641097344,0.5452362381054484,0.8395472787242663,1.1751149120699151
R134,Explanations for Answer Set Programming,0,ALL,recent,0.6055115253411147,0.48227849915274873,0.5776609580259083,0.3436907044118194,0.07311543083757198,0.2497208846396292,0.5042084448732617
R135,Understanding ProbLog as Probabilistic Argumentation,0,ALL,recent,0.7026496883189746,0.4575789812557134,0.6583615829154378,0.5335636861672254,0.02623778180265285,0.39672374057023213,0.6986547771694595
R136,IDVT: Interest-aware Denoising and View-guided Tuning for Social Recommendation,0,ALL,recent,0.5340315329606646,0.7830139695542928,0.5748799402375542,0.20397096015205632,0.6438865646145207,0.24465503096326055,0.9334867856037181
R137,Towards the Identifiability and Explainability for Personalized Learner Modeling: An Inductive Paradigm,0,ALL,recent,0.6082096892936469,0.5216505945576432,0.6716004794360356,0.34896472256520994,0.14784042255012395,0.42083948441436825,0.6440989646603628
R138,Concepts is All You Need: A More Direct Path to AGI,0,ALL,recent,0.6153998064766668,0.6215135356947786,0.49981493853575365,0.36301902364378735,0.3373720533186468,0.10791792829886766,0.7381623518670378
R139,Exploring Minecraft Settlement Generators with Generative Shift Analysis,0,ALL,recent,0.4663224314383202,0.5807183592748982,0.5169057678851153,0.0716220603591164,0.2599461711414767,0.13905028604724873,0.38023583161713015
R140,A Schedule of Duties in the Cloud Space Using a Modified Salp Swarm Algorithm,0,ALL,recent,0.7999368600168258,0.4804475499223811,0.6107800609951708,0.7237279306880059,0.06964044011995026,0.31005006708407606,0.9018858942873829
R141,PromptST: Prompt-Enhanced Spatio-Temporal Multi-Attribute Prediction,0,ALL,recent,0.6764454919376772,0.7061959483606542,0.6951274881768679,0.48234314885322266,0.49809229235042113,0.4636958746980986,1.1427289973479784
R142,QXAI: Explainable AI Framework for Quantitative Analysis in Patient Monitoring Systems,0,ALL,recent,0.5216841184623553,0.7271861140432454,0.849501730587437,0.17983584851423093,0.5379298966370788,0.7449013120480794,0.9784812043681375
R143,Colour Passing Revisited: Lifted Model Construction with Commutative Factors,0,ALL,recent,0.6179971044459641,0.44375447054421435,0.4718438286547855,0.3680958821597358,0.0,0.05696624060525088,0.3880340663715736
R144,Rethinking Sensors Modeling: Hierarchical Information Enhanced Traffic Forecasting,0,ALL,recent,0.6071389807637793,0.5260566878808949,0.5455053269940706,0.3468718415087372,0.15620282449187542,0.19114674593374453,0.5699760270774231
R145,Knowledge Graph Question Answering for Materials Science (KGQA4MAT): Developing Natural Language Interface for Metal-Organic Frameworks Knowledge Graph (MOF-KG),0,ALL,recent,0.44750999198926955,0.8617790950735174,0.6293788208248503,0.03484996314436454,0.7933762803925256,0.34392924479147197,0.9486014792139053
R146,Multi-Label Takagi-Sugeno-Kang Fuzzy System,0,ALL,recent,0.6300722847557436,0.44375447054421435,0.5001453682024444,0.39169886599601217,0.0,0.10851983323769838,0.4296808076292066
R147,Learning Complete Topology-Aware Correlations Between Relations for Inductive Link Prediction,0,ALL,recent,0.7370558159227232,0.5813531220379423,0.7082279003573467,0.6008162863658694,0.2611508985434633,0.4875593578747736,1.0326129601655034
R148,Emotion-Aware Prosodic Phrasing for Expressive Text-to-Speech,0,ALL,recent,0.574528084647924,0.8770668090172087,0.6398888529212106,0.2831283251253307,0.8223911013208572,0.36307413662102356,1.232595374263546
R149,Explainable Artificial Intelligence for Drug Discovery and Development -- A Comprehensive Survey,0,ALL,recent,0.50793829711865,0.674983824882782,0.47267192764858607,0.15296731399395905,0.438854254744599,0.058474691342138944,0.6122877107083067
R150,Event Prediction using Case-Based Reasoning over Knowledge Graphs,0,ALL,recent,0.46259410683243407,0.5396881672108756,0.5270192769078237,0.06433441883728737,0.1820742486436113,0.1574728783363816,0.30152417489863226
R151,Defeasible Reasoning with Knowledge Graphs,0,ALL,recent,0.6225322002921786,0.9069551712104934,0.5470480473409361,0.3769604946299507,0.8791167491236235,0.19395693850910473,1.3239621722317607
R152,Prior Bilinear Based Models for Knowledge Graph Completion,0,ALL,recent,0.5300222220940378,0.8258065555002277,0.6166424692381887,0.19613408342211144,0.7251033654295248,0.3207289280660627,1.0334925736747582
R153,Forgetting-aware Linear Bias for Attentive Knowledge Tracing,0,ALL,recent,0.7414099784523525,0.5450058407577455,0.505992526538853,0.6093272340429097,0.1921667547099892,0.11917091525480948,0.8432038090920823
R154,Residual Scheduling: A New Reinforcement Learning Approach to Solving Job Shop Scheduling Problem,0,ALL,recent,0.5556860603555132,0.8743621452087625,0.690442161273939,0.24629839932651498,0.8172578723526511,0.45516116463058837,1.222862679299872
R155,Epistemic Logic Programs: a study of some properties,0,ALL,recent,0.8806672094541635,0.44375447054421435,0.5206011091754765,0.8815290635889536,0.0,0.14578165552629543,0.932552643023157
R156,Tell Me a Story! Narrative-Driven XAI with Large Language Models,0,ALL,recent,0.7454130112000156,0.44375447054421435,0.5295839157547364,0.6171518391266662,0.0,0.16214457989312694,0.6739024420892605
R157,Challenges in Modelling and Solving Plotting with PDDL,0,ALL,recent,0.4296809076804205,0.823795624432991,0.4918480466671087,0.0,0.7212867840210816,0.0934055765149218,0.7539787358013043
R158,Prioritized Soft Q-Decomposition for Lexicographic Reinforcement Learning,0,ALL,recent,0.6064009507668843,0.4437545866525513,0.6036375600451344,0.34542923695621625,2.2036405293513864e-07,0.2970394114716853,0.449393251335359
R159,Compresso: Structured Pruning with Collaborative Prompting Learns Compact Large Language Models,0,ALL,recent,0.7322203699635468,0.49944461765693077,0.5887550110000944,0.5913645887607251,0.10569530878844749,0.26992961875145577,0.791535264112182
R160,Distribution-Based Trajectory Clustering,0,ALL,recent,0.4759515873165861,0.5989854263432381,0.5559600468119669,0.09044387541455101,0.2946155587180557,0.21019088187803045,0.45862624278991737
R161,Evolutionary Retrosynthetic Route Planning,0,ALL,recent,0.4296809310794429,0.6748699230278428,0.5356523757497441,4.5737349919520435e-08,0.43863807841263475,0.17319878116589169,0.4992576975580467
R162,Causal Reasoning through Two Layers of Cognition for Improving Generalization in Visual Question Answering,0,ALL,recent,0.6348426651208683,0.44375473561191076,0.5306889350558615,0.40102338188417147,5.030766387542053e-07,0.16415746384967853,0.4584789973081977
R163,Integrating Graphs with Large Language Models: Methods and Prospects,0,ALL,recent,0.4296813444821057,0.46728596597803623,0.4433006456859627,8.538028295393774e-07,0.04466083867758037,0.004972474515948873,0.04640205856099201
R164,Abstractive Summarization of Large Document Collections Using GPT,0,ALL,recent,0.47368879048873,0.6859678723615403,0.4904967716230035,0.0860208559993122,0.45970107146541955,0.09094411737624555,0.5775523685464178
R165,OptiMUS: Optimization Modeling Using MIP Solvers and large language models,0,ALL,recent,0.5809968060084523,0.619089160960239,0.4862067658767683,0.2957725359608633,0.3327707899090272,0.08312951745810922,0.6576386569802287
R166,Factual and Personalized Recommendations using Language Models and Reinforcement Learning,0,ALL,recent,0.6494252428390769,0.5239291912620626,0.48667213271350507,0.42952749837304616,0.1521650112747775,0.08397722160103675,0.6110845372081865
R167,Stepwise functional refoundation of relational concept analysis,0,ALL,recent,0.5142742646323849,0.8739457045119595,0.6311879009121732,0.16535203496518464,0.816467502236523,0.3472246336414059,1.1033481589761995
R168,Memory efficient location recommendation through proximity-aware representation,0,ALL,recent,0.5849850346623466,0.7456146254712371,0.5117923094401936,0.30356820393751494,0.5729056923007295,0.12973569900266338,0.9218813908891766
R169,BridgeHand2Vec Bridge Hand Representation,0,ALL,recent,0.6474429342942417,0.7196624113814418,0.6176693636513064,0.42565274078417903,0.5236505291492847,0.32259950108422875,1.0622130953129438
R170,Solving Travelling Thief Problems using Coordination Based Methods,0,ALL,recent,0.7111643291839647,0.6913849855659121,0.5125471131917448,0.5502069929794057,0.4699823058051168,0.13111063639995185,1.0660780215245056
R171,Give and Take: Federated Transfer Learning for Industrial IoT Network Intrusion Detection,0,ALL,recent,0.7373489356018232,0.44375466528384666,0.5370795544409931,0.6013892383939472,3.6959977010948053e-07,0.17579850506919592,0.6629190847679359
R172,Goodtriever: Adaptive Toxicity Mitigation with Retrieval-augmented Models,0,ALL,recent,0.7063479904105086,0.44375460492191543,0.5139103499919049,0.540792643602954,2.5503780015039414e-07,0.1335938848655932,0.5875507583437117
R173,Mini-DALLE3: Interactive Text to Image by Prompting Large Language Models,0,ALL,recent,0.6612728319331215,0.6165185526093253,0.7843724388681484,0.4526856166546509,0.3278919871492847,0.6262629260308851,0.9997696279147453
R174,AutoRepo: A general framework for multi-modal LLM-based automated construction reporting,0,ALL,recent,0.6074220606038009,0.6220023497684093,0.49108712023125706,0.34742516897193,0.33829978213839584,0.09201948614230814,0.7179317712601336
R175,GameGPT: Multi-agent Collaborative Framework for Game Development,0,ALL,recent,0.623710984750793,0.47253710068982036,0.4762150337420915,0.379264628382769,0.054627059519633474,0.06492875183204724,0.456616751043619
R176,Can Large Language Models Really Improve by Self-critiquing Their Own Plans?,0,ALL,recent,0.42968137812608825,0.44375447054421435,0.44057096862745404,9.195656882139728e-07,0.0,1.4222089762188504e-07,9.693430023816325e-07
R177,Transport-Hub-Aware Spatial-Temporal Adaptive Graph Transformer for Traffic Flow Prediction,0,ALL,recent,0.47763676079175077,0.7613050760183319,0.4749376869330209,0.0937378322148002,0.6026848741055187,0.06260195908162848,0.718333391998889
R178,MemGPT: Towards LLMs as Operating Systems,0,ALL,recent,0.7057770304648041,0.5781024848450252,0.6115401151876942,0.5396766057448105,0.25498145709506514,0.31143456859340046,0.9036601618475658
R179,Negative Sampling with Adaptive Denoising Mixup for Knowledge Graph Embedding,0,ALL,recent,0.4398147143908946,0.5164757031517336,0.4836997583326756,0.019808240527352937,0.13801890521803203,0.07856279608109777,0.1853241243737692
R180,Query2Triple: Unified Query Encoding for Answering Diverse Complex Queries over Knowledge Graphs,0,ALL,recent,0.7646448667539648,0.515769382045772,0.8017311639440264,0.6547437561114449,0.13667836597960434,0.6578832779793533,1.0216812693838229
R181,MaskMA: Towards Zero-Shot Multi-Agent Decision Making with Mask-Based Collaborative Learning,0,ALL,recent,0.570476813252594,0.6942702585879615,0.4941796368142849,0.27520942943953297,0.47545831617347256,0.09765276061001087,0.7848462118265094
R182,Robust Graph Matching Using An Unbalanced Hierarchical Optimal Transport Framework,0,ALL,recent,0.8193652409765865,0.44375447054421435,0.7050849176882419,0.7617039898435667,0.0,0.4818341552616431,0.9303459441851417
R183,GPT-4 Doesn't Know It's Wrong: An Analysis of Iterative Prompting for Reasoning Problems,0,ALL,recent,0.44699600502421466,0.7228216121622467,0.4909149552645523,0.03384528862050488,0.5296464318244211,0.09170587343074066,0.5955887761456852
R184,PSYCHIC: A Neuro-Symbolic Framework for Knowledge Graph Question-Answering Grounding,0,ALL,recent,0.47181644822550334,0.8553160211251762,0.8573020857815984,0.08236104612143191,0.7811098987773027,0.7591103035197626,1.1291595511306516
R185,Open Knowledge Base Canonicalization with Multi-task Unlearning,0,ALL,recent,0.5754624789268443,0.8584217944514067,0.6397189356343367,0.284954756904921,0.7870044005475789,0.3627646182439771,1.198926773837892
R186,Graph Agent: Explicit Reasoning Agent for Graphs,0,ALL,recent,0.6935973138379301,0.443754620083026,0.558305651124611,0.5158692879822997,2.8381233834755314e-07,0.21446359393340583,0.5909318296713301
R187,OpenCog Hyperon: A Framework for AGI at the Human Level and Beyond,0,ALL,recent,0.7222944088302341,0.4437548537522967,0.5186796998094758,0.5719626175951812,7.272973531432285e-07,0.14228164961431441,0.6217619222575443
R188,New Boolean satisfiability problem heuristic strategy: Minimal Positive Negative Product Strategy,0,ALL,recent,0.8369382800891457,0.7319379992491265,0.64704376065456,0.7960534693119657,0.5469485830691024,0.37610739221429956,1.474639639656073
R189,An Investigation of Darwiche and Pearl's Postulates for Iterated Belief Update,0,ALL,recent,0.6038174776402047,0.7332185658465351,0.6260202607271294,0.34037940143524364,0.5493789929163475,0.3378113500805525,1.0079923668797846
R190,Responsible AI (RAI) Games and Ensembles,0,ALL,recent,0.4296809076804205,0.9062326734516436,0.47282821234805533,0.0,0.8777455079314243,0.058759376834868246,0.8983112898236282
R191,AI for Open Science: A Multi-Agent Perspective for Ethically Translating Data to Knowledge,0,ALL,recent,0.7310226878403633,0.4437545064574542,0.5271004941693581,0.5890235163237693,6.816036893143463e-08,0.15762082228864674,0.6441908722851645
R192,Uncertainty-guided Boundary Learning for Imbalanced Social Event Detection,0,ALL,recent,0.5057069821549321,0.44375447054421435,0.4570724148532508,0.1486058312109963,0.0,0.030058889913347302,0.15912644268066786
R193,"Look At Me, No Replay! SurpriseNet: Anomaly Detection Inspired Class Incremental Learning",0,ALL,recent,0.5991660732766536,0.4437547945097716,0.4825557230235441,0.33128744428078477,6.148599238411288e-07,0.07647884124235899,0.35805565357553426
R194,GraphTransformers for Geospatial Forecasting of Hurricane Trajectories,0,ALL,recent,0.5465397315458056,0.55273273835371,0.5576687329355567,0.22842035150291787,0.20683176943385387,0.2133033948282157,0.5099083091266472
R195,Diversified Node Sampling based Hierarchical Transformer Pooling for Graph Representation Learning,0,ALL,recent,0.7018187458795769,0.49070741195887324,0.5890987930197168,0.5319394685188897,0.08911281256455975,0.2705558461043574,0.7157468272199745
R196,Improving Entropy-Based Test-Time Adaptation from a Clustering View,0,ALL,recent,0.6790185589579689,0.6061648641743961,0.48714310752613615,0.48737264387785717,0.3082415399343708,0.08483514113540126,0.8253064832096184
R197,Unveiling Black-boxes: Explainable Deep Learning Models for Patent Classification,0,ALL,recent,0.5275273939371398,0.5555831340139444,0.5599770130526454,0.1912575194991809,0.21224158544435856,0.21750811777756524,0.4796269461656873
R198,QFree: A Universal Value Function Factorization for Multi-Agent Reinforcement Learning,0,ALL,recent,0.6624939019218757,0.44375467593298545,0.4798020562247844,0.45507240463364174,3.8981095775062117e-07,0.0714628096533461,0.4800847778232706
R199,On Task-personalized Multimodal Few-shot Learning for Visually-rich Document Entity Retrieval,0,ALL,recent,0.4873833209387907,0.6848625341773259,0.5372007183603508,0.11278913378613713,0.45760323070267667,0.1760192151591823,0.6319990897945276
R200,Enabling High-Level Machine Reasoning with Cognitive Neuro-Symbolic Systems,0,ALL,recent,0.5442424121534473,0.5725326739727009,0.47217154825894814,0.22392985189185344,0.24441041516816842,0.05756320894127428,0.48848739018946785
R201,Extracting periodontitis diagnosis in clinical notes with RoBERTa and regular expression,0,ALL,recent,0.5035297580017549,0.44375447054421435,0.484730695947574,0.1443500780729853,0.0,0.08044073412536705,0.17250433501686377
R202,An Improved Neural Network Model Based On CNN Using For Fruit Sugar Degree Detection,0,ALL,recent,0.6292318571854185,0.8401675348338817,0.9880155411137572,0.390056108053766,0.7523593204569533,0.9972156622910022,1.49144091031257
R203,Best uses of ChatGPT and Generative AI for computer science research,0,ALL,recent,0.5887762525497315,0.473244485435933,0.44622560290855867,0.31097878102374493,0.055969617459394085,0.010300525764437237,0.3705535825006921
R204,Causal Structure Learning Supervised by Large Language Model,0,ALL,recent,0.6491910982848573,0.7565674937726755,0.6343747563004408,0.42906982320904713,0.5936933335130362,0.35302975403736886,1.1463235706351624
R205,InteraSSort: Interactive Assortment Planning Using Large Language Models,0,ALL,recent,0.5611504308803192,0.9048418428882535,0.5810934468007469,0.25697943645090204,0.8751058261655925,0.25597344654409687,1.2216759689069285
R206,Causality is all you need,0,ALL,recent,0.6203340371287636,0.5978738771829915,0.5562674375110304,0.3726638126521616,0.29250593003476233,0.2107508194337891,0.73893252948875
R207,A recurrent connectionist model of melody perception : An exploration using TRACX2,0,ALL,recent,0.5037725824782303,0.5065341675550272,0.4862426129155013,0.1448247196142515,0.119150690117101,0.08319481580093642,0.2930935952616802
R208,Extracting Definienda in Mathematical Scholarly Articles with Transformers,0,ALL,recent,0.4296809737938706,0.6107461897870291,0.47336720112697894,1.2922992900470337e-07,0.3169365183173082,0.059741189428324376,0.3378460638471507
R209,Self-Supervised Deconfounding Against Spatio-Temporal Shifts: Theory and Modeling,0,ALL,recent,0.6672684077808028,0.751861256209242,0.9186012312246542,0.46440498449774475,0.5847612825437309,0.8707717616382086,1.3539363836148486
R210,Multi-Session Budget Optimization for Forward Auction-based Federated Learning,0,ALL,recent,0.5583477207502087,0.7426416774490086,0.5466077752482832,0.25150106509729236,0.5672632820089151,0.1931549465159185,0.8863685783867788
R211,Deriving Comprehensible Theories from Probabilistic Circuits,0,ALL,recent,0.7588349665454855,0.44375447054421435,0.512064391208042,0.6433873227337954,0.0,0.13023131842289856,0.6889682841818099
R212,Physical Reasoning and Object Planning for Household Embodied Agents,0,ALL,recent,0.7729741740130803,0.44375447054421435,0.5372148664351416,0.6710247970202139,0.0,0.17604498704636434,0.7326405424864414
R213,A new fuzzy multi-attribute group decision-making method based on TOPSIS and optimization models,0,ALL,recent,0.783870423518963,0.6905371534802659,0.6028532478941442,0.6923233610470461,0.468373190391725,0.2956107220867585,1.2641603041691365
R214,Agent-Aware Training for Agent-Agnostic Action Advising in Deep Reinforcement Learning,0,ALL,recent,0.6565757854991849,0.7060329373508825,0.6373979159637648,0.44350444434796027,0.49778291089055765,0.358536689145383,1.0667751964394019
R215,Matching Weak Informative Ontologies,0,ALL,recent,0.4424580858465591,0.682511756072553,0.497354413062924,0.02497515747109363,0.4531416476299259,0.10343587785513081,0.5143193623503154
R216,Enhancing Explainability in Mobility Data Science through a combination of methods,0,ALL,recent,0.6769193030049898,0.4494450422120579,0.5390268208199404,0.48326929278452035,0.010800235962712566,0.17934561166663235,0.5568404928305543
R217,Local-Global History-aware Contrastive Learning for Temporal Knowledge Graph Reasoning,0,ALL,recent,0.48279786004498026,0.8739029904104068,0.5503475107830579,0.10382607430529185,0.8163864343926169,0.19996718377913167,0.9902010230206049
R218,Privacy Preserving Multi-Agent Reinforcement Learning in Supply Chains,0,ALL,recent,0.5194761058272334,0.4722997363941869,0.5198708262937082,0.1755199140768073,0.05417656165200252,0.14445138491929413,0.2802544604505628
R219,Modeling Uncertainty in Personalized Emotion Prediction with Normalizing Flows,0,ALL,recent,0.6698284362440445,0.6583779056809462,0.44057091134664966,0.4694089934556372,0.407337588893428,3.7879179760075975e-08,0.8767465956067781
R220,Survey on Memory-Augmented Neural Networks: Cognitive Insights to AI Applications,0,ALL,recent,0.6199545181337697,0.4863204222347971,0.7150382332447565,0.3719219785366788,0.08078666767937062,0.49996494191650553,0.6276963758868264
R221,Survey on Foundation Models for Prognostics and Health Management in Industrial Cyber-Physical Systems,0,ALL,recent,0.4296810333863227,0.8469382019980176,0.5695893987061541,2.4571346359554395e-07,0.7652094886414388,0.23501787244559233,0.8474659897108596
R222,Enhanced E-Commerce Attribute Extraction: Innovating with Decorative Relation Correction and LLAMA 2.0-Based Annotation,0,ALL,recent,0.5365331680426577,0.4437546137788623,0.4405709640968282,0.20886082936226796,2.718475551966028e-07,1.3396798836063723e-07,0.20886114809861908
R223,Causal-CoG: A Causal-Effect Look at Context Generation for Boosting Multi-modal Language Models,0,ALL,recent,0.6622167143610754,0.44375451419505296,0.6853580366917641,0.4545305946275512,8.284569362795871e-08,0.445900011640636,0.6105956815474674
R224,Unsupervised Extractive Summarization with Learnable Length Control Strategies,0,ALL,recent,0.5340274974025252,0.44375447054421435,0.4626957058878479,0.2039630719705889,0.0,0.04030217914371343,0.2180688346708886
R225,Noise Distribution Decomposition based Multi-Agent Distributional Reinforcement Learning,0,ALL,recent,0.4296809076804205,0.4437545789097343,0.44057090317228054,0.0,2.0566882449714797e-07,2.2988891009486663e-08,2.137149363504683e-07
R226,Spatial Knowledge-Infused Hierarchical Learning: An Application in Flood Mapping on Earth Imagery,0,ALL,recent,0.548507942843602,0.8794400684419179,0.5077386404070404,0.23226755363625928,0.8268953520857553,0.1223516059341563,1.1019859677989692
R227,A Unified View on Forgetting and Strong Equivalence Notions in Answer Set Programming,0,ALL,recent,0.7885049887991782,0.48025551958544455,0.7683918128269546,0.7013824033628361,0.06927598236913525,0.5971528953362001,0.9796618990996413
R228,A Novel Energy based Model Mechanism for Multi-modal Aspect-Based Sentiment Analysis,0,ALL,recent,0.54489199946669,0.6678574599801549,0.6526455538943757,0.22519958024881226,0.42532900157193626,0.38631152143526787,0.7857376143230922
R229,CIDR: A Cooperative Integrated Dynamic Refining Method for Minimal Feature Removal Problem,0,ALL,recent,0.6541685005696988,0.5518147554728995,0.6327929909288269,0.4387989984811224,0.20508951359363514,0.3501484377234286,0.7664404652779575
R230,Earthfarseer: Versatile Spatio-Temporal Dynamical Systems Modeling in One Model,0,ALL,recent,0.8121103235275938,0.44375447054421435,0.5071548444729683,0.7475230256766456,0.0,0.12128817340551416,0.7899738863685756
R231,Multi-modal Latent Space Learning for Chain-of-Thought Reasoning in Language Models,0,ALL,recent,0.8482750896814828,0.5616268596819926,0.5606939557863093,0.8182131825997386,0.22371207858965586,0.21881408820259685,1.1185101920603033
R232,CGS-Mask: Making Time Series Predictions Intuitive for All,0,ALL,recent,0.766511429106193,0.4437546399214186,0.5424380108997896,0.6583922681749345,3.214639722530425e-07,0.1855593762384237,0.723338371322355
R233,Situation-Dependent Causal Influence-Based Cooperative Multi-agent Reinforcement Learning,0,ALL,recent,0.5926219895038212,0.4437545139524292,0.5090992106024942,0.31849592485408873,8.238521374107679e-08,0.12482999695900339,0.3621865061749537
R234,Algorithms for automatic intents extraction and utterances classification for goal-oriented dialogue systems,0,ALL,recent,0.623524122883824,0.5523552093973427,0.516798770654916,0.3788993752343655,0.2061152505936531,0.13885538175205273,0.6336140094412371
R235,3DAxiesPrompts: Unleashing the 3D Spatial Task Capabilities of GPT-4V,0,ALL,recent,0.6318064049062756,0.7768622744901537,0.9288050519587174,0.39508849735828827,0.6322111544551517,0.8893588641713615,1.3385752542734166
R236,When Graph Data Meets Multimodal: A New Paradigm for Graph Understanding and Reasoning,0,ALL,recent,0.5028937000129959,0.44375447054421435,0.45258970951979044,0.1431067950707883,0.0,0.021893271775742087,0.15076944019229804
R237,Dynamic Retrieval Augmented Generation of Ontologies using Artificial Intelligence (DRAGON-AI),0,ALL,recent,0.8362693409944018,0.49548172999071116,0.7459923241790837,0.7947459146224587,0.09817407465115487,0.5563503760604247,1.0876426208947623
R238,Towards Fairness in Online Service with k Servers and its Application on Fair Food Delivery,0,ALL,recent,0.9042934654775686,0.5223473002971438,0.8742798951953674,0.9277105801150897,0.1491627126155849,0.7900367861174623,1.3533861678717862
R239,A Simulated Annealing-Based Multiobjective Optimization Algorithm for Minimum Weight Minimum Connected Dominating Set Problem,0,ALL,recent,0.7292910862351446,0.5621418233815753,0.5833834023037611,0.5856388078846128,0.22468943724399862,0.26014478969488275,0.9013789215218203
R240,Vertical Symbolic Regression,0,ALL,recent,0.7237891480540406,0.44375447054421435,0.5156272122681232,0.5748843384170541,0.0,0.13672129135332614,0.6227367903907183
R241,Engineering an Exact Pseudo-Boolean Model Counter,0,ALL,recent,0.6684994764527904,0.5597639812974498,0.799867379284495,0.46681131659555514,0.2201764889692683,0.6544882402313085,0.9160586896457814
R242,Fast and Knowledge-Free Deep Learning for General Game Playing (Student Abstract),0,ALL,recent,0.5739007771809773,0.5848647132399067,0.6775070464609427,0.28190214649918405,0.26781560919109726,0.43159878426607884,0.7007773301834088
R243,AdapTraj: A Multi-Source Domain Generalization Framework for Multi-Agent Trajectory Prediction,0,ALL,recent,0.593408949454236,0.6937774223594866,0.5477139142037829,0.3200341712829552,0.4745229536353675,0.19516987001542227,0.8628665794237206
R244,Not All Tasks Are Equally Difficult: Multi-Task Deep Reinforcement Learning with Dynamic Depth Routing,0,ALL,recent,0.8051935847168341,0.6021807948226856,0.6564405736874802,0.73400308890039,0.30068010470398204,0.39322446354275714,1.172311755844337
R245,An investigation of belief-free DRL and MCTS for inspection and maintenance planning,0,ALL,recent,0.49520334636567903,0.9421768982040951,0.6253877510954963,0.12807469714957853,0.9459646836984105,0.3366591815269514,1.191870094382422
R246,Instruction Fusion: Advancing Prompt Evolution through Hybridization,0,ALL,recent,0.6779067253777245,0.6112839269784632,0.5755124148337714,0.48519937694933885,0.31795709918200993,0.2458071356969569,0.8891889736252837
R247,BalMCTS: Balancing Objective Function and Search Nodes in MCTS for Constraint Optimization Problems,0,ALL,recent,0.549290008878649,0.5359372884542386,0.6289818337653253,0.23379623407916447,0.1749553899412206,0.3432061000624497,0.5288737590422424
R248,LLMLight: Large Language Models as Traffic Signal Control Agents,0,ALL,recent,0.7004678886261496,0.5302183636028378,0.6804365531991753,0.5292989893624883,0.16410134197321463,0.436935122833192,0.8463276243273201
R249,XUAT-Copilot: Multi-Agent Collaborative System for Automated User Acceptance Testing with Large Language Model,0,ALL,recent,0.8316888779843223,0.7639563480254079,0.6813451247112614,0.7857926243513389,0.6077167698357077,0.43859016091098485,1.5470159505058911
R250,UMIE: Unified Multimodal Information Extraction with Instruction Tuning,0,ALL,recent,0.7187303313772895,0.5668769337679835,0.8471449208874118,0.5649960249352803,0.23367628645137892,0.7406081884537711,1.0578851773454792
R251,ClusterComm: Discrete Communication in Decentralized MARL using Internal Representation Clustering,0,ALL,recent,0.5377560437511268,0.601415556051148,0.6006054899590679,0.21125114692608898,0.29922774459276075,0.29151624529244363,0.612509577371205
R252,Machine Learning Insides OptVerse AI Solver: Design Principles and Applications,0,ALL,recent,0.7244874592558374,0.4437545902542715,0.7221349974127704,0.576249305861503,2.2719982099162635e-07,0.5128922842015512,0.7557618325318669
R253,TONE: A 3-Tiered ONtology for Emotion analysis,0,ALL,recent,0.7211761820375838,0.4953633624433516,0.49721882879529566,0.5697768540508604,0.09794942280307521,0.10318889990932299,0.7038423918221987
R254,Generalized Planning for the Abstraction and Reasoning Corpus,0,ALL,recent,0.641418883683599,0.6593082569306014,0.48076026192101223,0.41387771419706,0.4091033188782131,0.07320826049845772,0.8486039242497333
R255,"Tumbug: A pictorial, universal knowledge representation method",0,ALL,recent,0.661539374279114,0.4437546969310034,0.5812528499627257,0.45320661878652385,4.296634649661225e-07,0.25626381257394276,0.5428993828508688
R256,Sophisticated Behavioral Simulation: A Possible Solution to Problems of Organized Complexity,0,ALL,recent,0.7624556016828113,0.4564855539321255,0.49547698666763196,0.6504644669611279,0.024162546871589776,0.10001599055828245,0.7096326105281165
R257,Towards Generative Abstract Reasoning: Completing Raven's Progressive Matrix via Rule Abstraction and Selection,0,ALL,recent,0.8148672537824679,0.46601018986313886,0.5346810996400587,0.7529119125151167,0.04223952077127134,0.17142952148275578,0.8551517658053526
R258,Rethinking the Soft Conflict Pseudo Boolean Constraint on MaxSAT Local Search Solvers,0,ALL,recent,0.8748231043906561,0.8644148279900992,0.7754449728924515,0.8701057710324231,0.7983786842098137,0.6100008091458272,1.8819847384432764
R259,Revolutionizing Retrieval-Augmented Generation with Enhanced PDF Structure Recognition,0,ALL,recent,0.46689045630552245,0.8304677813815856,0.8570899776151676,0.0727323611095176,0.7339499879364768,0.7587239309696837,1.0722357248853838
R260,ChatGraph: Chat with Your Graphs,0,ALL,recent,0.7145426419263137,0.6405529678209825,0.5668315437866627,0.5568104770687465,0.3735073261104885,0.22999421184863325,1.0108157773262565
R261,How well can large language models explain business processes?,0,ALL,recent,0.4739707531978994,0.829264640569933,0.5197300433625711,0.08657199984116168,0.7316665258485383,0.1441949371783781,0.8687067537021324
R262,TroVE: Inducing Verifiable and Efficient Toolboxes for Solving Programmatic Tasks,0,ALL,recent,0.7840205208876715,0.49117540309747315,0.5444585843592799,0.6926167517606096,0.09000102117001484,0.18924001773988974,0.8488517791395858
R263,Explaining Image Classifiers,0,ALL,recent,0.6071263253762593,0.5980818104776303,0.5211083191866714,0.34684710441169914,0.2929005702884462,0.14670558046868976,0.6910946278641867
R264,Efficient Constraint Generation for Stochastic Shortest Path Problems,0,ALL,recent,0.7550735062118439,0.49704882293579317,0.5973452507264174,0.636034911823307,0.10114828788846948,0.2855774501607742,0.8371353072680474
R265,DiffuserLite: Towards Real-time Diffusion Planning,0,ALL,recent,0.6203540977779531,0.856023797641761,0.5247659427367005,0.37270302458659404,0.7824532002651264,0.15336824396738427,1.208835110240305
R266,Type-based Neural Link Prediction Adapter for Complex Query Answering,0,ALL,recent,0.6582651563576488,0.48082376791347753,0.638428100452903,0.4468066056443432,0.07035447085612742,0.36041325530885476,0.6433057158585698
R267,Learning to Stop Cut Generation for Efficient Mixed-Integer Linear Programming,0,ALL,recent,0.6826359949993234,0.5706570799205429,0.5567253170925646,0.4944435349306146,0.24085069225877523,0.21158488492274877,0.8093489369123519
R268,Federated Unlearning: a Perspective of Stability and Fairness,0,ALL,recent,0.8270660087352777,0.6434002352364385,0.6511776256108326,0.7767564439082154,0.3789112049702589,0.3836375687827631,1.2899407979524413
R269,torchmSAT: A GPU-Accelerated Approximation To The Maximum Satisfiability Problem,0,ALL,recent,0.5032198044184687,0.9803140324748686,0.537784751426625,0.14374422132976336,1.0,0.17708307964372302,1.2057232992050664
R270,A call for embodied AI,0,ALL,recent,0.5271868116773369,0.6983893412091323,0.6225946206486019,0.19059179382330524,0.48327599546041344,0.33157126364227263,0.7899177315585141
R271,UrbanKGent: A Unified Large Language Model Agent Framework for Urban Knowledge Graph Construction,0,ALL,recent,0.5222215329431765,0.6317821489493375,0.8409565852891032,0.1808863160831443,0.35686103485380083,0.7293356238651615,0.7930148192897517
R272,Large-Language-Model Empowered Dose Volume Histogram Prediction for Intensity Modulated Radiotherapy,0,ALL,recent,0.6451649500607322,0.5752867983110578,0.6947065916815827,0.4212000350138749,0.24963751614520888,0.4629291769563797,0.8328627630938166
R273,GraphTranslator: Aligning Graph Model to Large Language Model for Open-ended Tasks,0,ALL,recent,0.5231465485245115,0.6133688874114992,0.5177579960410338,0.18269441561080685,0.3219141822246423,0.14060269004654835,0.553819539351741
R274,Stitching Sub-Trajectories with Conditional Diffusion Model for Goal-Conditioned Offline RL,0,ALL,recent,0.7553716302073213,0.6472698411769319,0.509232797826903,0.6366176456348064,0.38625539808115594,0.125073337125586,1.0666487117099175
R275,News Recommendation with Attention Mechanism,0,ALL,recent,0.6302948384172702,0.6074367156300755,0.5839727543253921,0.3921338847982955,0.3106554091609863,0.2612183430960718,0.7942157140429068
R276,Particle Filter SLAM for Vehicle Localization,0,ALL,recent,0.48843174666488604,0.5626692917275222,0.5732905314155627,0.11483845933090954,0.22569052868640685,0.24175979147293597,0.425144915032844
R277,On the Self-Verification Limitations of Large Language Models on Reasoning and Planning Tasks,0,ALL,recent,0.429681053854143,0.8184206646180986,0.5017971548448831,2.857212829373764e-07,0.7110855533399935,0.1115286990817845,0.750120883739901
R278,Transformer Mechanisms Mimic Frontostriatal Gating Operations When Trained on Human Working Memory Tasks,0,ALL,recent,0.4296809076804205,0.8262619953757294,0.49234611237034775,0.0,0.7259677527721959,0.0943128443448482,0.7589772482928928
R279,BERT4FCA: A Method for Bipartite Link Prediction using Formal Concept Analysis and BERT,0,ALL,recent,0.469659606251172,0.8244191029002031,0.9080720981250129,0.07814513340199071,0.7224700947597218,0.8515920757530062,1.0986724546752646
R280,FGeo-DRL: Deductive Reasoning for Geometric Problems through Deep Reinforcement Learning,0,ALL,recent,0.8169735553846058,0.472766200181399,0.5050003213487773,0.757029035522325,0.05506187147042017,0.11736353152252789,0.8531681430256299
R281,Graph-Skeleton: ~1% Nodes are Sufficient to Represent Billion-Scale Graph,0,ALL,recent,0.6013279402243624,0.6699409107910371,0.6451266439696925,0.3355131791612508,0.42928321947615605,0.37261520577567514,0.8952117206588932
R282,Reinforcement Learning for Solving Stochastic Vehicle Routing Problem with Time Windows,0,ALL,recent,0.5874557949458149,0.6669191355681189,0.49924290104034014,0.3083977231279476,0.42354813918216466,0.10687591473775475,0.7693524324683264
R283,Social network analysis for personalized characterization and risk assessment of alcohol use disorders in adolescents using semantic technologies,0,ALL,recent,0.6041762178370168,0.7234729468885313,0.7423649246634813,0.3410806198725304,0.5308826114466431,0.5497427681376262,1.0643732001673425
R284,HIP Network: Historical Information Passing Network for Extrapolation Reasoning on Temporal Knowledge Graph,0,ALL,recent,0.5302214483038679,0.8801723448158744,0.4904411036973575,0.19652350477150302,0.8282851522833945,0.09084271365025341,1.0566036068324862
R285,XRL-Bench: A Benchmark for Evaluating and Comparing Explainable Reinforcement Learning Techniques,0,ALL,recent,0.5393096602291293,0.7297838200029543,0.6142355959397708,0.21428795330722153,0.5428601284247109,0.31634460949089843,0.8678686950537469
R286,KGroot: Enhancing Root Cause Analysis through Knowledge Graphs and Graph Convolutional Neural Networks,0,ALL,recent,0.6008118046216431,0.7845432143624634,0.5544018400061469,0.33450430476138404,0.6467889452077265,0.20735247943815346,1.0538666177724643
R287,Beyond A*: Better Planning with Transformers via Search Dynamics Bootstrapping,0,ALL,recent,0.6754423061698556,0.4817299809900354,0.4866627034504388,0.4803822524644954,0.072074388578037,0.08396004541929149,0.5818426569392845
R288,Diffusion Model-Based Multiobjective Optimization for Gasoline Blending Scheduling,0,ALL,recent,0.5263262446051119,0.8726393836290475,0.5984191093411652,0.18890966981565718,0.8139882128782685,0.287533572352513,1.1035346330173053
R289,SHM-Traffic: DRL and Transfer learning based UAV Control for Structural Health Monitoring of Bridges with Traffic,0,ALL,recent,0.4799991707810015,0.9191871518553446,0.49161634529083403,0.09835556241513385,0.9023320401289626,0.09298351331427063,1.0332318322040912
R290,A Relation-Interactive Approach for Message Passing in Hyper-relational Knowledge Graphs,0,ALL,recent,0.6476021982876191,0.6647905188080935,0.48490643000907085,0.42596404921725833,0.4195082000294132,0.08076084823798617,0.8737385461299667
R291,IntSat: Integer Linear Programming by Conflict-Driven Constraint-Learning,0,ALL,recent,0.7652812639329705,0.6426758781576968,0.80897150772087,0.6559877021183924,0.37753643494216493,0.6710721623848007,1.2683993938952378
R292,Negative Sampling in Knowledge Graph Representation Learning: A Review,0,ALL,recent,0.5597573316195753,0.6949343958904506,0.4969725708080063,0.254256388141053,0.476718794030039,0.10274032063900362,0.7669342943947431
R293,On the Roles of LLMs in Planning: Embedding LLMs into Planning Graphs,0,ALL,recent,0.7360264433187685,0.7201993213645944,0.52839563578385,0.5988042033733719,0.5246695400408532,0.15998002974739314,1.1794667538258126
R294,ChatGPT4PCG 2 Competition: Prompt Engineering for Science Birds Level Generation,0,ALL,recent,0.5674683647622916,0.5928685327106717,0.6634756416060686,0.269328907636362,0.283006198807197,0.40603942101197055,0.6944489037977488
R295,PPS-QMIX: Periodically Parameter Sharing for Accelerating Convergence of Multi-Agent Reinforcement Learning,0,ALL,recent,0.7465472278748243,0.4614881637314985,0.8841342933374132,0.6193688576022134,0.033657087915316096,0.8079873865290573,0.9358215308026996
R296,Emerging Synergies Between Large Language Models and Machine Learning in Ecommerce Recommendations,0,ALL,recent,0.6511229006641305,0.5897545769038253,0.5389899355578198,0.4328458579483327,0.27709616736317766,0.17927842211412406,0.7726894730514537
R297,Where the Really Hard Quadratic Assignment Problems Are: the QAP-SAT instances,0,ALL,recent,0.7250661317210424,0.9376480290898531,0.700125911886846,0.5773804191444799,0.9373692634255312,0.47280091646851696,1.680230003333992
R298,Domain-Agnostic Mutual Prompting for Unsupervised Domain Adaptation,0,ALL,recent,0.4916583948081619,0.5512343880267342,0.46782685531423485,0.1211454892896599,0.20398802401938337,0.049648991772712286,0.3425106604294926
R299,Localized Zeroth-Order Prompt Optimization,0,ALL,recent,0.6499134982995797,0.4550766252612268,0.5252619890266726,0.4304818763157828,0.021488516389498787,0.15427183326919577,0.5059655343495001
R300,OPEx: A Component-Wise Analysis of LLM-Centric Agents in Embodied Instruction Following,0,ALL,recent,0.5881318868939297,0.7932938318696511,0.6077395389933767,0.3097192592801048,0.6633968959398335,0.30451150504201746,1.0796951819846445
R301,CLEVR-POC: Reasoning-Intensive Visual Question Answering in Partially Observable Environments,0,ALL,recent,0.517714258064767,0.7018176440532937,0.4405709577514999,0.17207608440365585,0.4897826316702361,1.2240944856135373e-07,0.661858758917199
R302,Adaptive Discovering and Merging for Incremental Novel Class Discovery,0,ALL,recent,0.7644748885967023,0.5751355649386654,0.9098899164375465,0.6544115050315055,0.24935048767028345,0.8549033820021361,1.2029781764025365
R303,Assessing the Aesthetic Evaluation Capabilities of GPT-4 with Vision: Insights from Group and Individual Assessments,0,ALL,recent,0.542403820151071,0.7005622556655509,0.481517588570731,0.22033601261158633,0.4874000079895453,0.07458779356320677,0.733841748348254
R304,"A challenge in A(G)I, cybernetics revived in the Ouroboros Model as one algorithm for all thinking",0,ALL,recent,0.7423394434357578,0.6715980622635078,0.530334149280588,0.6111440306800524,0.4324283563751036,0.16351119224669963,1.100801304341501
R305,Enhancing Court View Generation with Knowledge Injection and Guidance,0,ALL,recent,0.4917054188029452,0.7143367201582235,0.7081037238538965,0.12123740564704037,0.5135428061940789,0.4873331601139552,0.8053468178810035
R306,Improving Matrix Completion by Exploiting Rating Ordinality in Graph Neural Networks,0,ALL,recent,0.5008642433410515,0.583312648338086,0.5805020629032566,0.1391398784868982,0.26486991794116,0.2548961919131512,0.49322346359766117
R307,Towards Automatic Composition of ASP Programs from Natural Language Specifications,0,ALL,recent,0.6238692475371823,0.7483883851654375,0.8562366447488103,0.3795739797873195,0.5781700595646564,0.7571695146490458,1.222753369479142
R308,Towards Multimodal Human Intention Understanding Debiasing via Subject-Deconfounding,0,ALL,recent,0.5855501203985436,0.8072056779058003,0.6293445214396769,0.3046727596588705,0.6898004329897901,0.3438667656274747,1.1148265606182766
R309,BjTT: A Large-scale Multimodal Dataset for Traffic Prediction,0,ALL,recent,0.5531215328826535,0.8013633369819809,0.8158696780078419,0.24128559629279384,0.6787121514892825,0.6836377495071883,1.1592709601095923
R310,RLPeri: Accelerating Visual Perimetry Test with Reinforcement Learning and Convolutional Feature Extraction,0,ALL,recent,0.5128271985472755,0.6691881112422089,0.480816712456714,0.16252349936234994,0.42785446798429594,0.07331108981332769,0.6160368487813105
R311,MMoE: Robust Spoiler Detection with Multi-modal Information and Domain-aware Mixture-of-Experts,0,ALL,recent,0.5491913930045692,0.5969415352955337,0.4781663423660953,0.2336034726609337,0.29073642198351235,0.06848322171283484,0.5483090222439383
R312,Tapilot-Crossing: Benchmarking and Evolving LLMs Towards Interactive Data Analysis Agents,0,ALL,recent,0.725419635154327,0.575918343161993,0.610166198963687,0.5780714014410445,0.2508361362152591,0.3089318666748597,0.9370336909925044
R313,Can Large Language Models Play Games? A Case Study of A Self-Play Approach,0,ALL,recent,0.7285534109744267,0.47898403632776365,0.45990510874413726,0.5841968967239948,0.06686281195197116,0.035218875880091795,0.663386315233998
R314,Enhancing Multi-Hop Knowledge Graph Reasoning through Reward Shaping Techniques,0,ALL,recent,0.48411362291679505,0.6846538697044658,0.48465770364360655,0.10639795555253627,0.4572072027329986,0.08030777261287741,0.5917128787000419
R315,OntoChat: a Framework for Conversational Ontology Engineering using Language Models,0,ALL,recent,0.6049489487705462,0.6995585772686255,0.514439472086558,0.34259105327940165,0.48549510912345667,0.13455772447843975,0.8751813659703123
R316,Exact algorithms and heuristics for capacitated covering salesman problems,0,ALL,recent,0.8383358021241862,0.7700378114480135,0.8399609361280115,0.798785162682804,0.6192588861285048,0.7275219666551245,1.6726767371406024
R317,On Globular T-Spherical Fuzzy (G-TSF) Sets with Application to G-TSF Multi-Criteria Group Decision-Making,0,ALL,recent,0.7988872849872679,0.5020501737316888,0.9960504917606644,0.7216763586350775,0.110640439447373,1.0,1.1823167980824505
R318,A New Random Forest Ensemble of Intuitionistic Fuzzy Decision Trees,0,ALL,recent,0.5954662328501003,0.47378564774284043,0.7251037844450481,0.3240554799088726,0.05699669891093847,0.518300175069707,0.5624572400942085
R319,An Improved Strategy for Blood Glucose Control Using Multi-Step Deep Reinforcement Learning,0,ALL,recent,0.7051750192087668,0.8310649768150176,0.6282720945101571,0.5384998728446816,0.7350834156434621,0.34191325136866807,1.3932529264671776
R320,Generating Feasible and Plausible Counterfactual Explanations for Outcome Prediction of Business Processes,0,ALL,recent,0.7997580475571963,0.6733574278651714,0.536710315764355,0.7233784114687406,0.43576748726594555,0.17512590631224534,1.220439965943972
R321,Planning and Acting While the Clock Ticks,0,ALL,recent,0.5000275492300201,0.8513609486984375,0.5769900198713428,0.13750441822279041,0.7736034973203496,0.24849871535644266,0.9980824659178951
R322,Sphere Neural-Networks for Rational Reasoning,0,ALL,recent,0.5670932430496262,0.46869629926375583,0.47149716123475194,0.2685956687535018,0.04733753500282173,0.05633475725710096,0.3356503687963089
R323,SensoryT5: Infusing Sensorimotor Norms into T5 for Enhanced Fine-grained Emotion Classification,0,ALL,recent,0.680348174945272,0.5261862591554831,0.8427086434955706,0.48997160338418877,0.15644874009073345,0.7325271426478218,0.9028048434016599
R324,"Large language models for crowd decision making based on prompt design strategies using ChatGPT: models, analysis and challenges",0,ALL,recent,0.4296809076804205,0.6445584556719709,0.49156689604211184,0.0,0.3811094118870212,0.09289343742209835,0.4136221149847556
R325,Using Large Language Models for OntoClean-based Ontology Refinement,0,ALL,recent,0.7195880312503351,0.5635436109966111,0.5062898851210978,0.566672544516812,0.22734991459068538,0.11971257848090361,0.8359218615758136
R326,TrustSQL: A Reliability Benchmark for Text-to-SQL Models with Diverse Unanswerable Questions,0,ALL,recent,0.5298842216169548,0.8885678151521241,0.4824198146013613,0.19586433813082574,0.8442190629591583,0.07623127282224769,1.0667643465777708
R327,A Temporal Graph Network Framework for Dynamic Recommendation,0,ALL,recent,0.6691758527049537,0.5691205147466647,0.7757016653431508,0.46813340846809826,0.23793441821486,0.6104683956533701,0.9197317651616378
R328,Rumor Detection with a novel graph neural network approach,0,ALL,recent,0.5416913481212213,0.6758514495187268,0.6119638339142582,0.21894336543175733,0.44050093478699576,0.31220640726257376,0.7687165427606539
R329,How Reliable is Your Simulator? Analysis on the Limitations of Current LLM-based User Simulators for Conversational Recommendation,0,ALL,recent,0.5796254194646505,0.7853382438113786,0.8000140417686027,0.2930919288315085,0.6482978455690224,0.6547553980637443,1.1705541637228414
R330,Re2LLM: Reflective Reinforcement Large Language Model for Session-based Recommendation,0,ALL,recent,0.4890674081261744,0.6400377803401075,0.6616758449563651,0.11608096725304645,0.37252954273769884,0.40276094271068197,0.629576839939484
R331,Enabling Uncertainty Estimation in Iterative Neural Networks,0,ALL,recent,0.5437410239633407,0.5240803706563288,0.4645289457373319,0.22294980380617793,0.1524519373036687,0.04364157699656571,0.39067629305864465
R332,KC-GenRe: A Knowledge-constrained Generative Re-ranking Method Based on Large Language Models for Knowledge Graph Completion,0,ALL,recent,0.5339377919164621,0.516614454971446,0.7303137352907974,0.2037877274139649,0.138282244734801,0.5277905309948514,0.5267966579969638
R333,D-PAD: Deep-Shallow Multi-Frequency Patterns Disentangling for Time Series Forecasting,0,ALL,recent,0.7363594074031923,0.5116061965855204,0.6125809614561489,0.599455038035969,0.12877698313940003,0.31333055606880106,0.8378977157994494
R334,Boosting Conversational Question Answering with Fine-Grained Retrieval-Augmentation and Self-Check,0,ALL,recent,0.49758388363402234,0.7927745725032435,0.720021290697327,0.13272786018523564,0.6624113844639407,0.509041992779456,0.9733039421219859
R335,mALBERT: Is a Compact Multilingual BERT Model Still Worth It?,0,ALL,recent,0.497132394794451,0.5760066932157335,0.5779935310487886,0.13184534882645857,0.2510038173347339,0.25032669387884876,0.4704635090187895
R336,LC-LLM: Explainable Lane-Change Intention and Trajectory Predictions with Large Language Models,0,ALL,recent,0.471591076922427,0.8102953016128522,0.4686669562709231,0.08192051976180789,0.6956642841140473,0.051179305076633506,0.795497560652677
R337,IME: Integrating Multi-curvature Shared and Specific Embedding for Temporal Knowledge Graph Completion,0,ALL,recent,0.47221318188044326,0.8258361104007709,0.8327232632498207,0.08313652920364062,0.7251594581946023,0.7143379475122497,1.0583142690275302
R338,Instruction-Driven Game Engines on Large Language Models,0,ALL,recent,0.5896918230730338,0.6197405013941412,0.5615527040609879,0.3127684185867528,0.3340069803638369,0.22037836913692713,0.7239078281485143
R339,A Theory for Length Generalization in Learning to Reason,0,ALL,recent,0.4296809076804205,0.8206057579278696,0.55820746268487,0.0,0.7152326803289089,0.21428473557783484,0.7902323377811511
R340,RLGNet: Repeating-Local-Global History Network for Temporal Knowledge Graph Reasoning,0,ALL,recent,0.6517467356835877,0.4967725047297139,0.48863651830675336,0.4340652490880928,0.10062385870970819,0.08755551226175626,0.5653335370894157
R341,KGExplainer: Towards Exploring Connected Subgraph Explanations for Knowledge Graph Completion,0,ALL,recent,0.5679804892522775,0.5461356313915767,0.4818451436891309,0.27032994163744517,0.19431100420653652,0.07518446227482312,0.49095550764016976
R342,Enhancing Decision Analysis with a Large Language Model: pyDecision a Comprehensive Library of MCDA Methods in Python,0,ALL,recent,0.7017011828873398,0.5696854678149956,0.7964257081176773,0.5317096717511124,0.23900665257055959,0.6482189518411778,0.9975929574660841
R343,Task-specific Scene Structure Representations,0,ALL,recent,0.4860972540640885,0.5810921929799551,0.4938454198984025,0.11027529839178007,0.2606556766992828,0.09704395688386523,0.40489636000041573
R344,Class-Continuous Conditional Generative Neural Radiance Field,0,ALL,recent,0.6382410220552645,0.5398771634728677,0.6470257129132637,0.4076660457396742,0.1824329479702747,0.37607451676237724,0.7217250745767809
R345,Detecting Severity of Diabetic Retinopathy from Fundus Images using Ensembled Transformers,0,ALL,recent,0.6869045226207093,0.6093198912826249,0.5538482379755261,0.5027870946843912,0.3142295213229856,0.20634404759934621,0.889237032667148
R346,Analogical Inference Enhanced Knowledge Graph Embedding,0,ALL,recent,0.5961121044452772,0.4437546222452199,0.49550461225401976,0.3253179452659261,2.8791600408429096e-07,0.10006631284638522,0.36034144267816504
R347,A New Perspective to Boost Vision Transformer for Medical Image Classification,0,ALL,recent,0.5580458606821058,0.7361209954396967,0.616458425427458,0.2509110284994555,0.554887565042491,0.3203936770586412,0.917936380512471
R348,PIE-QG: Paraphrased Information Extraction for Unsupervised Question Generation from Small Corpora,0,ALL,recent,0.5717424244863611,0.4437546458386122,0.47662875243277786,0.27768328082123217,3.3269431790312054e-07,0.06568237460964055,0.3006724446289243
R349,Transformer Based Geocoding,0,ALL,recent,0.4296809076804205,0.7640512842248386,0.4811475567665369,0.0,0.6078969509168192,0.07391375005888265,0.6337667634374281
R350,Multi-Task Learning with Prior Information,0,ALL,recent,0.4622673661674733,0.4659933917519622,0.5160729254479292,0.06369574890144578,0.042207639340893964,0.13753319473631817,0.1540400064000511
R351,SPTS v2: Single-Point Scene Text Spotting,0,ALL,recent,0.7569126976968187,0.5268620768755331,0.8209535683886722,0.6396299228937851,0.15773138641703627,0.692898475880041,1.0398757758688357
R352,"Towards Long-Term Time-Series Forecasting: Feature, Pattern, and Distribution",0,ALL,recent,0.5378062254188113,0.6996480849242704,0.7540057361835101,0.2113492354896423,0.4856649872759273,0.5709474681153104,0.8968458366059282
R353,All in Tokens: Unifying Output Space of Visual Tasks via Soft Token,0,ALL,recent,0.5331744232219651,0.6733631276573437,0.4916493144265178,0.20229559408799377,0.43577830500166576,0.0930435693189139,0.6706391483512794
R354,ReVoLT: Relational Reasoning and Voronoi Local Graph Planning for Target-driven Navigation,0,ALL,recent,0.6351687718953545,0.6728550997891745,0.8995388177090767,0.4016608127737843,0.43481410998363845,0.836048000433683,1.129091722909212
R355,An Image captioning algorithm based on the Hybrid Deep Learning Technique (CNN+GRU),0,ALL,recent,0.4978551911783678,0.6781658102859451,0.46627999652728835,0.13325817670387674,0.44489340075487893,0.046831260686816006,0.5945425186991413
R356,IMKGA-SM: Interpretable Multimodal Knowledge Graph Answer Prediction via Sequence Modeling,0,ALL,recent,0.5485785482256833,0.5519674371507939,0.6907699737058272,0.23240556380664726,0.20537929083302228,0.4557583020599835,0.5973002603606637
R357,Adaptive Pattern Extraction Multi-Task Learning for Multi-Step Conversion Estimations,0,ALL,recent,0.6001128769164918,0.4728487843801458,0.5184305313989707,0.3331381322567756,0.05521860947238537,0.14182776876764086,0.4379964607978353
R358,SAIDS: A Novel Approach for Sentiment Analysis Informed of Dialect and Sarcasm,0,ALL,recent,0.4658555085988716,0.5824508928626736,0.773132319094718,0.07070938063512355,0.26323437708167,0.6057881191758183,0.54596959942833
R359,Few-shot Node Classification with Extremely Weak Supervision,0,ALL,recent,0.45409543185439877,0.7194318836507231,0.5664761460620772,0.04772232005364642,0.523213006518337,0.2293468255294217,0.651206715507281
R360,A Lite Fireworks Algorithm for Optimization,0,ALL,recent,0.5993592053688577,0.5545270004614422,0.5801007677575399,0.33166495364574783,0.21023713101676245,0.25416519964918566,0.6308599045397252
R361,A Brain-inspired Memory Transformation based Differentiable Neural Computer for Reasoning-based Question Answering,0,ALL,recent,0.7506958686991251,0.4437545218802954,0.7677995708564761,0.6274780783182953,9.743165030397757e-08,0.5960740776544103,0.8361041029289892
R362,Foldsformer: Learning Sequential Multi-Step Cloth Manipulation With Space-Time Attention,0,ALL,recent,0.6745681743471029,0.8133829864528854,0.6158482075706653,0.47867361385588636,0.7015244554285203,0.31928211481471586,1.291946809469557
R363,Fully Dynamic Online Selection through Online Contention Resolution Schemes,0,ALL,recent,0.8000414953056149,0.44375447054421435,0.5240530810079689,0.7239324580711698,0.0,0.15206970743002005,0.7771568556716768
R364,A Study on the Generality of Neural Network Structures for Monocular Depth Estimation,0,ALL,recent,0.4296809076804205,0.554445155663816,0.46183490585881803,0.0,0.21008179633717686,0.038734160769311014,0.2236387526064357
R365,FullStop:Punctuation and Segmentation Prediction for Dutch with Transformers,0,ALL,recent,0.6242995726016323,0.44375452002536053,0.5227776509032155,0.3804151229653084,9.391113681492648e-08,0.14974640611487816,0.43282645901665256
R366,DeMT: Deformable Mixer Transformer for Multi-Task Learning of Dense Prediction,0,ALL,recent,0.5539117962446032,0.6179684625876954,0.5080096232230444,0.2428302997986614,0.33064379677494626,0.12284522352280865,0.6164699248065906
R367,Language Models sounds the Death Knell of Knowledge Graphs,0,ALL,recent,0.49570644976012473,0.6478746755641536,0.49397654244347067,0.1290580978924611,0.38740332389276994,0.09728280743339061,0.5505104043869178
R368,Structured Case-based Reasoning for Inference-time Adaptation of Text-to-SQL parsers,0,ALL,recent,0.8044492912946606,0.6354425432822357,0.6481517377530238,0.7325482414229755,0.3638081615783919,0.3781256640430845,1.228700385416447
R369,Analogical Relevance Index,0,ALL,recent,0.5072121571296557,0.4437545945706006,0.4786734444157802,0.15154795047445738,2.353918578888391e-07,0.06940694999441864,0.1758406183643618
R370,schlably: A Python Framework for Deep Reinforcement Learning Based Scheduling Experiments,0,ALL,recent,0.6246916626708267,0.8071379562489824,0.49896952156289415,0.38118152937317495,0.6896719028673153,0.10637793143226748,1.1080857082417837
R371,Orbit: A Unified Simulation Framework for Interactive Robot Learning Environments,0,ALL,recent,0.45032250592948964,0.9211748607972267,0.5009939048567612,0.0403474977042877,0.9061045478576378,0.11006551286182925,0.9849749750635658
R372,Beyond Graph Convolutional Network: An Interpretable Regularizer-centered Optimization Framework,0,ALL,recent,0.5910950361988766,0.44375447054421435,0.464300449050984,0.31551123615787385,0.0,0.0432253514033959,0.33064010914906244
R373,Learnable Path in Neural Controlled Differential Equations,0,ALL,recent,0.692682474418935,0.619691725966281,0.5833338480386061,0.5140810794864116,0.33391440862222277,0.2600545225066015,0.9390145709859449
R374,AdaPoinTr: Diverse Point Cloud Completion with Adaptive Geometry-Aware Transformers,0,ALL,recent,0.6152829266282328,0.6119832968503772,0.6273071071219958,0.3627905621962063,0.3192844455511921,0.34015544711137874,0.8011294142363811
R375,Decoding Structure-Spectrum Relationships with Physically Organized Latent Spaces,0,ALL,recent,0.623208758180757,0.6945436680481906,0.6086849623324531,0.37828294154161207,0.4759772247923724,0.3062336717674662,0.9614419514525977
R376,AGMN: Association Graph-based Graph Matching Network for Coronary Artery Semantic Labeling on Invasive Coronary Angiograms,0,ALL,recent,0.5153872314529041,0.6480263500485388,0.750152408560268,0.1675275170036393,0.38769118956189774,0.5639283134776818,0.7525936162827257
R377,Semantic Web Enabled Geographic Question Answering Framework: GeoTR,0,ALL,recent,0.6279383651775385,0.4437548438865556,0.4405709843599298,0.3875277589797884,7.085729898302361e-07,1.708789020885495e-07,0.387528527360394
R378,LB-SimTSC: An Efficient Similarity-Aware Graph Neural Network for Semi-Supervised Time Series Classification,0,ALL,recent,0.5923295365419583,0.5789989268687346,0.6857663788829218,0.3179242760377038,0.2566828301640772,0.4466438406801176,0.7309324504398221
R379,Neural Spline Search for Quantile Probabilistic Modeling,0,ALL,recent,0.7090223595767488,0.49456952928662573,0.5601502285450015,0.5460201508188819,0.09644279290574656,0.2178236441084039,0.7187012191625698
R380,Safe Policy Improvement for POMDPs via Finite-State Controllers,0,ALL,recent,0.6636226432898594,0.7199562400244227,0.7960590019404007,0.45727872069521464,0.5242081916939337,0.6475509662410558,1.2081297505735178
R381,Modeling the evolution of temporal knowledge graphs with uncertainty,0,ALL,recent,0.48419692268480496,0.7857690368276398,0.5438964288363031,0.10656077904895324,0.649115455204448,0.18821600500804445,0.8215518360062168
R382,"Toward Building General Foundation Models for Language, Vision, and Vision-Language Understanding Tasks",0,ALL,recent,0.7207185819823357,0.49884967478669556,0.5844355332563003,0.5688823972866204,0.10456615626073516,0.2620613331547131,0.7651700201515051
R383,Serenity: Library Based Python Code Analysis for Code Completion and Automated Machine Learning,0,ALL,recent,0.8843559559967425,0.5809219601530844,0.6371936332747092,0.8887393430868173,0.2603325888258461,0.35816457134890417,1.2744295318847798
R384,"Mephisto: A Framework for Portable, Reproducible, and Iterative Crowdsourcing",0,ALL,recent,0.6584585049035201,0.44375459227864644,0.4790609731515415,0.4471845381046371,2.3104191777277108e-07,0.07011286560523419,0.47172427210838686
R385,Towards Dependable Autonomous Systems Based on Bayesian Deep Learning Components,0,ALL,recent,0.6519205206408812,0.6680912647416924,0.5839281810084183,0.4344049412030558,0.42577274373725865,0.26113714911644126,0.9515756871310689
R386,Sem@$K$: Is my knowledge graph embedding model semantic-aware?,0,ALL,recent,0.6072494978985709,0.443754648488879,0.49335857426385304,0.3470878659555113,3.3772430590776503e-07,0.09615712733608801,0.380743198247448
R387,Eco-PiNN: A Physics-informed Neural Network for Eco-toll Estimation,0,ALL,recent,0.4793780880979653,0.9389114504960056,0.514538565731973,0.09714155118278622,0.9397671331130171,0.13473823174093633,1.084067065405131
R388,An Error-Guided Correction Model for Chinese Spelling Error Correction,0,ALL,recent,0.7001313926217625,0.689605629458864,0.5586573308275318,0.5286412509644879,0.4666052345828337,0.21510420756896262,1.0705329581964584
R389,$β$-DARTS++: Bi-level Regularization for Proxy-robust Differentiable Architecture Search,0,ALL,recent,0.8340585044164387,0.44375447054421435,0.5161471959178502,0.7904244603107538,0.0,0.13766848453369762,0.8386084298975479
R390,Neuromorphic High-Frequency 3D Dancing Pose Estimation in Dynamic Environment,0,ALL,recent,0.7573866510244719,0.5712441770104613,0.599693650319855,0.6405563448969984,0.24196495414215868,0.2898552540510682,0.983970637957031
R391,Multi-fidelity surrogate modeling for temperature field prediction using deep convolution neural network,0,ALL,recent,0.735708785682078,0.6900091107644417,0.6823561130477529,0.5981832877537349,0.467371008842634,0.44043175969637494,1.2197054124901001
R392,DQNAS: Neural Architecture Search using Reinforcement Learning,0,ALL,recent,0.4786278834375684,0.6895585958739845,0.4934503692381212,0.09567514918969083,0.4665159687156203,0.0963243394660556,0.5959046367184306
R393,BERT-ERC: Fine-tuning BERT is Enough for Emotion Recognition in Conversation,0,ALL,recent,0.47659895909192856,0.5653697148027347,0.5087813293060305,0.09170927312766795,0.23081570909249086,0.12425094991331997,0.3660128146898208
R394,Pathfinding Neural Cellular Automata,0,ALL,recent,0.7997106490324236,0.49282705835657886,0.6295490995284958,0.7232857630291006,0.09313572670903789,0.3442394215190291,0.9369052872697987
R395,Cooperation Learning Enhanced Colonic Polyp Segmentation Based on Transformer-CNN Fusion,0,ALL,recent,0.7615133333061647,0.44375448926657024,0.7010811674183632,0.6486226439247121,3.553348822742125e-08,0.4745409933448579,0.8147120271289007
R396,Memory-Augmented Theory of Mind Network,0,ALL,recent,0.8311595235844585,0.810828993737203,0.5663520197264917,0.7847579115749568,0.6966771877748519,0.22912071915351398,1.5616273510535386
R397,Explain What You See: Open-Ended Segmentation and Recognition of Occluded 3D Objects,0,ALL,recent,0.528947021540515,0.7914438754018065,0.6734201342012407,0.19403242194505657,0.6598858310522105,0.4241541359137717,1.0023722005670872
R398,Continuous Trajectory Generation Based on Two-Stage GAN,0,ALL,recent,0.7066328316769908,0.44375447054421435,0.49290784745673955,0.5413494140723141,0.0,0.09533609121671636,0.5747170459981648
R399,Mortality Prediction with Adaptive Feature Importance Recalibration for Peritoneal Dialysis Patients: a deep-learning-based study on a real-world longitudinal follow-up dataset,0,ALL,recent,0.5476078572063687,0.44375447054421435,0.4599350451189206,0.23050818390414218,0.0,0.035273407460180324,0.2428538765152053
R400,Multi-compartment Neuron and Population Encoding improved Spiking Neural Network for Deep Distributional Reinforcement Learning,0,ALL,recent,0.5627872974888551,0.51456450887195,0.5208120895640891,0.26017896930360185,0.13439161601106359,0.1461659737358985,0.4457286761222299
R401,KILDST: Effective Knowledge-Integrated Learning for Dialogue State Tracking using Gazetteer and Speaker Information,0,ALL,recent,0.5459376386372533,0.7698786743721265,0.5766807768464063,0.2272434589991275,0.6189568570758337,0.24793540363606234,0.932977707347583
R402,Sample-Efficient Multi-Objective Learning via Generalized Policy Improvement Prioritization,0,ALL,recent,0.7085071124699233,0.6421173530989909,0.88030167733358,0.545013013134632,0.3764764004188852,0.8010059598174295,1.2018414994896176
R403,"Temporal Motifs for Financial Networks: A Study on Mercari, JPMC, and Venmo Platforms",0,ALL,recent,0.5255788741863168,0.7679203626487074,0.5728384114085373,0.18744880782751394,0.6152401428446451,0.24093621752481495,0.8870166268058443
R404,Foresee What You Will Learn: Data Augmentation for Domain Generalization in Non-stationary Environment,0,ALL,recent,0.5333690216906488,0.5200958681289711,0.5294529323790066,0.20267596973399443,0.14488967994160729,0.16190598285204985,0.4042327436738192
R405,FG-Depth: Flow-Guided Unsupervised Monocular Depth Estimation,0,ALL,recent,0.8115640423015895,0.44375447054421435,0.5445456164958642,0.7464552265534311,0.0,0.1893985539674983,0.8127447204420555
R406,DoubleH: Twitter User Stance Detection via Bipartite Graph Neural Networks,0,ALL,recent,0.5450003356297943,0.872953723348955,0.5807468786291617,0.22541134161725868,0.8145848037562359,0.2553421439851959,1.129365895768313
R407,ProKD: An Unsupervised Prototypical Knowledge Distillation Network for Zero-Resource Cross-Lingual Named Entity Recognition,0,ALL,recent,0.4877495033088453,0.6593577421630445,0.4799645524180434,0.11350489921073523,0.40919723777041794,0.07175880989522314,0.5478177204444813
R408,Exploring Methods for Building Dialects-Mandarin Code-Mixing Corpora: A Case Study in Taiwanese Hokkien,0,ALL,recent,0.42968094881359026,0.7446338909566771,0.5462500111284133,8.040174275280942e-08,0.5710443390321503,0.19250324961217874,0.6384205567981556
R409,Efficient Encoders for Streaming Sequence Tagging,0,ALL,recent,0.6660267854841851,0.542531988631768,0.49352751496245395,0.46197802355422235,0.1874715872897465,0.09646486677690698,0.6832123142158864
R410,Exploring Active 3D Object Detection from a Generalization Perspective,0,ALL,recent,0.6436324730778014,0.7147566932488307,0.5968697126355391,0.4182045493540635,0.5143398805024791,0.2847112182380525,1.032193356239861
R411,DIFFormer: Scalable (Graph) Transformers Induced by Energy Constrained Diffusion,0,ALL,recent,0.6484586082909829,0.7304138088221197,0.5767884169350674,0.4276380475301655,0.5440557952747227,0.24813147895106114,1.0585398604377596
R412,BayBFed: Bayesian Backdoor Defense for Federated Learning,0,ALL,recent,0.7303355147329151,0.44375447054421435,0.6143068896789193,0.5876803201700285,0.0,0.31647447692723046,0.6984463870945591
R413,Two-Stage Learning For the Flexible Job Shop Scheduling Problem,0,ALL,recent,0.8289703831269954,0.7955856611872287,0.8504478336099274,0.7804788660031906,0.6677465990735226,0.7466247168730239,1.7095441159822715
R414,Transformer-Patcher: One Mistake worth One Neuron,0,ALL,recent,0.5171098726459327,0.6899531233727605,0.656508143277911,0.17089471080047455,0.4672647493881558,0.3933475471345011,0.7758311016857057
R415,SMART: Self-supervised Multi-task pretrAining with contRol Transformers,0,ALL,recent,0.709607860532365,0.5268644569158203,0.8358655004725641,0.5471646115422006,0.1577359035373192,0.7200617922332422,0.9569221423611545
R416,Same or Different? Diff-Vectors for Authorship Analysis,0,ALL,recent,0.4902076842843493,0.7774326861244982,0.5169456788665155,0.1183098300144991,0.6332937487192062,0.1391229871974177,0.8002966242528015
R417,Using Knowledge Graphs for Performance Prediction of Modular Optimization Algorithms,0,ALL,recent,0.7862458569160072,0.44375470869727834,0.46746319264642505,0.6969665477023359,4.519948849581342e-07,0.04898655017654668,0.7141122922590122
R418,Generalized Object Search,0,ALL,recent,0.5733708963827557,0.728094649377716,0.6153833638535701,0.2808664047881101,0.5396542218130874,0.31843536357743696,0.9319730038533004
R419,Lexi: Self-Supervised Learning of the UI Language,0,ALL,recent,0.5013776512065506,0.7777171993475289,0.5186193439049059,0.14014342106265412,0.6338337313646418,0.14217170634737947,0.8237372496488787
R420,Synthesis with Explicit Dependencies,0,ALL,recent,0.6896505725026796,0.652872242089179,0.9265378830948204,0.5081547139923414,0.396888293217492,0.8852290287664185,1.21487316727808
R421,Recursive deep learning framework for forecasting the decadal world economic outlook,0,ALL,recent,0.4915516047018621,0.4437545771875857,0.4809871748714595,0.12093674995093322,2.0240032842595867e-07,0.07362160118583215,0.1467045127663029
R422,Revisiting Temporal Modeling for CLIP-based Image-to-Video Knowledge Transferring,0,ALL,recent,0.5249583422593607,0.6180829690545836,0.504523110177217,0.18623587314114934,0.3308611206105526,0.11649425194510972,0.5578699819324904
R423,Cross-domain recommendation via user interest alignment,0,ALL,recent,0.7147678450962549,0.6054783005797949,0.508592839807363,0.5572506747836987,0.3069384988239316,0.12390760071800738,0.9075568338589329
R424,Dual-View Selective Instance Segmentation Network for Unstained Live Adherent Cells in Differential Interference Contrast Images,0,ALL,recent,0.5661302446550132,0.44375447054421435,0.4778488228093494,0.26671332538807796,0.0,0.06790483360593536,0.2904800171501553
R425,ExplainableFold: Understanding AlphaFold Prediction with Explainable AI,0,ALL,recent,0.7632749528431096,0.5316645782713052,0.7452629031974966,0.6520660274924512,0.16684613820527808,0.5550216754758159,1.0131697521142649
R426,Graph Attention with Hierarchies for Multi-hop Question Answering,0,ALL,recent,0.5501173658041957,0.5993373786563284,0.593868364041865,0.23541344323377184,0.29528353519755024,0.27924401379549274,0.6284323832597445
R427,Deep Clustering Survival Machines with Interpretable Expert Distributions,0,ALL,recent,0.5578112128626922,0.44375480704394676,0.46162723876576195,0.25045236961844886,6.386487550932068e-07,0.03835587800131709,0.26387756556766495
R428,Case-Based Reasoning with Language Models for Classification of Logical Fallacies,0,ALL,recent,0.7583628795059909,0.6127935083931648,0.5947209193991633,0.6424645487066877,0.3208221602752271,0.2807970138191398,1.0615656638186137
R429,Enhancing Face Recognition with Latent Space Data Augmentation and Facial Posture Reconstruction,0,ALL,recent,0.7393129334209578,0.45184635129003503,0.708365389454427,0.6052282045700441,0.015357722657434214,0.48780980562481,0.7913193591961618
R430,BinaryVQA: A Versatile Test Set to Evaluate the Out-of-Distribution Generalization of VQA Models,0,ALL,recent,0.5663430899971181,0.44375447054421435,0.5136294555100236,0.2671293676367607,0.0,0.13308221235861795,0.313708141962277
R431,Truth Machines: Synthesizing Veracity in AI Language Models,0,ALL,recent,0.5670020376031716,0.4639738256109495,0.48667870363845545,0.2684173922704,0.03837466927419636,0.08398919108374067,0.3361882784239056
R432,Local Contrast and Global Contextual Information Make Infrared Small Object Salient Again,0,ALL,recent,0.5638745609400861,0.7683755588921958,0.8612751841449744,0.2623042097560691,0.616104067793837,0.7663476304563135,1.1466299482096156
R433,CyclicFL: A Cyclic Model Pre-Training Approach to Efficient Federated Learning,0,ALL,recent,0.8414575712798907,0.44375447054421435,0.6331051205714595,0.8048871889078703,0.0,0.35071700765644215,0.927638141587625
R434,Causal Influence Maximization in Hypergraph,0,ALL,recent,0.5872128730547892,0.508059144651643,0.4796916319544628,0.30792289117345384,0.122044970945555,0.07126166272141654,0.45490944407150463
R435,DeciLS-PBO: an Effective Local Search Method for Pseudo-Boolean Optimization,0,ALL,recent,0.5500324371116749,0.6891225429317828,0.6272458999034151,0.23524743572867646,0.46568837617432496,0.3400439531056353,0.8199511954899737
R436,TemporAI: Facilitating Machine Learning Innovation in Time Domain Tasks for Medicine,0,ALL,recent,0.6995817520276428,0.5312617001143547,0.5545259377074997,0.5275668853876642,0.16608150867185598,0.2075785336544406,0.7663008808385744
R437,Sample Efficient Deep Reinforcement Learning via Local Planning,0,ALL,recent,0.6993833923643846,0.44375462032780855,0.5071814021901523,0.5271791578502243,2.842769154079497e-07,0.12133655048163203,0.569647234795711
R438,KG-BERTScore: Incorporating Knowledge Graph into BERTScore for Reference-Free Machine Translation Evaluation,0,ALL,recent,0.5101340698209482,0.6872417775849452,0.5267309757940662,0.15725932341087084,0.4621188385738898,0.15694771403748883,0.6743098618978818
R439,Robust Attributed Graph Alignment via Joint Structure Learning and Optimal Transport,0,ALL,recent,0.4947429822707988,0.6989776610652725,0.703412876199905,0.1271748376020189,0.48439257805329566,0.47878839354224567,0.7791433533951005
R440,Approximating DTW with a convolutional neural network on EEG data,0,ALL,recent,0.4865044244726576,0.6744799945885981,0.5487641746435815,0.11107118187554751,0.43789802637599806,0.197083006181749,0.6179482604151577
R441,SplitGNN: Splitting GNN for Node Classification with Heterogeneous Attention,0,ALL,recent,0.6332500937969591,0.44375447054421435,0.5365779462588173,0.3979104316629724,0.0,0.17488478432119747,0.4591201061753915
R442,BSSAD: Towards A Novel Bayesian State-Space Approach for Anomaly Detection in Multivariate Time Series,0,ALL,recent,0.5916067064698124,0.44375447054421435,0.4722922415497921,0.31651138231093956,0.0,0.05778306174253837,0.336735453920828
R443,Improving Open-Domain Dialogue Evaluation with a Causal Inference Model,0,ALL,recent,0.6585964647877441,0.6228647570852432,0.6988754705553905,0.44745420405030895,0.3399365601391738,0.4705231342685741,0.9520738611834837
R444,Anomaly Segmentation for High-Resolution Remote Sensing Images Based on Pixel Descriptors,0,ALL,recent,0.4456997723462727,0.8071915217834528,0.5785193483446444,0.03131158244298815,0.6897735658364362,0.25128451352763487,0.8090347280140966
R445,Transfer Learning and Class Decomposition for Detecting the Cognitive Decline of Alzheimer Disease,0,ALL,recent,0.42968114425522697,0.5932168340753823,0.522964349808002,4.6242550337640597e-07,0.2836672460876074,0.15008649359549311,0.3361979812715334
R446,TopoBERT: Plug and Play Toponym Recognition Module Harnessing Fine-tuned BERT,0,ALL,recent,0.5085533594350815,0.747092924305912,0.5288588830766056,0.15416955740073268,0.5757113816356189,0.16082387296583678,0.7861692945743944
R447,NASiam: Efficient Representation Learning using Neural Architecture Search for Siamese Networks,0,ALL,recent,0.6940384735943279,0.44375447054421435,0.49606850023468324,0.5167316093996487,0.0,0.10109348139304696,0.5521143278872152
R448,W2SAT: Learning to generate SAT instances from Weighted Literal Incidence Graphs,0,ALL,recent,0.6943734683666555,0.7475042988727494,0.8335452779017423,0.5173864133854807,0.5764921366546635,0.7158353151177012,1.3444209103313396
R449,iPAL: A Machine Learning Based Smart Healthcare Framework For Automatic Diagnosis Of Attention Deficit/Hyperactivity Disorder (ADHD),0,ALL,recent,0.5988597672267802,0.4930176153408188,0.45511617022655565,0.3306887172590227,0.09349738815788033,0.026495428695832088,0.43345950546044426
R450,Attention Link: An Efficient Attention-Based Low Resource Machine Translation Architecture,0,ALL,recent,0.4947306575931991,0.9050430732405926,0.646533564791851,0.12715074693349795,0.8754877447873021,0.37517802829667346,1.1339508016246356
R451,Hybrid Probabilistic Logic Programming: Inference and Learning,0,ALL,recent,0.8159217599104283,0.5082152379867305,0.7129164361990756,0.7549731232345412,0.12234122322907828,0.4960999132894389,1.050949316114923
R452,Charting the Sociotechnical Gap in Explainable AI: A Framework to Address the Gap in XAI,0,ALL,recent,0.5409186275146889,0.9120565480655378,0.541780734369215,0.21743295221074962,0.888798741897836,0.18436209273209542,1.170758426564819
R453,Average-Constrained Policy Optimization,0,ALL,recent,0.5598808189383524,0.44375462441296987,0.5107177527328801,0.2544977650078415,2.9203021486196787e-07,0.12777830517763783,0.2992204638502296
R454,Analysis of Biomass Sustainability Indicators from a Machine Learning Perspective,0,ALL,recent,0.5844413683728861,0.4491073032028093,0.656452711371954,0.3025055161503956,0.01015923516233428,0.3932465733378731,0.45030105198098547
R455,SHINE: Deep Learning-Based Accessible Parking Management System,0,ALL,recent,0.4460808958964224,0.7372038048688717,0.4730300848694838,0.032056552933120035,0.556942648085171,0.05912710431187994,0.609693687527449
R456,QR-CLIP: Introducing Explicit Open-World Knowledge for Location and Time Reasoning,0,ALL,recent,0.6557074950385603,0.443754585507948,0.5367619117022706,0.441807223670376,2.181916902172301e-07,0.17521989257614842,0.5031344042637181
R457,FV-MgNet: Fully Connected V-cycle MgNet for Interpretable Time Series Forecasting,0,ALL,recent,0.4970640302709357,0.6423764959546547,0.4739731078840378,0.1317117187934396,0.37696823219828907,0.06084489864789025,0.5299756655184903
R458,"Neuro-Symbolic Continual Learning: Knowledge, Reasoning Shortcuts and Concept Rehearsal",0,ALL,recent,0.6224548697674309,0.5660305949806479,0.486932428937291,0.37680933902988134,0.23207000519509086,0.08445137267900997,0.6384373246626257
R459,DiSProD: Differentiable Symbolic Propagation of Distributions for Planning,0,ALL,recent,0.6185535549461113,0.4567941245990635,0.46808096425614265,0.36918355885057785,0.024748188562552793,0.05011187220553528,0.411470902685068
R460,HDFormer: High-order Directed Transformer for 3D Human Pose Estimation,0,ALL,recent,0.6286404328832168,0.5718102710292144,0.7238596744064961,0.38890006914692316,0.24303935392771334,0.5160339258428959,0.81255129711965
R461,Accelerating exploration of Marine Cloud Brightening impacts on tipping points Using an AI Implementation of Fluctuation-Dissipation Theorem,0,ALL,recent,0.5370168737189704,0.6714516645902106,0.6164844434551143,0.20980631398168006,0.4321505056584634,0.32044107104569397,0.7541111945061364
R462,Hierarchical Graph Neural Networks for Causal Discovery and Root Cause Localization,0,ALL,recent,0.6750488048252932,0.7176863209682943,0.5159173575912127,0.4796130874800407,0.5199000724304547,0.13724981503189052,1.047550595171657
R463,"Less, but Stronger: On the Value of Strong Heuristics in Semi-supervised Learning for Software Analytics",0,ALL,recent,0.7230022915573366,0.7979917371915171,0.5381186491350254,0.5733462942059767,0.6723131330014543,0.17769130190706653,1.3078513828749043
R464,Multivariate Time Series Anomaly Detection via Dynamic Graph Forecasting,0,ALL,recent,0.7012336030714253,0.48478692684883584,0.6099526017014653,0.530795707855413,0.07787621983988513,0.30854278161376475,0.7166619012601158
R465,HardSATGEN: Understanding the Difficulty of Hard SAT Formula Generation and A Strong Structure-Hardness-Aware Baseline,0,ALL,recent,0.6978541156320219,0.44375466844354616,0.4865049698728786,0.5241899276218428,3.7559661931641675e-07,0.08367272067540947,0.5534757554548555
R466,A New cross-domain strategy based XAI models for fake news detection,0,ALL,recent,0.48740015726283864,0.7167425717056214,0.6529109101874301,0.11282204323131068,0.5181089141213342,0.38679488984748955,0.7663091687992662
R467,CIPER: Combining Invariant and Equivariant Representations Using Contrastive and Predictive Learning,0,ALL,recent,0.5343664580460862,0.4895463169910773,0.5283815309233089,0.20462562792303493,0.08690915002250335,0.15995433657853747,0.3475187957480264
R468,VuLASTE: Long Sequence Model with Abstract Syntax Tree Embedding for vulnerability Detection,0,ALL,recent,0.5571083231564896,0.8667563877944136,0.4717053284415318,0.24907845271215237,0.802822771708141,0.056713951023563414,1.0717511072785406
R469,Learning Representations of Bi-level Knowledge Graphs for Reasoning beyond Link Prediction,0,ALL,recent,0.4697499517594104,0.7072515709095692,0.5221343342429593,0.07832172899029054,0.5000957769353297,0.14857455166573538,0.6304185990086276
R470,Dropout Injection at Test Time for Post Hoc Uncertainty Quantification in Neural Networks,0,ALL,recent,0.6365873984461018,0.44375447054421435,0.5089948688797337,0.4044337584928543,0.0,0.12463992989001213,0.44805773395435855
R471,Domain Adaptation for Time Series Under Feature and Label Shifts,0,ALL,recent,0.531647860369486,0.5429405853928017,0.4758803239525398,0.19931166859721308,0.1882470702623449,0.06431905029579045,0.4100704064630846
R472,Diversity is Definitely Needed: Improving Model-Agnostic Zero-shot Classification via Stable Diffusion,0,ALL,recent,0.4296809555303561,0.6983596487509824,0.5159301593909886,9.353079855931286e-08,0.48321964162233705,0.13727313456790016,0.5312653322519006
R473,PIER: Permutation-Level Interest-Based End-to-End Re-ranking Framework in E-commerce,0,ALL,recent,0.7299180995772787,0.5527202667802468,0.7420173994813685,0.5868644115940278,0.20680809941542852,0.5491097223049786,0.9858609138161989
R474,Can ChatGPT Write a Good Boolean Query for Systematic Review Literature Search?,0,ALL,recent,0.6346027498509672,0.6396475273080392,0.46751668437192057,0.4005544268795853,0.3717888746506385,0.04908398977416145,0.7895226979511802
R475,Cluster-Level Contrastive Learning for Emotion Recognition in Conversations,0,ALL,recent,0.6544835379426873,0.47326565885076544,0.6977895401022963,0.43941479235183173,0.05600980285546227,0.46854502222588085,0.6594153529863522
R476,Optimization of Topology-Aware Job Allocation on a High-Performance Computing Cluster by Neural Simulated Annealing,0,ALL,recent,0.6254205697569666,0.6317874407811035,0.6849030071707742,0.38260630165242404,0.35687107831429726,0.4450711377724372,0.8952522781870744
R477,Reliable Natural Language Understanding with Large Language Models and Answer Set Programming,0,ALL,recent,0.49505988064531675,0.7510331965786557,0.6207528672099273,0.12779426911522213,0.5831896936202375,0.32821635758329476,0.8258596878896128
R478,Syntax and Domain Aware Model for Unsupervised Program Translation,0,ALL,recent,0.7191843865504643,0.5802402846061359,0.567363936924771,0.5658835526274792,0.25903882482693924,0.23096400993739555,0.905759780932507
R479,CCRep: Learning Code Change Representations via Pre-Trained Code Model and Query Back,0,ALL,recent,0.6045437361473864,0.8279069058079794,0.659330259388726,0.3417989966186039,0.72908965718581,0.39848826480088195,1.2103595464847225
R480,A Model for Forecasting Air Quality Index in Port Harcourt Nigeria Using Bi-LSTM Algorithm,0,ALL,recent,0.5974869165995402,0.5348227662911668,0.5141837821621471,0.32800524833076783,0.17284011874362398,0.13409196415536245,0.5477775545287686
R481,SimCGNN: Simple Contrastive Graph Neural Network for Session-based Recommendation,0,ALL,recent,0.4959072105104694,0.6854183292842234,0.5650049759358996,0.12945051876103442,0.45865808400244873,0.22666696759270888,0.6674420414209313
R482,"A Multitask, Multilingual, Multimodal Evaluation of ChatGPT on Reasoning, Hallucination, and Interactivity",0,ALL,recent,0.5887927037530255,0.44375447054421435,0.440570890551996,0.31101093768521687,0.0,0.0,0.31101093768521687
R483,Probabilistic Attention based on Gaussian Processes for Deep Multiple Instance Learning,0,ALL,recent,0.5539263064340092,0.5137862941332205,0.5233314909770567,0.24285866241994117,0.13291462858369593,0.15075527156907903,0.42853763605281475
R484,Real-Word Error Correction with Trigrams: Correcting Multiple Errors in a Sentence,0,ALL,recent,0.5268364378565046,0.827821196277394,0.504180825127544,0.18990692888401625,0.7289269875616302,0.1158707514466545,0.9593886794519756
R485,Asking for Help: Failure Prediction in Behavioral Cloning through Value Approximation,0,ALL,recent,0.7109374125869077,0.580294115036921,0.6242703258273564,0.5497634460811304,0.25914099054743067,0.33462369907646927,0.9260227313053253
R486,CRL+: A Novel Semi-Supervised Deep Active Contrastive Representation Learning-Based Text Classification Model for Insurance Data,0,ALL,recent,0.6919570737017657,0.44375447054421435,0.5319539509511378,0.5126631609988256,0.0,0.16646179482180914,0.5709247891864588
R487,MTS-Mixers: Multivariate Time Series Forecasting via Factorized Temporal and Channel Mixing,0,ALL,recent,0.5105104288776381,0.6946328328953263,0.4587373461396091,0.15799498089206743,0.47614645232254954,0.03309169981237745,0.6457235281489491
R488,Generating a Structured Summary of Numerous Academic Papers: Dataset and Method,0,ALL,recent,0.5282343966275134,0.443754548436391,0.4901603490529361,0.19263947592922917,1.478329307856024e-07,0.09033129586876507,0.22425557731622772
R489,Mixed-order self-paced curriculum learning for universal lesion detection,0,ALL,recent,0.6140106434011382,0.6375449413517547,0.9394252827876788,0.36030366927420504,0.3677983398177182,0.9087044920972502,1.0461485813259608
R490,Learning Mixtures of Markov Chains with Quality Guarantees,0,ALL,recent,0.9114882265650769,0.5902294756708867,0.7398242451364659,0.9417739584910461,0.2779974860780702,0.5451147104616549,1.4105615932306956
R491,Zero-Shot Learning for Requirements Classification: An Exploratory Study,0,ALL,recent,0.45807797988662097,0.8884905535209465,0.880768051702415,0.05550688429370215,0.8440724267517106,0.8018554992633189,1.1802287357875743
R492,CLARE: Conservative Model-Based Reward Learning for Offline Inverse Reinforcement Learning,0,ALL,recent,0.4296809076804205,0.8470824816232982,0.44057094452419066,0.0,0.7654833194775299,9.831481189178971e-08,0.765483353887714
R493,Reversible Vision Transformers,0,ALL,recent,0.5870372127258174,0.5114243796321516,0.589676266116492,0.3075795333271087,0.12843190954872702,0.27160776106245416,0.5310741592476946
R494,Feature Decomposition for Reducing Negative Transfer: A Novel Multi-task Learning Method for Recommender System,0,ALL,recent,0.5224342076670636,0.5756494036198541,0.7610322844755595,0.18130202482964025,0.2503257111324475,0.5837469063808693,0.635939153195392
R495,Scalable Real-Time Recurrent Learning Using Columnar-Constructive Networks,0,ALL,recent,0.565740203046675,0.44375447054421435,0.44057099342002914,0.2659509230436903,0.0,1.8738262160051976e-07,0.26595098862760785
R496,LCDnet: A Lightweight Crowd Density Estimation Model for Real-time Video Surveillance,0,ALL,recent,0.5350819343792662,0.8292901583081504,0.500924339169388,0.20602414752225034,0.731714956412297,0.10993879321458205,0.976217681559651
R497,Meta-Learning Based Knowledge Extrapolation for Temporal Knowledge Graph,0,ALL,recent,0.47846589695985636,0.7825329207163818,0.7003990114355937,0.09535851920015469,0.6429735735720941,0.4732983898607518,0.9039865292235119
R498,Is Distance Matrix Enough for Geometric Deep Learning?,0,ALL,recent,0.6922912394183116,0.4752210374684772,0.7011550856019566,0.5133163444548011,0.0597209502937886,0.4746756414235847,0.7391737692468444
R499,Informing clinical assessment by contextualizing post-hoc explanations of risk prediction models in type-2 diabetes,0,ALL,recent,0.42968109437021834,0.4437546043541939,0.4405709160250365,3.649168101713043e-07,2.5396031147040673e-07,4.640124793792017e-08,6.351175584199831e-07
R500,Maneuver Decision-Making For Autonomous Air Combat Through Curriculum Learning And Reinforcement Learning With Sparse Rewards,0,ALL,recent,0.4353482796541829,0.9262389332211332,0.6114034642984207,0.011077837817671608,0.915715739896483,0.31118564770813895,1.0357085544120033
R501,USER: Unsupervised Structural Entropy-based Robust Graph Neural Network,0,ALL,recent,0.5612903114238511,0.7826971249226804,0.5324169774224483,0.2572528566502939,0.6432852196206126,0.16730523579574563,0.9590949087994175
R502,Transfer Learning for Bayesian Optimization: A Survey,0,ALL,recent,0.4296809076804205,0.4791542927920953,0.4465428257888424,0.0,0.06718594468736046,0.010878373450648798,0.07099337539508754
R503,Actional Atomic-Concept Learning for Demystifying Vision-Language Navigation,0,ALL,recent,0.6857861935303455,0.5365576629370997,0.7547027529115722,0.5006011311818739,0.1761328095734181,0.5722171416748001,0.877009940341472
R504,Can GPT-3 Perform Statutory Reasoning?,0,ALL,recent,0.630349073972408,0.5400879215897062,0.46610588409207243,0.3922398973710629,0.18283294950364876,0.04651410050045054,0.5913527820498694
R505,Parameter-efficient Modularised Bias Mitigation via AdapterFusion,0,ALL,recent,0.5556083168939157,0.44375474908276014,0.4764663550862016,0.24614643657147636,5.286432005020821e-07,0.06538655442516317,0.26903225926348395
R506,Incremental Satisfiability Modulo Theory for Verification of Deep Neural Networks,0,ALL,recent,0.44919302487907237,0.7763495447307271,0.6498541326397684,0.038139735808195074,0.6312380356350861,0.3812267169855579,0.8028071223882264
R507,Is ChatGPT a General-Purpose Natural Language Processing Task Solver?,0,ALL,recent,0.5877237964357725,0.4437545601630746,0.44057091094440354,0.3089215774036842,1.7008920959094884e-07,3.7146455208231896e-08,0.30892176049415315
R508,Comp2Comp: Open-Source Body Composition Assessment on Computed Tomography,0,ALL,recent,0.7916953309816839,0.7677526034474977,0.8114771584695123,0.7076184671758863,0.6149217497088167,0.6756364122467973,1.5590129611710821
R509,A Comprehensive Study of Modern Architectures and Regularization Approaches on CheXpert5000,0,ALL,recent,0.5373848117021911,0.6861579665378219,0.4931045747908763,0.21052551104937733,0.46006185454290544,0.09569444630996761,0.7040804218007713
R510,An Application of Deep Learning for Sweet Cherry Phenotyping using YOLO Object Detection,0,ALL,recent,0.4497478176712485,0.5980437289202655,0.47161662242136193,0.03922417222821362,0.2928282946315571,0.056552365678703226,0.3518457948473168
R511,Conservative State Value Estimation for Offline Reinforcement Learning,0,ALL,recent,0.766925429364627,0.634531746269282,0.5396878001272195,0.6592015017563262,0.3620795439230481,0.18054964008666102,1.0844734197097055
R512,Improving Interpretability of Deep Sequential Knowledge Tracing Models with Question-centric Cognitive Representations,0,ALL,recent,0.4884976522170881,0.5448933555714742,0.5035656736324937,0.11496728288827587,0.19195326709838342,0.11475020217301302,0.34708312074721387
R513,Exploiting Summarization Data to Help Text Simplification,0,ALL,recent,0.5306818260540055,0.6333754539209726,0.5272668852632082,0.19742339101057468,0.35988499635690646,0.15792391741375714,0.6125817584622961
R514,Market-Aware Models for Efficient Cross-Market Recommendation,0,ALL,recent,0.42968093503197746,0.7303375134380439,0.49645297808376654,5.346324778188315e-08,0.5439109929246282,0.10179383956170636,0.5795388902344732
R515,The Meta-Evaluation Problem in Explainable AI: Identifying Reliable Estimators with MetaQuantus,0,ALL,recent,0.6199890683928779,0.44375447054421435,0.5347153077696182,0.3719895128662996,0.0,0.17149183441711247,0.432011654912289
R516,Adding Instructions during Pretraining: Effective Way of Controlling Toxicity in Language Models,0,ALL,recent,0.5947607032212624,0.8218823182457377,0.5189639748261649,0.3226764028269356,0.7176554865878159,0.14279948004475054,1.0903117074304143
R517,Bayesian Decision Trees via Tractable Priors and Probabilistic Context-Free Grammars,0,ALL,recent,0.7293595492306678,0.5323774196427522,0.49428435190030506,0.5857726303978392,0.16819905237014418,0.09784350779102781,0.7882169104948431
R518,cGAN-Based High Dimensional IMU Sensor Data Generation for Enhanced Human Activity Recognition in Therapeutic Activities,0,ALL,recent,0.58002970022427,0.44375447054421435,0.47651505124563664,0.29388216400728373,0.0,0.06547525850297671,0.3167985044833256
R519,Exploring the Limits of ChatGPT for Query or Aspect-based Text Summarization,0,ALL,recent,0.4788662153572468,0.6953444203490928,0.481649629161988,0.096141009268259,0.4774969866550161,0.07482831640971649,0.5998279066666758
R520,Learning to Initialize: Can Meta Learning Improve Cross-task Generalization in Prompt Tuning?,0,ALL,recent,0.617075885440486,0.4545280704092242,0.6479514099821566,0.36629520368221763,0.020447404496717086,0.3777607504568514,0.5189588708388326
R521,Research on road object detection algorithm based on improved YOLOX,0,ALL,recent,0.7745402714851898,0.657762598572703,0.5851936870695427,0.6740859996169399,0.4061697867205614,0.2634423729661628,1.1724606168756582
R522,SyreaNet: A Physically Guided Underwater Image Enhancement Framework Integrating Synthetic and Real Images,0,ALL,recent,0.5363228252618814,0.8285706533524437,0.57527359329957,0.2084496787933012,0.7303493953137724,0.24537210254035627,1.0246793099961984
R523,Conditional deep generative models as surrogates for spatial field solution reconstruction with quantified uncertainty in Structural Health Monitoring applications,0,ALL,recent,0.4296811823409123,0.6565708258828905,0.7628925392888539,5.368704219715579e-07,0.403907900390823,0.5871355142223486,0.609405867239067
R524,Large Language Models Fail on Trivial Alterations to Theory-of-Mind Tasks,0,ALL,recent,0.6401245533698299,0.8613821732646959,0.5355222736324566,0.4113477265123251,0.7926229555168822,0.17296178940987916,1.264507308322665
R525,Efficient 3D Object Reconstruction using Visual Transformers,0,ALL,recent,0.42968099577625674,0.6945580987955307,0.4708639929131626,1.7219822357948182e-07,0.4760046131613252,0.05518138884532185,0.4953182714554114
R526,Local-to-Global Information Communication for Real-Time Semantic Segmentation Network Search,0,ALL,recent,0.509174800329624,0.44375447054421435,0.4615774793686087,0.1553842688181025,0.0,0.038265237148152394,0.16877710181995584
R527,A Probabilistic Generative Model for Tracking Multi-Knowledge Concept Mastery Probability,0,ALL,recent,0.8264748235636301,0.6636346559159392,0.7749230683000632,0.7756008724225173,0.4173144675356547,0.6090501168096848,1.4060828808415617
R528,Collaborative Discrepancy Optimization for Reliable Image Anomaly Localization,0,ALL,recent,0.814445500572068,0.4649778283426034,0.6084825764230377,0.7520875244767944,0.04028018370086544,0.3058650091118189,0.8994204613667964
R529,Natural Response Generation for Chinese Reading Comprehension,0,ALL,recent,0.5147431610566585,0.44375447054421435,0.49652009483730125,0.16626857239477935,0.0,0.10191609827362959,0.20193920679054972
R530,h-analysis and data-parallel physics-informed neural networks,0,ALL,recent,0.5753857536345125,0.6410654074868051,0.5371906513957561,0.28480478433405393,0.3744798943568058,0.1760008773514144,0.7208849857638547
R531,Swapped goal-conditioned offline reinforcement learning,0,ALL,recent,0.6823003739746878,0.644425949984614,0.64599390208864,0.49378750682864314,0.38085792701460625,0.37419498809444657,1.0056136796763058
R532,Multimodal Federated Learning via Contrastive Representation Ensemble,0,ALL,recent,0.6257676844376913,0.5375924290965503,0.5681435567596701,0.38328479605071003,0.17809671045027511,0.23238415188087105,0.6427159596592901
R533,Robot path planning using deep reinforcement learning,0,ALL,recent,0.7203797292400488,0.7467821337419506,0.5290991234063148,0.5682200522454786,0.5751215267630871,0.1612614905756795,1.1997831007100535
R534,KILM: Knowledge Injection into Encoder-Decoder Language Models,0,ALL,recent,0.5081675611916435,0.4437547377245015,0.5331166758992715,0.1534154494313009,5.07086161896959e-07,0.16857979438217666,0.2124188845512246
R535,FrAug: Frequency Domain Augmentation for Time Series Forecasting,0,ALL,recent,0.532258297886769,0.7462672306318323,0.4889049234150645,0.2005048720512286,0.5741442831025536,0.0880444343428691,0.8054647071737864
R536,Search-Engine-augmented Dialogue Response Generation with Cheaply Supervised Query Production,0,ALL,recent,0.42968097055754545,0.76929059771499,0.4901594827969262,1.2290398369380153e-07,0.6178407360546139,0.09032971791187078,0.6494562602277523
R537,On Handling Catastrophic Forgetting for Incremental Learning of Human Physical Activity on the Edge,0,ALL,recent,0.5292749029218916,0.5013713361668204,0.5023065642110065,0.19467332160421785,0.10935206170452481,0.11245663033089752,0.3433852039245568
R538,MultiScale Probability Map guided Index Pooling with Attention-based learning for Road and Building Segmentation,0,ALL,recent,0.6705544677814208,0.4437544890993101,0.6290988286831549,0.4708281449880942,3.521604224932177e-08,0.343419215971699,0.5910249057942312
R539,CMVAE: Causal Meta VAE for Unsupervised Meta-Learning,0,ALL,recent,0.6865140082145187,0.44375447054421435,0.5139402949681737,0.502023768176572,0.0,0.1336484321139983,0.5488007194164715
R540,FormerTime: Hierarchical Multi-Scale Representations for Multivariate Time Series Classification,0,ALL,recent,0.5397400199650311,0.6314128077282801,0.6104842665578711,0.21512916425643172,0.35616005566031894,0.30951125307723343,0.6796181584937824
R541,FederatedTrust: A Solution for Trustworthy Federated Learning,0,ALL,recent,0.7619787546963646,0.7048600618822748,0.6263708114489535,0.6495323888120037,0.49555688992900454,0.33844990718376233,1.2635467462553251
R542,Efficient Generator of Mathematical Expressions for Symbolic Regression,0,ALL,recent,0.6444159303782646,0.6095831992022587,0.5380015508062079,0.41973594926071917,0.31472925805048624,0.1774779976261588,0.796582506480361
R543,Stability-based Generalization Analysis for Mixtures of Pointwise and Pairwise Learning,0,ALL,recent,0.6352237054550327,0.4799573788386542,0.6798030759118948,0.4017681897145745,0.06871013580689427,0.435781191614879,0.6230017425866764
R544,Dynamic Graph Neural Network with Adaptive Edge Attributes for Air Quality Predictions,0,ALL,recent,0.5147637540699643,0.5549974581412024,0.511202889450031,0.16630882492498825,0.2111300209140275,0.12866202179117833,0.4224705534659282
R545,"OppLoD: the Opponency based Looming Detector, Model Extension of Looming Sensitivity from LGMD to LPLC2",0,ALL,recent,0.7008959755552667,0.5462102053622684,0.649116884491499,0.5301357577261284,0.19445253945592061,0.37988375857013645,0.8575476126815967
R546,Interpretable Out-Of-Distribution Detection Using Pattern Identification,0,ALL,recent,0.5889658211648012,0.8843761186434392,0.6847483358136229,0.31134932496947226,0.8362635684991384,0.44478939111603855,1.3032891803592241
R547,Generalization algorithm of multimodal pre-training model based on graph-text self-supervised training,0,ALL,recent,0.42968096182145465,0.8876409662994971,0.44057094198601193,1.0582781550899366e-07,0.8424599802352366,9.369130963740117e-08,0.8424601188550105
R548,Kernel-Based Distributed Q-Learning: A Scalable Reinforcement Learning Approach for Dynamic Treatment Regimes,0,ALL,recent,0.6043472653241466,0.7297370155001197,0.7250793466572342,0.34141496113869696,0.5427712973363358,0.5182556596200908,1.0655757393420644
R549,Mask-guided BERT for Few Shot Text Classification,0,ALL,recent,0.4771116913626123,0.6439744261380734,0.5827734755488864,0.0927114951390017,0.38000097197211263,0.2590337577171527,0.5633742823121178
R550,MulGT: Multi-task Graph-Transformer with Task-aware Knowledge Injection and Domain Knowledge-driven Pooling for Whole Slide Image Analysis,0,ALL,recent,0.6461951119225231,0.7590929416506833,0.8588507443549914,0.4232136607444081,0.598486425417694,0.7619313130653743,1.288376045734983
R551,Memory-augmented Online Video Anomaly Detection,0,ALL,recent,0.6025313027644207,0.8023931775895417,0.531324336624882,0.3378653549344914,0.6806667040746565,0.16531490030617024,1.0763922741163074
R552,Trajectory-User Linking via Hierarchical Spatio-Temporal Attention Networks,0,ALL,recent,0.6304861681666799,0.7119092828004224,0.710882947596285,0.3925078711791911,0.5089357301779552,0.4923957457873687,1.0737821123827254
R553,Multi-modal Machine Learning in Engineering Design: A Review and Future Directions,0,ALL,recent,0.5198047514618488,0.6870529979576934,0.5718169616520536,0.17616230759828613,0.4617605504021066,0.23907556239855954,0.7215993048398885
R554,Adversarial Model for Offline Reinforcement Learning,0,ALL,recent,0.7133287680018288,0.44375447054421435,0.4581014537570784,0.554437755015421,0.0,0.03193336929852468,0.5656144342699047
R555,A Multi-Modal Neural Geometric Solver with Textual Clauses Parsed from Diagram,0,ALL,recent,0.5238841281001204,0.7042877960508469,0.5292780285110927,0.1841361397386831,0.4944707765517239,0.16158738100563488,0.7351624996423791
R556,A Unified Cloud-Enabled Discrete Event Parallel and Distributed Simulation Architecture,0,ALL,recent,0.5835315809928151,0.7861156508654566,0.5110810515121091,0.30072718271972443,0.6497733000774973,0.12844008392068815,0.9954545121694626
R557,Learning Dynamic Graph Embeddings with Neural Controlled Differential Equations,0,ALL,recent,0.535750176156346,0.5056156327345207,0.4758196658552874,0.2073303391863504,0.11740738674083447,0.06420855655991631,0.34721072072315556
R558,"Advancements in Federated Learning: Models, Methods, and Privacy",0,ALL,recent,0.5646351472737415,0.44375447054421435,0.4879705776330019,0.2637909044868154,0.0,0.0863424463027773,0.2940107606927875
R559,Heterogeneous Neuronal and Synaptic Dynamics for Spike-Efficient Unsupervised Learning: Theory and Design Principles,0,ALL,recent,0.6438286983907149,0.5005045462091194,0.6009508043619712,0.4185881049424811,0.10770696581263396,0.292145264008101,0.6285459131579504
R560,Data-Free Diversity-Based Ensemble Selection For One-Shot Federated Learning in Machine Learning Model Market,0,ALL,recent,0.7435760701358022,0.46835428791957306,0.4987803018341273,0.6135612268844864,0.046688425662898735,0.10603325206249535,0.6973612907692586
R561,PIFON-EPT: MR-Based Electrical Property Tomography Using Physics-Informed Fourier Networks,0,ALL,recent,0.7464083880661782,0.49138997245059546,0.5381502284612435,0.619097471695317,0.09040825611570276,0.17774882625893842,0.7717178170016483
R562,One Fits All:Power General Time Series Analysis by Pretrained LM,0,ALL,recent,0.5248230863873806,0.7631995620223224,0.6388693196917861,0.18597149264510648,0.606280452382263,0.36121697260715485,0.9186778854398737
R563,K-SHAP: Policy Clustering Algorithm for Anonymous Multi-Agent State-Action Pairs,0,ALL,recent,0.6858423657510152,0.5285114926692194,0.49432011538284326,0.5007109292952353,0.16086184163528805,0.09790865392934255,0.6958407998057933
R564,Empirical analysis of Different Dimensionality Reduction and Classification Techniques for Epileptic Seizure detection,0,ALL,recent,0.4676294547302669,0.6046866207555144,0.5393992779194529,0.07417685861819252,0.30543595577408916,0.18002407304676313,0.44262123995864877
R565,Forecasting with Deep Learning,0,ALL,recent,0.429680998773175,0.44375447054421435,0.44057090566980806,1.7805620761364424e-07,0.0,2.753834373594364e-08,1.8769462792122452e-07
R566,A comparative assessment of deep learning models for day-ahead load forecasting: Investigating key accuracy drivers,0,ALL,recent,0.5956383882739712,0.5755519534429163,0.981419549583908,0.32439198682493603,0.25014075872924996,0.985200518741504,0.9193529271137124
R567,A Neural Span-Based Continual Named Entity Recognition Model,0,ALL,recent,0.49344531917883677,0.6428879999916176,0.6625452684584309,0.12463833543817898,0.3779390246981527,0.4043446694537129,0.6440979944451312
R568,Side Adapter Network for Open-Vocabulary Semantic Segmentation,0,ALL,recent,0.48077694889898603,0.47074942225670563,0.4974838806246402,0.09987586139834077,0.05123419320846936,0.10367171371574167,0.18739515440731971
R569,Testing AI performance on less frequent aspects of language reveals insensitivity to underlying meaning,0,ALL,recent,0.476848035305038,0.5549830963957838,0.49432365835964254,0.09219613474639357,0.211102763505034,0.09791510775431234,0.3375691859654369
R570,An Iterative Classification and Semantic Segmentation Network for Old Landslide Detection Using High-Resolution Remote Sensing Images,0,ALL,recent,0.5280721033219968,0.6570801476177636,0.46312305843007917,0.19232224619281355,0.4048745510612031,0.04108063710835985,0.6115750202419425
R571,"""An Adapt-or-Die Type of Situation"": Perception, Adoption, and Use of Text-To-Image-Generation AI by Game Industry Professionals",0,ALL,recent,0.6869085031513715,0.8657373068120481,0.6977786665690684,0.5027948753053401,0.8008886400044924,0.4685252151867067,1.46766734062518
R572,Check Your Facts and Try Again: Improving Large Language Models with External Knowledge and Automated Feedback,0,ALL,recent,0.4917916488273795,0.8130884552293289,0.5263299294403884,0.1214059568256324,0.7009654594438511,0.1562171749687777,0.8770474275085557
R573,Machine Learning based prediction of Glucose Levels in Type 1 Diabetes Patients with the use of Continuous Glucose Monitoring Data,0,ALL,recent,0.6902868125919175,0.543420943746023,0.4836625061516275,0.5093983529407479,0.18915875082174585,0.0784949381554471,0.7260303321169002
R574,NoPPA: Non-Parametric Pairwise Attention Random Walk Model for Sentence Representation,0,ALL,recent,0.6688044810905123,0.4766033930591845,0.49708848203405326,0.467407499786982,0.062344547260044014,0.10295146251413345,0.5657850589269727
R575,Imputing Knowledge Tracing Data with Subject-Based Training via LSTM Variational Autoencoders Frameworks,0,ALL,recent,0.6301612663413358,0.4663645235997306,0.7811723674082444,0.39187279556663385,0.04291201699627546,0.6204337314684902,0.6519366185768809
R576,Attention-based Spatial-Temporal Graph Convolutional Recurrent Networks for Traffic Forecasting,0,ALL,recent,0.5931563784519532,0.4906045318042111,0.49936302280989137,0.31954047850724043,0.08891755451122385,0.10709472646576355,0.4459411872814815
R577,Better Generative Replay for Continual Federated Learning,0,ALL,recent,0.46197081734984513,0.8632199482346166,0.5578153826088285,0.06311609404167723,0.796110900925543,0.2135705293246554,0.9339766802308496
R578,SynGen: A Syntactic Plug-and-play Module for Generative Aspect-based Sentiment Analysis,0,ALL,recent,0.5567197980074309,0.44375521114983285,0.5357346483734828,0.24831901454411165,1.4056084172171768e-06,0.1733486475476087,0.3089924467941919
R579,In Search of Deep Learning Architectures for Load Forecasting: A Comparative Analysis and the Impact of the Covid-19 Pandemic on Model Performance,0,ALL,recent,0.607610474847057,0.587601587216391,0.9427079010720185,0.3477934565025515,0.2730099704032176,0.9146840525205866,0.9409428452879744
R580,RemoteNet: Remote Sensing Image Segmentation Network based on Global-Local Information,0,ALL,recent,0.5959500861610164,0.769413051817918,0.5026890897652683,0.3250012531051067,0.6180731438483156,0.11315343223323586,0.9826780982350549
R581,Sequential Query Encoding For Complex Query Answering on Knowledge Graphs,0,ALL,recent,0.553360509375179,0.5162451897605795,0.6962105036095089,0.241752716298096,0.13758140980239608,0.46566867679019,0.5423181629770586
R582,Toward Fairness in Text Generation via Mutual Information Minimization based on Importance Sampling,0,ALL,recent,0.4296810501319354,0.4437549373558474,0.44057103547461096,2.784455981434492e-07,8.859700011852617e-07,2.639885170383842e-07,1.2568115802921453e-06
R583,Prompt-based Learning for Text Readability Assessment,0,ALL,recent,0.42968097513575043,0.8208923255803401,0.44057104649683193,1.3185286026641503e-07,0.7157765621120786,2.8406640321831025e-07,0.71577679338818
R584,Q-Cogni: An Integrated Causal Reinforcement Learning Framework,0,ALL,recent,0.5923010372634879,0.5406277657447374,0.6053526861065239,0.3178685693739667,0.1838575292115847,0.300163655300657,0.6067833779407813
R585,A Self-Supervised Learning-based Approach to Clustering Multivariate Time-Series Data with Missing Values (SLAC-Time): An Application to TBI Phenotyping,0,ALL,recent,0.5817779346053799,0.7700923612907397,0.5283237435301097,0.2972993840222875,0.6193624172335606,0.1598490720672813,0.9726089764793965
R586,FLAG: Fast Label-Adaptive Aggregation for Multi-label Classification in Federated Learning,0,ALL,recent,0.6261280321518331,0.44375474389866854,0.5381133448354971,0.38398915665271616,5.188042219591241e-07,0.17768163968722084,0.4461782493474654
R587,Argument Mining using BERT and Self-Attention based Embeddings,0,ALL,recent,0.4296810672823095,0.4726469169095007,0.4405709449237372,3.1196890723414983e-07,0.05483548165264749,9.904261896695688e-08,0.054835828286471364
R588,A Reinforcement Learning Approach for Scheduling Problems With Improved Generalization Through Order Swapping,0,ALL,recent,0.48726027519935994,0.7786467253016432,0.4915966205328876,0.11254862006092547,0.635597895006518,0.0929475830379607,0.7806781691307297
R589,Zero-Shot Cross-Lingual Summarization via Large Language Models,0,ALL,recent,0.523290130744745,0.4735711364036445,0.5932542329802959,0.182975071363881,0.05658957407090085,0.278125323325748,0.3369085085987936
R590,Mesh-SORT: Simple and effective location-wise tracker with lost management strategies,0,ALL,recent,0.5184885348724344,0.6586187719121752,0.45025885579328284,0.1735895394831942,0.40779473314616144,0.017647429131745884,0.5875608728254668
R591,SAINE: Scientific Annotation and Inference Engine of Scientific Research,0,ALL,recent,0.5826897813333584,0.7570039970119005,0.5054618256116349,0.2990817427970221,0.5945217806809645,0.11820419966799874,0.9349749933617862
R592,Towards Human-Bot Collaborative Software Architecting with ChatGPT,0,ALL,recent,0.44014439477746986,0.7587112388408677,0.527699017241719,0.02045265664668586,0.5977619849476908,0.1587110815164761,0.6737635201251433
R593,VQA with Cascade of Self- and Co-Attention Blocks,0,ALL,recent,0.4688342431255752,0.4437546664021788,0.4619116053533062,0.07653182146686856,3.717222723465243e-07,0.03887387523563183,0.09013804952161204
R594,Framelet Message Passing,0,ALL,recent,0.7786236183159846,0.44375447054421435,0.48441698851777193,0.6820675921706432,0.0,0.07986929012266344,0.7100218437135754
R595,Dish-TS: A General Paradigm for Alleviating Distribution Shift in Time Series Forecasting,0,ALL,recent,0.7441670814910323,0.5214913483664085,0.9124769537976467,0.6147164586165753,0.1475381864055172,0.8596158843012757,1.063120204527539
R596,Multi-view Semantic Consistency based Information Bottleneck for Clustering,0,ALL,recent,0.49685579663714957,0.5911576081004996,0.5002812502625773,0.13130469090927271,0.27975900492530814,0.10876735363715773,0.44913226960758607
R597,GUESR: A Global Unsupervised Data-Enhancement with Bucket-Cluster Sampling for Sequential Recommendation,0,ALL,recent,0.5966108557511259,0.8079326207623553,0.4861194420279255,0.3262928391149841,0.6911801106110328,0.08297044985251985,1.0465126071743989
R598,Treat Different Negatives Differently: Enriching Loss Functions with Domain and Range Constraints for Link Prediction,0,ALL,recent,0.5269441377572852,0.6502773636901318,0.5547332472138802,0.19011744657005322,0.39196342790692534,0.20795616504876016,0.6548655322440446
R599,"OmniForce: On Human-Centered, Large Model Empowered and Cloud-Edge Collaborative AutoML System",0,ALL,recent,0.6364609105388085,0.54626515066244,0.5958315755980129,0.40418651646791237,0.19455682110661107,0.2828201658506318,0.6977303956222446
R600,Semi-decentralized Inference in Heterogeneous Graph Neural Networks for Traffic Demand Forecasting: An Edge-Computing Approach,0,ALL,recent,0.5309068436088735,0.6045943974720311,0.5172637660513987,0.197863225909448,0.3052609235838255,0.13970240928586813,0.5520199927433272
R601,A Systematic Analysis of Vocabulary and BPE Settings for Optimal Fine-tuning of NMT: A Case Study of In-domain Translation,0,ALL,recent,0.42968096699023783,0.4437549624975978,0.44057103906354167,1.1593107713350926e-07,9.336869710656488e-07,2.705260508500631e-07,1.1443021659966803e-06
R602,STUNT: Few-shot Tabular Learning with Self-generated Tasks from Unlabeled Tables,0,ALL,recent,0.6824125461228937,0.5072655758590676,0.5351867565210651,0.4940067662792735,0.1205388427895929,0.172350617270188,0.6748683251134322
R603,Attention-based Graph Convolution Fusing Latent Structures and Multiple Features for Graph Neural Networks,0,ALL,recent,0.676454661154066,0.5965335168455012,0.7168974938433318,0.48236107163869374,0.28996203659752495,0.5033517387137293,0.948496216786024
R604,Neural Intrinsic Embedding for Non-rigid Point Cloud Matching,0,ALL,recent,0.5630845823611945,0.5148670410739924,0.5069917781412115,0.26076006290689263,0.13496579719339366,0.12099113460925716,0.43807275721352634
R605,Can BERT Refrain from Forgetting on Sequential Tasks? A Probing Study,0,ALL,recent,0.42968108478270123,0.5601196573273624,0.4405710207544829,3.4617638512954216e-07,0.2208515327563528,2.3717458756037303e-07,0.2208519619438436
R606,SHAP-IQ: Unified Approximation of any-order Shapley Interactions,0,ALL,recent,0.8658124514508349,0.44375447054421435,0.6359482306278403,0.8524929246618681,0.0,0.3558959675292451,0.9770565132971039
R607,UZH_CLyp at SemEval-2023 Task 9: Head-First Fine-Tuning and ChatGPT Data Generation for Cross-Lingual Learning in Tweet Intimacy Prediction,0,ALL,recent,0.6174647666585681,0.7341845665258621,0.558242128074378,0.36705533784743505,0.5512123825801359,0.21434788144896785,0.9932894789347098
R608,Almanac: Retrieval-Augmented Language Models for Clinical Medicine,0,ALL,recent,0.49723839100606604,0.5949364557046146,0.48893349341659265,0.13205253636364428,0.2869309461947939,0.08809647696118007,0.44981724949485125
R609,BIFRNet: A Brain-Inspired Feature Restoration DNN for Partially Occluded Image Recognition,0,ALL,recent,0.4985678895179648,0.8345887249179036,0.7012468397110289,0.13465126624441354,0.7417711990869754,0.47484277911422157,1.0426174380213666
R610,iART: Learning from Demonstration for Assisted Robotic Therapy Using LSTM,0,ALL,recent,0.7720705168906732,0.5113320612103631,0.5589276444651596,0.6692584462157926,0.12825669679380206,0.21559660619391358,0.8729739551774643
R611,Do Machine Learning Models Learn Statistical Rules Inferred from Data?,0,ALL,recent,0.5368332513750281,0.9397059910912686,0.5667859271113739,0.20944739302937432,0.9412751056703765,0.22991111730562702,1.2311913897567204
R612,Improving GAN Training via Feature Space Shrinkage,0,ALL,recent,0.5510220276649874,0.7281850651721948,0.5329233579834673,0.2371817579694342,0.5398258235382086,0.1682276498261133,0.8358872589467825
R613,RePreM: Representation Pre-training with Masked Model for Reinforcement Learning,0,ALL,recent,0.5724071198305334,0.46883425687375524,0.4983049546634569,0.2789825403819229,0.04759936717502071,0.10516736791670674,0.363390486327791
R614,CONTAIN: A Community-based Algorithm for Network Immunization,0,ALL,recent,0.5968880995108929,0.6638999601334638,0.6440178558617582,0.3268347589714677,0.41781799307200107,0.37059545662613186,0.8743611618626148
R615,Less is More: Mitigate Spurious Correlations for Open-Domain Dialogue Response Generation Models by Causal Discovery,0,ALL,recent,0.8177694267900271,0.443754619367186,0.5138981973716754,0.7585847008984105,2.824537330359228e-07,0.13357174786376433,0.805335095104461
R616,"MLTEing Models: Negotiating, Evaluating, and Documenting Model and System Qualities",0,ALL,recent,0.6882787710376465,0.613363362393816,0.5059162288439567,0.5054732958292076,0.321903696196496,0.1190319326996431,0.8690381684705788
R617,Double A3C: Deep Reinforcement Learning on OpenAI Gym Games,0,ALL,recent,0.7624052276203825,0.44375447054421435,0.5565210298870238,0.6503660023294808,0.0,0.21121275889911903,0.7242904679441725
R618,Federated Virtual Learning on Heterogeneous Data with Local-global Distillation,0,ALL,recent,0.6774063775304178,0.44375447054421435,0.5310950059303705,0.48422136238976077,0.0,0.16489715549822256,0.5419353668141387
R619,Conflict-driven Structural Learning Towards Higher Coverage Rate in ATPG,0,ALL,recent,0.9402441032484103,0.5219352688597728,0.7861193096483927,0.9979821868688027,0.14838071091041194,0.6294449954880814,1.366668646200043
R620,Demystifying What Code Summarization Models Learned,0,ALL,recent,0.633733494178323,0.4437546785509248,0.5008668771001987,0.39885531953173103,3.947795908742462e-07,0.10983412130788894,0.437297656769083
R621,Seq-HyGAN: Sequence Classification via Hypergraph Attention Network,0,ALL,recent,0.6129824645338899,0.6418726654565913,0.49457056640514596,0.3582939196421596,0.3760120034427415,0.09836487115937806,0.7687336279906835
R622,PyramidFlow: High-Resolution Defect Contrastive Localization using Pyramid Normalizing Flow,0,ALL,recent,0.5572738471308102,0.8473735871820381,0.5882752008959187,0.24940199733758875,0.7660358138327482,0.269055605003548,1.109607272921579
R623,Contrastive variational information bottleneck for aspect-based sentiment analysis,0,ALL,recent,0.5271162857636051,0.5975151948326323,0.5092491144795683,0.1904539389872576,0.2918251804992754,0.12510305925653992,0.526065190226322
R624,EvHandPose: Event-based 3D Hand Pose Estimation with Sparse Supervision,0,ALL,recent,0.6566311376081122,0.45808423867144493,0.5159557909638741,0.443612639414104,0.02719671873031638,0.13731982459565792,0.5188712967529007
R625,GlobalNER: Incorporating Non-local Information into Named Entity Recognition,0,ALL,recent,0.5223442056582993,0.7831723694665453,0.4758748883870041,0.1811261006692055,0.6441871945913765,0.06430914896406664,0.8478214973980054
R626,Non-Parametric Outlier Synthesis,0,ALL,recent,0.5726326834646372,0.44375461289836726,0.6730211201371594,0.2794234426850954,2.701764482446817e-07,0.4234272988284738,0.42762326745150947
R627,KDSM: An uplift modeling framework based on knowledge distillation and sample matching,0,ALL,recent,0.6650455458311444,0.7203930308662096,0.6029573368088383,0.46006002456157147,0.5250371847078181,0.2958003286449692,1.0886273242951288
R628,EvCenterNet: Uncertainty Estimation for Object Detection using Evidential Learning,0,ALL,recent,0.8281229587383176,0.5286043124642189,0.5267361638346021,0.7788224315951487,0.16103800595524034,0.1569571644819742,0.99479544511908
R629,Faster Learning of Temporal Action Proposal via Sparse Multilevel Boundary Generator,0,ALL,recent,0.6343493910313059,0.4437545561698338,0.5874670890976074,0.4000591941814533,1.625103677198623e-07,0.2675835625946374,0.4937136035999441
R630,Will Affective Computing Emerge from Foundation Models and General AI? A First Evaluation on ChatGPT,0,ALL,recent,0.4974776476240499,0.64807504627049,0.7209578242784201,0.13252020392157063,0.3877836109772253,0.5107479660762436,0.6990656030254812
R631,Safe Reinforcement Learning via Probabilistic Logic Shields,0,ALL,recent,0.685191987811801,0.5359791351715216,0.5366997798835291,0.49943965552598896,0.17503481156127954,0.17510671433481928,0.7357618171044552
R632,Deep Age-Invariant Fingerprint Segmentation System,0,ALL,recent,0.7906058999849751,0.5764507685037277,0.5212411530257064,0.7054889898888904,0.2518466356270768,0.14694754828156723,1.0087672674145158
R633,Contrastive Hierarchical Clustering,0,ALL,recent,0.6421509305910869,0.5746841848955562,0.6914547116515055,0.4153086237885994,0.24849380555484918,0.4570056088028565,0.8237543924244484
R634,AERK: Aligned Entropic Reproducing Kernels through Continuous-time Quantum Walks,0,ALL,recent,0.7199671244397685,0.4793629708885175,0.7959971897777907,0.5674135463232524,0.06758199851343645,0.6474383702797808,0.8615989744346121
R635,Rolling Horizon based Temporal Decomposition for the Offline Pickup and Delivery Problem with Time Windows,0,ALL,recent,0.5402820712063093,0.9037817948167779,0.8305628912216645,0.2161886951585055,0.8730939423036511,0.7104026513674393,1.3379235654407604
R636,Generative Modeling with Flow-Guided Density Ratio Learning,0,ALL,recent,0.693997956273527,0.44375447054421435,0.5477607526826271,0.5166524114379272,0.0,0.1952551901745533,0.5849917279990209
R637,Robust Semi-Supervised Anomaly Detection via Adversarially Learned Continuous Noise Corruption,0,ALL,recent,0.47523969808091976,0.5150374025735008,0.5221717023687935,0.08905236740460076,0.13528912927689063,0.14864262079439358,0.27636641395952916
R638,Is ChatGPT a Good NLG Evaluator? A Preliminary Study,0,ALL,recent,0.4590947362148324,0.5756009836369177,0.5104602357917799,0.05749430663974941,0.25023381399600014,0.12730921679270815,0.3522863465131974
R639,Adaptive Weighted Multiview Kernel Matrix Factorization with its application in Alzheimer's Disease Analysis -- A clustering Perspective,0,ALL,recent,0.4463426518622583,0.44375485373884593,0.447179273788352,0.03256819927480403,7.272718247464376e-07,0.012037716066735094,0.036782127169986065
R640,End-to-end Face-swapping via Adaptive Latent Representation Learning,0,ALL,recent,0.48898896791146806,0.8161744363452291,0.49661393336595994,0.11592764257611986,0.7068223972303543,0.1020870329067633,0.8584805013238413
R641,Query-Utterance Attention with Joint modeling for Query-Focused Meeting Summarization,0,ALL,recent,0.49462298726437953,0.55649513774251,0.5028526294060496,0.1269402870508644,0.2139724933464665,0.11345133320098705,0.3806207470176764
R642,Estimation of the qualification and behavior of a contributor and aggregation of his answers in a crowdsourcing context,0,ALL,recent,0.7342491306539377,0.7321825298197269,0.5340114391181822,0.5953301449308627,0.5474126819359183,0.17020967951307353,1.2023162146963566
R643,Multimodal Parameter-Efficient Few-Shot Class Incremental Learning,0,ALL,recent,0.4671515293482129,0.7259644516277085,0.5652333852997168,0.073242672562318,0.535611282071668,0.22708303412067418,0.6883330165762219
R644,ARS-DETR: Aspect Ratio-Sensitive Detection Transformer for Aerial Oriented Object Detection,0,ALL,recent,0.641843437119063,0.6321431842736492,0.706491235581487,0.41470757574925365,0.35754625013989866,0.48439587949781016,0.9417923837133858
R645,Text-Visual Prompting for Efficient 2D Temporal Video Grounding,0,ALL,recent,0.454317873724325,0.9750214169655007,0.9414124849308882,0.04815712034032441,1.0,0.9123243449888863,1.3674706410864346
R646,Diversity-Measurable Anomaly Detection,0,ALL,recent,0.6785119761164831,0.44375447054421435,0.5649106247701006,0.4863824419667816,0.0,0.2264950991486686,0.5656557266688156
R647,Efficient Certified Training and Robustness Verification of Neural ODEs,0,ALL,recent,0.6731257371095934,0.44375447054421435,0.5135284694886094,0.4758541261191934,0.0,0.1328982579768858,0.5223685164111035
R648,Deep Functional Predictive Control for Strawberry Cluster Manipulation using Tactile Prediction,0,ALL,recent,0.6786343663005076,0.7026262464548787,0.6358522689470092,0.48662167429798825,0.4913172923769069,0.35572116539900894,1.1024413745645483
R649,FaceXHuBERT: Text-less Speech-driven E(X)pressive 3D Facial Animation Synthesis Using Self-Supervised Speech Representation Learning,0,ALL,recent,0.5789731673628601,0.620542494904264,0.45853788445613586,0.2918169916942743,0.3355290979392709,0.03272836387589084,0.638801016990107
R650,On the Soundness of XAI in Prognostics and Health Management (PHM),0,ALL,recent,0.47003252888998004,0.6917829752775362,0.4902731279751886,0.07887407382276765,0.47073765747225443,0.09053673199373426,0.5812995874928291
R651,Open World Classification with Adaptive Negative Samples,0,ALL,recent,0.5766393219283082,0.8867157995207954,0.5011847311039321,0.28725509575111546,0.8407040899489753,0.11041311863760912,1.166603777223254
R652,UNFUSED: UNsupervised Finetuning Using SElf supervised Distillation,0,ALL,recent,0.6371316276770334,0.531573939825093,0.485471417971934,0.4054975466443656,0.16667411390551984,0.08179002049310796,0.6007981677224732
R653,CVT-SLR: Contrastive Visual-Textual Transformation for Sign Language Recognition with Variational Alignment,0,ALL,recent,0.5347455012954073,0.53739067684011,0.543657931749976,0.20536653211307265,0.17771380129760114,0.18778156286005368,0.4488038804116926
R654,TSMixer: An All-MLP Architecture for Time Series Forecasting,0,ALL,recent,0.5443871533502644,0.5928234137894177,0.5749702055727923,0.2242127730608361,0.2829205668137226,0.24481945672935226,0.592820149729832
R655,Credit Card Fraud Detection Using Enhanced Random Forest Classifier for Imbalanced Data,0,ALL,recent,0.4296809076804205,0.8544602870739567,0.5136120488138771,0.0,0.7794857860845965,0.1330505046234009,0.8260534627027868
R656,Making Batch Normalization Great in Federated Deep Learning,0,ALL,recent,0.6401372580645902,0.44375447054421435,0.5338777470845361,0.41137255998871053,0.0,0.1699661484278056,0.4708607119384425
R657,Compressed Heterogeneous Graph for Abstractive Multi-Document Summarization,0,ALL,recent,0.507536070470311,0.5091214157665999,0.48083413191723395,0.1521810939263733,0.12406107396078249,0.0733428207999057,0.3019121551671228
R658,Non-Orthogonal Multiple Access Enhanced Multi-User Semantic Communication,0,ALL,recent,0.6374511074588606,0.7625938164670167,0.5120767034180558,0.4061220239551001,0.6051307972487314,0.13025374613070523,1.0568416323495782
R659,Schema Inference for Interpretable Image Classification,0,ALL,recent,0.7414601581279369,0.6900892669244276,0.708056835023215,0.6094253187125662,0.4675231386271695,0.48724774823479244,1.247485169221913
R660,BCSSN: Bi-direction Compact Spatial Separable Network for Collision Avoidance in Autonomous Driving,0,ALL,recent,0.7369770541994866,0.5152740448343232,0.5112189786448552,0.6006623332460997,0.13573825678196594,0.12869132958888152,0.7814425553841742
R661,Transformer-based Planning for Symbolic Regression,0,ALL,recent,0.45799421097004095,0.773204197781587,0.5582815256055236,0.05534314376699389,0.6252684263905047,0.2144196473070754,0.755658446714975
R662,Twin Contrastive Learning with Noisy Labels,0,ALL,recent,0.4296809076804205,0.44375447054421435,0.440570890551996,0.0,0.0,0.0,0.0
R663,TARGET: Federated Class-Continual Learning via Exemplar-Free Distillation,0,ALL,recent,0.8132265883830381,0.5615463764700592,0.5268729703319814,0.7497049542826074,0.22355932808748244,0.1572063688202573,1.02828651145718
R664,Context-Aware Selective Label Smoothing for Calibrating Sequence Recognition Model,0,ALL,recent,0.6850748546407216,0.48492281068961285,0.4666211310878643,0.4992106989164185,0.07813411616903679,0.04745266547432467,0.593953248001469
R665,Automatically Identifying Relations Between Self-Admitted Technical Debt Across Different Sources,0,ALL,recent,0.49283848171103084,0.7169663873463926,0.5148592065453323,0.12345216889023351,0.5185336977588261,0.1353223054746436,0.6893486735651848
R666,xASTNN: Improved Code Representations for Industrial Practice,0,ALL,recent,0.7733072809434046,0.5057247676193973,0.5687159194210365,0.6716759108993026,0.1176145157565521,0.2334267577586332,0.8709897918713763
R667,FedACK: Federated Adversarial Contrastive Knowledge Distillation for Cross-Lingual and Cross-Model Social Bot Detection,0,ALL,recent,0.5776107238256569,0.6361621845433965,0.7033057305328618,0.28915386518506586,0.36517398137343293,0.47859321885707445,0.8218354731584748
R668,Parallel Vertex Diffusion for Unified Visual Grounding,0,ALL,recent,0.6494911855407083,0.5819570951802339,0.6525974882372306,0.42965639454526033,0.2622971897831906,0.38622396586946917,0.8271319723827653
R669,Transformer Models for Acute Brain Dysfunction Prediction,0,ALL,recent,0.4791085314012197,0.7981083075034389,0.665746728726538,0.09661465699213849,0.6725343738448158,0.41017639384499643,0.9127107686827031
R670,AMOM: Adaptive Masking over Masking for Conditional Masked Language Model,0,ALL,recent,0.6279987317052602,0.8702076994176838,0.5388338986770315,0.3876457555762378,0.8093730766841429,0.17899418804359746,1.25966679807564
R671,Efficient Self-supervised Continual Learning with Progressive Task-correlated Layer Freezing,0,ALL,recent,0.5986967141485033,0.6547287070261008,0.5436470046583817,0.330370002418143,0.4004117106429429,0.18776165825989002,0.7964982934520474
R672,FPTN: Fast Pure Transformer Network for Traffic Flow Forecasting,0,ALL,recent,0.5599506683705345,0.6503402910296976,0.5667692674288556,0.2546342975461948,0.39208285881044197,0.2298807703174539,0.7271754259677456
R673,GANN: Graph Alignment Neural Network for Semi-Supervised Learning,0,ALL,recent,0.6851321426896714,0.44375447054421435,0.5097522909998757,0.49932267810502556,0.0,0.12601963686202522,0.5434295510067344
R674,Implant Global and Local Hierarchy Information to Sequence based Code Representation Models,0,ALL,recent,0.6869231263502241,0.536795006573105,0.6025675857349493,0.5028234588227118,0.1765832682307776,0.29509036486163864,0.782688354755063
R675,Geolocation Predicting of Tweets Using BERT-Based Models,0,ALL,recent,0.42968102051832846,0.8581028876232483,0.5724608199450221,2.205607907638841e-07,0.7863991416746094,0.24024840347643875,0.8704863034521537
R676,Multiparticle Kalman filter for object localization in symmetric environments,0,ALL,recent,0.5348763091986413,0.639706889875418,0.5043195581715384,0.20562221830131014,0.37190153991038144,0.1161234651487731,0.6181669710137622
R677,Graph Transformer GANs for Graph-Constrained House Generation,0,ALL,recent,0.49775821085774924,0.8141032594164667,0.5548418294274178,0.13306861225172997,0.7028914741426854,0.2081539565220622,0.9088139711771371
R678,FactReranker: Fact-guided Reranker for Faithful Radiology Report Summarization,0,ALL,recent,0.7204556887989287,0.5354068022927987,0.49098060964806656,0.5683685280607012,0.17394857093375946,0.09182546831484681,0.774456012904657
R679,Implicit Ray-Transformers for Multi-view Remote Sensing Image Segmentation,0,ALL,recent,0.5823816795597386,0.5539578158411311,0.9929285993774156,0.29847950572924226,0.2091568655242032,1.0,0.8576363712534455
R680,Can Fairness be Automated? Guidelines and Opportunities for Fairness-aware AutoML,0,ALL,recent,0.4296809076804205,0.44375502274754136,0.4405709548617735,0.0,1.0480363976069611e-06,1.1714557316233005e-07,1.0890373482137765e-06
R681,Efficient Uncertainty Estimation with Gaussian Process for Reliable Dialog Response Retrieval,0,ALL,recent,0.5994296576955261,0.4764925135899243,0.5865449871799678,0.33180266464342434,0.062134107166969106,0.2659038777652119,0.48700312902821763
R682,On the Calibration and Uncertainty with Pólya-Gamma Augmentation for Dialog Retrieval Models,0,ALL,recent,0.4695432720474674,0.926778993734687,0.4672677874148797,0.07791773850939253,0.916740730235061,0.04863060340240122,1.011679179935294
R683,Highly Personalized Text Embedding for Image Manipulation by Stable Diffusion,0,ALL,recent,0.6022615381156773,0.8679131055375642,0.5574566002841201,0.33733805426646474,0.8050181266386268,0.2129169776766757,1.216877123091928
R684,Automated Interactive Domain-Specific Conversational Agents that Understand Human Dialogs,0,ALL,recent,0.6604188679411926,0.5946960849102447,0.505874743916544,0.45101639948512057,0.28647474224038116,0.11895636447676881,0.7791258692923707
R685,BanglaCoNER: Towards Robust Bangla Complex Named Entity Recognition,0,ALL,recent,0.5148422027459344,0.7526558064687965,0.8792840383720943,0.16646216614088705,0.5862692734431189,0.7991522463691206,1.032434725813198
R686,Effectively Modeling Time Series with Simple Discrete State Spaces,0,ALL,recent,0.7495336848189584,0.4829186087033237,0.6878098728673098,0.6252063932059712,0.07433030600156679,0.4503662338114378,0.8571648810415411
R687,Measuring Improvement of F$_1$-Scores in Detection of Self-Admitted Technical Debt,0,ALL,recent,0.4637278627179307,0.5421209544683491,0.5532977144356828,0.06655053662212805,0.18669147832833125,0.20534122348584308,0.32511144317050433
R688,Urban Regional Function Guided Traffic Flow Prediction,0,ALL,recent,0.7572466054929337,0.6406570540853066,0.5521995099722221,0.6402826022006213,0.3737048732605455,0.20334075331915671,1.0851567391228718
R689,TKN: Transformer-based Keypoint Prediction Network For Real-time Video Prediction,0,ALL,recent,0.6281836650312888,0.465726376043924,0.4965373549705326,0.3880072390649361,0.04170086553662758,0.1019475390323873,0.4653897432628993
R690,DiffusionSeg: Adapting Diffusion Towards Unsupervised Object Discovery,0,ALL,recent,0.5750859576650832,0.7406314483697586,0.7997921703799518,0.2842187823664568,0.563448032915807,0.6543512409977287,1.076689749631469
R691,DORIC : Domain Robust Fine-Tuning for Open Intent Clustering through Dependency Parsing,0,ALL,recent,0.4296809646826145,0.6503262397377505,0.46502602861840164,1.1142043676220583e-07,0.3920561906165473,0.04454705453470739,0.40764777112413164
R692,GNNFormer: A Graph-based Framework for Cytopathology Report Generation,0,ALL,recent,0.5394068452776244,0.8706262044738085,0.9323880947595662,0.2144779179346565,0.8101673647841023,0.8958856726733697,1.3382052681544383
R693,"Generate, Transform, Answer: Question Specific Tool Synthesis for Tabular Data",0,ALL,recent,0.5140598645871359,0.6446319122074095,0.5210957917652073,0.16493295378604814,0.38124882633640295,0.1466827607354448,0.5975207463798567
R694,Towards Real-World Applications of Personalized Anesthesia Using Policy Constraint Q Learning for Propofol Infusion Control,0,ALL,recent,0.7533868736201997,0.5215880485536369,0.708327046182872,0.6327381029329194,0.14772171539006665,0.4877399601876524,0.9511688043886644
R695,Mobile Edge Adversarial Detection for Digital Twinning to the Metaverse with Deep Reinforcement Learning,0,ALL,recent,0.5462970708269431,0.7661807674786337,0.5378384602317385,0.22794603005362477,0.6119385346033221,0.17718091466979777,0.9018978847913761
R696,Detection of Uncertainty in Exceedance of Threshold (DUET): An Adversarial Patch Localizer,0,ALL,recent,0.6764781716300464,0.5940270914351475,0.5348162149538984,0.4824070268435281,0.28520504776848943,0.17167564519049144,0.8276985504286896
R697,CroSel: Cross Selection of Confident Pseudo Labels for Partial-Label Learning,0,ALL,recent,0.5333176565758534,0.652961117665036,0.49590882515514867,0.20257556792274503,0.39705697173462606,0.10080262004290674,0.6349134566723884
R698,Identification of Novel Classes for Improving Few-Shot Object Detection,0,ALL,recent,0.462444893430252,0.863317824799154,0.495748149171964,0.06404275598592553,0.7962966625772585,0.10050993546407067,0.8955178959756088
R699,TempT: Temporal consistency for Test-time adaptation,0,ALL,recent,0.6364647375578726,0.47087878814471484,0.6844176618262244,0.4041939970244584,0.05147971900053004,0.4441870411268522,0.6111391804193868
R700,Unsupervised Learning for Solving the Travelling Salesman Problem,0,ALL,recent,0.6235343529758856,0.9011661180738629,0.5173803822153811,0.37891937168090944,0.8681296034507909,0.1399148352636911,1.2960191674739923
R701,Boundary-aware Supervoxel-level Iteratively Refined Interactive 3D Image Segmentation with Multi-agent Reinforcement Learning,0,ALL,recent,0.4834601957947245,0.6891638385625024,0.52458951591943,0.10512072163927327,0.4657667518775116,0.1530468679428862,0.624453877296795
R702,IMF: Interactive Multimodal Fusion Model for Link Prediction,0,ALL,recent,0.5579921712641761,0.4437548651817559,0.5136085130387117,0.250806083444304,7.489895246200657e-07,0.13304406391680218,0.29737225480470936
R703,Data Might be Enough: Bridge Real-World Traffic Signal Control Using Offline Reinforcement Learning,0,ALL,recent,0.7846687132907418,0.6227357619969649,0.7891250644791191,0.6938837535295252,0.339691738094438,0.6349202262554867,1.2557975708133835
R704,Graph Neural Rough Differential Equations for Traffic Forecasting,0,ALL,recent,0.7552662814649269,0.44375447054421435,0.5473536404368072,0.636411723685807,0.0,0.19451360158212577,0.704491484239551
R705,Hospitalization Length of Stay Prediction using Patient Event Sequences,0,ALL,recent,0.4693794085499802,0.954829828218059,0.7594613234985839,0.07759743956698978,0.9699789019082802,0.5808852711644498,1.2508861863828273
R706,Convergence analysis and acceleration of the smoothing methods for solving extensive-form games,0,ALL,recent,0.8317270282556645,0.5430549428522418,0.7050515243578725,0.7858671955142315,0.18846411129409726,0.48177332655133204,1.142951971101295
R707,Pluralistic Aging Diffusion Autoencoder,0,ALL,recent,0.7056595539990727,0.4710290986576484,0.6466452597251993,0.5394469781077343,0.051764995964272094,0.37538148984629155,0.7225954955182085
R708,Scene Graph Based Fusion Network For Image-Text Retrieval,0,ALL,recent,0.49645004355815164,0.6657307119321926,0.49695747052957523,0.1305115778360583,0.42129260908064625,0.10271281423421741,0.5877536718986807
R709,Self-Correctable and Adaptable Inference for Generalizable Human Pose Estimation,0,ALL,recent,0.5312154486478078,0.5753346428868634,0.5173698593374272,0.19846644669447092,0.24972832120635183,0.13989566697207073,0.4971582513410475
R710,GeoMIM: Towards Better 3D Knowledge Transfer via Masked Image Modeling for Multi-view 3D Understanding,0,ALL,recent,0.6535757206988759,0.5225985966291872,0.8254916876637017,0.4376403098859575,0.14963965233993087,0.7011650350906578,0.8326877245076186
R711,FedMAE: Federated Self-Supervised Learning with One-Block Masked Auto-Encoder,0,ALL,recent,0.7203033956869711,0.44375453711951934,0.9681796050747525,0.5680708453952918,1.2635444119903795e-07,0.961082865899623,0.9044499748146011
R712,Bridging Imitation and Online Reinforcement Learning: An Optimistic Tale,0,ALL,recent,0.7077045758580048,0.44375447054421435,0.531846551767837,0.5434443194842532,0.0,0.16626615833582842,0.6016374749017932
R713,BoxSnake: Polygonal Instance Segmentation with Box Supervision,0,ALL,recent,0.4889707393495479,0.7641877067008221,0.46363340495537964,0.11589201176636606,0.6081558695311943,0.04201027547034435,0.7387514777121809
R714,A Survey on Class Imbalance in Federated Learning,0,ALL,recent,0.6037444647735659,0.4437547853647076,0.47555746093142187,0.34023668542878216,5.975033461044011e-07,0.06373092862704635,0.36254310795159445
R715,Efficiently Explaining CSPs with Unsatisfiable Subset Optimization (extended algorithms and examples),0,ALL,recent,0.440242948812186,0.5953891595509899,0.44633360697158786,0.02064529718941309,0.28779014077970877,0.010497264088819895,0.31210948040020886
R716,LoRCoN-LO: Long-term Recurrent Convolutional Network-based LiDAR Odometry,0,ALL,recent,0.7704088265404789,0.45505728727429506,0.6574783089665808,0.6660103911581992,0.02145181448429539,0.39511478409401124,0.8257523800753984
R717,Continual Learning in the Presence of Spurious Correlation,0,ALL,recent,0.6880242366232177,0.4437545037839295,0.5242074664205816,0.504975765232114,6.308623946338252e-08,0.15235093321481613,0.558298654943539
R718,Automated deep learning segmentation of high-resolution 7 T postmortem MRI for quantitative analysis of structure-pathology correlations in neurodegenerative diseases,0,ALL,recent,0.670193040855361,0.8571204339013092,0.5399621055359213,0.4701216748837203,0.7845345254921359,0.18104931005243355,1.318023458894208
R719,Preventing Dimensional Collapse of Incomplete Multi-View Clustering via Direct Contrastive Learning,0,ALL,recent,0.5804418753629129,0.6804017230990569,0.4543425453779741,0.29468783008311233,0.4491369789721814,0.025086207115255135,0.7526049815456329
R720,NUWA-XL: Diffusion over Diffusion for eXtremely Long Video Generation,0,ALL,recent,0.7074046318899982,0.7477648522138781,0.6179398213571655,0.5428580282283857,0.5769866454192161,0.32309216214136616,1.23292693039708
R721,Q-HyViT: Post-Training Quantization for Hybrid Vision Transformer with Bridge Block Reconstruction,0,ALL,recent,0.796533861689715,0.5024055427994775,0.7269727655713351,0.717076194444811,0.11131490064564857,0.5217046786112927,1.0109877326044119
R722,Reveal to Revise: An Explainable AI Life Cycle for Iterative Bias Correction of Deep Models,0,ALL,recent,0.7397176803076841,0.47576790277216785,0.7861320101854722,0.6060193508701492,0.06075885556314048,0.6294681305657229,0.8870920521312926
R723,Dense Network Expansion for Class Incremental Learning,0,ALL,recent,0.6229640919599606,0.5383538764572758,0.7346920554717553,0.3778046999993252,0.17954187477629396,0.5357660029526023,0.74486467580903
R724,Sparks of Artificial General Intelligence: Early experiments with GPT-4,0,ALL,recent,0.5970847166276723,0.4437546567439393,0.5155500144721491,0.32721908040686015,3.5339172991224786e-07,0.13658066918967768,0.3750226680149773
R725,Diffusion-based Target Sampler for Unsupervised Domain Adaptation,0,ALL,recent,0.5942668541864007,0.5197263600666215,0.5540221857739283,0.321711091296311,0.14418838409710516,0.20666090788615274,0.5382307931535696
R726,Audio-Visual Deception Detection: DOLOS Dataset and Parameter-Efficient Crossmodal Learning,0,ALL,recent,0.616964962996591,0.688105308868762,0.8539506001994946,0.3660783869901958,0.4637577497713547,0.7530052956235547,1.0933879902297947
R727,Interpretable Bangla Sarcasm Detection using BERT and Explainable AI,0,ALL,recent,0.42968103985894146,0.8773920844829239,0.46103043001869076,2.5836529258597297e-07,0.8230084473429551,0.037268741558644854,0.8360527652537734
R728,Salient Span Masking for Temporal Understanding,0,ALL,recent,0.7637741100614218,0.49474653178389705,0.5832768567635895,0.6530417147661263,0.09677872905559283,0.2599507081903923,0.8408031916883564
R729,Uncertainty Calibration for Counterfactual Propensity Estimation in Recommendation,0,ALL,recent,0.7593231055036047,0.6766043410991419,0.5469749923237569,0.6443414729529033,0.44192986094722186,0.1938238627593183,1.1541096858658868
R730,Open-Vocabulary Object Detection using Pseudo Caption Labels,0,ALL,recent,0.5949961689427923,0.4437546012540701,0.48445610731561645,0.32313666043607175,2.480765320944388e-07,0.07994054824503348,0.35111610039836555
R731,CORA: Adapting CLIP for Open-Vocabulary Detection with Region Prompting and Anchor Pre-Matching,0,ALL,recent,0.637404457197441,0.6943002912064176,0.8573704144893679,0.40603083812283947,0.4755153156077712,0.7592347699064593,1.1472783231978714
R732,Multi-View Zero-Shot Open Intent Induction from Dialogues: Multi Domain Batch and Proxy Gradient Transfer,0,ALL,recent,0.6888953207571793,0.5843098187563056,0.5824378356726339,0.5066784466171101,0.2667624652001051,0.25842236195112417,0.8638887385001086
R733,Adiabatic replay for continual learning,0,ALL,recent,0.5381961811548089,0.44375450900444097,0.46906880589937744,0.21211146998200522,7.299433991211888e-08,0.051911307376718625,0.23028050055819665
R734,Complementary Pseudo Multimodal Feature for Point Cloud Anomaly Detection,0,ALL,recent,0.5102838117134574,0.5572365593931801,0.5739787557731126,0.1575520192860326,0.2153796505254806,0.2430134490030893,0.4579863769625945
R735,Transforming Radiance Field with Lipschitz Network for Photorealistic 3D Scene Stylization,0,ALL,recent,0.4780392331920575,0.7207610746673708,0.7484047672770539,0.09452453264620439,0.5257357015052808,0.5607448404856649,0.8165209283214679
R736,Fine-tuning ClimateBert transformer with ClimaText for the disclosure analysis of climate-related financial risks,0,ALL,recent,0.7531642258714938,0.44375447054421435,0.5771773912126328,0.6323029002213182,0.0,0.24884002773570713,0.7193969099288157
R737,Capabilities of GPT-4 on Medical Challenge Problems,0,ALL,recent,0.6905461593097616,0.4437545398986478,0.5839149974954547,0.5099052899994275,1.316289979813765e-07,0.2611131342583222,0.6012950186188384
R738,NS3D: Neuro-Symbolic Grounding of 3D Objects and Relations,0,ALL,recent,0.5836622339583445,0.7559870374478929,0.6940619651143747,0.30098256605599266,0.5925916752544949,0.4617549364034963,1.055188469051711
R739,A comprehensive evaluation of ChatGPT's zero-shot Text-to-SQL capability,0,ALL,recent,0.4296809076804205,0.9142562637261312,0.49314587563394197,0.0,0.8929736209033202,0.09576967920799413,0.9264930086261182
R740,PPG-based Heart Rate Estimation with Efficient Sensor Sampling and Learning Models,0,ALL,recent,0.5111645733512825,0.5704287925252481,0.7509961314485615,0.159273616990405,0.2404174215997957,0.5654652244292753,0.5976038671404471
R741,Efficient and Direct Inference of Heart Rate Variability using Both Signal Processing and Machine Learning,0,ALL,recent,0.5916812869653737,0.7816033473882075,0.504323578310729,0.3166571625134769,0.641209320018157,0.11613078816446318,0.998512258389196
R742,Presenting Multiagent Challenges in Team Sports Analytics,0,ALL,recent,0.5127459387785005,0.44375447054421435,0.4542017409573115,0.1623646633897406,0.0,0.024829720229392827,0.17105506547002808
R743,Structural Imbalance Aware Graph Augmentation Learning,0,ALL,recent,0.5151967548858405,0.6156107741707987,0.5257947311537643,0.16715519831205414,0.3261690984993882,0.15524226707022545,0.5476590902860212
R744,Learning Spatial-Temporal Implicit Neural Representations for Event-Guided Video Super-Resolution,0,ALL,recent,0.6223518869961975,0.5859737538391467,0.9072854152910509,0.3766080417719953,0.2699204768323758,0.8501590679731743,0.9440841923949821
R745,Fantasia3D: Disentangling Geometry and Appearance for High-quality Text-to-3D Content Creation,0,ALL,recent,0.5240867275593845,0.8775190612506139,0.5898421331817797,0.1845321546750708,0.8232494387815803,0.2719099016262415,1.1029500590258356
R746,Query-Dependent Video Representation for Moment Retrieval and Highlight Detection,0,ALL,recent,0.7205759541927572,0.7541828892559211,0.6493412863670293,0.5686036071298143,0.5891675506985906,0.3802925251270782,1.2908735416228823
R747,Paraphrase Detection: Human vs. Machine Content,0,ALL,recent,0.42968100654130487,0.6568792364756157,0.440570890551996,1.9324033231053127e-07,0.4044932382741248,0.0,0.4044934315144571
R748,SEAL: Semantic Frame Execution And Localization for Perceiving Afforded Robot Actions,0,ALL,recent,0.5568429923471444,0.6880472066408694,0.7571076086007412,0.24855981873372893,0.4636474765320692,0.5765977850080176,0.9140165200186043
R749,A Hybrid ANN-SNN Architecture for Low-Power and Low-Latency Visual Perception,0,ALL,recent,0.4296809076804205,0.4437549121883188,0.44057094198601193,0.0,8.382041063816432e-07,9.369130963740117e-08,8.709960647547336e-07
R750,Towards Diverse and Coherent Augmentation for Time-Series Forecasting,0,ALL,recent,0.6295689839043562,0.45941108616551946,0.48289741812512016,0.3907150792901143,0.029714965904588275,0.0771012671016127,0.447415488680267
R751,GPU-accelerated Matrix Cover Algorithm for Multiple Patterning Layout Decomposition,0,ALL,recent,0.6110293151365289,0.6379848133747781,0.6901809795008936,0.35447615854269104,0.36863318065961365,0.4546854004514727,0.8822492293603201
R752,DoNet: Deep De-overlapping Network for Cytology Instance Segmentation,0,ALL,recent,0.6057481087441473,0.667422962694594,0.5493720987330025,0.34415314671863834,0.42450436153871546,0.19819039013888978,0.8380241448059652
R753,Fairness meets Cross-Domain Learning: a new perspective on Models and Metrics,0,ALL,recent,0.42968104260946977,0.44375447054421435,0.4405709218670014,2.6374166573001085e-07,0.0,5.704286970305543e-08,2.8370667012608025e-07
R754,Federated Learning without Full Labels: A Survey,0,ALL,recent,0.6085548871235568,0.6900224010673567,0.4852287776460628,0.3496394701541201,0.46739623274207254,0.08134803109196241,0.8455075137783795
R755,SASS: Data and Methods for Subject Aware Sentence Simplification,0,ALL,recent,0.470150415304946,0.7510603457219353,0.5114562350426809,0.07910450277501316,0.5832412204563304,0.12912351172025813,0.7075389523334339
R756,Farspredict: A benchmark dataset for link prediction,0,ALL,recent,0.7229218339897401,0.44375464610528836,0.5973089016342671,0.5731890262713563,3.3320044731331614e-07,0.28551123728616634,0.6731182925219619
R757,Hierarchical Dense Correlation Distillation for Few-Shot Segmentation,0,ALL,recent,0.49338789596994737,0.6549100244680588,0.5408919985025352,0.12452609205659186,0.400755836202132,0.1827431869212825,0.5892420436811727
R758,A Contrastive Learning Scheme with Transformer Innate Patches,0,ALL,recent,0.5028838221164383,0.6970309754357431,0.5679129693843559,0.1430874870499717,0.48069792918999327,0.23196411792501093,0.7049728575137189
R759,Mind the Label Shift of Augmentation-based Graph OOD Generalization,0,ALL,recent,0.7464517476906801,0.44375466937161945,0.6515361075722097,0.6191822254207283,3.7735802591184454e-07,0.38429057329411825,0.7536843034316956
R760,Global Relation Modeling and Refinement for Bottom-Up Human Pose Estimation,0,ALL,recent,0.4579643025934307,0.6749803876577457,0.6371429724556567,0.055284682782429574,0.438847731174804,0.35807228848127204,0.6194577149256788
R761,Universal Few-shot Learning of Dense Prediction Tasks with Visual Token Matching,0,ALL,recent,0.6889964569270516,0.44375447054421435,0.45994110965195145,0.5068761343800684,0.0,0.035284454508163456,0.5192256934579256
R762,A novel Multi to Single Module for small object detection,0,ALL,recent,0.6166336363383823,0.5877629727849325,0.8981026925275682,0.3654307529542971,0.27331626690960803,0.8334319797591889,0.9304482127796212
R763,"Efficient Deep Learning of Robust, Adaptive Policies using Tube MPC-Guided Data Augmentation",0,ALL,recent,0.6910078032038091,0.45658166849013576,0.44583244637810604,0.5108076511310864,0.024344964380155536,0.009584358660608496,0.5385071410424549
R764,MeMaHand: Exploiting Mesh-Mano Interaction for Single Image Two-Hand Reconstruction,0,ALL,recent,0.8211301567188122,0.45474052480090166,0.5529417134381867,0.7651538164024633,0.020850625419914854,0.20469273825518086,0.8576469002116914
R765,Evaluation of ChatGPT for NLP-based Mental Health Applications,0,ALL,recent,0.42968092624078297,0.7635894619613075,0.4970373237616945,3.627937008943664e-08,0.6070204503277562,0.10285827349420323,0.6430208823300974
R766,RobustSwap: A Simple yet Robust Face Swapping Model against Attribute Leakage,0,ALL,recent,0.5702932983109691,0.6586977965528816,0.6108030647909156,0.2748507184232361,0.4079447154003734,0.3100919703986584,0.7913276234631399
R767,Towards Effective Adversarial Textured 3D Meshes on Physical Face Recognition,0,ALL,recent,0.7253161649991754,0.4437548115073429,0.4469098594923652,0.5778691515087929,6.471199130818444e-07,0.011546955666889357,0.5819112331121173
R768,CREATED: Generating Viable Counterfactual Sequences for Predictive Process Analytics,0,ALL,recent,0.5357351394514909,0.5528637480908566,0.4967859122284475,0.20730094740150398,0.20708041511607805,0.10240030661412272,0.45022146983252503
R769,4K-HAZE: A Dehazing Benchmark with 4K Resolution Hazy and Haze-Free Images,0,ALL,recent,0.6236916273017249,0.5988030801714936,0.6958770185564312,0.379226790972002,0.29426948071452813,0.46506120621261154,0.8362676938609441
R770,Mask-Free Video Instance Segmentation,0,ALL,recent,0.651503030703477,0.5202398887852464,0.7304592288504995,0.43358888645343197,0.14516301927587266,0.5280555595349031,0.7635713515665208
R771,From Private to Public: Benchmarking GANs in the Context of Private Time Series Classification,0,ALL,recent,0.5785086290310809,0.44375483959300394,0.6311343400506135,0.29090897289413803,7.004241826491606e-07,0.347127068106738,0.41240414715567897
R772,TraffNet: Learning Causality of Traffic Generation for What-if Prediction,0,ALL,recent,0.7402478818102711,0.624893684125388,0.7554231025734736,0.6070557194521898,0.3437872964208233,0.5735293181011054,1.1515782772084
R773,HiLo: Exploiting High Low Frequency Relations for Unbiased Panoptic Scene Graph Generation,0,ALL,recent,0.4889950863417675,0.8014146186262201,0.5503773422939634,0.11593960208378408,0.6788094798230014,0.20002152434100265,0.8647566154261365
R774,LinK: Linear Kernel for LiDAR-based 3D Perception,0,ALL,recent,0.5850628168743274,0.6402014668690857,0.6527995175997757,0.3037202424367367,0.3728402062773345,0.3865919790455335,0.8118676413800079
R775,Transformer and Snowball Graph Convolution Learning for Brain functional network Classification,0,ALL,recent,0.7056829687688116,0.5427642211898537,0.5564322021481355,0.5394927462385201,0.18791234554251096,0.2110509518335565,0.8012729249227758
R776,When Good and Reproducible Results are a Giant with Feet of Clay: The Importance of Software Quality in NLP,0,ALL,recent,0.4296809076804205,0.5959798489052293,0.440570890551996,0.0,0.28891122048467005,0.0,0.28891122048467005
R777,On Codex Prompt Engineering for OCL Generation: An Empirical Study,0,ALL,recent,0.6036402427514006,0.48442980246739653,0.6039861822242718,0.3400329658451864,0.07719842720098774,0.2976744555750501,0.5214174524974416
R778,FMAS: Fast Multi-Objective SuperNet Architecture Search for Semantic Segmentation,0,ALL,recent,0.8078388374566832,0.44375447054421435,0.6284047846700592,0.7391736831325073,0.0,0.34215495745813396,0.8589279182428542
R779,On the Local Cache Update Rules in Streaming Federated Learning,0,ALL,recent,0.6080504574138097,0.5827528551039748,0.5374838088529722,0.3486534769034806,0.26380747652549413,0.17653488788116084,0.674248164187381
R780,Cascaded Local Implicit Transformer for Arbitrary-Scale Super-Resolution,0,ALL,recent,0.7451348282694841,0.44375447054421435,0.5978398224648697,0.6166080835019534,0.0,0.286478353445161,0.7168755072077597
R781,Self-accumulative Vision Transformer for Bone Age Assessment Using the Sauvegrain Method,0,ALL,recent,0.5093586179943421,0.6338698051453939,0.578721792163152,0.15574357155792573,0.3608232342324395,0.2516532816694783,0.6046454543746826
R782,AraSpot: Arabic Spoken Command Spotting,0,ALL,recent,0.48279583936657744,0.5760051308367576,0.4712680734157941,0.10382212454732082,0.25100085206822165,0.05591745486704117,0.37439408581900685
R783,G-Eval: NLG Evaluation using GPT-4 with Better Human Alignment,0,ALL,recent,0.703925338261896,0.5617979092665084,0.7477396392792496,0.5360571599051815,0.22403671660177937,0.5595332548830692,0.9559305157160352
R784,How can Deep Learning Retrieve the Write-Missing Additional Diagnosis from Chinese Electronic Medical Record For DRG,0,ALL,recent,0.4976291295316357,0.9231913544873045,0.6116702030705394,0.13281630095072555,0.9099316866657173,0.3116715344202003,1.1518330246635131
R785,Does Sparsity Help in Learning Misspecified Linear Bandits?,0,ALL,recent,0.7826508290391003,0.44375447054421435,0.5048209006156105,0.6899394571999378,0.0,0.11703670183285961,0.7309023028414386
R786,TreePiece: Faster Semantic Parsing via Tree Tokenization,0,ALL,recent,0.687526879268406,0.4437545147064719,0.6500884761583412,0.5040035960963071,8.381632466394887e-08,0.3816535930667057,0.6375824374859788
R787,Model-agnostic explainable artificial intelligence for object detection in image data,0,ALL,recent,0.531002081448496,0.4784616074009253,0.5039463608823405,0.19804938438754469,0.06587128491164147,0.11544365545197392,0.30432594870737706
R788,Visual Response to Emotional State of User Interaction,0,ALL,recent,0.7486777332355893,0.44375459956841723,0.4969992955352134,0.6235332909525386,2.448773018447628e-07,0.10278900193767744,0.6595096865080277
R789,Fine-Tuning BERT with Character-Level Noise for Zero-Shot Transfer to Dialects and Closely-Related Languages,0,ALL,recent,0.42968111924113417,0.44375447054421435,0.4405709256627469,4.135312249621329e-07,0.0,6.395713373777063e-08,4.359162217703526e-07
R790,AceCoder: Utilizing Existing Code to Enhance Code Generation,0,ALL,recent,0.5214125277151775,0.5470442621303518,0.5152392057592934,0.17930497842771745,0.1960355104520512,0.1360145054393914,0.4229455657835557
R791,CoSMo: a Framework to Instantiate Conditioned Process Simulation Models,0,ALL,recent,0.6041579930900061,0.5638323211465623,0.5437665430170568,0.34104499651966286,0.22789786265747164,0.1879794072567852,0.6347356517170093
R792,Mask Hierarchical Features For Self-Supervised Learning,0,ALL,recent,0.7496445319834176,0.44375447054421435,0.5968130381411867,0.6254230627515935,0.0,0.28460798096399625,0.7250358560889922
R793,From Conception to Deployment: Intelligent Stroke Prediction Framework using Machine Learning and Performance Evaluation,0,ALL,recent,0.4296811220683235,0.5606918726321599,0.4625702425355352,4.1905744502804525e-07,0.2219375502382539,0.04007363728136917,0.23596374234417813
R794,Knowledge Graph Embedding with 3D Compound Geometric Transformations,0,ALL,recent,0.813897135649547,0.48004284931562385,0.8157862084565021,0.7510156524160384,0.06887235172701602,0.6834857028229525,1.0591080001310877
R795,Querying Large Language Models with SQL,0,ALL,recent,0.7706406773319636,0.481802806665643,0.506428696170261,0.6664635827746762,0.07221260570746019,0.1199654342758821,0.7806640904786952
R796,Multimodal Hyperspectral Image Classification via Interconnected Fusion,0,ALL,recent,0.4949622219569753,0.9123102067312305,0.6812855359506824,0.12760337867853622,0.8892801651367259,0.4384816150602127,1.1703521090863367
R797,Improving Few-Shot Inductive Learning on Temporal Knowledge Graphs using Confidence-Augmented Reinforcement Learning,0,ALL,recent,0.45260126002788537,0.8313643943852956,0.8053202938747346,0.044801708305824056,0.7356516855114367,0.6644211746913348,1.0130008049592278
R798,Properties and Potential Applications of Random Functional-Linked Types of Neural Networks,0,ALL,recent,0.5635903424173324,0.47680713714858763,0.5007178210966922,0.2617486565447358,0.06273123674749861,0.10956260348210925,0.3628268045109726
R799,RegionPLC: Regional Point-Language Contrastive Learning for Open-World 3D Scene Understanding,0,ALL,recent,0.6320947786420484,0.4751031282417055,0.4854511631052736,0.39565217263680486,0.059497168300406134,0.08175312457997658,0.4837629345402028
R800,Hate Speech Targets Detection in Parler using BERT,0,ALL,recent,0.5619672521728352,0.6377804968737067,0.5723882496494228,0.2585760519274234,0.36824540478199563,0.2401162106870592,0.7108621304498898
R801,Abnormal Event Detection via Hypergraph Contrastive Learning,0,ALL,recent,0.5767901822657834,0.6835134590925401,0.47716431980986834,0.2875499778162782,0.45504279739341225,0.06665795483697258,0.7659230594026308
R802,Spam-T5: Benchmarking Large Language Models for Few-Shot Email Spam Detection,0,ALL,recent,0.602157113709741,0.5371265676176304,0.857904954883144,0.3371339390895319,0.1772125437633491,0.7602084793988322,0.7804194506424722
R803,Efficiently Aligned Cross-Lingual Transfer Learning for Conversational Tasks using Prompt-Tuning,0,ALL,recent,0.7712102728292821,0.44375459214639923,0.596541888489036,0.6675769535874942,2.3079092346303758e-07,0.28411405946951834,0.7670171051927491
R804,Handling Concept Drift in Global Time Series Forecasting,0,ALL,recent,0.5548643285943115,0.5431968846251816,0.5466970715951518,0.24469218550777053,0.18873350507915024,0.19331760718963478,0.5010868531032929
R805,Beyond Unimodal: Generalising Neural Processes for Multimodal Uncertainty Estimation,0,ALL,recent,0.505018810568987,0.9207453703232569,0.47348391984627475,0.14726068336202439,0.9052894103401151,0.059953802219124115,1.073533924478833
R806,Spatiotemporal and Semantic Zero-inflated Urban Anomaly Prediction,0,ALL,recent,0.5722373159566072,0.9414752169392668,0.5066559384694066,0.2786506299682647,0.9446329504960006,0.12037937489912226,1.265416361678958
R807,Locate Then Generate: Bridging Vision and Language with Bounding Box for Scene-Text VQA,0,ALL,recent,0.4996859136715195,0.7946780030039026,0.4950992784890096,0.13683663369632193,0.6660239386580842,0.0993279639036953,0.8376253597206995
R808,Q2ATransformer: Improving Medical VQA via an Answer Querying Decoder,0,ALL,recent,0.6159651744300303,0.5408064380106846,0.47319554828135774,0.3641241310063647,0.1841966344447421,0.059428509587623336,0.569120743806775
R809,Multidimensional Perceptron for Efficient and Explainable Long Text Classification,0,ALL,recent,0.6691087942556518,0.47110445354500485,0.5516328445710132,0.4680023313782037,0.05190801332911649,0.2023085254714939,0.590718328622343
R810,SC-ML: Self-supervised Counterfactual Metric Learning for Debiased Visual Question Answering,0,ALL,recent,0.5699129713991891,0.5594594862967986,0.5890789314246228,0.27410730509764175,0.2195985825569685,0.2705196665678773,0.5883877709533674
R811,Towards Open-Vocabulary Video Instance Segmentation,0,ALL,recent,0.46273697109245904,0.7357435803906447,0.4779821473163742,0.06461367121560754,0.5541712623889854,0.06814769521109648,0.6426366269284768
R812,Learning Invariant Representation via Contrastive Feature Alignment for Clutter Robust SAR Target Recognition,0,ALL,recent,0.5172584398792976,0.7575512113814847,0.6739762560169223,0.17118511060550887,0.5955603484486097,0.4251671577492584,0.915553964266359
R813,Exploration of Lightweight Single Image Denoising with Transformers and Truly Fair Training,0,ALL,recent,0.49272277182729945,0.6050735318105935,0.46591418033018017,0.12322599433669931,0.3061702810642969,0.04616489625910322,0.44555398909168237
R814,MEGClass: Extremely Weakly Supervised Text Classification via Mutually-Enhancing Text Granularities,0,ALL,recent,0.6939279414895271,0.6182230868508211,0.5367817764797997,0.5165155556914576,0.33112705263817144,0.17525607790969702,0.9089822355980229
R815,Document-Level Machine Translation with Large Language Models,0,ALL,recent,0.46714551424349693,0.5407172044211852,0.4724079664447448,0.07323091502199623,0.184027276447225,0.05799386420018482,0.2775560439392859
R816,Large Language Models as Master Key: Unlocking the Secrets of Materials Science with GPT,0,ALL,recent,0.4296809076804205,0.5081996776431423,0.4490061585925869,0.0,0.12231169097955705,0.015365537679595977,0.12768962916741564
R817,Trap-Based Pest Counting: Multiscale and Deformable Attention CenterNet Integrating Internal LR and HR Joint Feature Learning,0,ALL,recent,0.6769513037860293,0.6983592552440286,0.8840272677276017,0.4833318437277151,0.48321889477857477,0.8077924305380528,1.2492780891946085
R818,Evaluation of ChatGPT Family of Models for Biomedical Reasoning and Classification,0,ALL,recent,0.49576531175006394,0.483688451023941,0.6875651452056463,0.12917315361514714,0.0757914032694797,0.4499204421556855,0.3624367116391167
R819,BotTriNet: A Unified and Efficient Embedding for Social Bots Detection via Metric Learning,0,ALL,recent,0.8920314328808121,0.4608311641396734,0.5586995889362874,0.9037423618561259,0.032410156845242136,0.21518118420553514,1.0114659331733054
R820,HOTGP -- Higher-Order Typed Genetic Programming,0,ALL,recent,0.7231926886487929,0.44375447054421435,0.5165916106495672,0.5737184575490347,0.0,0.13847802268621448,0.6221857654892098
R821,Adaptive Feature Fusion: Enhancing Generalization in Deep Learning Models,0,ALL,recent,0.6856691492031484,0.5575303265655212,0.48995723434571414,0.5003723482327095,0.2159371964039222,0.0899613056476979,0.7477960016133259
R822,Evaluating the Logical Reasoning Ability of ChatGPT and GPT-4,0,ALL,recent,0.5978958548314969,0.5479119015065618,0.47044694154397715,0.32880458732457907,0.19768221847025616,0.054421695318487895,0.545534399156306
R823,Local Rose Breeds Detection System Using Transfer Learning Techniques,0,ALL,recent,0.4621040763906945,0.7182210759994601,0.768424140262196,0.06337657139327903,0.5209149934007807,0.5972117824304686,0.7933156886447237
R824,EPINN-NSE: Enhanced Physics-Informed Neural Networks for Solving Navier-Stokes Equations,0,ALL,recent,0.8093175797659651,0.5451242765723103,0.563916480273387,0.7420641352772038,0.19239153612359733,0.22468418280911567,1.0130951353839917
R825,Safe Explicable Planning,0,ALL,recent,0.6600913466410347,0.5816696153177656,0.5443704438362441,0.45037620366565095,0.26175157670063687,0.1890794624947822,0.7783055922394615
R826,High-Fidelity Clothed Avatar Reconstruction from a Single Image,0,ALL,recent,0.43672418796876833,0.8729770967967762,0.4462546241477132,0.013767283513406448,0.814629164633572,0.010353390349367076,0.8320201347692571
R827,EMP-SSL: Towards Self-Supervised Learning in One Training Epoch,0,ALL,recent,0.6541294722488161,0.4437546338967635,0.6259205630125123,0.43872271102177873,3.100296734585245e-07,0.33762974245609456,0.5568934309110852
R828,DREAM: Adaptive Reinforcement Learning based on Attention Mechanism for Temporal Knowledge Graph Reasoning,0,ALL,recent,0.5023585161526098,0.8536022943550173,0.6908976825891983,0.14206068762708426,0.7778573866267358,0.45599093434268223,1.0795149012737588
R829,Improving Performance Insensitivity of Large-scale Multiobjective Optimization via Monte Carlo Tree Search,0,ALL,recent,0.5359243105702436,0.8023658763407984,0.710957634246266,0.2076707143733971,0.680614888554931,0.4925317936911133,1.0606717307202178
R830,Surrogate Lagrangian Relaxation: A Path To Retrain-free Deep Neural Network Pruning,0,ALL,recent,0.5546459783226887,0.4532507531853442,0.5244596709209116,0.24426538294254632,0.018023161692589638,0.15281034454995532,0.3157721652276203
R831,RoboPianist: Dexterous Piano Playing with Deep Reinforcement Learning,0,ALL,recent,0.6618752366379845,0.6668951365129194,0.5080556956874142,0.4538631186171072,0.42350259095359194,0.12292914832328423,0.9203909114838487
R832,Transformer Utilization in Medical Image Segmentation Networks,0,ALL,recent,0.5511026808449164,0.44375482543854544,0.5087198459429777,0.2373394082614689,6.735601871519475e-07,0.12413895288760488,0.28078871533231775
R833,Video ChatCaptioner: Towards Enriched Spatiotemporal Descriptions,0,ALL,recent,0.6584511966924756,0.44375447054421435,0.5012404287171699,0.44717025296911705,0.0,0.11051457644200255,0.48585035472381793
R834,Embarrassingly Simple MixUp for Time-series,0,ALL,recent,0.7680379728773125,0.44375469076918633,0.552498690519358,0.661376156367968,4.179688440994115e-07,0.20388573540483515,0.7327365817285043
R835,Is ChatGPT a Good Sentiment Analyzer? A Preliminary Study,0,ALL,recent,0.42968110129057724,0.4437545980090021,0.4405709903067536,3.7844382301896225e-07,2.4191766042478307e-07,1.817115330025484e-07,6.839605199946372e-07
R836,WebBrain: Learning to Generate Factually Correct Articles for Queries by Grounding on Large Web Corpus,0,ALL,recent,0.7460853540635859,0.44375447054421435,0.4964328799755518,0.6184660470584875,0.0,0.10175722919703555,0.6540810772774499
R837,H2RBox-v2: Incorporating Symmetry for Boosting Horizontal Box Supervised Oriented Object Detection,0,ALL,recent,0.9496763981565728,0.45899862238614053,0.8992318346274696,1.0,0.028932143649921423,0.8354888053867995,1.3213532255353013
R838,BerDiff: Conditional Bernoulli Diffusion Model for Medical Image Segmentation,0,ALL,recent,0.5555521485527594,0.46697359221182744,0.8026050241843844,0.24603664604128042,0.04406797901768354,0.6594750866077582,0.5209209053716793
R839,Toward Cohort Intelligence: A Universal Cohort Representation Learning Framework for Electronic Health Record Analysis,0,ALL,recent,0.7223670294121199,0.7026818625381194,0.547034400901673,0.5721045668146926,0.4914228471185712,0.19393208039248278,1.1314036420706328
R840,Probably Approximately Correct Federated Learning,0,ALL,recent,0.5208319759701266,0.443754669734624,0.4678752763147503,0.1781701917741831,3.7804697866554494e-07,0.04973719462581944,0.19557858794019858
R841,Incorporating Structured Sentences with Time-enhanced BERT for Fully-inductive Temporal Relation Prediction,0,ALL,recent,0.5399808080046631,0.681119094795263,0.6252213745124136,0.21559982523718743,0.45049849132001435,0.33635611283440264,0.7838229560492427
R842,A Cheaper and Better Diffusion Language Model with Soft-Masked Noise,0,ALL,recent,0.5681355831663387,0.7644734798813547,0.4789466953902024,0.2706330989446472,0.6086982434721125,0.06990469922103085,0.9037979871441205
R843,DISTO: Evaluating Textual Distractors for Multi-Choice Questions using Negative Sampling based Approach,0,ALL,recent,0.5690636743250589,0.5228757094128206,0.5224192378717188,0.2724472102089007,0.15016558956139445,0.1490935271649955,0.4747955342780436
R844,Explicit and Implicit Semantic Ranking Framework,0,ALL,recent,0.6924313011276338,0.6522150006613482,0.5918373422505218,0.5135901187733956,0.3956409031626132,0.27554433979428816,1.0056715408640096
R845,Relational Context Learning for Human-Object Interaction Detection,0,ALL,recent,0.6551957382718401,0.868294783710155,0.5765917545697212,0.4408069084466588,0.805742520349208,0.2477732422038298,1.3332700635672072
R846,Teaching Large Language Models to Self-Debug,0,ALL,recent,0.5355832069544622,0.6740590541261285,0.585857634881084,0.20700396961901327,0.43709911607554186,0.26465180876197053,0.7367312187612448
R847,Decoupling anomaly discrimination and representation learning: self-supervised learning for anomaly detection on attributed graph,0,ALL,recent,0.5971717270512309,0.443754675729318,0.5530610650823697,0.32738915700763593,3.894244136771066e-07,0.20491014713620184,0.39910809792972024
R848,Asymmetric Polynomial Loss For Multi-Label Classification,0,ALL,recent,0.5421312003227889,0.6464298957930829,0.6147236671272991,0.2198031310118657,0.38466125097768955,0.3172336714846848,0.7154961670091948
R849,Are Large Language Models Ready for Healthcare? A Comparative Study on Clinical Language Understanding,0,ALL,recent,0.46380953964073,0.5937193708990617,0.4700708698240544,0.06671018799288791,0.28462101955580915,0.05373664960863053,0.37013903491171773
R850,Zero-shot Temporal Relation Extraction with ChatGPT,0,ALL,recent,0.5376868800872816,0.6342060040905156,0.440570890551996,0.2111159548380276,0.3614613121180495,0.0,0.5725772669560771
R851,Improving Diffusion Models for Scene Text Editing with Dual Encoders,0,ALL,recent,0.5917157369107974,0.6159936261661393,0.5686109351737918,0.3167245007630215,0.3268957200287926,0.233235520278207,0.7252526528891865
R852,ChatGPT Beyond English: Towards a Comprehensive Evaluation of Large Language Models in Multilingual Learning,0,ALL,recent,0.5849975386637201,0.44375447054421435,0.4562066049188361,0.303592645124705,0.0,0.028481745582355094,0.3135612560785293
R853,Boosting long-term forecasting performance for continuous-time dynamic graph networks via data augmentation,0,ALL,recent,0.7025310050092214,0.6048509226464172,0.5835286145235318,0.5333316995492309,0.30574778721993445,0.26040930575100424,0.9302227437820167
R854,Proximity Forest 2.0: A new effective and scalable similarity-based classifier for time series,0,ALL,recent,0.8577112399370856,0.44697002327487134,0.7450806515655725,0.8366577354963352,0.006102854030973095,0.554689689070165,1.036901980701866
R855,Learning Homographic Disambiguation Representation for Neural Machine Translation,0,ALL,recent,0.5174735453923388,0.5908290350921815,0.5790412893864333,0.1716055707408571,0.2791354004391603,0.25223527225937203,0.5390233164707976
R856,Representation Learning with Multi-Step Inverse Kinematics: An Efficient and Optimal Approach to Rich-Observation RL,0,ALL,recent,0.8911992104697818,0.44375447054421435,0.5386477501744152,0.9021156422865781,0.0,0.17865510316601133,0.9646449283946821
R857,Neural Attention Forests: Transformer-Based Forest Improvement,0,ALL,recent,0.5958584861229488,0.5293471295442597,0.6632536069232703,0.3248222053259061,0.16244781154417753,0.4056349664921736,0.6292422551423444
R858,RELS-DQN: A Robust and Efficient Local Search Framework for Combinatorial Optimization,0,ALL,recent,0.5140888098181685,0.48780707946660523,0.6090445154854046,0.1649895321395528,0.08360822056305224,0.30688862754277874,0.3560087723425776
R859,DDT: Dual-branch Deformable Transformer for Image Denoising,0,ALL,recent,0.6223832265514089,0.5631103309416746,0.6612305325475426,0.3766693002373858,0.22652758476085574,0.4019497693651489,0.7438793042760437
R860,AGIEval: A Human-Centric Benchmark for Evaluating Foundation Models,0,ALL,recent,0.7679377749816105,0.44375462774002067,0.440571011417538,0.6611803026206938,2.9834468304088126e-07,2.2016657101178093e-07,0.6611806780236767
R861,Masakhane-Afrisenti at SemEval-2023 Task 12: Sentiment Analysis using Afro-centric Language Models and Adapters for Low-resource African Languages,0,ALL,recent,0.4359817448610581,0.8091542280320095,0.4443688419439214,0.012316052788806289,0.6934986205141039,0.006918282256957853,0.7082360720928456
R862,LSFSL: Leveraging Shape Information in Few-shot Learning,0,ALL,recent,0.6252112115717,0.5617669331608622,0.5738424347759017,0.38219707564204,0.22397792650656362,0.24276512904347625,0.6911427973138203
R863,CiPR: An Efficient Framework with Cross-instance Positive Relations for Generalized Category Discovery,0,ALL,recent,0.6917382905704655,0.693158947642847,0.8005535366443417,0.5122355123360933,0.47334913960286445,0.6557381325543646,1.2150929983329855
R864,H2TNE: Temporal Heterogeneous Information Network Embedding in Hyperbolic Spaces,0,ALL,recent,0.5115063331432469,0.5954602066628276,0.7058036925818635,0.1599416443522069,0.2879249823417002,0.48314346311741535,0.6169668387850025
R865,SimpLex: a lexical text simplification architecture,0,ALL,recent,0.604343864546792,0.525077491382574,0.4774971495227761,0.34140831374372044,0.1543443902513424,0.06726423165828567,0.5192951850754628
R866,Fusing Structure from Motion and Simulation-Augmented Pose Regression from Optical Flow for Challenging Indoor Environments,0,ALL,recent,0.5517706279846892,0.696185299847687,0.6955550931805897,0.2386450240070803,0.4790929066312714,0.46447479254220914,0.8803041080281249
R867,Road Network Representation Learning: A Dual Graph based Approach,0,ALL,recent,0.5354540024167052,0.8676348973540015,0.5499212084614505,0.20675141747999615,0.804490110438389,0.19919063887812363,1.0809582515257283
R868,Medical Question Summarization with Entity-driven Contrastive Learning,0,ALL,recent,0.4608779579630857,0.7774328342596839,0.6496450228789206,0.06097991538601655,0.6332940298675781,0.38084580627898423,0.8275699774512391
R869,Tractable Control for Autoregressive Language Generation,0,ALL,recent,0.6889838777174019,0.4952139468903053,0.5455934210698982,0.506851546185572,0.09766584439942935,0.19130721657142477,0.6714749163850001
R870,STAS: Spatial-Temporal Return Decomposition for Multi-agent Reinforcement Learning,0,ALL,recent,0.6938566173892855,0.48528916434318564,0.8621859057721133,0.5163761406647706,0.0788294252056924,0.768006585146323,0.864007870671676
R871,Teacher Network Calibration Improves Cross-Quality Knowledge Distillation,0,ALL,recent,0.5700386266462544,0.44375447054421435,0.4812280782860356,0.27435291954722674,0.0,0.07406042665954564,0.30027406887806773
R872,MisRoBÆRTa: Transformers versus Misinformation,0,ALL,recent,0.7268633637481153,0.6090127578712359,0.6904883792466945,0.5808934133521677,0.3136466074245844,0.4552453544866109,1.053875894847066
R873,Neural Machine Translation For Low Resource Languages,0,ALL,recent,0.4296809076804205,0.7667275042333285,0.4658977020800535,0.0,0.6129761958972759,0.04613487976502183,0.6291234038150335
R874,Time-series Anomaly Detection via Contextual Discriminative Contrastive Learning,0,ALL,recent,0.6319627479050945,0.47011066354077957,0.516424094719084,0.3953940962130772,0.0500218818172915,0.13817287857824007,0.4937764855327527
R875,Causal Decision Transformer for Recommender Systems via Offline Reinforcement Learning,0,ALL,recent,0.7042171400016503,0.4437546981559708,0.5138731318119607,0.5366275357977254,4.319883521296586e-07,0.13352608887576262,0.5833620988925944
R876,Causal Disentangled Variational Auto-Encoder for Preference Understanding in Recommendation,0,ALL,recent,0.5107495909686158,0.44375462902361773,0.49462464075743856,0.15846246368096012,3.007808444600761e-07,0.09846337205984186,0.19292494468274923
R877,From Zero to Hero: Examining the Power of Symbolic Tasks in Instruction Tuning,0,ALL,recent,0.6913917136921964,0.6468815661953975,0.632942985410946,0.5115580691637386,0.3855184841709621,0.35042166506554046,1.01972413610764
R878,DeePLT: Personalized Lighting Facilitates by Trajectory Prediction of Recognized Residents in the Smart Home,0,ALL,recent,0.6232626597905522,0.6121291776918152,0.6210516754502857,0.37838830136168145,0.31956131536356475,0.3287606614814172,0.8130158482437422
R879,InstructUIE: Multi-task Instruction Tuning for Unified Information Extraction,0,ALL,recent,0.8139556906591136,0.4935266997679772,0.753854897910108,0.7511301080936246,0.09446358843777888,0.5706727037376602,1.0453291428395846
R880,Context-Dependent Embedding Utterance Representations for Emotion Recognition in Conversations,0,ALL,recent,0.4296810346496655,0.6992337043684761,0.44057109081475243,2.4818288097709666e-07,0.48487852713762014,3.647951570704083e-07,0.4848789029988061
R881,Base Placement Optimization for Coverage Mobile Manipulation Tasks,0,ALL,recent,0.5164099374921969,0.758224558609634,0.47560026914556247,0.16952656906708052,0.5968383059849228,0.06380890732602881,0.7886979926161134
R882,Compositional Probabilistic and Causal Inference using Tractable Circuit Models,0,ALL,recent,0.6651478019045458,0.5299291582668256,0.7553891149733619,0.4602599013655394,0.16355245408410193,0.5734674068793586,0.8245259478574168
R883,Deep Explainable Relational Reinforcement Learning: A Neuro-Symbolic Approach,0,ALL,recent,0.6776959686408576,0.44375447054421435,0.555397991595135,0.4847874172331244,0.0,0.20916705186211573,0.5579958853848649
R884,MELT: Mutual Enhancement of Long-Tailed User and Item for Sequential Recommendation,0,ALL,recent,0.722855136361487,0.752284396587223,0.5492050736984226,0.5730586544672764,0.5855643681024931,0.19788614023836223,1.2278831716531964
R885,RadarFormer: Lightweight and Accurate Real-Time Radar Object Detection Model,0,ALL,recent,0.9135590840605236,0.44375447054421435,0.5490790877507999,0.9458217999922346,0.0,0.1976566464254827,1.0150016262411534
R886,ImpressionGPT: An Iterative Optimizing Framework for Radiology Report Summarization with ChatGPT,0,ALL,recent,0.6275867547968302,0.44375447054421435,0.4679172824013281,0.386840476974914,0.0,0.04981371218317249,0.4042752762390244
R887,Improving Autoregressive NLP Tasks via Modular Linearized Attention,0,ALL,recent,0.5030771515410137,0.7969036976724697,0.8154392553619956,0.1434653821344562,0.670248123679303,0.682853699095147,1.0527123004970607
R888,Optimizing Group Utility in Itinerary Planning: A Strategic and Crowd-Aware Approach,0,ALL,recent,0.6327072196888656,0.736896834565023,0.7703957052826654,0.39684929232842464,0.5563600437514367,0.6008031510110543,1.1634904389337302
R889,CyFormer: Accurate State-of-Health Prediction of Lithium-Ion Batteries via Cyclic Attention,0,ALL,recent,0.6321800030460893,0.8598923679023713,0.8922208095680644,0.39581875816012035,0.7897954277409747,0.8227176439720716,1.4735653612913202
R890,(LC)$^2$: LiDAR-Camera Loop Constraints For Cross-Modal Place Recognition,0,ALL,recent,0.8785617476929627,0.44375447054421435,0.5335522343281619,0.8774135821930132,0.0,0.16937320004736434,0.9366942022095908
R891,Speaker Profiling in Multiparty Conversations,0,ALL,recent,0.4690055719050582,0.8600925446765426,0.5754420174925605,0.07686671256655268,0.7901753467581661,0.24567890112353097,0.9530296747179546
R892,"UPGPT: Universal Diffusion Model for Person Image Generation, Editing and Pose Transfer",0,ALL,recent,0.7352812365790377,0.4924021483705636,0.596993146184833,0.5973475706621977,0.09232928258009213,0.2849360626464904,0.7894044751685614
R893,D2CSE: Difference-aware Deep continuous prompts for Contrastive Sentence Embeddings,0,ALL,recent,0.515796922182385,0.5391865894003524,0.4538409595243269,0.1683283268812342,0.18112229530333027,0.024172527040516437,0.3579110066487452
R894,AutoSTL: Automated Spatio-Temporal Multi-Task Learning,0,ALL,recent,0.6111765858625681,0.525086303282726,0.5664545982691576,0.35476402410470204,0.15436111451148293,0.22930757444428423,0.5893827896716846
R895,Pretrained Language Models as Visual Planners for Human Assistance,0,ALL,recent,0.5221603541467522,0.8373311821484555,0.5711035042303788,0.18076673177002586,0.7469761568550992,0.23777594075728162,1.0109644678901737
R896,Large Language Models Based Automatic Synthesis of Software Specifications,0,ALL,recent,0.5858547328984355,0.7979848600777494,0.6066526358927955,0.3052681763505329,0.6723000808063906,0.30253162124156374,1.0834543245914707
R897,Local object crop collision network for efficient simulation of non-convex objects in GPU-based simulators,0,ALL,recent,0.695874345539175,0.8172658401025157,0.6253690256300997,0.520320131867061,0.708893791599376,0.3366250715445851,1.347032698507042
R898,MMDR: A Result Feature Fusion Object Detection Approach for Autonomous System,0,ALL,recent,0.5512328842261224,0.44375468460303447,0.5760490090746031,0.2375939128090775,4.0626599612008294e-07,0.24678458644143575,0.32396892432957614
R899,Topological Guided Actor-Critic Modular Learning of Continuous Systems with Temporal Objectives,0,ALL,recent,0.6793204198784408,0.46996883634677805,0.4914373327591953,0.4879626821417936,0.049752705493618855,0.09265742719741242,0.5701454871545069
R900,ID-MixGCL: Identity Mixup for Graph Contrastive Learning,0,ALL,recent,0.49474508625159047,0.5712756593651493,0.4889783364445099,0.12717895018860914,0.24202470505632684,0.08817816224157826,0.4000660120294884
R901,Bandit Algorithm Driven by a Classical Random Walk and a Quantum Walk,0,ALL,recent,0.5422216493370239,0.7709643210099865,0.5664240538311315,0.21997992892015578,0.621017324906732,0.22925193522675927,0.9212354311562535
R902,Can ChatGPT Reproduce Human-Generated Labels? A Study of Social Computing Tasks,0,ALL,recent,0.4296809076804205,0.6743064284273649,0.518594351742316,0.0,0.43756861210870157,0.1421261810583049,0.4873127754791083
R903,Automated Dynamic Bayesian Networks for Predicting Acute Kidney Injury Before Onset,0,ALL,recent,0.7660011935695699,0.7043978046484164,0.85018856126699,0.6573949264529351,0.49467956380211414,0.7461524308786122,1.4132278410625636
R904,Spiking-Fer: Spiking Neural Network for Facial Expression Recognition With Event Cameras,0,ALL,recent,0.6236381099470414,0.7496162557472188,0.6700544725419056,0.37912218224358973,0.5805004567178719,0.4180233051216228,1.1059307957540296
R905,Controllable Neural Symbolic Regression,0,ALL,recent,0.7729166524264872,0.5140046423677795,0.47473535786163945,0.6709123613427528,0.1333290355348648,0.062233399961156045,0.8260230868640223
R906,Inducing Stackelberg Equilibrium through Spatio-Temporal Sequential Decision-Making in Multi-Agent Reinforcement Learning,0,ALL,recent,0.6390656674902401,0.465048806295737,0.45675738023275525,0.40927795482699647,0.04041489400533714,0.02948502832313964,0.4600126087454325
R907,Breast cancer detection using deep learning,0,ALL,recent,0.7115517547818004,0.49774226157513946,0.7110111758428868,0.5509642818884642,0.10246437726713825,0.4926293241331031,0.8258489226021886
R908,Phoenix: Democratizing ChatGPT across Languages,0,ALL,recent,0.8372489568476668,0.810843839750024,0.6095280364065943,0.7966607396235933,0.6967053642834581,0.3077694008504746,1.6010853942047174
R909,Why Does ChatGPT Fall Short in Providing Truthful Answers?,0,ALL,recent,0.4296809076804205,0.44375467496630505,0.44057091435906026,0.0,3.8797627802848313e-07,4.336653455884599e-08,4.031545651240792e-07
R910,Meta Semantics: Towards better natural language understanding and reasoning,0,ALL,recent,0.8994061221907219,0.44375447054421435,0.6125736792513069,0.9181574403985464,0.0,0.31331729093100674,1.0278184922243987
R911,Interactive System-wise Anomaly Detection,0,ALL,recent,0.5334759709739932,0.4569184509032802,0.5122912472712253,0.20288502021119809,0.02498414963997849,0.13064455548542153,0.2735947642710741
R912,Graph based Label Enhancement for Multi-instance Multi-label learning,0,ALL,recent,0.7336523244566249,0.8115090136868498,0.9121235104131153,0.5941635861990517,0.6979678095865478,0.8589720579739453,1.5927716160764804
R913,Multi-scale Evolutionary Neural Architecture Search for Deep Spiking Neural Networks,0,ALL,recent,0.5749816452165581,0.4734958662736064,0.5713074316729277,0.2840148860292348,0.056446717568460265,0.23814741144289717,0.4238131976027091
R914,"Contrastive Language, Action, and State Pre-training for Robot Learning",0,ALL,recent,0.6540757174198807,0.4437546777977818,0.5529758049509135,0.4386176381097447,3.9335018755476645e-07,0.2047548387623417,0.5102822250267518
R915,Can SAM Count Anything? An Empirical Study on SAM Counting,0,ALL,recent,0.6117162605139721,0.7608530632496946,0.5810155376886041,0.3558189095595901,0.6018269911291866,0.2558315286592765,1.0471869357195236
R916,BERT Based Clinical Knowledge Extraction for Biomedical Knowledge Graph Construction and Analysis,0,ALL,recent,0.42968097013375117,0.7480132789821424,0.45349199339334206,1.2207560604444847e-07,0.5774581389480421,0.02353685640044336,0.5856961607638034
R917,SkillGPT: a RESTful API service for skill extraction and standardization using a Large Language Model,0,ALL,recent,0.5041279999649669,0.8813042970784126,0.6193447969634004,0.1455194432522729,0.8304335043730489,0.3256514412908409,1.089930952077116
R918,CEIL: A General Classification-Enhanced Iterative Learning Framework for Text Clustering,0,ALL,recent,0.576825123824567,0.6820719869199866,0.897928616348324,0.2876182770073483,0.45230700202767854,0.8331148856160714,1.0315154890006517
R919,Conversational Process Modeling: Can Generative AI Empower Domain Experts in Creating and Redesigning Process Models?,0,ALL,recent,0.4296809076804205,0.8305995423987075,0.46199821816978626,0.0,0.7342000594861674,0.0390316476370251,0.7478611361591262
R920,HeRo: RoBERTa and Longformer Hebrew Language Models,0,ALL,recent,0.6014105162968117,0.5246533438392764,0.6969200993207498,0.3356745880721973,0.1535393931758281,0.46696126400684806,0.6526504236504223
R921,ChatABL: Abductive Learning via Natural Language Interaction with ChatGPT,0,ALL,recent,0.5865818083754171,0.6137194466974012,0.5098859838526253,0.30668936843965233,0.322579514853358,0.12626316943935775,0.6734609925967856
R922,SSS3D: Fast Neural Architecture Search For Efficient Three-Dimensional Semantic Segmentation,0,ALL,recent,0.7718618717542458,0.44375452668686693,0.7312055244095571,0.6688506139800598,1.0655412687088478e-07,0.5294149985565956,0.8541459700289952
R923,Knowledge Distillation from 3D to Bird's-Eye-View for LiDAR Semantic Segmentation,0,ALL,recent,0.834309508779573,0.5020251430828447,0.6818171648537861,0.7909150908250737,0.1105929333390951,0.43945002103177083,1.0553155315252887
R924,Fast Diffusion Probabilistic Model Sampling through the lens of Backward Error Analysis,0,ALL,recent,0.6736879458144676,0.5750299923657708,0.4994751505040748,0.4769530581958441,0.24915011962907327,0.10729897632499878,0.763657819538667
R925,Boosting Theory-of-Mind Performance in Large Language Models via Prompting,0,ALL,recent,0.6205466632642402,0.6102065490420933,0.8104319967065142,0.3730794264243851,0.31591232466496644,0.6737325637415286,0.9247981483988865
R926,LayerNAS: Neural Architecture Search in Polynomial Complexity,0,ALL,recent,0.7143583059322371,0.44375447054421435,0.5915302902793209,0.5564501611664565,0.0,0.2749850192593179,0.6526949179072178
R927,Divide and Prompt: Chain of Thought Prompting for Text-to-SQL,0,ALL,recent,0.5650952522232492,0.6978669169840592,0.6524621120094067,0.2646902574908799,0.48228447734364666,0.38597736688535395,0.8820668132444005
R928,Differentiate ChatGPT-generated and Human-written Medical Texts,0,ALL,recent,0.4879497221274993,0.7586495540000727,0.6126613816086514,0.11389626078208845,0.5976449122044246,0.3134770480211052,0.8212581397938999
R929,Modality-Aware Negative Sampling for Multi-modal Knowledge Graph Embedding,0,ALL,recent,0.5775534601542073,0.654181867019693,0.7541681860878748,0.28904193364640907,0.3993738533857488,0.571243384038142,0.8883509714455076
R930,Probabilistic Planning with Prioritized Preferences over Temporal Logic Objectives,0,ALL,recent,0.5691857585310885,0.5134331565549274,0.47149259774942825,0.2726858444543247,0.13224440256854547,0.056326444491536905,0.4246445025949081
R931,Hierarchical Diffusion Autoencoders and Disentangled Image Manipulation,0,ALL,recent,0.5788726502442049,0.6723350584223533,0.48527997672555334,0.29162051397170424,0.43382711433541943,0.08144129444545475,0.7539520813630328
R932,Is ChatGPT the Ultimate Programming Assistant -- How far is it?,0,ALL,recent,0.5566727896221013,0.7488492083540012,0.5348959457885027,0.24822712869805066,0.579044663991783,0.17182088149329097,0.8874091012124855
R933,A Forward and Backward Compatible Framework for Few-shot Class-incremental Pill Recognition,0,ALL,recent,0.5605218244891549,0.6035055754895192,0.46770431733972523,0.25575071885750794,0.30319442921051526,0.04942577872773867,0.5762441706227317
R934,AMR Parsing with Instruction Fine-tuned Pre-trained Language Models,0,ALL,recent,0.5145570400327611,0.7225199960639029,0.5096584872805704,0.1659047673495592,0.5290739893313983,0.12584876563700467,0.7390258246539091
R935,DocParser: End-to-end OCR-free Information Extraction from Visually Rich Documents,0,ALL,recent,0.506519361350086,0.710125148005665,0.4740038462192205,0.1501937638563262,0.5055495894002979,0.06090089106510626,0.6770586651294114
R936,Empirical Evaluation of ChatGPT on Requirements Information Retrieval Under Zero-Shot Setting,0,ALL,recent,0.4296809076804205,0.8491345080929884,0.5653849278159624,0.0,0.7693778965724151,0.22735908133485017,0.8489535750396127
R937,MMRDN: Consistent Representation for Multi-View Manipulation Relationship Detection in Object-Stacked Scenes,0,ALL,recent,0.6038631296786579,0.6861328649372516,0.7555948151684955,0.340468636071751,0.46001421377409946,0.5738421067802765,1.0013275872189473
R938,State Spaces Aren't Enough: Machine Translation Needs Attention,0,ALL,recent,0.5612618771395498,0.6042287865493728,0.5423509686214611,0.2571972770286615,0.3045670241892237,0.1854008215367903,0.6266545887557619
R939,Out-of-distribution Evidence-aware Fake News Detection via Dual Adversarial Debiasing,0,ALL,recent,0.7011625845060847,0.606251977712986,0.6897338855691979,0.5306568900484065,0.3084068742500134,0.4538709819148321,0.9979186079686112
R940,Blockchain-based Federated Learning with Secure Aggregation in Trusted Execution Environment for Internet-of-Things,0,ALL,recent,0.6214353451430676,0.7059659779021743,0.5587116259995176,0.37481650558042606,0.49765582737624786,0.21520311071074238,0.9477934217054338
R941,Answering Questions by Meta-Reasoning over Multiple Chains of Thought,0,ALL,recent,0.5904217031854321,0.4530312525336583,0.5506556344455309,0.3141950928105243,0.01760656754870543,0.2005284564883001,0.40198662013013475
R942,Introducing MBIB -- the first Media Bias Identification Benchmark Task and Dataset Collection,0,ALL,recent,0.4732736821841788,0.6991981737649838,0.499222908746377,0.08520945655422968,0.48481109298091096,0.10683949712248583,0.6074143735280108
R943,Exploiting CNNs for Semantic Segmentation with Pascal VOC,0,ALL,recent,0.8252693372774706,0.44375447054421435,0.6214501687759371,0.7732445454280432,0.0,0.32948654999864024,0.8885648379275672
R944,ESPT: A Self-Supervised Episodic Spatial Pretext Task for Improving Few-Shot Learning,0,ALL,recent,0.7764226196176233,0.6402419683524905,0.9283456124051043,0.6777653676598412,0.3729170747543774,0.8885219570643711,1.3616651273867486
R945,Neuro-symbolic Zero-Shot Code Cloning with Cross-Language Intermediate Representation,0,ALL,recent,0.7203457566747395,0.7004368402166911,0.6146925916239067,0.568153647116172,0.4871619798053631,0.317177064887717,1.166327599632236
R946,ElegansNet: a brief scientific report and initial experiments,0,ALL,recent,0.5839716602939607,0.5567388169888894,0.5521588208111909,0.3015873922043984,0.21443497647008392,0.20326663465049472,0.5871656908021554
R947,Rumor Detection with Hierarchical Representation on Bipartite Adhoc Event Trees,0,ALL,recent,0.6445567618569927,0.9159973702134603,0.5528278665333591,0.42001122822391335,0.8962780975002189,0.20448535671171184,1.3878592005732315
R948,Rotation and Translation Invariant Representation Learning with Implicit Neural Representations,0,ALL,recent,0.6540575220873612,0.4437545883523047,0.5130113101519301,0.4385820722524792,2.2359004476877905e-07,0.13195620951608267,0.4847669691731529
R949,ChatLog: Recording and Analyzing ChatGPT Across Time,0,ALL,recent,0.5860689172171955,0.48962366885787695,0.48902988444835,0.3056868358557314,0.08705595748972376,0.0882720611896024,0.42363801476181606
R950,ChatGPT vs State-of-the-Art Models: A Benchmarking Study in Keyphrase Generation Task,0,ALL,recent,0.5095968014130886,0.443754589698021,0.5133878323942093,0.1562091413662862,2.2614410341204663e-07,0.13264207588963547,0.20263409407176203
R951,Towards Medical Artificial General Intelligence via Knowledge-Enhanced Multimodal Pretraining,0,ALL,recent,0.54267703852454,0.8303921072277037,0.7102740171600912,0.2208700641691882,0.7338063646300836,0.4912865286864343,1.1266267138395238
R952,An Efficient Ensemble Explainable AI (XAI) Approach for Morphed Face Detection,0,ALL,recent,0.5453329093043453,0.7387927383436557,0.8916236825517581,0.2260614131576762,0.5599583128475872,0.8216299277756913,1.0735902007267555
R953,pyBibX -- A Python Library for Bibliometric and Scientometric Analysis Powered with Artificial Intelligence Tools,0,ALL,recent,0.5504750519597912,0.6935437429674088,0.5279859944746568,0.23611260136908704,0.4740794494109458,0.1592338342570734,0.7659238927700086
R954,DIAMANT: Dual Image-Attention Map Encoders For Medical Image Segmentation,0,ALL,recent,0.4296810242531437,0.48558466100062136,0.4594452729887665,2.2786111931868147e-07,0.07939025350428548,0.03438124705886464,0.09142391783600742
R955,Let the Chart Spark: Embedding Semantic Context into Chart with Text-to-Image Generative Model,0,ALL,recent,0.6518571973579474,0.6301122240785839,0.4999641034908267,0.43428116512806536,0.35369165509779904,0.10818964458892757,0.8258391958319891
R956,X-RLflow: Graph Reinforcement Learning for Neural Network Subgraphs Transformation,0,ALL,recent,0.5235983159657217,0.865653657419248,0.493503647504639,0.18357747154364498,0.8007298803520162,0.09642139023050593,1.0180548384763384
R957,Benchmarking Automated Machine Learning Methods for Price Forecasting Applications,0,ALL,recent,0.5311576223920841,0.577089938933937,0.5065243081597143,0.19835341548962396,0.25305972841802754,0.12013959941438111,0.4934620037026849
R958,Synergy of Machine and Deep Learning Models for Multi-Painter Recognition,0,ALL,recent,0.51229707631352,0.5516408462004164,0.543464078489422,0.1614872857246579,0.20475944812946842,0.18742844312929688,0.4318466889493802
R959,Multi-to-Single Knowledge Distillation for Point Cloud Semantic Segmentation,0,ALL,recent,0.4296809288069261,0.726834687042152,0.45824064687789146,4.129533120109849e-08,0.5372629171564539,0.03218692106858128,0.5485283808257885
R960,MASK-CNN-Transformer For Real-Time Multi-Label Weather Recognition,0,ALL,recent,0.702442436224615,0.6080135917961081,0.6448326704458621,0.5331585768680093,0.3117502725733257,0.37207970871316526,0.9751367474909429
R961,MLCopilot: Unleashing the Power of Large Language Models in Solving Machine Learning Tasks,0,ALL,recent,0.6022222162744071,0.4437545402656028,0.4405709088863777,0.33726119307184044,1.3232544826023806e-07,3.339759106329217e-08,0.33726133708644557
R962,SAM on Medical Images: A Comprehensive Study on Three Prompt Modes,0,ALL,recent,0.8329233431577756,0.4437545403017371,0.5880951881650968,0.788205595486177,1.323940282168647e-07,0.26872769694123855,0.8822604218096386
R963,Zero-shot performance of the Segment Anything Model (SAM) in 2D medical imaging: A comprehensive evaluation and practical guidelines,0,ALL,recent,0.6995859716194178,0.46396375863147793,0.5794249905071976,0.527575133294023,0.038355562976960994,0.25293421555322315,0.654457671714612
R964,Beyond Prediction: On-street Parking Recommendation using Heterogeneous Graph-based List-wise Ranking,0,ALL,recent,0.705469606475608,0.6330758877055593,0.6932821187242243,0.5390756935214125,0.3593164443727178,0.4603343817709119,1.0595091715139495
R965,Hierarchical Dialogue Understanding with Special Tokens and Turn-level Attention,0,ALL,recent,0.662966532181178,0.6430656545677678,0.7320060426736841,0.4559962404758122,0.3782761984399614,0.530873208715592,1.0200780619662309
R966,Improving Classification of Retinal Fundus Image Using Flow Dynamics Optimized Deep Learning Methods,0,ALL,recent,0.7490888537813938,0.8416682310755257,0.9033065209745148,0.6243368956481575,0.7552075182240947,0.8429111832290658,1.6745633280024252
R967,MH-DETR: Video Moment and Highlight Detection with Cross-modal Transformer,0,ALL,recent,0.6099667638783607,0.6011856020901026,0.6407007275911107,0.3523992222545059,0.29879131092935834,0.36455303341143147,0.7787840948778653
R968,Causalainer: Causal Explainer for Automatic Video Summarization,0,ALL,recent,0.5397736167285393,0.4758005468368609,0.46238084372802235,0.21519483481750762,0.060820811307140565,0.03972863170486526,0.289920667221351
R969,Scaling Pareto-Efficient Decision Making Via Offline Multi-Objective RL,0,ALL,recent,0.6402127584250835,0.6566226178800244,0.6166912474056797,0.41152013822295963,0.40400619733226867,0.320817781528326,0.9278125590901424
R970,Part Aware Contrastive Learning for Self-Supervised Action Recognition,0,ALL,recent,0.7673518831605942,0.537052134176735,0.5151999606322483,0.6600350778847903,0.17707127522793467,0.1359430171979448,0.8846864091320057
R971,Evaluating statistical language models as pragmatic reasoners,0,ALL,recent,0.6666642968125874,0.5116293743526289,0.5141834203878802,0.46322414735475353,0.12882097263087325,0.13409130515364462,0.6389770767894024
R972,CLIP-S$^4$: Language-Guided Self-Supervised Semantic Segmentation,0,ALL,recent,0.8129898230666688,0.5296068969398037,0.7096034939443301,0.74924215639538,0.1629408286487943,0.49006511524856333,1.0837057753811716
R973,DRPT: Disentangled and Recurrent Prompt Tuning for Compositional Zero-Shot Learning,0,ALL,recent,0.5975296879998104,0.6575542860501303,0.6345069944356556,0.3280888522723516,0.40577442672351816,0.3532706367265193,0.8575080018501515
R974,"How Simulation Helps Autonomous Driving:A Survey of Sim2real, Digital Twins, and Parallel Intelligence",0,ALL,recent,0.42968111753116994,0.4437547626654376,0.44057095939949437,4.101888104435852e-07,5.544220027704134e-07,1.2541140663748475e-07,1.0085048055371183e-06
R975,Scalable Mask Annotation for Video Text Spotting,0,ALL,recent,0.5121515761264741,0.7693320597257269,0.6543506852107582,0.16120288098080188,0.617919427533359,0.3894175590104175,0.9154184541678071
R976,ARBEx: Attentive Feature Extraction with Reliability Balancing for Robust Facial Expression Learning,0,ALL,recent,0.670307168874828,0.5848762440750841,0.5307656637666103,0.47034475741579346,0.26783749376579935,0.164297231535832,0.795686282219134
R977,Summarizing Multiple Documents with Conversational Structure for Meta-Review Generation,0,ALL,recent,0.6454349133459776,0.703764840007492,0.8950738319480129,0.4217277239505672,0.4934782490876949,0.827914659961235,1.2049761040246942
R978,Type-enhanced Ensemble Triple Representation via Triple-aware Attention for Cross-lingual Entity Alignment,0,ALL,recent,0.6021708495912328,0.5072335800998583,0.5265114203490397,0.33716078819492906,0.12047811747596238,0.1565477756541344,0.5124306271498384
R979,H2CGL: Modeling Dynamics of Citation Network for Impact Prediction,0,ALL,recent,0.6222181281438085,0.49058905601013536,0.4763984309459035,0.3763465874541381,0.08888818272970797,0.06526282499154205,0.4880767589308858
R980,Why So Gullible? Enhancing the Robustness of Retrieval-Augmented Models against Counterfactual Noise,0,ALL,recent,0.5198102640561082,0.44375447054421435,0.45535913095798086,0.17617308289686243,0.0,0.026938001742167053,0.1856013835066209
R981,FlightBERT++: A Non-autoregressive Multi-Horizon Flight Trajectory Prediction Framework,0,ALL,recent,0.5288256041321111,0.8255437020436126,0.7176705071548226,0.19379509106845855,0.7246044912353731,0.5047598463289688,1.0950655285189705
R982,Visual Reasoning: from State to Transformation,0,ALL,recent,0.5331679769196086,0.9146960752941341,0.5308187361281801,0.20228299369889646,0.8938083470065699,0.1643939072274072,1.153629208235059
R983,Learning Disentangled Semantic Spaces of Explanations via Invertible Neural Networks,0,ALL,recent,0.7150879778898687,0.44375447054421435,0.5248638445092852,0.5578764285165029,0.0,0.153546580135045,0.6116177315637686
R984,Few-shot In-context Learning for Knowledge Base Question Answering,0,ALL,recent,0.45345407761351797,0.5686921891343696,0.5071268176417151,0.04646868463020046,0.23712149150877854,0.12123712021673709,0.32602316821483696
R985,KEPLET: Knowledge-Enhanced Pretrained Language Model with Topic Entity Awareness,0,ALL,recent,0.7763766931418573,0.44375447054421435,0.8351117757113946,0.677675596589153,0.0,0.7186888203060829,0.9292166836962821
R986,Multimodal Data Augmentation for Image Captioning using Diffusion Models,0,ALL,recent,0.7098896295679888,0.4437546040154571,0.5099294597470476,0.547715376816323,2.533174169143512e-07,0.12634236437313887,0.5919354576643385
R987,Doc2SoarGraph: Discrete Reasoning over Visually-Rich Table-Text Documents via Semantic-Oriented Hierarchical Graphs,0,ALL,recent,0.5288192373217326,0.7557011188020062,0.49624562565400077,0.19378264605988754,0.5920490252323248,0.10141612997889403,0.8213273167848253
R988,A Systematic Study of Knowledge Distillation for Natural Language Generation with Pseudo-Target Training,0,ALL,recent,0.42968120152545347,0.4437546403321545,0.44057099342002914,5.74369854999592e-07,3.222435151156094e-07,1.8738262160051976e-07,9.621972876753833e-07
R989,Large-scale Online Ridesharing: The Effect of Assignment Optimality on System Performance,0,ALL,recent,0.4296809076804205,0.9975453294271468,0.7071909359048478,0.0,1.0,0.48567044144786214,1.1699846545067518
R990,Can ChatGPT Pass An Introductory Level Functional Language Programming Course?,0,ALL,recent,0.44141842014886523,0.5657263832511624,0.4524619830385417,0.022942954884609235,0.23149263640811396,0.021660607437055286,0.26201680389569254
R991,DynamicStereo: Consistent Dynamic Depth from Stereo Videos,0,ALL,recent,0.7275756630797481,0.8328506197268355,0.5618289670660741,0.5822857229640996,0.7384724187029891,0.22088160502625556,1.3980667034262784
R992,Calibrated Explanations: with Uncertainty Information and Counterfactuals,0,ALL,recent,0.768475932261365,0.44375447054421435,0.5332813345707833,0.662232222115853,0.0,0.16887973375686072,0.7213401289307542
R993,On the Security Risks of Knowledge Graph Reasoning,0,ALL,recent,0.5192069933425252,0.6653292182333197,0.48127179214541244,0.17499388817377687,0.42053060713453727,0.07414005506615268,0.6214735145814675
R994,Lift Yourself Up: Retrieval-augmented Text Generation with Self Memory,0,ALL,recent,0.49763633186637896,0.8576005191350642,0.5611412415261944,0.13283037913309367,0.7854456876933023,0.21962885613370203,0.9951461664731917
R995,How to Enhance Causal Discrimination of Utterances: A Case on Affective Reasoning,0,ALL,recent,0.4845149719126492,0.7295272423461873,0.5308351271228378,0.10718246009978341,0.5423731651813688,0.1644237647784425,0.707103942953607
R996,Can Fair Federated Learning reduce the need for Personalisation?,0,ALL,recent,0.6608714854697143,0.44375447054421435,0.6145389461378549,0.4519011170575,0.0,0.3168971869402863,0.5628151324866002
R997,Disentangled Contrastive Collaborative Filtering,0,ALL,recent,0.5289174896737945,0.6540302464246819,0.5561515139771438,0.19397469691280225,0.399086089994211,0.21053965513891257,0.6667496662056327
R998,Unified Model Learning for Various Neural Machine Translation,0,ALL,recent,0.5271430117880499,0.6426785457170837,0.6045662808996256,0.19050617952584953,0.37754149774999957,0.2987311532414598,0.6726035809103601
R999,MTLSegFormer: Multi-task Learning with Transformers for Semantic Segmentation in Precision Agriculture,0,ALL,recent,0.730650010404655,0.44375447054421435,0.47239670896704045,0.5882950551939555,0.0,0.057973357774424396,0.6085857304150041
R1000,CausalAPM: Generalizable Literal Disentanglement for NLU Debiasing,0,ALL,recent,0.7405102365742554,0.4437547558752912,0.49522762074352716,0.6075685362462112,5.415348645162739e-07,0.09956174992426804,0.6424156902545696
R1001,Neuro-symbolic model for cantilever beams damage detection,0,ALL,recent,0.4876645913342021,0.6324637422739717,0.49330676513160704,0.11333892438356125,0.3581546428015326,0.09606275272109743,0.5051155306374779
R1002,Smaller3d: Smaller Models for 3D Semantic Segmentation Using Minkowski Engine and Knowledge Distillation Methods,0,ALL,recent,0.6197963249124158,0.44375447054421435,0.47215752418185575,0.371612763108765,0.0,0.05753766292614497,0.39175094513291575
R1003,Clothes Grasping and Unfolding Based on RGB-D Semantic Segmentation,0,ALL,recent,0.5444070844797554,0.5499754886360173,0.4792491158791894,0.2242517318270942,0.20159873674445308,0.07045558312848352,0.4505099226665165
R1004,Low-Resource Multi-Granularity Academic Function Recognition Based on Multiple Prompt Knowledge,0,ALL,recent,0.6557483582336534,0.5903404268643819,0.5981442188552838,0.44188709770194634,0.2782080622978311,0.28703283662031726,0.8205566528168885
R1005,Open Information Extraction via Chunks,0,ALL,recent,0.7350578172435361,0.518648818236808,0.9746416541432282,0.5969108597536009,0.14214329852381516,0.9728540221890567,1.079553066043586
R1006,Contrastive Learning for Low-light Raw Denoising,0,ALL,recent,0.7068835498818583,0.5159020324213585,0.7013317811229803,0.5418394852418648,0.13693012545835254,0.4749975069141703,0.8450187381201768
R1007,Large Language Models for Automated Data Science: Introducing CAAFE for Context-Aware Automated Feature Engineering,0,ALL,recent,0.6491410973172073,0.640156505222286,0.4546996886791686,0.4289720878542974,0.37275487277781033,0.02573677314648409,0.8107348312333772
R1008,Adaptive Graph Convolutional Subspace Clustering,0,ALL,recent,0.5570904888093858,0.8101329721879653,0.6487537232831226,0.2490435924619845,0.6953561962461137,0.3792222304237608,1.0771275693564144
R1009,Multi-View Graph Representation Learning for Answering Hybrid Numerical Reasoning Question,0,ALL,recent,0.6332568764893755,0.7119770571771431,0.8963921148306628,0.3979236895833813,0.5090643603584598,0.8303160211519227,1.1975986573450141
R1010,Generative Steganography Diffusion,0,ALL,recent,0.6164388947665239,0.5625358831120039,0.5007743847278512,0.3650500975889191,0.22543733013076805,0.1096656388096989,0.6288704013030818
R1011,In-context Learning as Maintaining Coherency: A Study of On-the-fly Machine Translation Using Large Language Models,0,ALL,recent,0.7234737172710604,0.5409128741471276,0.4753624808957237,0.574267775559925,0.18439864145838533,0.06337575638226735,0.780847931752104
R1012,Human Attention-Guided Explainable Artificial Intelligence for Computer Vision Models,0,ALL,recent,0.522199765830503,0.6225308612503895,0.4932596675133583,0.18084376857698573,0.33930285336701144,0.09597696051813036,0.5537385581253428
R1013,AmGCL: Feature Imputation of Attribute Missing Graph via Self-supervised Contrastive Learning,0,ALL,recent,0.5530197536316757,0.5364901458749445,0.5022517814944596,0.24108665151896272,0.17600466775474874,0.11235683908641761,0.4564162129539576
R1014,CLaC at SemEval-2023 Task 2: Comparing Span-Prediction and Sequence-Labeling approaches for NER,0,ALL,recent,0.7625614322376719,0.5466784931600844,0.49895273280364427,0.650671330694147,0.19534131109611488,0.10634734932016313,0.8832342140523189
R1015,AADiff: Audio-Aligned Video Synthesis with Text-to-Image Diffusion,0,ALL,recent,0.5833239511947192,0.8205702100198016,0.5710699529114039,0.3003213351346232,0.7151652133295413,0.23771482425767215,1.0986867369543496
R1016,SANTA: Separate Strategies for Inaccurate and Incomplete Annotation Noise in Distantly-Supervised Named Entity Recognition,0,ALL,recent,0.5033770518785167,0.830381547145475,0.575916568335281,0.14405158810711924,0.7337863224644606,0.24654333469216425,0.9641280777138374
R1017,MIReAD: Simple Method for Learning High-quality Representations from Scientific Documents,0,ALL,recent,0.5794581930173173,0.4865298988321791,0.5165254884317797,0.2927650564343975,0.08118423699444952,0.138357575603326,0.4223744448900111
R1018,Train a Real-world Local Path Planner in One Hour via Partially Decoupled Reinforcement Learning and Vectorized Diversity,0,ALL,recent,0.45282615917868413,0.86610076943617,0.509718973972847,0.04524131176390214,0.8015784621055523,0.12595894714455352,0.8909054053700481
R1019,Shall We Trust All Relational Tuples by Open Information Extraction? A Study on Speculation Detection,0,ALL,recent,0.5444351245704278,0.7081769208568537,0.6335865450897139,0.2243065409305551,0.5018520148604629,0.35159396219298117,0.8492164425585614
R1020,Influence of Swarm Intelligence in Data Clustering Mechanisms,0,ALL,recent,0.566389412380172,0.5412928980592386,0.7008966568038455,0.26721991257525685,0.18511989551893343,0.4742048920157697,0.6183115202997097
R1021,Opening the TAR Black Box: Developing an Interpretable System for eDiscovery Using the Fuzzy ARTMAP Neural Network,0,ALL,recent,0.5846029230664586,0.6676838946996754,0.49299845686976806,0.3028213021447445,0.42499958897623763,0.09550114374893184,0.7612462914331083
R1022,RSC-VAE: Recoding Semantic Consistency Based VAE for One-Class Novelty Detection,0,ALL,recent,0.5122320512892762,0.4955703879451544,0.5811156995285006,0.1613601833082297,0.09834234014078383,0.25601398172627815,0.3493074170532109
R1023,Unlocking Practical Applications in Legal Domain: Evaluation of GPT for Zero-Shot Semantic Annotation of Legal Texts,0,ALL,recent,0.5179251971560458,0.6271732976125695,0.45978651041367014,0.17248840056243483,0.34811381491534765,0.03500283922224517,0.5328532092055683
R1024,FedZKP: Federated Model Ownership Verification with Zero-knowledge Proof,0,ALL,recent,0.5793172105518546,0.44375459226981495,0.46425111317774503,0.29248948234207367,2.310251563306375e-07,0.043135482034033695,0.3075871320791418
R1025,Graph Masked Autoencoder for Sequential Recommendation,0,ALL,recent,0.5677884636028935,0.6729165236216673,0.6222723403278413,0.2699545950022574,0.4349306873546618,0.3309842034103736,0.8207297535505499
R1026,Strategy for Rapid Diabetic Retinopathy Exposure Based on Enhanced Feature Extraction Processing,0,ALL,recent,0.6974681129006384,0.47119608277397584,0.7393311592098167,0.5234354199461084,0.05208191805288269,0.544216513706229,0.7659931177961712
R1027,U-NEED: A Fine-grained Dataset for User Needs-Centric E-commerce Conversational Recommendation,0,ALL,recent,0.5598265124628877,0.8414709924951173,0.5486940747949585,0.25439161380929093,0.7548331756564756,0.19695531351565135,1.0781591491962443
R1028,Set-Type Belief Propagation with Applications to Poisson Multi-Bernoulli SLAM,0,ALL,recent,0.6422891553913588,0.599698054119996,0.9745466475655308,0.4155788075575282,0.295968067497808,0.9726809598580917,1.0519852110056682
R1029,Mlinear: Rethink the Linear Model for Time-series Forecasting,0,ALL,recent,0.8178985429575253,0.5072877089530801,0.5350259088868252,0.7588370803027987,0.12058084957764023,0.17205762001477262,0.9396380968856094
R1030,From Zero to Hero: Harnessing Transformers for Biomedical Named Entity Recognition in Zero- and Few-shot Contexts,0,ALL,recent,0.5093112202434072,0.7522841126016511,0.5913909793746314,0.15565092463088268,0.5855638291212859,0.2747312529361987,0.8373706922798382
R1031,Uncertainty Quantification in Machine Learning for Engineering Design and Health Prognostics: A Tutorial,0,ALL,recent,0.4635723358989161,0.7018205336543792,0.5932740945385918,0.06624653312891843,0.48978811589491217,0.27816150279519736,0.6533911750021497
R1032,Less is More: Removing Text-regions Improves CLIP Training Efficiency and Robustness,0,ALL,recent,0.4874535254324976,0.6706831967581148,0.45481274649240566,0.11292636035234048,0.430692017056468,0.025942717294424298,0.552698328461857
R1033,Flexible Job Shop Scheduling via Dual Attention Network Based Reinforcement Learning,0,ALL,recent,0.5756128911463174,0.7660871204713157,0.8836523594253676,0.28524876304759755,0.6117608003025748,0.80710950408964,1.1794978897815465
R1034,Adapt and Align to Improve Zero-Shot Sketch-Based Image Retrieval,0,ALL,recent,0.4296809076804205,0.7899027256381187,0.4921833999910895,0.0,0.6569608558347357,0.09401645030231175,0.6898666134405449
R1035,MoT: Memory-of-Thought Enables ChatGPT to Self-Improve,0,ALL,recent,0.775392958654656,0.540095797828868,0.5667177496485304,0.675752721020844,0.18284789795635456,0.22978692642405932,0.9390260432256194
R1036,FishRecGAN: An End to End GAN Based Network for Fisheye Rectification and Calibration,0,ALL,recent,0.5435577291114719,0.8876460882713649,0.6140167197714075,0.22259152299256335,0.8424697013156476,0.3159459084661095,1.1756422922713492
R1037,FedNoRo: Towards Noise-Robust Federated Learning by Addressing Class Imbalance and Label Noise Heterogeneity,0,ALL,recent,0.6015639502381266,0.7234000200359016,0.5561236916160077,0.33597450068168916,0.5307442022915719,0.21048897440934777,0.9403898440165328
R1038,Safe Deep RL for Intraoperative Planning of Pedicle Screw Placement,0,ALL,recent,0.4296809076804205,0.7768180326335766,0.48325008434558836,0.0,0.6321271870581395,0.07774367776039068,0.6593374742742762
R1039,DC3DCD: unsupervised learning for multiclass 3D point cloud change detection,0,ALL,recent,0.741903597461768,0.46849994046689925,0.4997652541421617,0.6102920959498642,0.04696486219186508,0.10782742407088687,0.6949965565665398
R1040,RLocator: Reinforcement Learning for Bug Localization,0,ALL,recent,0.8422521435740329,0.5524155820716711,0.676694995156478,0.8064403149510649,0.2062298329531251,0.43011956572121757,1.163211995906616
R1041,Enhancing Road Safety through Accurate Detection of Hazardous Driving Behaviors with Graph Convolutional Recurrent Networks,0,ALL,recent,0.6228980968080627,0.6924556231412689,0.6289079011506289,0.37767570130418715,0.4720142876725521,0.34307142569627636,0.969764987970436
R1042,CodeIE: Large Code Generation Models are Better Few-Shot Information Extractors,0,ALL,recent,0.5103107416420201,0.5996751555769155,0.5673431313419222,0.1576046583897371,0.29592460795052405,0.2309261108492252,0.53435340513749
R1043,Vision-Language Models in Remote Sensing: Current Progress and Future Trends,0,ALL,recent,0.5761057406522633,0.5574050670878197,0.5147451149870017,0.2862121208297696,0.2156994642401421,0.13511447827460474,0.5492016524660234
R1044,Graph-Based Reductions for Parametric and Weighted MDPs,0,ALL,recent,0.4296809076804205,0.9638289983724737,0.5424915537844085,0.0,0.9870585850771088,0.1856569090266086,1.0520385032364217
R1045,Sketching the Future (STF): Applying Conditional Control Techniques to Text-to-Video Models,0,ALL,recent,0.782845519756957,0.5107941453490418,0.4969624437209386,0.6903200131625616,0.1272357768283818,0.10272187331318376,0.8535084456505578
R1046,ANALOGYKB: Unlocking Analogical Reasoning of Language Models with A Million-scale Knowledge Base,0,ALL,recent,0.8077933117990516,0.4840547975445185,0.5480434825510948,0.7390846955287078,0.07648669876829829,0.19577020598984005,0.8840909663934501
R1047,FedSOV: Federated Model Secure Ownership Verification with Unforgeable Signature,0,ALL,recent,0.7743207312753768,0.4437546098932159,0.5795339847327439,0.6736568711161066,2.644729186912372e-07,0.2531327575404404,0.7622536007281794
R1048,A Review of Vision-Language Models and their Performance on the Hateful Memes Challenge,0,ALL,recent,0.6153526556730515,0.4984011383333613,0.8865564437344701,0.3629268594170803,0.10371487104430206,0.812399533601626,0.7509815672219514
R1049,Radious: Unveiling the Enigma of Dental Radiology with BEIT Adaptor and Mask2Former in Semantic Segmentation,0,ALL,recent,0.7561878372896255,0.44375451603850435,0.48475315923564977,0.6382130605335037,8.634441241695014e-08,0.08048165286057199,0.6663817253791163
R1050,ACTC: Active Threshold Calibration for Cold-Start Knowledge Graph Completion,0,ALL,recent,0.48625693647906565,0.5941056186417049,0.5450078469999561,0.11058742470070078,0.28535408593368894,0.1902405450213813,0.46252570139187316
R1051,LACoS-BLOOM: Low-rank Adaptation with Contrastive objective on 8 bits Siamese-BLOOM,0,ALL,recent,0.557122451407379,0.45162694033176326,0.7852531535960892,0.24910606876995217,0.014941298744256785,0.6278672206747575,0.483800894750374
R1052,Self-Supervised Video Representation Learning via Latent Time Navigation,0,ALL,recent,0.876324027915826,0.7717398154071958,0.6333260223339168,0.8730395801181045,0.6224891493501269,0.3511193984682329,1.6184205189321128
R1053,Autonomous GIS: the next-generation AI-powered GIS,0,ALL,recent,0.5545828194137921,0.8197027433612615,0.777810717712129,0.2441419281644345,0.7135188331152369,0.6143102087988247,1.17266933435926
R1054,A Fused Gromov-Wasserstein Framework for Unsupervised Knowledge Graph Entity Alignment,0,ALL,recent,0.5641648465911525,0.6013405973904269,0.5501973426224342,0.26287162219664967,0.29908547923340995,0.19969364006727394,0.6318498754536055
R1055,How Expressive are Spectral-Temporal Graph Neural Networks for Time Series Forecasting?,0,ALL,recent,0.7905826424791665,0.44375447054421435,0.5583053747625281,0.7054435291570761,0.0,0.2144630905170381,0.7805056108380394
R1056,HAHE: Hierarchical Attention for Hyper-Relational Knowledge Graphs in Global and Local Level,0,ALL,recent,0.584809723493657,0.5474561904383266,0.6337173014920378,0.3032255285840422,0.19681731642613082,0.3518321457832462,0.6231840960343092
R1057,When the Majority is Wrong: Modeling Annotator Disagreement for Subjective Tasks,0,ALL,recent,0.42968099026776657,0.44375447054421435,0.4405709042582451,1.6143094715230772e-07,0.0,2.496706514523307e-08,1.7016941995313929e-07
R1058,On Practical Robust Reinforcement Learning: Practical Uncertainty Set and Double-Agent Algorithm,0,ALL,recent,0.6385361418955469,0.6193882515140672,0.8736140314177904,0.4082429074213427,0.33333843912673516,0.7888238602312184,1.0176696976290043
R1059,Salient Mask-Guided Vision Transformer for Fine-Grained Classification,0,ALL,recent,0.5029250124071023,0.7623395275835484,0.5615428865115004,0.14316800044520156,0.604648177908451,0.22036048565938435,0.824942348334437
R1060,Gaussian Prior Reinforcement Learning for Nested Named Entity Recognition,0,ALL,recent,0.48257055739855775,0.5454385035569276,0.5501276854696562,0.1033817728081864,0.19298791303927618,0.1995667538082346,0.3662180496803447
R1061,CLIP-Count: Towards Text-Guided Zero-Shot Object Counting,0,ALL,recent,0.5640750073770328,0.5819748140835905,0.5192560775702555,0.26269601624590333,0.2623308188012265,0.14333156932739574,0.5751928843117184
R1062,A Multidimensional Graph Fourier Transformation Neural Network for Vehicle Trajectory Prediction,0,ALL,recent,0.6827331864403446,0.5832171813756782,0.7589005411512915,0.494633512053324,0.2646887295156677,0.5798637597855689,0.9622745574939409
R1063,SPADE: Sparse Pillar-based 3D Object Detection Accelerator for Autonomous Driving,0,ALL,recent,0.8754333143684818,0.44375468249553757,0.7818268081371217,0.8712985297220545,4.022661407222757e-07,0.6216258493277257,1.0888679792528992
R1064,Joint MR sequence optimization beats pure neural network approaches for spin-echo MRI super-resolution,0,ALL,recent,0.5814246910687177,0.5166369020018328,0.5806928351446395,0.2966089097376632,0.13832484734820966,0.25524369931292623,0.524269051845397
R1065,Poisson-Gaussian Holographic Phase Retrieval with Score-based Image Prior,0,ALL,recent,0.6065759585890755,0.4941137972975727,0.8320906648711288,0.3457713193676115,0.0955778511556334,0.7131856172985485,0.6909641365777368
R1066,Learning to Reason over Scene Graphs: A Case Study of Finetuning GPT-2 into a Robot Language Model for Grounded Task Planning,0,ALL,recent,0.632939460764635,0.44375447054421435,0.4956833702666924,0.3973032468215983,0.0,0.10039193533591773,0.4324404241891695
R1067,Knowledge Authoring for Rules and Actions,0,ALL,recent,0.595034953208305,0.5992462104460708,0.854389912261894,0.3232124708478846,0.29511050544930123,0.7538055388423138,0.8821549148919956
R1068,Cloud-RAIN: Point Cloud Analysis with Reflectional Invariance,0,ALL,recent,0.7197988519462551,0.6157132986126115,0.5112207259480983,0.5670846292518221,0.32636368143905675,0.12869451244610552,0.9384913900470158
R1069,A Federated Learning-based Industrial Health Prognostics for Heterogeneous Edge Devices using Matched Feature Extraction,0,ALL,recent,0.42968104866054896,0.8883097083710173,0.5466343698025847,2.7556952425690244e-07,0.843729197563862,0.19320339069388962,0.9113506598762476
R1070,AMTSS: An Adaptive Multi-Teacher Single-Student Knowledge Distillation Framework For Multilingual Language Inference,0,ALL,recent,0.7430864349170239,0.6170836297505906,0.5038218671591209,0.6126041519706539,0.3289644569851866,0.11521687984913616,0.9818945169030382
R1071,Provable Multi-instance Deep AUC Maximization with Stochastic Pooling,0,ALL,recent,0.6087867835838418,0.5569062362769966,0.5818733312437041,0.35009275103799753,0.2147527244788623,0.2573940704930129,0.6549334001894143
R1072,Make Prompt-based Black-Box Tuning Colorful: Boosting Model Generalization from Three Orthogonal Perspectives,0,ALL,recent,0.7846872798536356,0.44375447054421435,0.5547676203022941,0.6939200450193942,0.0,0.2080187784692996,0.766726617483649
R1073,Towards Understanding and Improving Knowledge Distillation for Neural Machine Translation,0,ALL,recent,0.5716712208517151,0.4949400175411219,0.4699120357626774,0.2775441012649423,0.09714594907414752,0.0534473202425515,0.3933966124239828
R1074,Theta sequences as eligibility traces: a biological solution to credit assignment,0,ALL,recent,0.4296809076804205,0.8902573030640786,0.49918276242438026,0.0,0.8474255717548156,0.10676636727997585,0.8847938003028071
R1075,Distinguish Before Answer: Generating Contrastive Explanation as Knowledge for Commonsense Question Answering,0,ALL,recent,0.7518403214734738,0.44375447054421435,0.6629802046584741,0.6297151049830199,0.0,0.4051369416776452,0.7715130345701957
R1076,A Comprehensive Survey on Segment Anything Model for Vision and Beyond,0,ALL,recent,0.6432696568838754,0.8345116456298168,0.8366040885162578,0.4174953636904889,0.7416249089516839,0.7214071913788843,1.4116127896247823
R1077,Parameter-Efficient Fine-Tuning for Medical Image Analysis: The Missed Opportunity,0,ALL,recent,0.6043560266955812,0.5788004083306868,0.6377998221559826,0.34143208672217057,0.25630605834236303,0.35926879448103666,0.7234822231328965
R1078,CMSG Cross-Media Semantic-Graph Feature Matching Algorithm for Autonomous Vehicle Relocalization,0,ALL,recent,0.5924296360021023,0.8217149036123451,0.643458763881058,0.3181199373760181,0.7173377474133024,0.3695770243896612,1.1648096433257018
R1079,Enhancing Performance of Vision Transformers on Small Datasets through Local Inductive Bias Incorporation,0,ALL,recent,0.7215623959775584,0.5307836944594884,0.4476528632383014,0.5705317745695364,0.1651742933400045,0.012900398379003024,0.7402212073421919
R1080,AdamR at SemEval-2023 Task 10: Solving the Class Imbalance Problem in Sexism Detection with Ensemble Learning,0,ALL,recent,0.5120582209882427,0.7424280414467148,0.49203131555956614,0.16102040256125194,0.5668578184861655,0.09373941594468291,0.7606870166280564
R1081,DA-LSTM: A Dynamic Drift-Adaptive Learning Framework for Interval Load Forecasting with LSTM Networks,0,ALL,recent,0.6383061902972686,0.6130265418997611,0.5794600881146265,0.40779342809945707,0.32126443866224413,0.25299814874500987,0.8176072188224546
R1082,Differential Convolutional Fuzzy Time Series Forecasting,0,ALL,recent,0.6980207724808521,0.5439202167325062,0.7928446055732252,0.5245156866422658,0.19010632979598102,0.6416956776765051,0.9392155036250236
R1083,LoViT: Long Video Transformer for Surgical Phase Recognition,0,ALL,recent,0.608148406941492,0.6377688900585429,0.8420101738155485,0.34884493583488746,0.368223376003542,0.7312548224162904,0.9730074996841311
R1084,Dual-Alignment Pre-training for Cross-lingual Sentence Embedding,0,ALL,recent,0.5598197396449833,0.7460101203518208,0.4763129729500378,0.2543783751902871,0.5736563089841966,0.0651071561913121,0.8508221888414429
R1085,Towards Unifying Multi-Lingual and Cross-Lingual Summarization,0,ALL,recent,0.46463840964105674,0.7624100483152952,0.5045245507320434,0.06833035470826537,0.6047820204444186,0.11649687603474841,0.7138862817648459
R1086,OmniSafe: An Infrastructure for Accelerating Safe Reinforcement Learning Research,0,ALL,recent,0.754195702123366,0.4437549821572535,0.47138593879278406,0.634319095149747,9.709993770410054e-07,0.05613215638957069,0.6539663208854738
R1087,About Evaluation of F1 Score for RECENT Relation Extraction System,0,ALL,recent,0.8189539158484291,0.44375447054421435,0.5142266410248618,0.7608999852571101,0.0,0.13417003511490738,0.8078594975473277
R1088,Efficient Computation of General Modules for ALC Ontologies (Extended Version),0,ALL,recent,0.4296809076804205,0.5924421484879835,0.45788407331613906,0.0,0.2821969566985643,0.0315373928648195,0.2932350442012511
R1089,Make-An-Animation: Large-Scale Text-conditional 3D Human Motion Generation,0,ALL,recent,0.5646670234497537,0.6049082131362066,0.6461788370409847,0.2638532118683929,0.30585651984721013,0.37453186238994635,0.7007958835520842
R1090,Towards Modeling Human Attention from Eye Movements for Neural Source Code Summarization,0,ALL,recent,0.429680932303277,0.5660992506394995,0.44057097697590764,4.812954080153289e-08,0.2322003079764376,1.5742829561618037e-07,0.23220041120588186
R1091,Revisiting the Minimalist Approach to Offline Reinforcement Learning,0,ALL,recent,0.5579124257627199,0.6649139861664697,0.46618334577725795,0.2506502073634838,0.4197425308984349,0.04665520336010071,0.686722059437954
R1092,CoEdIT: Text Editing by Task-Specific Instruction Tuning,0,ALL,recent,0.573626583021759,0.730282533646488,0.5182988481671384,0.2813661876031673,0.5438066458121334,0.14158789688084933,0.8747285973235981
R1093,Clustering-Aware Negative Sampling for Unsupervised Sentence Representation,0,ALL,recent,0.5557197018168872,0.7041608065673488,0.5160326112121808,0.2463641572571355,0.49422976097954285,0.13745975902503613,0.788704833895441
R1094,A hybrid feature learning approach based on convolutional kernels for ATM fault prediction using event-log data,0,ALL,recent,0.5502819260029126,0.8252886501111436,0.5860419542217347,0.23573510399665618,0.7241204236909862,0.26498756166990634,1.0526011742721095
R1095,SAM for Poultry Science,0,ALL,recent,0.702453233679524,0.7256918102338655,0.9993860417954499,0.5331796823212738,0.5350938311794586,1.0,1.4182735135007323
R1096,Explain Any Concept: Segment Anything Meets Concept-Based Explanation,0,ALL,recent,0.7038438397553356,0.6467109063099906,0.5276694166044616,0.5358978572791605,0.3851945857756252,0.15865716151003068,0.9766224495832965
R1097,UniEX: An Effective and Efficient Framework for Unified Information Extraction via a Span-extractive Perspective,0,ALL,recent,0.5576911787919764,0.7484595123042349,0.7123482972470557,0.2502177427095146,0.5783050530112209,0.4950650012472252,1.0017955461572643
R1098,SLiC-HF: Sequence Likelihood Calibration with Human Feedback,0,ALL,recent,0.742932187979735,0.5231709920350328,0.689215117702646,0.6123026502229181,0.15072601163877583,0.4529260033839651,0.9215527630460817
R1099,Intelligent multicast routing method based on multi-agent deep reinforcement learning in SDWN,0,ALL,recent,0.5577681678716039,0.8593576023549954,0.5767732102226438,0.25036823089730137,0.7887804868117485,0.24810377866796363,1.125985040242837
R1100,Sequence-to-Sequence Pre-training with Unified Modality Masking for Visual Document Understanding,0,ALL,recent,0.5599301771748784,0.7846257962321617,0.7070401007294549,0.25459424403581643,0.6469456787893493,0.48539568271349165,1.0714284117748878
R1101,Towards Robust Probabilistic Modeling on SO(3) via Rotation Laplace Distribution,0,ALL,recent,0.4296810035868293,0.7752390584250702,0.4843078073802616,1.874653097489278e-07,0.6291304241621951,0.07967040765986041,0.657015254308456
R1102,HaSa: Hardness and Structure-Aware Contrastive Knowledge Graph Embedding,0,ALL,recent,0.6519573271202127,0.6652919567384565,0.8508310917790639,0.4344768856970048,0.42045988788868016,0.7473228532938871,1.1164997722385455
R1103,Disentangled Causal Graph Learning for Online Unsupervised Root Cause Analysis,0,ALL,recent,0.734566569039195,0.6980435942264628,0.8218626488215637,0.5959506319864617,0.48261979618656403,0.6945544409991292,1.321664482522721
R1104,Less Can Be More: Unsupervised Graph Pruning for Large-scale Dynamic Graphs,0,ALL,recent,0.4296809076804205,0.9104795179144295,0.49053474568778127,0.0,0.8858056686625883,0.09101329027275373,0.9176603202580521
R1105,A Survey on Time-Series Pre-Trained Models,0,ALL,recent,0.6006853254710571,0.5479712046860467,0.7214756406028349,0.33425707985290887,0.19779477101667167,0.5116912112944888,0.7111437748226516
R1106,Revisiting Long-term Time Series Forecasting: An Investigation on Linear Mapping,0,ALL,recent,0.7068913658635848,0.6446840425216395,0.6270820698102912,0.5418547629011313,0.3813477653758102,0.33974552305494427,1.042113461346172
R1107,Segment Any Anomaly without Training via Hybrid Prompt Regularization,0,ALL,recent,0.7651144313418687,0.5353407661490469,0.5948846296389946,0.6556615995799525,0.17382323977615063,0.28109522554715594,0.9278681682976078
R1108,Counterfactual Debiasing for Generating Factually Consistent Text Summaries,0,ALL,recent,0.8181861936541366,0.44375447054421435,0.7056455997283947,0.759399342278888,0.0,0.48285548392278155,0.9283987616518614
R1109,X-IQE: eXplainable Image Quality Evaluation for Text-to-Image Generation with Visual Large Language Models,0,ALL,recent,0.6472066138874102,0.4437546333442795,0.5081741326226132,0.42519081254795144,3.0898110436103846e-07,0.12314489098631524,0.46829183337426616
R1110,On the Off-Target Problem of Zero-Shot Multilingual Neural Machine Translation,0,ALL,recent,0.5446702492224832,0.4851759748729653,0.49144226578716177,0.22476613186167188,0.0786146009212041,0.09266641311543282,0.33581397737327745
R1111,Uncertainty Guided Label Denoising for Document-level Distant Relation Extraction,0,ALL,recent,0.4800671888492976,0.7591487617409644,0.5968182174089592,0.09848851524278375,0.598592367347905,0.2846174154281685,0.7966969779905477
R1112,mdctGAN: Taming transformer-based GAN for speech super-resolution with Modified DCT spectra,0,ALL,recent,0.685120634490018,0.6563996422976602,0.6021288737847482,0.499300183380853,0.40358300805638897,0.29429121479683157,1.005885116616133
R1113,Instruct2Act: Mapping Multi-modality Instructions to Robotic Actions with Large Language Model,0,ALL,recent,0.6462804260240798,0.6751448571907133,0.7239284507120556,0.4233804215967009,0.43915988079146984,0.5161592075659487,1.0431960250362529
R1114,Writing your own book: A method for going from closed to open book QA to improve robustness and performance of smaller LLMs,0,ALL,recent,0.7867675518261156,0.44375447054421435,0.6870729019716005,0.6979862887094976,0.0,0.4490237804344622,0.8551446118615594
R1115,Domain Generalization Deep Graph Transformation,0,ALL,recent,0.4793543051513193,0.8212525689995311,0.6323488019798118,0.09709506338791586,0.7164602744275325,0.3493393108527579,0.9358240966139135
R1116,ALT: An Automatic System for Long Tail Scenario Modeling,0,ALL,recent,0.5239353208060264,0.8458350547736665,0.5121442802991222,0.18423620454757517,0.7631158061399198,0.13037684300294436,0.9929839057385255
R1117,PS-FedGAN: An Efficient Federated Learning Framework Based on Partially Shared Generative Adversarial Networks For Data Privacy,0,ALL,recent,0.5570387515745356,0.44375447054421435,0.5079227429632176,0.24894246327910066,0.0,0.12268696395126232,0.2918829006620425
R1118,RAMiT: Reciprocal Attention Mixing Transformer for Lightweight Image Restoration,0,ALL,recent,,,,,,,
R1119,Incomplete Multi-view Clustering via Diffusion Completion,0,ALL,recent,0.4742453742346771,0.8225080983599876,0.5195885846773394,0.08710879314162415,0.7188431656628137,0.14393725849554612,0.856329999277879
R1120,DiffuSIA: A Spiral Interaction Architecture for Encoder-Decoder Text Diffusion,0,ALL,recent,0.6201368389319613,0.5552201759031619,0.5763500661103381,0.3722783553975069,0.21155272086803073,0.24733298670613793,0.6703976216126859
R1121,Empower Large Language Model to Perform Better on Industrial Domain-Specific Question Answering,0,ALL,recent,0.5455641876744941,0.5680455923859872,0.4931649941358386,0.22651348587976064,0.23589430417807244,0.0958045051388189,0.49593936685641965
R1122,Brain Captioning: Decoding human brain activity into images and text,0,ALL,recent,0.5247243802401909,0.6680449580688491,0.5330230650417481,0.18577855477280206,0.42568485748917184,0.16840927447082674,0.6704066583267633
R1123,Speech-Text Dialog Pre-training for Spoken Dialog Understanding with Explicit Cross-Modal Alignment,0,ALL,recent,0.5686338726097346,0.6703888029902744,0.5765846916882951,0.27160709000536337,0.43013328195141765,0.24776037658175853,0.7884565037603964
R1124,CRITIC: Large Language Models Can Self-Correct with Tool-Interactive Critiquing,0,ALL,recent,0.5940229952459163,0.44375467031593746,0.4677158739539627,0.3212344277200393,3.79150263661587e-07,0.04944683005540956,0.33854119738969635
R1125,ReTAG: Reasoning Aware Table to Analytic Text Generation,0,ALL,recent,0.5479971059831917,0.7871223028538995,0.559064743862364,0.23126903652513395,0.6516838425751788,0.21584634407342815,0.9584990995260125
R1126,Scaling laws for language encoding models in fMRI,0,ALL,recent,0.6288829675735764,0.44375447054421435,0.440570890551996,0.38937414425217504,0.0,0.0,0.38937414425217504
R1127,Logic-Based Benders Decomposition in Answer Set Programming for Chronic Outpatients Scheduling,0,ALL,recent,0.6526580346242551,0.47078391730200236,0.5816881975663184,0.435846537119806,0.05129966196108247,0.2570568342034316,0.5771160910520895
R1128,Polar Ducks and Where to Find Them: Enhancing Entity Linking with Duck Typing and Polar Box Embeddings,0,ALL,recent,0.5570966983098521,0.5672871413584301,0.48873241358542,0.2490557299817048,0.23445482664542538,0.08773019343496348,0.5142161243293674
R1129,DexPBT: Scaling up Dexterous Manipulation for Hand-Arm Systems with Population Based Training,0,ALL,recent,0.5275022722675368,0.8274757346155062,0.7543615617628325,0.19120841494369037,0.728271329803106,0.5715956338072757,1.1195382165793428
R1130,Privacy in Multimodal Federated Human Activity Recognition,0,ALL,recent,0.4296809076804205,0.7950607067092613,0.6587699941778,0.0,0.6667502787453263,0.39746769542861965,0.8058639721453432
R1131,LMs: Understanding Code Syntax and Semantics for Code Analysis,0,ALL,recent,0.7165651718624466,0.5092602604209268,0.989055741147421,0.5607638541750303,0.1243245896699977,0.9991104725963377,1.034777109253746
R1132,DiffCap: Exploring Continuous Diffusion on Image Captioning,0,ALL,recent,0.5220816577869578,0.4437547831470209,0.4878263547170833,0.18061290641416788,5.93294359545648e-07,0.08607973234536132,0.2107414060294039
R1133,LogiCoT: Logical Chain-of-Thought Instruction-Tuning,0,ALL,recent,0.7014215869382718,0.44375447054421435,0.5421517616570806,0.5311631541424937,0.0,0.1850379495921765,0.5959264364997555
R1134,Contrastive Language-Image Pretrained Models are Zero-Shot Human Scanpath Predictors,0,ALL,recent,0.5881550285735121,0.443755114538281,0.46671871088289346,0.3097644936099545,1.2222476552725238e-06,0.04763041513326531,0.3264363611542526
R1135,Teaching the Pre-trained Model to Generate Simple Texts for Text Simplification,0,ALL,recent,0.4601902258445742,0.6018574081062142,0.6398924220048265,0.05963562655053065,0.3000663433722631,0.36308063800171697,0.4867801932233947
R1136,A Confidence-based Partial Label Learning Model for Crowd-Annotated Named Entity Recognition,0,ALL,recent,0.5192960821493132,0.44375447054421435,0.49089277543206095,0.1751680273263747,0.0,0.09166547103330253,0.20725094218803058
R1137,SLaDe: A Portable Small Language Model Decompiler for Optimized Assembly,0,ALL,recent,0.7012435506987285,0.5473207017974807,0.47241931318641617,0.5308151521767748,0.19656017015387284,0.05801453322763633,0.7476804089603203
R1138,Confidence-aware Personalized Federated Learning via Variational Expectation Maximization,0,ALL,recent,0.46780895973149045,0.6293291866678201,0.5110617642883527,0.07452773152722716,0.35220551463643385,0.1284049506490555,0.47167497889083043
R1139,Abstract Meaning Representation-Based Logic-Driven Data Augmentation for Logical Reasoning,0,ALL,recent,0.5042866424199416,0.44375462107541325,0.4937178474601061,0.14582953678333857,2.856958075056346e-07,0.09681157314714355,0.17971387308064632
R1140,PRODIGY: Enabling In-context Learning Over Graphs,0,ALL,recent,0.8647885195239622,0.6033012073457383,0.5492738852255025,0.8504914763936506,0.30280655531929135,0.19801148612032446,1.2226020518550555
R1141,MvP: Multi-view Prompting Improves Aspect Sentiment Tuple Prediction,0,ALL,recent,0.6416605517814913,0.44375447054421435,0.6005729534482035,0.41435009540064954,0.0,0.2914569773496534,0.5163600374730283
R1142,Efficient Bilateral Cross-Modality Cluster Matching for Unsupervised Visible-Infrared Person ReID,0,ALL,recent,0.48384729320382647,0.7420231227149351,0.562599305108797,0.10587736904790027,0.5660893161099181,0.22228483941839647,0.7497663789542571
R1143,MetaAdapt: Domain Adaptive Few-Shot Misinformation Detection via Meta Learning,0,ALL,recent,0.8275493813396964,0.4828384463553299,0.6793268307593449,0.7777012774822327,0.07417816447270241,0.4349136717209031,1.0040992270572513
R1144,Unsupervised Visible-Infrared Person ReID by Collaborative Learning with Neighbor-Guided Label Refinement,0,ALL,recent,0.5523649179146796,0.8254735570272778,0.8736455131732945,0.23980666426849015,0.7244713617762881,0.7888812068499733,1.2403864484422689
R1145,EMEF: Ensemble Multi-Exposure Image Fusion,0,ALL,recent,0.5674095140123468,0.6087363161327753,0.5575444004976151,0.26921387388414775,0.313121943791546,0.21307691301983747,0.6569127372326369
R1146,Fact-Checking Complex Claims with Program-Guided Reasoning,0,ALL,recent,0.729941215482107,0.6758906144899027,0.6596774110408151,0.5869095955427578,0.44057526667399466,0.3991206302177295,1.1671770827929577
R1147,Vector Autoregressive Evolution for Dynamic Multi-Objective Optimisation,0,ALL,recent,0.6607803537103255,0.535319605911525,0.9910603362360256,0.451722984608241,0.17378307938953175,1.0,0.9755060639977727
R1148,Enhancing Cross-lingual Natural Language Inference by Soft Prompting with Multilingual Verbalizer,0,ALL,recent,0.4839778799600005,0.7818637513002403,0.49616297075826266,0.10613262296677647,0.6417035451786027,0.10126556725714583,0.7832791166853803
R1149,GraphCare: Enhancing Healthcare Predictions with Personalized Knowledge Graphs,0,ALL,recent,0.6933945398465318,0.6866573883162769,0.5125179769742824,0.5154729318933131,0.4610097159120384,0.13105756237253433,1.0223527946357385
R1150,Semantic Structure Enhanced Event Causality Identification,0,ALL,recent,0.48118294572113623,0.876063795361725,0.5277224614113161,0.1006694509088038,0.8204874640792316,0.1587537870084151,0.9767207404409807
R1151,Crosslingual Transfer Learning for Low-Resource Languages Based on Multilingual Colexification Graphs,0,ALL,recent,0.6914762011555416,0.5118051902287638,0.4894176149371885,0.5117232142117251,0.1291546566716135,0.08897834431031741,0.6720202913919496
R1152,MultiTabQA: Generating Tabular Answers for Multi-Table Question Answering,0,ALL,recent,0.49434716375500853,0.8576946448587212,0.568940268347451,0.12640114331418031,0.7856243305582012,0.23383542786438577,0.9938678736249166
R1153,Automatic Code Summarization via ChatGPT: How Far Are We?,0,ALL,recent,0.5508890939010003,0.5692819977901854,0.5714491954086615,0.23692191642651803,0.23824089972072626,0.2384056458004226,0.5586047921773922
R1154,Biomedical Named Entity Recognition via Dictionary-based Synonym Generalization,0,ALL,recent,0.5290269241646678,0.7397330131649726,0.4975718668808289,0.19418860514878294,0.5617428769534056,0.10383198795104136,0.792272677885053
R1155,Target-Aware Generative Augmentations for Single-Shot Adaptation,0,ALL,recent,0.5659852721189867,0.77330527915441,0.4885389928649728,0.2664299520274529,0.6254602705041801,0.08737786161174879,0.9224724740957451
R1156,A Meta-learning based Generalizable Indoor Localization Model using Channel State Information,0,ALL,recent,0.5144283915193189,0.591491530660654,0.4783985598258689,0.16565330205418133,0.28039276241988814,0.06890622500221949,0.47016324322484626
R1157,The Grammar and Syntax Based Corpus Analysis Tool For The Ukrainian Language,0,ALL,recent,0.6462613320314975,0.44375447054421435,0.48800201774020585,0.4233430991562298,0.0,0.0863997170557123,0.4535830001257291
R1158,Efficient Multi-Scale Attention Module with Cross-Spatial Learning,0,ALL,recent,0.5527433575524834,0.5412979796029413,0.464616346340205,0.24054638859764618,0.18512953987001932,0.0438007844159629,0.4410062030132525
R1159,Proximal Policy Gradient Arborescence for Quality Diversity Reinforcement Learning,0,ALL,recent,0.5928315541171342,0.4994333354224248,0.5016288822930627,0.3189055543630308,0.105673896037328,0.11122217672553027,0.4635072122542944
R1160,SE-Bridge: Speech Enhancement with Consistent Brownian Bridge,0,ALL,recent,0.5106234024958134,0.5338627721542036,0.7933826923932089,0.1582158069514148,0.17101812900213437,0.64267584727723,0.5541704825005797
R1161,Variational Bayesian Framework for Advanced Image Generation with Domain-Related Variables,0,ALL,recent,0.5411957482670663,0.485771910382741,0.4752117920729714,0.21797463162846922,0.07974563739694285,0.06310126424132377,0.31980571150987536
R1162,Generalized Expectation Maximization Framework for Blind Image Super Resolution,0,ALL,recent,0.4933116211415293,0.8290092931274062,0.5531632355533702,0.12437699999369259,0.7311818974504201,0.20509625909071774,0.9273425881258638
R1163,Deep Transductive Transfer Learning for Automatic Target Recognition,0,ALL,recent,0.42968106792033384,0.7732525713367451,0.4838128313789068,3.1321603383311927e-07,0.6253602354108558,0.0787687679771954,0.6529296174189081
R1164,Deep-Learning-Aided Alternating Least Squares for Tensor CP Decomposition and Its Application to Massive MIMO Channel Estimation,0,ALL,recent,0.8702340412456955,0.4496720940710076,0.8498084672653828,0.8611356703419651,0.01123116167555203,0.7454600582503352,1.1332778524051346
R1165,REGARD: Rules of EngaGement for Automated cybeR Defense to aid in Intrusion Response,0,ALL,recent,0.6887575685639653,0.5812262460448474,0.54238568096782,0.5064091866386725,0.2609100983667127,0.1854640529437068,0.8322317035356825
R1166,Message Intercommunication for Inductive Relation Reasoning,0,ALL,recent,0.4950764165561234,0.728305560023747,0.659481038618743,0.12782659135186578,0.5400545128342963,0.3987629216261277,0.8074481267553067
R1167,CTQScorer: Combining Multiple Features for In-context Example Selection for Machine Translation,0,ALL,recent,0.8656398552381894,0.5664298777492134,0.49105576116715216,0.8521555561495343,0.23282781097771912,0.09196236301607409,1.1171701941828796
R1168,To Copy Rather Than Memorize: A Vertical Learning Paradigm for Knowledge Graph Completion,0,ALL,recent,0.5439856095578758,0.5866724567620193,0.4670246296072572,0.22342788775078976,0.2712465573872526,0.048187671365490015,0.5115401301159639
R1169,Dr.ICL: Demonstration-Retrieved In-context Learning,0,ALL,recent,0.7046122990926276,0.5567641323166301,0.4586059419993508,0.5373999411281486,0.2144830228754422,0.03285233631394706,0.7633812817134723
R1170,Impact of Light and Shadow on Robustness of Deep Neural Networks,0,ALL,recent,0.5680570079204798,0.7156986594006729,0.4405709088098236,0.27047951032647655,0.5161276546142212,3.325814145161054e-08,0.7866071765810472
R1171,DetGPT: Detect What You Need via Reasoning,0,ALL,recent,0.5627754531022934,0.6034095834435309,0.5401292774825809,0.26015581744521166,0.30301224421966877,0.18135382756545257,0.6266419013127889
R1172,HumBEL: A Human-in-the-Loop Approach for Evaluating Demographic Factors of Language Models in Human-Machine Conversations,0,ALL,recent,0.741316657509182,0.4735316674655953,0.45591658048576766,0.6091448224633943,0.056514665279831885,0.0279534421149523,0.6754431924834594
R1173,Skill-Based Few-Shot Selection for In-Context Learning,0,ALL,recent,0.7015472691928412,0.4437545503182595,0.4646376318879995,0.5314088213828168,1.514045620691217e-07,0.04383955779993761,0.546752818017357
R1174,DUBLIN -- Document Understanding By Language-Image Network,0,ALL,recent,0.47729554835156696,0.7874153011463321,0.5697942522576697,0.0930708747447016,0.6522399291829313,0.23539103011520812,0.8276976644679557
R1175,Language Models with Rationality,0,ALL,recent,0.8365367978928726,0.44375447054421435,0.6854488931527506,0.7952687044019533,0.0,0.4460655141911186,0.9513916343688448
R1176,Weakly Supervised AUC Optimization: A Unified Partial AUC Approach,0,ALL,recent,0.8289144409748725,0.6749767875402175,0.6489906885823329,0.7803695175977465,0.4388408984484862,0.37965388229495806,1.352089274849468
R1177,INSTRUCTSCORE: Explainable Text Generation Evaluation with Finegrained Feedback,0,ALL,recent,0.6135626998838984,0.5511659628038644,0.6248287192478619,0.3594280878480286,0.2038581585865358,0.3356408588278284,0.6807605470243043
R1178,Breast Cancer Segmentation using Attention-based Convolutional Network and Explainable AI,0,ALL,recent,0.5686199582456065,0.5499057402768255,0.48885405854720926,0.27157989202544236,0.20146636010792981,0.0879517797834839,0.5038293750575915
R1179,Advancing Precise Outline-Conditioned Text Generation with Task Duality and Explicit Outline Control,0,ALL,recent,0.46852016804862284,0.811145470178979,0.6193331905424063,0.07591790856664626,0.6972778339747997,0.3256302992360477,0.8871663472740626
R1180,Cascaded Beam Search: Plug-and-Play Terminology-Forcing For Neural Machine Translation,0,ALL,recent,0.6393161660357058,0.47065940063263145,0.5248880313000941,0.40976759663506546,0.05106333958628553,0.1535906383728785,0.5145876596518585
R1181,Sources of Hallucination by Large Language Models on Inference Tasks,0,ALL,recent,0.5100325501270064,0.621304810691535,0.48389294665857124,0.15706088598520102,0.3369759104672901,0.07891470457843579,0.5216569430549436
R1182,RE$^2$: Region-Aware Relation Extraction from Visually Rich Documents,0,ALL,recent,0.8549084832146071,0.4437545621260394,0.8198685315774641,0.8311792730700557,1.7381475506567495e-07,0.6909219916798782,1.0730021439727682
R1183,Inverse Reinforcement Learning with the Average Reward Criterion,0,ALL,recent,0.6594696211764824,0.5948377224655736,0.7964694200293231,0.4491609360080289,0.2867435586454848,0.6482985766998317,0.9628089964984547
R1184,COMET-M: Reasoning about Multiple Events in Complex Sentences,0,ALL,recent,0.8985084580518741,0.4538538731140303,0.6606654413065279,0.9164028038949017,0.019167833603222623,0.40092040898034104,1.0758927806412437
R1185,Getting MoRE out of Mixture of Language Model Reasoning Experts,0,ALL,recent,0.5513361433723124,0.8193782892069781,0.5753338812362799,0.23779575028859712,0.7129030458745376,0.24548192199821875,1.0366174688625112
R1186,Exploiting Correlations Between Contexts and Definitions with Multiple Definition Modeling,0,ALL,recent,0.4557485065972019,0.7241851575666146,0.6218054758283619,0.05095353444826206,0.5322343286074918,0.33013377115101955,0.6987346829586107
R1187,BLIP-Diffusion: Pre-trained Subject Representation for Controllable Text-to-Image Generation and Editing,0,ALL,recent,0.7456697906881967,0.4813202275993774,0.6641761313665291,0.6176537581004241,0.0712967104177504,0.40731542098692475,0.8315108658635981
R1188,"Advancing Topic Segmentation and Outline Generation in Chinese Texts: The Paragraph-level Topic Representation, Corpus, and Benchmark",0,ALL,recent,0.4651390107640006,0.678729431947124,0.5793911929252247,0.06930886433794738,0.4459631082095492,0.2528726504652158,0.6037774002103221
R1189,Building Transportation Foundation Model via Generative Graph Transformer,0,ALL,recent,0.657262896255505,0.44375447054421435,0.4971910828948723,0.44484751862586736,0.0,0.10313835845926378,0.4809459440866097
R1190,Leveraging GPT-4 for Automatic Translation Post-Editing,0,ALL,recent,0.547147175019336,0.6081329814267652,0.8026268903580192,0.22960770259162808,0.3119768642512557,0.6595149176496737,0.7724147880202696
R1191,Evaluating Evaluation Metrics: A Framework for Analyzing NLG Evaluation Metrics using Measurement Theory,0,ALL,recent,0.9223627505938562,0.44375447054421435,0.6876932789214095,0.9630300563954892,0.0,0.4501538483056872,1.1205839033024798
R1192,"Music Representing Corpus Virtual: An Open Sourced Library for Explorative Music Generation, Sound Design, and Instrument Creation with Artificial Intelligence and Machine Learning",0,ALL,recent,0.49225943680060347,0.7138941105301467,0.6632519397921964,0.12232032760002715,0.5127027696034478,0.4056319296751799,0.7769942725897879
R1193,Getting Sick After Seeing a Doctor? Diagnosing and Mitigating Knowledge Conflicts in Event Temporal Reasoning,0,ALL,recent,0.42968102185195806,0.7395230472964726,0.5227833243736626,2.2316759554708976e-07,0.5613443790420742,0.14975674081005436,0.6137594614931887
R1194,MuLER: Detailed and Scalable Reference-based Evaluation,0,ALL,recent,0.5179410356310918,0.892795628120428,0.7282012769128953,0.17251935954283204,0.8522431034825249,0.5239425135227287,1.208142342758312
R1195,ChatAgri: Exploring Potentials of ChatGPT on Cross-linguistic Agricultural Text Classification,0,ALL,recent,0.5558937629332116,0.44375447054421435,0.46892533845458656,0.24670438917166854,0.0,0.05164996957238073,0.2647818785220018
R1196,Transferring Visual Attributes from Natural Language to Verified Image Generation,0,ALL,recent,0.4296809076804205,0.7187822739441321,0.5192123486425861,0.0,0.5219801008413033,0.14325191347264893,0.5721182705567305
R1197,ToMChallenges: A Principle-Guided Dataset and Diverse Evaluation Tasks for Exploring Theory of Mind,0,ALL,recent,0.6428937195259756,0.7583671299497481,0.5296168307644277,0.41676053049095696,0.5971088946365786,0.16220453730280282,1.0706410131835165
R1198,Visually-Situated Natural Language Understanding with Contrastive Reading Model and Frozen Large Language Models,0,ALL,recent,0.7198318306198072,0.46833081994195286,0.5587448273110185,0.5671490916514568,0.046643885375795745,0.21526358964281941,0.6891352334022394
R1199,STAR: Boosting Low-Resource Information Extraction by Structure-to-Text Data Generation with Large Language Models,0,ALL,recent,0.44488712855064433,0.44375479027975945,0.4700270144635549,0.02972313259124283,6.068317094068798e-07,0.05365676344603739,0.04850360662906532
R1200,Computer Vision for Construction Progress Monitoring: A Real-Time Object Detection Approach,0,ALL,recent,0.4665841597249921,0.7529725867745698,0.5091369261930928,0.07213365259718929,0.5868704963518866,0.1248986990234384,0.7027186936072793
R1201,Boosting Cross-lingual Transferability in Multilingual Models via In-Context Learning,0,ALL,recent,0.6441800403050001,0.49747400975111766,0.5732201285168697,0.4192748621842892,0.1019552574166257,0.24163154677609694,0.6058011609725489
R1202,SAMScore: A Semantic Structural Similarity Metric for Image Translation Evaluation,0,ALL,recent,0.664160740863533,0.6995992958941752,0.6898809277372459,0.4583305234847326,0.4855723897183923,0.45413883137293565,1.1028515041836524
R1203,Peek Across: Improving Multi-Document Modeling via Cross-Document Question-Answering,0,ALL,recent,0.4902416546009042,0.5588659725953113,0.5724625227882438,0.11837623074823464,0.2184721424737361,0.2402515053460605,0.42093640009309186
R1204,Harnessing the Power of Large Language Models for Natural Language to First-Order Logic Translation,0,ALL,recent,0.5779990720794494,0.6674778595884878,0.5704594388173211,0.28991295758136637,0.4246085513182808,0.23660272239304694,0.7973324617372136
R1205,Towards Total Online Unsupervised Anomaly Detection and Localization in Industrial Vision,0,ALL,recent,0.48630219326913016,0.8510416466983124,0.5092186007233175,0.11067588675733021,0.7729974884435606,0.12504747592840357,0.9274399917758321
R1206,Revisiting non-English Text Simplification: A Unified Multilingual Benchmark,0,ALL,recent,0.5690126343172364,0.5870186249562628,0.6782741663329616,0.2723474438742595,0.27190355608594974,0.4329961564943888,0.6957996547332452
R1207,RewriteLM: An Instruction-Tuned Large Language Model for Text Rewriting,0,ALL,recent,0.5700979168534777,0.6677454306293797,0.5260107118397968,0.27446881229307724,0.42511637909852845,0.1556356937347164,0.7540576841987564
R1208,Knowledge Diffusion for Distillation,0,ALL,recent,0.5052163722621568,0.5336367195981736,0.4955071255229909,0.1476468511318569,0.17058909988386586,0.10007089097346897,0.3532607628564369
R1209,Language-Guided 3D Object Detection in Point Cloud for Autonomous Driving,0,ALL,recent,0.5323701862696067,0.8699423008657192,0.7413500896158634,0.20072357683441489,0.8088693721088053,0.5478941622500941,1.201355905730753
R1210,MERGE: Fast Private Text Generation,0,ALL,recent,0.7946969114476682,0.4437546093058339,0.5107075751981327,0.7134855642630025,2.633581160114551e-07,0.12775976595720118,0.7582017457061389
R1211,TLNets: Transformation Learning Networks for long-range time-series prediction,0,ALL,recent,0.7425857371589433,0.5320442325942034,0.8893364049734366,0.61162545345124,0.1675666908159648,0.8174634626859902,1.0653043562073012
R1212,Jointprop: Joint Semi-supervised Learning for Entity and Relation Extraction with Heterogeneous Graph-based Propagation,0,ALL,recent,0.504332861946852,0.8327525297325982,0.5566273395944756,0.14591988067209222,0.7382862519792958,0.21140641081482553,0.9581983764365769
R1213,SING: A Plug-and-Play DNN Learning Technique,0,ALL,recent,0.7646920652941978,0.5248009160141256,0.7258564754569512,0.6548360136474513,0.1538194729996019,0.5196712639371664,0.9905404290250613
R1214,UFO: Unified Fact Obtaining for Commonsense Question Answering,0,ALL,recent,0.5704546740188828,0.44375459495291253,0.47108086748609174,0.27516615455981874,2.3611745437007468e-07,0.05557644379865032,0.2946181460068007
R1215,PPGenCDR: A Stable and Robust Framework for Privacy-Preserving Cross-Domain Recommendation,0,ALL,recent,0.6082141125333302,0.8064830458150236,0.4859674828332071,0.34897336853587624,0.6884289368466663,0.08269364362407866,1.06634508065097
R1216,Multi-Agent Reinforcement Learning for Network Routing in Integrated Access Backhaul Networks,0,ALL,recent,0.6253954633622302,0.9296898305672091,0.8519493075102662,0.38255722695424577,0.9222652586085183,0.7493597756381477,1.5670984070361156
R1217,UpMax: User partitioning for MaxSAT,0,ALL,recent,0.5865691865864484,0.942364708300113,0.6545864627369323,0.3066646970166699,0.9463211317798281,0.3898470472548926,1.3894322953357103
R1218,On Computing Universal Plans for Partially Observable Multi-Agent Path Finding,0,ALL,recent,0.5930034289545264,0.6167491095008047,0.6254269807151356,0.31924151282532776,0.3283295651249525,0.336730641520377,0.7654268024824122
R1219,Diversify Your Vision Datasets with Automatic Diffusion-Based Augmentation,0,ALL,recent,0.5992512611227231,0.7070674246014318,0.5246570708033998,0.3314539583453571,0.4997462824213101,0.15316992474559643,0.8848097144276259
R1220,HAAV: Hierarchical Aggregation of Augmented Views for Image Captioning,0,ALL,recent,0.5818813206783408,0.4437545391471048,0.4901467014103048,0.29750146960166524,1.302026312206933e-07,0.09030643556010864,0.3291088522503345
R1221,Enabling and Analyzing How to Efficiently Extract Information from Hybrid Long Documents with LLMs,0,ALL,recent,0.5251619232871968,0.7639784191888489,0.5705064815139481,0.18663380671945767,0.6077586590846352,0.23668841455174233,0.8772334108972026
R1222,NODDLE: Node2vec based deep learning model for link prediction,0,ALL,recent,0.6089630082571801,0.44375460182729065,0.5382075915076333,0.35043721199093164,2.491644574044637e-07,0.17785331778742072,0.4126861223809863
R1223,Batch Model Consolidation: A Multi-Task Model Consolidation Framework,0,ALL,recent,0.6457254202827131,0.5800448602714586,0.6278894330955199,0.42229556893144427,0.2586679255481731,0.3412162019854308,0.8003891651745181
R1224,EgoHumans: An Egocentric 3D Multi-Human Benchmark,0,ALL,recent,0.5376535450804187,0.8986803991700725,0.5242478974885092,0.21105079592462161,0.8634119138644148,0.15242458174556567,1.1278113133999845
R1225,PIP: Parse-Instructed Prefix for Syntactically Controlled Paraphrase Generation,0,ALL,recent,0.6398582221848913,0.6666739203649211,0.7641728922255815,0.4108271371304746,0.42308274093911186,0.5894677828826685,1.0402236020785203
R1226,Code-Switched Text Synthesis in Unseen Language Pairs,0,ALL,recent,0.5218720377819361,0.6437027747302262,0.5748687304082837,0.18020316863275526,0.37948539999172054,0.24463461133305925,0.6453106825910465
R1227,RankCSE: Unsupervised Sentence Representations Learning via Learning to Rank,0,ALL,recent,0.48700754580509525,0.4928747338274506,0.5768719773420315,0.11205461768127156,0.0932262108229553,0.24828369113632318,0.29218012040193997
R1228,A Novel real-time arrhythmia detection model using YOLOv8,0,ALL,recent,0.681020363477625,0.6460820185170579,0.5626993207685722,0.4912855096495228,0.38400100858264763,0.22246702620622955,0.9531499774043507
R1229,AMPERE: AMR-Aware Prefix for Generation-Based Event Argument Extraction Model,0,ALL,recent,0.554901019335461,0.5301244051347366,0.5240916806237135,0.24476390377185245,0.16392301654557392,0.1521400198192989,0.461935927254181
R1230,Schema-Guided User Satisfaction Modeling for Task-Oriented Dialogues,0,ALL,recent,0.45474635078928377,0.6934805332096126,0.4805691158826685,0.04899465129050374,0.47395948250090697,0.07286007219663458,0.5484551590602329
R1231,Do GPTs Produce Less Literal Translations?,0,ALL,recent,0.6256204150066402,0.4906020539950793,0.5663946359162236,0.3829969330199725,0.08891285183373268,0.22919834806417042,0.5521292066761648
R1232,Domain Aligned Prefix Averaging for Domain Generalization in Abstractive Summarization,0,ALL,recent,0.6035566470355876,0.6892129021682102,0.5783055184219066,0.3398695638686944,0.4658598705569265,0.2508950046561868,0.8935426860552863
R1233,Knowledge Extraction with Interval Temporal Logic Decision Trees,0,ALL,recent,0.6548812639619622,0.5453841853540168,0.8826511950122983,0.44019221517810697,0.19288482156749626,0.8052858003924415,0.9149270668829577
R1234,Meta-prediction Model for Distillation-Aware NAS on Unseen Datasets,0,ALL,recent,0.5872649726582486,0.6359856267580005,0.521534835853501,0.30802472866712116,0.3648388892500694,0.14748251581722985,0.724482498453221
R1235,TranSFormer: Slow-Fast Transformer for Machine Translation,0,ALL,recent,0.7573030468821966,0.44375447054421435,0.4864737184185273,0.6403929264495596,0.0,0.08361579356923263,0.669658454198791
R1236,RFiD: Towards Rational Fusion-in-Decoder for Open-Domain Question Answering,0,ALL,recent,0.6776727468291693,0.4895376766028366,0.6458048515496978,0.48474202627151014,0.08689275127783301,0.3738506169179189,0.7024824934706146
R1237,"BiomedGPT: A Unified and Generalist Biomedical Generative Pre-trained Transformer for Vision, Language, and Multimodal Tasks",0,ALL,recent,0.6858553039509276,0.6920343153714786,0.6065820597088051,0.5007362191969651,0.4712146802530777,0.30240306089123836,1.077791970761976
R1238,An Improved Model Ensembled of Different Hyper-parameter Tuned Machine Learning Algorithms for Fetal Health Prediction,0,ALL,recent,0.6910136738874902,0.5468551159798093,0.9862320509583669,0.5108191263760501,0.19567652664927407,0.9939668876163898,1.0543840636910606
R1239,Im-Promptu: In-Context Composition from Image Prompts,0,ALL,recent,0.7961777378960362,0.44375447054421435,0.5639670803220256,0.7163800902103172,0.0,0.22477635497841766,0.7950518144527634
R1240,"Slide, Constrain, Parse, Repeat: Synchronous SlidingWindows for Document AMR Parsing",0,ALL,recent,0.5079271291342193,0.7864574626678245,0.8332489888685175,0.15294548427802615,0.6504220307035035,0.715295600163516,1.0537209750387602
R1241,Benchmarking Diverse-Modal Entity Linking with Generative Models,0,ALL,recent,0.4578174791639213,0.7309126504701444,0.5609417302092736,0.05499769153719821,0.545002555604118,0.21926542978578992,0.6767431475663428
R1242,Instance-based Max-margin for Practical Few-shot Recognition,0,ALL,recent,0.4835870426147603,0.8299073301468611,0.6273082053012324,0.10536866521992225,0.7328862976898848,0.3401574475355927,0.9573100695472645
R1243,Zero- and Few-Shot Event Detection via Prompt-Based Meta Learning,0,ALL,recent,0.5712130462725828,0.9123371090809376,0.517899758995275,0.27664852149652325,0.8893312235789611,0.14086092298052053,1.2152810681186665
R1244,Answering Unanswered Questions through Semantic Reformulations in Spoken QA,0,ALL,recent,0.621848810251274,0.4749968250067365,0.5346407929238144,0.3756246931201149,0.05929541352280581,0.1713560994688716,0.4948947414570258
R1245,Understanding Emotion Valence is a Joint Deep Learning Task,0,ALL,recent,0.4296809076804205,0.866258329519298,0.5288481551153411,0.0,0.8018774981559554,0.16080433109802167,0.8581590140402631
R1246,Towards Consistent Video Editing with Text-to-Image Diffusion Models,0,ALL,recent,0.7359147384017757,0.5718109590271991,0.8227293833900962,0.598585857205234,0.24304065969117794,0.6961332696275626,1.0852731612660589
R1247,GIMM: InfoMin-Max for Automated Graph Contrastive Learning,0,ALL,recent,0.6451355821117563,0.44375447054421435,0.7001639053037142,0.4211426303865981,0.0,0.47287012461645667,0.586647174002358
R1248,A Match Made in Heaven: A Multi-task Framework for Hyperbole and Metaphor Detection,0,ALL,recent,0.49417349493046303,0.7654047093888152,0.4847295575933185,0.12606167820033082,0.6104656403178191,0.08043866051903684,0.7646808496998129
R1249,USIM-DAL: Uncertainty-aware Statistical Image Modeling-based Dense Active Learning for Super-resolution,0,ALL,recent,0.624465310275704,0.5702523685892055,0.8106939890724907,0.3807390853030805,0.24008258351147171,0.6742098044826415,0.8567951003834767
R1250,Integrating Action Knowledge and LLMs for Task Planning and Situation Handling in Open Worlds,0,ALL,recent,0.47124498814859156,0.7377268964097404,0.5292948103049888,0.0812440306721883,0.5579354327123124,0.1616179504297718,0.6957457460349208
R1251,SimpSON: Simplifying Photo Cleanup with Single-Click Distracting Object Segmentation Network,0,ALL,recent,0.6642195591660767,0.8745174504436082,0.5432014453621408,0.45844549381300914,0.8175526288868771,0.1869500351885259,1.3414306350158702
R1252,Sequential Condition Evolved Interaction Knowledge Graph for Traditional Chinese Medicine Recommendation,0,ALL,recent,0.714354733319064,0.4922633934503546,0.5597107455402369,0.5564431778892867,0.092065937178836,0.21702308950400281,0.7244671963945237
R1253,CamoDiffusion: Camouflaged Object Detection via Conditional Diffusion Models,0,ALL,recent,0.5864154802148451,0.6696760251077015,0.5786129296703785,0.30636425189606603,0.4287804882832014,0.2514549796443907,0.8231539830548041
R1254,ContrastNER: Contrastive-based Prompt Tuning for Few-shot NER,0,ALL,recent,0.7781284200135644,0.44375456945421693,0.47942447712826664,0.6810996432681901,1.8772303193069937e-07,0.07077501813247762,0.7058710873375891
R1255,Medical Dialogue Generation via Dual Flow Modeling,0,ALL,recent,0.5986752161113019,0.5730020488277866,0.5812049272453423,0.3303279808655401,0.24530124995345642,0.2561765173847301,0.665291011903652
R1256,GripRank: Bridging the Gap between Retrieval and Generation via the Generative Knowledge Improved Passage Ranking,0,ALL,recent,0.5698786459652495,0.7233213279407039,0.7966251671286234,0.2740402102268685,0.5305948511813244,0.6485822829094354,1.0316388604264954
R1257,Exploring Effectiveness of GPT-3 in Grammatical Error Correction: A Study on Performance and Controllability in Prompt-Based Methods,0,ALL,recent,0.5233930443306676,0.5812110161014485,0.5103584276326398,0.1831762333873663,0.2608811931895165,0.12712376481918114,0.48855074426359624
R1258,Out-of-Distributed Semantic Pruning for Robust Semi-Supervised Learning,0,ALL,recent,0.6273677472143433,0.5974343429589711,0.5370796787607311,0.3864123895843452,0.2916717303075307,0.17579873152787043,0.7396136759266305
R1259,Practical PCG Through Large Language Models,0,ALL,recent,0.49250420724365784,0.6886403959174632,0.4795715183228192,0.12279877286235848,0.4647733008835955,0.07104286581727884,0.6124370767820015
R1260,Contextual Object Detection with Multimodal Large Language Models,0,ALL,recent,0.4949032730123934,0.7031412570262272,0.4924206755687793,0.1274881529882825,0.4922947399899976,0.0944486673713955,0.6528399265582686
R1261,ReWOO: Decoupling Reasoning from Observations for Efficient Augmented Language Models,0,ALL,recent,0.6615074588027726,0.4703016197598368,0.7166717588609494,0.4531442345858007,0.050384300980909055,0.5029405437925117,0.6795577258940888
R1262,Attention Paper: How Generative AI Reshapes Digital Shadow Industry?,0,ALL,recent,0.6090555372798095,0.6256292966060985,0.5997377630148791,0.3506180756277041,0.3451834282740927,0.2899356089697596,0.7972789670412127
R1263,Towards Explainable Conversational Recommender Systems,0,ALL,recent,0.4865614253508033,0.7361619992402649,0.46262841292626566,0.11118259974020969,0.5549653868761053,0.040179599454272845,0.6802108464253105
R1264,Exploiting Explainability to Design Adversarial Attacks and Evaluate Attack Resilience in Hate-Speech Detection Models,0,ALL,recent,0.4296809076804205,0.7066361500390906,0.48208312771594636,0.0,0.4989277588511175,0.07561796984252321,0.5253940482960007
R1265,On Diffusion Modeling for Anomaly Detection,0,ALL,recent,0.7504731507377443,0.49932717260771875,0.6290894093144773,0.6270427383641365,0.10547240776581213,0.34340205781340016,0.8527058663646386
R1266,Networked Time Series Imputation via Position-aware Graph Enhanced Variational Autoencoders,0,ALL,recent,0.5271181650814212,0.6507600776122355,0.5618468154832001,0.19045761243203416,0.3928795791419001,0.22091411739273303,0.6606571326613908
R1267,Graph-based Multi-ODE Neural Networks for Spatio-Temporal Traffic Forecasting,0,ALL,recent,0.5560183333165359,0.7299194461318438,0.562867419993713,0.24694788307144097,0.5431175356379427,0.22277323283361625,0.8680360502011494
R1268,Long-term Wind Power Forecasting with Hierarchical Spatial-Temporal Transformer,0,ALL,recent,0.5825970204324189,0.5886711868990525,0.6202263572687902,0.2989004259148436,0.2750399824358689,0.32725727622390055,0.6884804550290776
R1269,Task-Equivariant Graph Few-shot Learning,0,ALL,recent,0.5135324216785183,0.7351015231051032,0.5606223369696429,0.16390197734285764,0.5529526905845723,0.21868362861070717,0.7933939379411774
R1270,The Alternating-Time μ-Calculus With Disjunctive Explicit Strategies,0,ALL,recent,0.8170680399303624,0.5163056815197913,0.8392824491063061,0.7572137215600535,0.13769621817516087,0.7262860464867358,1.1491100560055718
R1271,AnoOnly: Semi-Supervised Anomaly Detection with the Only Loss on Anomalies,0,ALL,recent,0.5145538956189134,0.7459098217618936,0.5847058909109103,0.16589862106045056,0.5734659505279341,0.26255381196023386,0.8312584057744666
R1272,DiffSketching: Sketch Control Image Synthesis with Diffusion Models,0,ALL,recent,0.4296809076804205,0.8563815675927463,0.4580963395879117,0.0,0.7831322181418091,0.03192405341684164,0.7943056368377037
R1273,Exploring the Practicality of Generative Retrieval on Dynamic Corpora,0,ALL,recent,0.5292573241226602,0.5341932844463773,0.487209159187405,0.19463896086562224,0.1716454140891887,0.0849554596937615,0.39601878584762745
R1274,FERN: Leveraging Graph Attention Networks for Failure Evaluation and Robust Network Design,0,ALL,recent,0.792018567035677,0.5070965216640463,0.5635130351233025,0.7082502867563791,0.12021799186225386,0.22394927413455512,0.9068505245657273
R1275,AMatFormer: Efficient Feature Matching via Anchor Matching Transformer,0,ALL,recent,0.6136137876690095,0.5421839182404059,0.6029146876892965,0.3595279475714674,0.18681097837771274,0.2957226397499431,0.6498418498616602
R1276,Controlled Text Generation with Hidden Representation Transformations,0,ALL,recent,0.4823996805667969,0.6762282747243957,0.5911167866059747,0.10304776511682467,0.44121611796638005,0.2742317881535749,0.6402450089369559
R1277,Grammar Prompting for Domain-Specific Language Generation with Large Language Models,0,ALL,recent,0.5062739613129517,0.6439124937925252,0.47437809133181036,0.1497140879457965,0.379883429485226,0.06158260945878775,0.5511514307415983
R1278,Observation Denoising in CYRUS Soccer Simulation 2D Team For RoboCup 2023,0,ALL,recent,0.6683218749950228,0.8238078806305271,0.5462882841804555,0.4664641644844109,0.7213100452737503,0.19257296713869212,1.2551747482567035
R1279,Sensitivity Analysis of RF+clust for Leave-one-problem-out Performance Prediction,0,ALL,recent,0.7046037263245575,0.7071653596170766,0.8778841402910036,0.537383184201875,0.4999321550084094,0.7966022163512142,1.3161261149332093
R1280,CVSNet: A Computer Implementation for Central Visual System of The Brain,0,ALL,recent,0.7447070698541675,0.44375447054421435,0.5512796381478398,0.6157719572741428,0.0,0.20166513078885526,0.6863547530502422
R1281,Offline Meta Reinforcement Learning with In-Distribution Online Adaptation,0,ALL,recent,0.6520954508537378,0.5986155519092857,0.49159590029132777,0.4347468719138697,0.29391356753045067,0.09294627105845124,0.7611916343147783
R1282,Look-Ahead Task Offloading for Multi-User Mobile Augmented Reality in Edge-Cloud Computing,0,ALL,recent,0.6753962732804489,0.6242450979434974,0.6042742046951575,0.48029227339033437,0.34255633330930363,0.2981991123029298,0.9272182960056634
R1283,MSMix:An Interpolation-Based Text Data Augmentation Method Manifold Swap Mixup,0,ALL,recent,0.796764780013424,0.4437546630983558,0.5098102408480245,0.7175275633951852,3.654518886336446e-07,0.12612519729839453,0.7616717479015119
R1284,DeepMerge: Deep-Learning-Based Region-Merging for Image Segmentation,0,ALL,recent,0.5173466127862688,0.7099326426142658,0.5503085756698918,0.17135745947688366,0.5051842300352707,0.19989626025357987,0.7465053806009072
R1285,Deliberate then Generate: Enhanced Prompting Framework for Text Generation,0,ALL,recent,0.4780527261911697,0.6205270635214692,0.5161398624237077,0.09455090699687888,0.33549981044670546,0.13765512596820478,0.47823001153245603
R1286,A Survey on Large Language Models for Recommendation,0,ALL,recent,0.6212923147506559,0.5651956861922237,0.5835239616037768,0.37453692846823544,0.23048541713458398,0.2604008300732344,0.6961626361284514
R1287,Dynamic Neighborhood Construction for Structured Large Discrete Action Spaces,0,ALL,recent,0.5599681059503052,0.846415079256826,0.7159339289551413,0.2546683822474508,0.7642166447986564,0.5015965256576674,1.1944438110262907
R1288,InGram: Inductive Knowledge Graph Embedding via Relation Graphs,0,ALL,recent,0.6235222376307169,0.5505065093825592,0.5634691401970948,0.37889569018805797,0.20260657035037294,0.22386931589975545,0.6598565211033454
R1289,LOWA: Localize Objects in the Wild with Attributes,0,ALL,recent,0.5196658044261986,0.7637812315246867,0.6260469601369586,0.1758907120980604,0.6073844131518544,0.33785998526153077,0.9015261200914506
R1290,Efficient Diffusion Policies for Offline Reinforcement Learning,0,ALL,recent,0.7482465469511637,0.45116691517608276,0.8879016025899041,0.6226904643743317,0.01406820891776212,0.8148498515973024,0.9219561213511498
R1291,Automated Annotation with Generative AI Requires Validation,0,ALL,recent,0.42968116191284705,0.7516187183467637,0.49479590266025103,4.969403106786329e-07,0.5843009656726758,0.09877533976591607,0.6188728315310571
R1292,TransAct: Transformer-based Realtime User Action Model for Recommendation at Pinterest,0,ALL,recent,0.6390372519339916,0.6635999752855645,0.8032010861532118,0.40922241181251345,0.41724864655786104,0.6605608627321587,1.05766736032663
R1293,Adversarial-Aware Deep Learning System based on a Secondary Classical Machine Learning Verification Approach,0,ALL,recent,0.42968121982749474,0.44375447054421435,0.4405709423561222,6.101442925829281e-07,0.0,9.436549608416664e-08,6.431722162123865e-07
R1294,FlexRound: Learnable Rounding based on Element-wise Division for Post-Training Quantization,0,ALL,recent,0.7596440296950873,0.5675917274113302,0.6784884261822527,0.6449687736067989,0.23503290586738865,0.4333864485125754,1.031686936453589
R1295,Parallel Neurosymbolic Integration with Concordia,0,ALL,recent,0.6933890257609868,0.5931765441178233,0.6144105382696659,0.5154621536797668,0.28359077906918395,0.31666328139898986,0.9098850812385971
R1296,Revisiting Event Argument Extraction: Can EAE Models Learn Better When Being Aware of Event Co-occurrences?,0,ALL,recent,0.6145673963116713,0.6319834138886956,0.8818150448208996,0.3613919370773343,0.35724301911882156,0.8037626837339176,0.9999518955030269
R1297,Explanation Graph Generation via Generative Pre-training over Synthetic Graphs,0,ALL,recent,0.6605157309699458,0.7287817082690056,0.7135511181660791,0.45120573467046277,0.5409582029558149,0.49725603893140113,1.166203551252268
R1298,Predicting the Quality of Revisions in Argumentative Writing,0,ALL,recent,0.4296809076804205,0.8909990834475728,0.5277300987039928,0.0,0.8488334097791604,0.15876769896803863,0.904402104417974
R1299,Learning Sampling Dictionaries for Efficient and Generalizable Robot Motion Planning with Transformers,0,ALL,recent,0.649521717049417,0.44375454459546576,0.5431170172213822,0.42971607354698627,1.4054317127155908e-07,0.1867962423544628,0.49509489891421954
R1300,Bounds on BDD-Based Bucket Elimination,0,ALL,recent,0.7894825547954804,0.5325310351187922,0.6458272464379982,0.7032932215715652,0.16849060188144047,0.3738914110572815,1.0026458173230541
R1301,ViCo: Plug-and-play Visual Condition for Personalized Text-to-image Generation,0,ALL,recent,0.5747879830039506,0.6471096435820273,0.7211661904527964,0.2836363404542117,0.385951356250806,0.5111275222786221,0.8484823295025354
R1302,StyleDrop: Text-to-Image Generation in Any Style,0,ALL,recent,0.7548663041447929,0.4717689860363603,0.5484468731113527,0.6356299003109335,0.0531692412215767,0.196505015224521,0.7575758968610925
R1303,AoM: Detecting Aspect-oriented Information for Multimodal Aspect-Based Sentiment Analysis,0,ALL,recent,0.6241539484461632,0.6258525962119824,0.8127350317383911,0.3801304759041855,0.34560723251990433,0.6779277323348024,0.9630124147412708
R1304,Credit Card Fraud Detection Using Asexual Reproduction Optimization,0,ALL,recent,0.8368722428727321,0.6865687392784644,0.7140594291497185,0.7959243883946115,0.4608414673454396,0.4981819693860684,1.431129545025175
R1305,UCAS-IIE-NLP at SemEval-2023 Task 12: Enhancing Generalization of Multilingual BERT for Low-resource Sentiment Analysis,0,ALL,recent,0.4780209290092189,0.7577422840064383,0.5589740930923653,0.09448875402256546,0.5959229885410233,0.21568121620607447,0.7659001682357148
R1306,Joint Learning of Label and Environment Causal Independence for Graph Out-of-Distribution Generalization,0,ALL,recent,0.4957510243070839,0.8743486254804111,0.7006178760351985,0.12914522638946035,0.8172322130226454,0.47369706981209125,1.1121714138463377
R1307,Responsible Task Automation: Empowering Large Language Models as Responsible Task Automators,0,ALL,recent,0.8553681637872534,0.5209783990158251,0.5983262962050299,0.832077796557712,0.14656465081953612,0.2873645055565812,1.0792200243220516
R1308,EPIC: Graph Augmentation with Edit Path Interpolation via Learnable Cost,0,ALL,recent,0.7344027266517899,0.44375447054421435,0.5226832119232296,0.5956303743072874,0.0,0.14957437771004117,0.6479814065058018
R1309,ChatGPT for Zero-shot Dialogue State Tracking: A Solution or an Opportunity?,0,ALL,recent,0.4296809076804205,0.5415226743841618,0.44057097980532023,0.0,0.185555992043618,1.6258230442791264e-07,0.18555604894742456
R1310,One for All: Unified Workload Prediction for Dynamic Multi-tenant Edge Cloud Platforms,0,ALL,recent,0.5007797744281869,0.7938843329190991,0.64460229999318,0.13897476969896594,0.6645176182578225,0.37166006989980216,0.9335734124217192
R1311,Log Parsing: How Far Can ChatGPT Go?,0,ALL,recent,0.4296809076804205,0.6330763371047304,0.48803764390132076,0.0,0.3593172972953015,0.08646461305170866,0.3895799118633995
R1312,Word Embeddings for Banking Industry,0,ALL,recent,0.507614385631081,0.5220914522082545,0.44057109648041326,0.15233417416421385,0.14867713403193777,3.7511562638267207e-07,0.30101143948662085
R1313,Unifying (Machine) Vision via Counterfactual World Modeling,0,ALL,recent,0.5582347078055804,0.6266349273440943,0.6381380847005754,0.251280162167736,0.3470920325226054,0.35988496765413863,0.7243319333692899
R1314,Auto-GPT for Online Decision Making: Benchmarks and Additional Opinions,0,ALL,recent,0.605358798701849,0.44375447054421435,0.4885419260101696,0.343392174343905,0.0,0.08738320457806877,0.37397629594622905
R1315,Towards Deep Attention in Graph Neural Networks: Problems and Remedies,0,ALL,recent,0.7063324800551438,0.44375447054421435,0.48383578546521777,0.5407623259880134,0.0,0.07881058074193682,0.5683460292476913
R1316,Fast Continual Multi-View Clustering with Incomplete Views,0,ALL,recent,0.527317831426176,0.5894702511497218,0.47700009508429686,0.19084789409963634,0.27655654051831324,0.0663588059306726,0.49063001669368494
R1317,A Novel Multi-Agent Deep RL Approach for Traffic Signal Control,0,ALL,recent,0.5093579945380637,0.6711436259000488,0.490151581224936,0.1557423529070995,0.43156587361557197,0.0903153245456423,0.6189185901136462
R1318,Exploring the Relationship between Alignment and Cross-lingual Transfer in Multilingual Transformers,0,ALL,recent,0.5946322265316202,0.44375447054421435,0.46456891813190343,0.322425273390259,0.0,0.043714390015900384,0.3377253098958241
R1319,Classification of Edge-dependent Labels of Nodes in Hypergraphs,0,ALL,recent,0.7619334329591918,0.8377696718489822,0.6307838475526883,0.6494437998052578,0.7478083741628382,0.3464886170631707,1.5185231899402056
R1320,Tackling Cooperative Incompatibility for Zero-Shot Human-AI Coordination,0,ALL,recent,0.672368576061408,0.5606443679791915,0.8011125415432826,0.4743741266886834,0.2218473903226368,0.6567564061642159,0.9260862591687957
R1321,Structured Voronoi Sampling,0,ALL,recent,0.7366922659121622,0.443754947229029,0.520019010281194,0.6001056663334713,9.047084859400296e-07,0.14472131429584384,0.6507590310455025
R1322,Interactive Editing for Text Summarization,0,ALL,recent,0.682733866310143,0.443754531066786,0.5353471970629722,0.4946348409739239,1.1486685217779915e-07,0.1726428729732843,0.5550599613814255
R1323,MotionDiffuser: Controllable Multi-Agent Motion Prediction using Diffusion,0,ALL,recent,0.6351025421362169,0.6077789299761707,0.5134342241904447,0.4015313554990851,0.3113049037818059,0.1327265823794885,0.759290563113712
R1324,Is ChatGPT a Good Teacher Coach? Measuring Zero-Shot Performance For Scoring and Providing Actionable Insights on Classroom Instruction,0,ALL,recent,0.4511110241717712,0.7266639583296207,0.5131720721729701,0.04188879007837401,0.5369388881329081,0.13224905081998092,0.6251148459982754
R1325,NLU on Data Diets: Dynamic Data Subset Selection for NLP Classification Tasks,0,ALL,recent,0.5045943865417915,0.5208729552442324,0.487011941757502,0.14643107476019582,0.14636452723258,0.08459621185057915,0.3224042761404785
R1326,Towards Fairness in Personalized Ads Using Impression Variance Aware Reinforcement Learning,0,ALL,recent,0.5547406696261463,0.5305439110076483,0.5076836421405844,0.24445047312319865,0.16471920411329985,0.12225142204770759,0.45195767495319616
R1327,MetaGait: Learning to Learn an Omni Sample Adaptive Representation for Gait Recognition,0,ALL,recent,0.5966750840824142,0.6652885943655151,0.5324314283646354,0.3264183842601775,0.4204535063819913,0.16733155938091368,0.8054379364254886
R1328,GSHOT: Few-shot Generative Modeling of Labeled Graphs,0,ALL,recent,0.46638080688095834,0.6577277421412986,0.5462101052403536,0.0717361650427465,0.40610363208690425,0.19243055773995035,0.5451904923386334
R1329,SDR-GAIN: A High Real-Time Occluded Pedestrian Pose Completion Method for Autonomous Driving,0,ALL,recent,0.5776602721431761,0.5686867565813047,0.7610217755227808,0.28925071575851624,0.23711118097085634,0.5837277634551061,0.7306666139386597
R1330,Take the Hint: Improving Arabic Diacritization with Partially-Diacritized Text,0,ALL,recent,0.5574379112552481,0.70602298812627,0.6133375696565505,0.24972268843932618,0.4977640280823385,0.3147087804187587,0.8576347896682301
R1331,RDFC-GAN: RGB-Depth Fusion CycleGAN for Indoor Depth Completion,0,ALL,recent,0.5708401683172019,0.5363032834543846,0.667539776706396,0.2759196684170679,0.17565001828323526,0.4134425788865688,0.5962745893106023
R1332,On Manipulating Signals of User-Item Graph: A Jacobi Polynomial-based Graph Collaborative Filtering,0,ALL,recent,0.5066909265431747,0.8702283947986453,0.48646544307327844,0.15052911706641953,0.8094123548113276,0.08360071934413135,0.989201723648193
R1333,Schema First! Learn Versatile Knowledge Graph Embeddings by Capturing Semantics with MASCHInE,0,ALL,recent,0.7282480745577362,0.45071578708849397,0.8363155077311502,0.5836000650144149,0.01321200499313734,0.7208815176355201,0.8491206011799842
R1334,Iterative Translation Refinement with Large Language Models,0,ALL,recent,0.513034004993939,0.44375447054421435,0.4560408067268755,0.16292773756771095,0.0,0.028179730477023563,0.1727906432346692
R1335,Learn the Force We Can: Enabling Sparse Motion Control in Multi-Object Video Generation,0,ALL,recent,0.6625398409083555,0.44375480783904164,0.4798105579776495,0.4551622001586376,6.401577796350781e-07,0.07147829629862669,0.48018024402093656
R1336,Triggering Multi-Hop Reasoning for Question Answering in Language Models using Soft Prompts and Random Walks,0,ALL,recent,0.5578928206474403,0.4437547634904629,0.4721522136442057,0.25061188584718486,5.559878327282445e-07,0.05752798934304501,0.27074723810508333
R1337,Gotta: Generative Few-shot Question Answering by Prompt-based Cloze Data Augmentation,0,ALL,recent,0.6531601137032514,0.6065688972439144,0.5752626516945788,0.4368279356647607,0.3090083613966494,0.2453521715028412,0.8317095570874045
R1338,"Synthesising Recursive Functions for First-Order Model Counting: Challenges, Progress, and Conjectures",0,ALL,recent,0.5736708052897015,0.7816022837645439,0.6972136515989557,0.28145262751119965,0.6412073013481159,0.4674959937356484,1.0862835266667925
R1339,MobileNMT: Enabling Translation in 15MB and 30ms,0,ALL,recent,0.5934059333863047,0.4437546422556625,0.46761078396548605,0.32002827586766486,3.2589417478561894e-07,0.04925539995859275,0.3372679917473471
R1340,Timing Process Interventions with Causal Inference and Reinforcement Learning,0,ALL,recent,0.44408756586098247,0.809143602288446,0.5277898160290835,0.028160251975299207,0.6934784537286798,0.15887647900969118,0.7772454733573709
R1341,Co-evolving Graph Reasoning Network for Emotion-Cause Pair Extraction,0,ALL,recent,0.5378491338454037,0.44375447054421435,0.7179400108612509,0.2114331072723667,0.0,0.5052507695973211,0.38827087663142906
R1342,Dial-MAE: ConTextual Masked Auto-Encoder for Retrieval-based Dialogue Systems,0,ALL,recent,0.5514326243036005,0.6771860285711838,0.5594973550500462,0.23798433859976775,0.44303385582178023,0.21663438109524621,0.7568402278048841
R1343,Sample-Level Weighting for Multi-Task Learning with Auxiliary Tasks,0,ALL,recent,0.6134053933613867,0.49748528105097983,0.5428733425184525,0.35912060562308995,0.10197664941469259,0.18635236875004238,0.5263205841002974
R1344,XInsight: Revealing Model Insights for GNNs with Flow-based Explanations,0,ALL,recent,0.6976983153720224,0.7968618956313225,0.5988968115148059,0.5238853896419439,0.6701687868508672,0.2884037463307885,1.294995487708587
R1345,Conservative Prediction via Data-Driven Confidence Minimization,0,ALL,recent,0.5906167156981516,0.44375491684138135,0.467136464327992,0.3145762777756765,8.470352355516916e-07,0.048391387549382256,0.33151411045319584
R1346,CoCo: A Coupled Contrastive Framework for Unsupervised Domain Adaptive Graph Classification,0,ALL,recent,0.7167061753522638,0.44375463760698114,0.5305732683638749,0.5610394693630136,3.170713607001052e-07,0.16394676741354375,0.6184211550291147
R1347,Active Inference in Hebbian Learning Networks,0,ALL,recent,0.4296809076804205,0.8016811032207585,0.5105295782178225,0.0,0.6793152456176237,0.12743552975099534,0.723917681030472
R1348,FheFL: Fully Homomorphic Encryption Friendly Privacy-Preserving Federated Learning with Byzantine Users,0,ALL,recent,0.6389150278326172,0.44375447054421435,0.5323734124683199,0.40898350411795864,0.0,0.1672258786323516,0.4675125616392817
R1349,Extensive Evaluation of Transformer-based Architectures for Adverse Drug Events Extraction,0,ALL,recent,0.4296809724722288,0.9036878407290965,0.7496854416527423,1.266465564050279e-07,0.8729156251896861,0.5630776946736102,1.069992944972006
R1350,FollowNet: A Comprehensive Benchmark for Car-Following Behavior Modeling,0,ALL,recent,0.5256479020919201,0.7740312403933043,0.7076943824675425,0.1875837345531123,0.6268380850960157,0.4865875109578674,0.9847274484843815
R1351,SequenceMatch: Imitation Learning for Autoregressive Sequence Modelling with Backtracking,0,ALL,recent,0.647860552667224,0.4437546532750775,0.54855571371469,0.42646904658288,3.468081161305325e-07,0.19670327737619214,0.49531554047266335
R1352,Hexatagging: Projective Dependency Parsing as Tagging,0,ALL,recent,0.5407408532396478,0.8236294341227361,0.5246880440575976,0.2170854622989922,0.7209713685109648,0.153226345087208,0.9916860515904797
R1353,DetectLLM: Leveraging Log Rank Information for Zero-Shot Detection of Machine-Generated Text,0,ALL,recent,0.6468283536905428,0.6750523382420067,0.6623118717699883,0.42445143896647897,0.43898428745298346,0.40391951810187676,1.0048075577551192
R1354,A Unified Generative Approach to Product Attribute-Value Identification,0,ALL,recent,0.4296809076804205,0.8405542324869771,0.5533026334816269,0.0,0.7530932407277862,0.20535018393445462,0.8249658051048453
R1355,An End-to-End Reinforcement Learning Approach for Job-Shop Scheduling Problems Based on Constraint Programming,0,ALL,recent,0.5755388831017059,0.6717443269953719,0.6657188941257435,0.28510410179733814,0.4327059547798617,0.4101256908198826,0.8613540483641587
R1356,Motion-DVAE: Unsupervised learning for fast human motion denoising,0,ALL,recent,0.4958889147965848,0.5664258969397139,0.4714863192349677,0.12941475669139965,0.23282025572941958,0.0563150076586999,0.3819452651013642
R1357,Hidden Classification Layers: Enhancing linear separability between classes in neural networks layers,0,ALL,recent,0.6006171010939044,0.7220238998211511,0.4868392079060451,0.33412372375967764,0.5281324395549124,0.08428156286843293,0.8917547103185415
R1358,Enjoy the Silence: Analysis of Stochastic Petri Nets with Silent Transitions,0,ALL,recent,0.5524852127409995,0.6945454633707988,0.49586964702181685,0.2400418008683898,0.4759806321666979,0.10073125383604414,0.7512783718777032
R1359,D2Match: Leveraging Deep Learning and Degeneracy for Subgraph Matching,0,ALL,recent,0.48966063148040023,0.7708843353058918,0.6447418708925334,0.11724052271158933,0.6208655186334278,0.37191430982468315,0.8682760497836562
R1360,On Robot Grasp Learning Using Equivariant Models,0,ALL,recent,0.6297899774339162,0.5449325164595834,0.5477759856476936,0.3911470485503912,0.19202759123605811,0.1952829382790088,0.6515236681841023
R1361,Inductive reasoning in humans and large language models,0,ALL,recent,0.490473356314797,0.5481195879821439,0.50078466315407,0.11882913096732456,0.19807639028171514,0.10968436181228662,0.35529504788334
R1362,Policy Regularization with Dataset Constraint for Offline Reinforcement Learning,0,ALL,recent,0.4566830613365915,0.44375447054421435,0.45799669048094416,0.05278027987500016,0.0,0.03174253433523337,0.06389016689233185
R1363,ARIST: An Effective API Argument Recommendation Approach,0,ALL,recent,0.5145221408866719,0.7741544542163624,0.5971263732878448,0.16583655106127929,0.6270719347759021,0.28517874682219413,0.8927210472249493
R1364,EaSyGuide : ESG Issue Identification Framework leveraging Abilities of Generative Large Language Models,0,ALL,recent,0.5828748979344586,0.6667677085806464,0.8826418326127959,0.2994435845278703,0.42326074324177654,0.8052687460082023,1.0045483888725175
R1365,Augmenting Greybox Fuzzing with Generative AI,0,ALL,recent,0.7609295590538936,0.4962594743159735,0.45958282195446215,0.6474815583353541,0.09965016927253709,0.03463180386453057,0.759252858960477
R1366,Sticker820K: Empowering Interactive Retrieval with Stickers,0,ALL,recent,0.6027389413661028,0.5843649958999301,0.6084282335642602,0.3382712197276922,0.2668671868705587,0.3057660191046082,0.7121565132848637
R1367,Augmenting Zero-Shot Detection Training with Image Labels,0,ALL,recent,0.4296809076804205,0.7650714783735759,0.49757612864706063,0.0,0.6098331953184853,0.10383975111035063,0.646177108207108
R1368,Learning Multilingual Sentence Representations with Cross-lingual Consistency Regularization,0,ALL,recent,0.6173900065779004,0.6378162144535637,0.6184241078540114,0.3669092066154096,0.36831319380443295,0.3239743300083736,0.8486134159227733
R1369,LIVABLE: Exploring Long-Tailed Classification of Software Vulnerability Types,0,ALL,recent,0.8019457894092218,0.8494530519184817,0.8475040870864904,0.7276547232294422,0.7699824664962479,0.741262439360633,1.7570790435019117
R1370,Resource Efficient Neural Networks Using Hessian Based Pruning,0,ALL,recent,0.7444575965531852,0.5069751623799197,0.611857439748846,0.6152843194799562,0.11998766194439345,0.3120126014997142,0.8444763919492496
R1371,RECAP: Retrieval-Enhanced Context-Aware Prefix Encoder for Personalized Dialogue Response Generation,0,ALL,recent,0.6695053062309986,0.5303525861046128,0.5107481829151309,0.46877738115012463,0.1643560852178814,0.127833736268828,0.6778752740620958
R1372,Operator Learning with Neural Fields: Tackling PDEs on General Geometries,0,ALL,recent,0.6341859277313919,0.9638758107116118,0.6878747841986835,0.3997396774929472,0.987147431038142,0.4504844751646772,1.5445566748387263
R1373,TransCoder: Towards Unified Transferable Code Representation Learning Inspired by Human Skills,0,ALL,recent,0.6545263082468267,0.443754656220959,0.5222762049203193,0.4394983941508422,3.523991563623062e-07,0.14883298082626895,0.4915902898391927
R1374,Novel Regression and Least Square Support Vector Machine Learning Technique for Air Pollution Forecasting,0,ALL,recent,0.6789987492446856,0.6948589214681654,0.4926738931794083,0.4873339224401286,0.4765755497977529,0.09490992417065008,0.997127945697609
R1375,Online Prototype Alignment for Few-shot Policy Transfer,0,ALL,recent,0.7528780071829558,0.44375447054421435,0.5194413581467044,0.631743437347399,0.0,0.1436690732057579,0.6820276129694143
R1376,Time-aware Graph Structure Learning via Sequence Prediction on Temporal Graphs,0,ALL,recent,0.6706092849869715,0.5820546082890886,0.7351902255826505,0.47093529449504734,0.2624822616259793,0.5366734609697007,0.9212532674604219
R1377,WebGLM: Towards An Efficient Web-Enhanced Question Answering System with Human Preferences,0,ALL,recent,0.7250044481494269,0.44375447054421435,0.5309010642056365,0.5772598481628088,0.0,0.1645438746226528,0.6348502042807374
R1378,arXiVeri: Automatic table verification with GPT,0,ALL,recent,0.516942513072699,0.8791659616572608,0.4973696511731497,0.17056757818625753,0.82637512000257,0.10346363533191898,1.0331549705549992
R1379,"Realising Synthetic Active Inference Agents, Part I: Epistemic Objectives and Graphical Specification Language",0,ALL,recent,0.8034531464787678,0.5826531103501137,0.8711517590803194,0.7306011077665888,0.2636181692044336,0.7843386277292069,1.2687377966762448
R1380,FLamE: Few-shot Learning from Natural Language Explanations,0,ALL,recent,0.7240997240701348,0.5862387594911596,0.5346511629529006,0.5754914118105561,0.270423435715991,0.17137498933365075,0.9058960937933248
R1381,SMC-UDA: Structure-Modal Constraint for Unsupervised Cross-Domain Renal Segmentation,0,ALL,recent,0.7043513776740663,0.473910304365795,0.5350557018782657,0.5368899260503736,0.0572332869061011,0.1721118904102554,0.654362374600064
R1382,Curricular Subgoals for Inverse Reinforcement Learning,0,ALL,recent,0.5767772509231722,0.7650378075162577,0.4923459899000209,0.28752470131830454,0.6097692908067193,0.09431262125502897,0.9303034095642839
R1383,GBSD: Generative Bokeh with Stage Diffusion,0,ALL,recent,0.7087828739934683,0.7291182257351894,0.518544369046189,0.5455520357095271,0.5415968853681457,0.14203513344760976,1.1368612177843362
R1384,Research on Named Entity Recognition in Improved transformer with R-Drop structure,0,ALL,recent,0.6107052036493998,0.44375447054421435,0.5008238126918004,0.35384262777995257,0.0,0.10975567592989866,0.3922571143554171
R1385,Hierarchical Task Network Planning for Facilitating Cooperative Multi-Agent Reinforcement Learning,0,ALL,recent,0.5820460075346751,0.4676789297958966,0.5626172665000586,0.2978233779383016,0.045406651612629224,0.22231755757659616,0.4210411747027395
R1386,T5-SR: A Unified Seq-to-Seq Decoding Strategy for Semantic Parsing,0,ALL,recent,0.6486512237998873,0.4547877124643234,0.46306694892779954,0.42801454714562914,0.020940183715501222,0.04097842901404532,0.4632971810160462
R1387,A semantically enhanced dual encoder for aspect sentiment triplet extraction,0,ALL,recent,0.42968097488024337,0.5914465609811237,0.4405710497203789,1.3135342846900594e-07,0.2803074136749037,2.89938360389091e-07,0.2803076465067583
R1388,Towards AGI in Computer Vision: Lessons Learned from GPT and Large Language Models,0,ALL,recent,0.42968100380428803,0.5814962111097398,0.4648381602075615,1.87890369621099e-07,0.26142246980717854,0.04420483670218817,0.276894350543314
R1389,Real-Time Network-Level Traffic Signal Control: An Explicit Multiagent Coordination Method,0,ALL,recent,0.5621348851074446,0.5656144417388028,0.4741928631188321,0.2589037188727202,0.23128018064477854,0.06124520096481383,0.5116197198551836
R1390,Neural models for Factual Inconsistency Classification with Explanations,0,ALL,recent,0.4296809076804205,0.692998117490875,0.4698967370977017,0.0,0.47304389723134105,0.05341945246028293,0.4917407055924401
R1391,Revealing the Illusion of Joint Multimodal Understanding in VideoQA Models,0,ALL,recent,0.7873756957507742,0.4437545751109515,0.5940084946806234,0.6991750089485007,1.984590478912345e-07,0.2794992733319469,0.79699995307373
R1392,Voting Booklet Bias: Stance Detection in Swiss Federal Communication,0,ALL,recent,0.49232875462149944,0.44375457020336984,0.4594949168917124,0.12245582101413778,1.891448623957715e-07,0.03447167752978829,0.13452109729442607
R1393,Relational Temporal Graph Reasoning for Dual-task Dialogue Language Understanding,0,ALL,recent,0.7437196806832023,0.48091150509041913,0.9771422963451305,0.6138419380078026,0.0705209887859562,0.9774091485693472,1.0264561287930303
R1394,UniOcc: Unifying Vision-Centric 3D Occupancy Prediction with Geometric and Semantic Rendering,0,ALL,recent,0.8403140162946396,0.47567156560278445,0.5208411611076366,0.8026519171239024,0.06057601555653798,0.14621892995443636,0.9144045581644932
R1395,Stochastic Re-weighted Gradient Descent via Distributionally Robust Optimization,0,ALL,recent,0.6262716653363923,0.5208176644760939,0.6875973281892769,0.3842699120241916,0.14625958991216462,0.44997906611940997,0.6880221750781497
R1396,A Simple Data Augmentation for Feature Distribution Skewed Federated Learning,0,ALL,recent,0.602078336040577,0.4437546119484539,0.5163284616836308,0.3369799548007481,2.6837359096759857e-07,0.1379986751027133,0.3852797594602887
R1397,TSMixer: Lightweight MLP-Mixer Model for Multivariate Time Series Forecasting,0,ALL,recent,0.6942966343550252,0.44375447054421435,0.47504217627386025,0.5172362283043422,0.0,0.0627922950491469,0.5392135315715436
R1398,Equitable Multi-task Learning,0,ALL,recent,0.45469656504604444,0.746726307102592,0.5467684548901139,0.048897336628295075,0.575015572403267,0.19344763775928075,0.6916195822473103
R1399,Adaptive Hierarchical SpatioTemporal Network for Traffic Forecasting,0,ALL,recent,0.6550377406190556,0.5415438354534627,0.5614868860883163,0.44049807529061713,0.18559615400888502,0.22025847626165473,0.7031846959910814
R1400,Kriging Convolutional Networks,0,ALL,recent,0.6393840662817267,0.5550845027540429,0.7360506477104944,0.4099003191591351,0.21129522441427906,0.5382407909658699,0.8095798204114687
R1401,Residual Q-Learning: Offline and Online Policy Customization without Value,0,ALL,recent,0.607005781228453,0.6537564964429103,0.5417913065312232,0.3466114804707525,0.398566535093492,0.18438135079869267,0.8097114883437869
R1402,CMLM-CSE: Based on Conditional MLM Contrastive Learning for Sentence Embeddings,0,ALL,recent,0.5170038129267511,0.4807659461635078,0.46608702602539104,0.17068739912700046,0.07024472994082032,0.046479748973888145,0.2572000412086816
R1403,Clickbait Detection via Large Language Models,0,ALL,recent,0.4296809076804205,0.504015570940661,0.44057096333953627,0.0,0.11437060134609836,1.3258851850179759e-07,0.11437064775207983
R1404,Pushing the Limits of ChatGPT on NLP Tasks,0,ALL,recent,0.4296809076804205,0.6926414441727722,0.440570890551996,0.0,0.472366960673476,0.0,0.472366960673476
R1405,Temporal Difference Learning with Experience Replay,0,ALL,recent,0.6382228496977268,0.5076705523504478,0.544473287944036,0.40763052479089956,0.12130745478880081,0.18926680153437134,0.5951813601167303
R1406,Are Large Language Models Really Good Logical Reasoners? A Comprehensive Evaluation and Beyond,0,ALL,recent,0.516539604047757,0.5481685760299858,0.4669713399720188,0.16978002429809785,0.19816936555852874,0.04809059989197574,0.38478109981881814
R1407,Ensemble Framework for Cardiovascular Disease Prediction,0,ALL,recent,0.6027502804002367,0.47060325291924615,0.4556234112507712,0.3382933837892229,0.050956775854428024,0.02741941013100592,0.39884695318950303
R1408,Neighborhood-based Hard Negative Mining for Sequential Recommendation,0,ALL,recent,0.49658037329454907,0.5661122158720971,0.4766640353885028,0.1307663293662763,0.23222491491920877,0.06574664542866263,0.386002570185517
R1409,M3PT: A Multi-Modal Model for POI Tagging,0,ALL,recent,0.5825941731511068,0.7365147542855283,0.8308731224594886,0.2988948604215705,0.5556348868750967,0.7109677631992432,1.1033684644164021
R1410,A New Perspective for Shuttlecock Hitting Event Detection,0,ALL,recent,0.5145202109288523,0.8809038407005882,0.5192912965448023,0.16583277863204396,0.8296734711767856,0.14339572359941558,1.045694753068625
R1411,DCdetector: Dual Attention Contrastive Representation Learning for Time Series Anomaly Detection,0,ALL,recent,0.543757740993639,0.5774899437352731,0.5698430971448565,0.2229824800715256,0.2538189045593386,0.23548000511290978,0.5592193864203826
R1412,CLARA: Classifying and Disambiguating User Commands for Reliable Interactive Robotic Agents,0,ALL,recent,0.4296811195695918,0.9262435205890852,0.526180201694863,4.1417325103579757e-07,0.9157244463427281,0.15594443350940973,0.9703054122442725
R1413,Universal Information Extraction with Meta-Pretrained Self-Retrieval,0,ALL,recent,0.5072359322390075,0.663654402837883,0.6081401202003981,0.15159442295000972,0.4173519455658034,0.3052411968076621,0.6757807873984949
R1414,Referenceless User Controllable Semantic Image Synthesis,0,ALL,recent,0.5103743894952588,0.5081366701536032,0.4612961988812931,0.1577290688923274,0.12219210795799769,0.03775286150038571,0.2931346783754601
R1415,Spatial-Temporal Graph Learning with Adversarial Contrastive Adaptation,0,ALL,recent,0.524212949757375,0.7567872501010974,0.7455589218658726,0.1847788773262048,0.5941104129102903,0.5555608979380908,0.9733356045148269
R1416,AMRs Assemble! Learning to Ensemble with Autoregressive Models for AMR Parsing,0,ALL,recent,0.42968123338585723,0.5305578203675119,0.44057095597437507,6.366464070398209e-07,0.16474560293179916,1.1917226884160664e-07,0.1647462812885003
R1417,Knowledge Transfer-Driven Few-Shot Class-Incremental Learning,0,ALL,recent,0.646719532174497,0.5131911461082832,0.5757939434313191,0.4242387288935545,0.13178508668926947,0.2463199632980108,0.6422358027371278
R1418,FDTI: Fine-grained Deep Traffic Inference with Roadnet-enriched Graph,0,ALL,recent,0.5124359474143676,0.4944055547733125,0.4861830331059491,0.1617587327974588,0.09613158279558112,0.08308628625519918,0.28697051578235966
R1419,BayLing: Bridging Cross-lingual Alignment and Instruction Following through Interactive Translation for Large Language Models,0,ALL,recent,0.8095998934364693,0.44375447054421435,0.667028743114334,0.7426159651323883,0.0,0.41251168897571105,0.8869950562738871
R1420,Hyperbolic Active Learning for Semantic Segmentation under Domain Shift,0,ALL,recent,0.5437733425657082,0.44375447054421435,0.49165056676689967,0.22301297598495476,0.0,0.09304585056039102,0.25557902368109164
R1421,Using Motif Transitions for Temporal Graph Generation,0,ALL,recent,0.6268595350679281,0.5506349318261133,0.5272294609943717,0.38541900292099895,0.2028503055626242,0.15785574601598165,0.6435188195892168
R1422,Reasoning over the Air: A Reasoning-based Implicit Semantic-Aware Communication Framework,0,ALL,recent,0.5350122467138627,0.7505479541443625,0.5288541296651655,0.20588793118444756,0.5822687434775475,0.16081521423415962,0.844441999643951
R1423,OpenSTL: A Comprehensive Benchmark of Spatio-Temporal Predictive Learning,0,ALL,recent,0.5779963147547919,0.6337641226685183,0.48835602804486566,0.289907567923601,0.36062265760253254,0.087044576074897,0.6809958271523475
R1424,Transforming Graphs for Enhanced Attribute Clustering: An Innovative Graph Transformer-Based Method,0,ALL,recent,0.662160435085054,0.5559412694807238,0.8225999246907881,0.4544205872563837,0.21292129703988946,0.6958974499105606,0.9109059917649693
R1425,Democratizing LLMs for Low-Resource Languages by Leveraging their English Dominant Abilities with Linguistically-Diverse Prompts,0,ALL,recent,0.4296811223119027,0.5645555492108844,0.44905379605732143,4.1953356182834073e-07,0.22927048990925944,0.015452313257540432,0.23467921908296044
R1426,G-NM: A Group of Numerical Time Series Prediction Models,0,ALL,recent,0.7274092686071484,0.44375451248392533,0.564250550635057,0.5819604768024307,7.959811443405851e-08,0.22529271957465477,0.6608130082516743
R1427,GIO: Gradient Information Optimization for Training Dataset Selection,0,ALL,recent,0.6304162919792158,0.5662394139834914,0.47444313603533556,0.3923712863431104,0.23246632644993995,0.06170109376042051,0.6464329956091975
R1428,Fast Segment Anything,0,ALL,recent,0.5436265876249395,0.7038500348108405,0.6276424162517065,0.22272611861256,0.49363994180200704,0.34076624039525416,0.835634244552906
R1429,Automated Machine Learning for Remaining Useful Life Predictions,0,ALL,recent,0.5339477206765716,0.9742324410292469,0.5499077725770827,0.2038071348562032,1.0,0.19916616430464007,1.2735152923628272
R1430,SIFTER: A Task-specific Alignment Strategy for Enhancing Sentence Embeddings,0,ALL,recent,0.5923413796976208,0.5542429853921335,0.4727725704003414,0.31794742549009297,0.2096980938260292,0.05865802042982566,0.5481758264665612
R1431,Identifying and Extracting Rare Disease Phenotypes with Large Language Models,0,ALL,recent,0.533600216239627,0.44375447054421435,0.49915175294438013,0.2031278786134127,0.0,0.10670988095007221,0.24047633694593795
R1432,Explainable Representations for Relation Prediction in Knowledge Graphs,0,ALL,recent,0.4700851289766262,0.6930850788982028,0.5578536379514749,0.07897688959553836,0.47320894281438797,0.21364021459204124,0.6269599075171408
R1433,Prompt to GPT-3: Step-by-Step Thinking Instructions for Humor Generation,0,ALL,recent,0.4296809076804205,0.47525214352242046,0.4442210068077426,0.0,0.059779987020160796,0.006648988341886952,0.06210713293982123
R1434,TACO: Temporal Latent Action-Driven Contrastive Loss for Visual Reinforcement Learning,0,ALL,recent,0.5190656837939338,0.5021342650366136,0.4505702802162967,0.17471767474211386,0.11080003781263613,0.018214714448956806,0.2918928626118849
R1435,Mutually Guided Few-shot Learning for Relational Triple Extraction,0,ALL,recent,0.4580887966184105,0.715311705781596,0.46425181514932184,0.05552802742689273,0.5153932485410542,0.04313676073325956,0.5860191422245878
R1436,Abstractive Text Summarization for Resumes With Cutting Edge NLP Transformers and LSTM,0,ALL,recent,0.5143913123192788,0.5706035965184896,0.5403529857985867,0.16558082448144495,0.2407491851702117,0.18176133074641676,0.4699464754129025
R1437,TrustGuard: GNN-based Robust and Explainable Trust Evaluation with Dynamicity Support,0,ALL,recent,0.6099011755521124,0.8834711040546321,0.6941489700282554,0.3522710187689619,0.8345459254081908,0.461913423042701,1.348486642242098
R1438,Incorporating Graph Information in Transformer-based AMR Parsing,0,ALL,recent,0.49265650558599766,0.5744131274987421,0.5428981658402613,0.12309646575143501,0.24797936095843479,0.18639758648168406,0.43631498197845925
R1439,Torsion Graph Neural Networks,0,ALL,recent,0.5706544648656388,0.44375461734798294,0.4907857690923802,0.27555667958765595,2.7862145202432754e-07,0.09147055014443353,0.3075716507596597
R1440,Comparing the Efficacy of Fine-Tuning and Meta-Learning for Few-Shot Policy Imitation,0,ALL,recent,0.6649113764264444,0.6223934311493481,0.608929092368513,0.45979776774972975,0.33904202236333325,0.3066783747988043,0.9061772212926446
R1441,System-Level Natural Language Feedback,0,ALL,recent,0.4991872978642844,0.737150240820986,0.46693028988258417,0.1358620047022397,0.5568409879374652,0.04801582376240605,0.709508530956547
R1442,Improving Panoptic Segmentation for Nighttime or Low-Illumination Urban Driving Scenes,0,ALL,recent,0.539465963545311,0.7924834315722082,0.5111292862616956,0.21459347459557895,0.6618588229750216,0.12852794750233967,0.9214370791964195
R1443,Reinforcement Learning with Temporal-Logic-Based Causal Diagrams,0,ALL,recent,0.6957302421358071,0.44375447054421435,0.5825188711390784,0.520038457373332,0.0,0.25856997474861276,0.6105379485353465
R1444,Learning-to-Rank Meets Language: Boosting Language-Driven Ordering Alignment for Ordinal Classification,0,ALL,recent,0.47651181037907825,0.8682607731290828,0.5272770614793455,0.09153892621706386,0.8056779710697596,0.15794245423223652,0.9524967562681061
R1445,Math Word Problem Solving by Generating Linguistic Variants of Problem Statements,0,ALL,recent,0.5313350574041475,0.7537112986422417,0.5328725491813865,0.19870024225446584,0.5882725105861325,0.16813509739516838,0.8458200369289073
R1446,Comparative Study of Predicting Stock Index Using Deep Learning Models,0,ALL,recent,0.679396705192181,0.5581341077190836,0.4405709592738309,0.4881117947000298,0.2170831232648669,1.251825002267115e-07,0.7051949617787717
R1447,Fusing Multimodal Signals on Hyper-complex Space for Extreme Abstractive Text Summarization (TL;DR) of Scientific Contents,0,ALL,recent,0.5673203320823378,0.8469238844631612,0.714174485996398,0.26903955270645175,0.7651823151404482,0.4983915549385892,1.208658912075406
R1448,Switch-BERT: Learning to Model Multimodal Interactions by Switching Attention and Input,0,ALL,recent,0.6765872276807023,0.8351461731327339,0.6811585742142108,0.48262019535404677,0.7428291898493414,0.43825034376732264,1.378837005521951
R1449,Multi-Scale Cross Contrastive Learning for Semi-Supervised Medical Image Segmentation,0,ALL,recent,0.48651027298184457,0.8257915463181231,0.48831842531678493,0.11108261377670878,0.7250748792390682,0.08697607959886332,0.8665991208753792
R1450,Screening Autism Spectrum Disorder in childrens using Deep Learning Approach : Evaluating the classification model of YOLOv8 by comparing with other models,0,ALL,recent,0.5962187406805229,0.5378712432057352,0.6537038381984788,0.3255263838376325,0.1786258766473985,0.3882392737333776,0.6400360062917132
R1451,Let's Do a Thought Experiment: Using Counterfactuals to Improve Moral Reasoning,0,ALL,recent,0.825144243408526,0.7050116037592641,0.6431927318701246,0.7730000282870175,0.4958445039202254,0.36909242510149326,1.3980268809927654
R1452,RobuT: A Systematic Study of Table QA Robustness Against Human-Annotated Adversarial Perturbations,0,ALL,recent,0.5396138354912118,0.7827587505546417,0.44057091152608635,0.21488251534357583,0.6434021799903931,3.8206038512300386e-08,0.8582847087060824
R1453,STEF-DHNet: Spatiotemporal External Factors Based Deep Hybrid Network for Enhanced Long-Term Taxi Demand Prediction,0,ALL,recent,0.4837790125839998,0.6887228998255606,0.4798282174416354,0.10574390301884276,0.4649298865005262,0.0715104644713476,0.5957024520843406
R1454,Medical Federated Model with Mixture of Personalized and Sharing Components,0,ALL,recent,0.42968108007532374,0.7987507994391579,0.4736603454407864,3.3697501902935395e-07,0.6737537705794387,0.06027517601626594,0.6948504191601508
R1455,AME-CAM: Attentive Multiple-Exit CAM for Weakly Supervised Segmentation on MRI Brain Tumor,0,ALL,recent,0.6060657389372845,0.6454183576160446,0.4951256808319294,0.34477400869520525,0.3827414348968132,0.09937605795275364,0.7622970638754822
R1456,Data-Driven Approach for Formality-Sensitive Machine Translation: Language-Specific Handling and Synthetic Data Generation,0,ALL,recent,0.42968093476310315,0.7190377353104304,0.44057094198601193,5.293768742830387e-08,0.5224649454573495,9.369130963740117e-08,0.5224650311869953
R1457,Video object detection for privacy-preserving patient monitoring in intensive care,0,ALL,recent,0.4613990460208258,0.9113352401963333,0.45457283930744335,0.061998470197504964,0.8874297590181033,0.02550570653526342,0.9583552265029504
R1458,ChiPFormer: Transferable Chip Placement via Offline Decision Transformer,0,ALL,recent,0.8015821088950403,0.46481329790761267,0.5717733274830378,0.7269438481056281,0.039967918497179615,0.23899607915452925,0.8505603943068929
R1459,A Positive-Unlabeled Metric Learning Framework for Document-Level Relation Extraction with Incomplete Labeling,0,ALL,recent,0.44520854993765524,0.6602196567092569,0.5202278920636016,0.030351405097957106,0.4108330805331742,0.1451018097208524,0.49197011903342963
R1460,Label-Aware Hyperbolic Embeddings for Fine-grained Emotion Classification,0,ALL,recent,0.5010995483131341,0.5732741368872387,0.5300596701291953,0.13959982188403014,0.24581765066260222,0.1630112057942606,0.4424713945746236
R1461,Scalable Neural Contextual Bandit for Recommender Systems,0,ALL,recent,0.6356817850938467,0.49588869426755455,0.5384168360121512,0.40266358390607127,0.09894645930332267,0.1782344739407221,0.5639921090886467
R1462,Learning to Modulate pre-trained Models in RL,0,ALL,recent,0.6913612628476474,0.44375447054421435,0.46229224205425073,0.5114985478337665,0.0,0.03956723643559085,0.5253470805862233
R1463,PRISMA-DFLLM: An Extension of PRISMA for Systematic Literature Reviews using Domain-specific Finetuned Large Language Models,0,ALL,recent,0.6639032494053063,0.5074755220496038,0.919509985731589,0.457827212845008,0.12093730335377069,0.8724271330562379,0.8841140127684619
R1464,FSUIE: A Novel Fuzzy Span Mechanism for Universal Information Extraction,0,ALL,recent,0.5804611102960915,0.44375447054421435,0.6369261270455013,0.2947254280158354,0.0,0.35767728665034554,0.41991247834345635
R1465,Optimized Vectorizing of Building Structures with Switch: High-Efficiency Convolutional Channel-Switch Hybridization Strategy,0,ALL,recent,0.5369174110151581,0.7189852918491627,0.5232239044851206,0.20961189729139731,0.5223654120906769,0.15055929388494324,0.7846730622418043
R1466,Continual Learning for Out-of-Distribution Pedestrian Detection,0,ALL,recent,0.5302446252973201,0.9299795692610096,0.538890484345936,0.19656880812828878,0.9228151587667495,0.17909726351476138,1.1820680091252047
R1467,Automatic Truss Design with Reinforcement Learning,0,ALL,recent,0.5271428952952253,0.8884817146925537,0.5667751627144617,0.19050595182090552,0.8440556513839885,0.2298915090672692,1.1150236313784383
R1468,Unsupervised Episode Generation for Graph Meta-learning,0,ALL,recent,0.4667335710980636,0.8748031837588636,0.5111365561510107,0.07242570241616438,0.8180949271667853,0.1285411902063842,0.9355100461551842
R1469,IDOL: Indicator-oriented Logic Pre-training for Logical Reasoning,0,ALL,recent,0.6295972188367713,0.44375447054421435,0.5366903373081028,0.3907702692447415,0.0,0.17508951390351019,0.4520515991109701
R1470,PANet: LiDAR Panoptic Segmentation with Sparse Instance Proposal and Aggregation,0,ALL,recent,0.7778917938890325,0.7310433796683725,0.5028562200409344,0.6806371174549694,0.5452506688465991,0.11345787383909738,1.2655980421452526
R1471,SSC-RS: Elevate LiDAR Semantic Scene Completion with Representation Separation and BEV Fusion,0,ALL,recent,0.7574529281212354,0.5058420283034845,0.9210603246464628,0.6406858947011002,0.11783706686937728,0.8752512034826908,1.0648608827894193
R1472,DCP-NAS: Discrepant Child-Parent Neural Architecture Search for 1-bit CNNs,0,ALL,recent,0.5252715981169129,0.5428217001603598,0.6147548343963202,0.18684818473838793,0.18802143589065085,0.31729044524032707,0.48592127646315325
R1473,Prioritized Trajectory Replay: A Replay Memory for Data-driven Reinforcement Learning,0,ALL,recent,0.6569219974039577,0.46796542779445555,0.5345599166010031,0.4441811741178388,0.0459504011984163,0.1712087765646599,0.5500546471138861
R1474,CamemBERT-bio: Leveraging Continual Pre-training for Cost-Effective Models on French Biomedical Data,0,ALL,recent,0.5637866531910516,0.44375447054421435,0.4718982590124196,0.2621323791807637,0.0,0.05706538999885827,0.2821052656803641
R1475,"xAI-CycleGAN, a Cycle-Consistent Generative Assistive Network",0,ALL,recent,0.5609717445505015,0.537192200854408,0.5347059420576024,0.25663016377370346,0.1773371102367317,0.1714747739988563,0.4939834449100349
R1476,Evaluating GPT-3.5 and GPT-4 on Grammatical Error Correction for Brazilian Portuguese,0,ALL,recent,0.48017787648202737,0.5387386440279919,0.4671900353288598,0.09870487295663753,0.18027213190986374,0.04848897155363755,0.29594814491027444
R1477,Fine-grained 3D object recognition: an approach and experiments,0,ALL,recent,0.4726232230097326,0.5670090917239715,0.483667948418887,0.08393802399697188,0.2339271113583185,0.0785048516949145,0.34534183344851044
R1478,RoMo-HER: Robust Model-based Hindsight Experience Replay,0,ALL,recent,0.6584762622775535,0.48501237366260974,0.9138039514950406,0.44721924789791,0.07830409930928166,0.86203312024706,0.8272349392936627
R1479,Effective Transfer of Pretrained Large Visual Model for Fabric Defect Segmentation via Specifc Knowledge Injection,0,ALL,recent,0.6789684801038166,0.6901019489845305,0.8006660858078245,0.4872747562807553,0.46754720813188694,0.6559431501547516,1.1844020669668052
R1480,Relevant Entity Selection: Knowledge Graph Bootstrapping via Zero-Shot Analogical Pruning,0,ALL,recent,0.519443757393942,0.5354987608638483,0.5761874328667259,0.1754566835884405,0.17412310072164383,0.24703673681571914,0.43604264219558597
R1481,An Adversarial Multi-Task Learning Method for Chinese Text Correction with Semantic Detection,0,ALL,recent,0.4867435975705119,0.6188379627741829,0.5023713875885296,0.11153868617924345,0.332294036457675,0.11257471146893096,0.4832338716510443
R1482,CLANet: A Comprehensive Framework for Cross-Batch Cell Line Identification Using Brightfield Images,0,ALL,recent,0.6552340656859669,0.49818478496761504,0.5455745706089054,0.4408818258651083,0.10330425018970658,0.19127287889925254,0.6111315836695533
R1483,A systematic study of the foreground-background imbalance problem in deep learning for object detection,0,ALL,recent,0.7856896049750475,0.44375447054421435,0.5675947534209783,0.695879259129035,0.0,0.2313844612558929,0.7768638205685976
R1484,Multi-source Semantic Graph-based Multimodal Sarcasm Explanation Generation,0,ALL,recent,0.4792147225764802,0.6551803570163401,0.46742556902114213,0.09682222561877,0.40126890509577906,0.048918015634532616,0.5152124361866355
R1485,Game Level Blending using a Learned Level Representation,0,ALL,recent,0.5553535728411279,0.6937478339219533,0.4714936560908237,0.24564849620072526,0.47446679721984714,0.056328372347831654,0.7398302237423134
R1486,Multi-Scenario Ranking with Adaptive Feature Learning,0,ALL,recent,0.5760748193136648,0.5775240766704463,0.6335396620252267,0.286151679839539,0.2538836860567852,0.3515085608174177,0.6630633621824203
R1487,GraMMaR: Ground-aware Motion Model for 3D Human Motion Reconstruction,0,ALL,recent,0.4849982633814322,0.7340980655479556,0.5561282104556485,0.10812713508046731,0.5510482108541785,0.21049720584911172,0.732849367981835
R1488,Classifying Crime Types using Judgment Documents from Social Media,0,ALL,recent,0.7284687641672601,0.6761302017418778,0.6851810907047096,0.5840314402115379,0.4410299835295279,0.4455776899054811,1.1810136152079842
R1489,SkiROS2: A skill-based Robot Control Platform for ROS,0,ALL,recent,0.7240914032436073,0.5822897888536768,0.49585720421003676,0.5754751473466728,0.26292861495208697,0.10070858822632942,0.8736517681779751
R1490,Exploring & Exploiting High-Order Graph Structure for Sparse Knowledge Graph Completion,0,ALL,recent,0.5960324830465424,0.7599270007195893,0.48277249496788954,0.32516231176488136,0.6000694007805961,0.07687370924924283,0.9521375107827124
R1491,Learning Structure-Guided Diffusion Model for 2D Human Pose Estimation,0,ALL,recent,0.5908608621879573,0.6044076702235843,0.6824035701549606,0.31505350341576915,0.3049065306578406,0.44051820673818265,0.7741414064319737
R1492,RL4CO: a Unified Reinforcement Learning for Combinatorial Optimization Library,0,ALL,recent,0.7706731575124093,0.44375447054421435,0.5113536721268878,0.6665270707851565,0.0,0.1289366848951276,0.7116549104984512
R1493,Empowering NLG: Offline Reinforcement Learning for Informal Summarization in Online Domains,0,ALL,recent,0.499737954346401,0.6614959231505301,0.6434533713114805,0.1369383560041091,0.41325532903852785,0.3695672013786277,0.6795422055251567
R1494,Probabilistic Constraint for Safety-Critical Reinforcement Learning,0,ALL,recent,0.7756677362803492,0.44375447054421435,0.6049276972282691,0.6762898204008472,0.0,0.2993895029452357,0.7810761464316797
R1495,HVTSurv: Hierarchical Vision Transformer for Patient-Level Survival Prediction from Whole Slide Image,0,ALL,recent,0.6734853553817034,0.5723404973824269,0.8056783222135814,0.47655706090327826,0.2440456798405742,0.6650733528917715,0.9533784142559725
R1496,GMM: Delving into Gradient Aware and Model Perceive Depth Mining for Monocular 3D Detection,0,ALL,recent,0.4296809076804205,0.4437546509268212,0.4405709364994341,0.0,3.4235131921331197e-07,8.369705475251995e-08,3.7164528837669395e-07
R1497,Mixed Integer Programming for Time-Optimal Multi-Robot Coverage Path Planning with Efficient Heuristics,0,ALL,recent,0.6393852922440943,0.7304008448085592,0.48986663400537117,0.40990271551009666,0.5440311906455835,0.08979626964212876,0.9853626005304252
R1498,Multimodal Prompt Retrieval for Generative Visual Question Answering,0,ALL,recent,0.48637182014204156,0.624406703609743,0.545945093318998,0.11081198426591708,0.34286304754299435,0.19194781662923077,0.5208567676291422
R1499,DisCo: Disentangled Control for Realistic Human Dance Generation,0,ALL,recent,0.6704831662595114,0.6692226662497508,0.7021474086039385,0.4706887740945792,0.4279200505403078,0.4764832397599874,1.0653779585508825
R1500,Qualitative Prediction of Multi-Agent Spatial Interactions,0,ALL,recent,0.8087774463121606,0.5708114796559047,0.588771576312148,0.7410083530153644,0.24114373022961932,0.26995979383603036,1.0766380110875944
R1501,Rearrangement Planning for General Part Assembly,0,ALL,recent,0.6114864529879623,0.6649636791931712,0.6139242728370127,0.35536971185133975,0.419836844167014,0.3157775087369046,0.8857286840762704
R1502,VesselMorph: Domain-Generalized Retinal Vessel Segmentation via Shape-Aware Representation,0,ALL,recent,0.6061236994108649,0.656566872492802,0.49523493721574224,0.34488730225157155,0.4039003971823053,0.09957507748291367,0.7836389765528967
R1503,THUIR2 at NTCIR-16 Session Search (SS) Task,0,ALL,recent,0.6412111906019702,0.8502753483653404,0.5355580608055756,0.4134717429135818,0.7715431173720744,0.17302697870254405,1.2455743028315467
R1504,WavePaint: Resource-efficient Token-mixer for Self-supervised Inpainting,0,ALL,recent,0.4801128463954977,0.8466153867034477,0.4845742347781045,0.09857776064511473,0.7645968118213876,0.08015572717795193,0.8912290769787855
R1505,WaveMixSR: A Resource-efficient Neural Network for Image Super-resolution,0,ALL,recent,0.5539211912383679,0.5985405779711066,0.5638112283098299,0.24284866390423016,0.2937712731757439,0.2244924576613069,0.6151922972614314
R1506,Human-to-Human Interaction Detection,0,ALL,recent,0.5309270497615213,0.9405451857238579,0.5460238558648224,0.19790272225501823,0.942867827909835,0.19209128911401513,1.2080025013547586
R1507,PatternGPT :A Pattern-Driven Framework for Large Language Model Text Generation,0,ALL,recent,0.6643351631954598,0.6429513214065798,0.5691085648851172,0.45867146145630217,0.37805920352428884,0.23414199391283982,0.9186803628500849
R1508,Fourier-Mixed Window Attention: Accelerating Informer for Long Sequence Time-Series Forecasting,0,ALL,recent,0.7289658075054065,0.5916094514950767,0.6767129274528414,0.5850029955486202,0.2806165664436354,0.4301522308806562,1.0161728428004853
R1509,STG4Traffic: A Survey and Benchmark of Spatial-Temporal Graph Neural Networks for Traffic Prediction,0,ALL,recent,0.6908001818908013,0.4437546754467261,0.487053518045976,0.5104018201315261,3.888880775551745e-07,0.08467194649517504,0.5400373902929149
R1510,Cloud Ensemble Learning for Fault Diagnosis of Rolling Bearings with Stochastic Configuration Networks,0,ALL,recent,0.5157381535081388,0.508745232466877,0.4622472886911652,0.1682134535598652,0.12334710906597278,0.03948535017056746,0.3053804351855366
R1511,DSTCGCN: Learning Dynamic Spatial-Temporal Cross Dependencies for Traffic Forecasting,0,ALL,recent,0.6453986136272694,0.44375456781589984,0.5324770920858667,0.42165677000603374,1.8461364113131577e-07,0.16741473962199116,0.4802521134873718
R1512,Neuro-Symbolic Sudoku Solver,0,ALL,recent,0.5308605206630751,0.7060769861578697,0.7250323501287695,0.19777267987097238,0.49786651189536124,0.5181700515605178,0.8769987098125148
R1513,Solving Multi-Agent Target Assignment and Path Finding with a Single Constraint Tree,0,ALL,recent,0.7059481892269134,0.6880171371602364,0.9595464464038176,0.5400111645167593,0.4635904071363971,0.9453568540866196,1.3344764705834735
R1514,DifFSS: Diffusion Model for Few-Shot Semantic Segmentation,0,ALL,recent,0.5611089110706549,0.6579330667619078,0.5804595676731915,0.25689827895500944,0.40649332129230775,0.25481878334052194,0.7525781744164999
R1515,GA-DRL: Graph Neural Network-Augmented Deep Reinforcement Learning for DAG Task Scheduling over Dynamic Vehicular Clouds,0,ALL,recent,0.5438221572957836,0.6420790356167746,0.8888480298685115,0.22310839263757484,0.3764036769960749,0.8165738470815551,0.885312916112194
R1516,Review helps learn better: Temporal Supervised Knowledge Distillation,0,ALL,recent,0.6218987023518512,0.44375447054421435,0.5150866398961543,0.37572221567574304,0.0,0.13573659411429745,0.42323002361574713
R1517,Mining Clues from Incomplete Utterance: A Query-enhanced Network for Incomplete Utterance Rewriting,0,ALL,recent,0.8421826078263999,0.5898641053270962,0.6581331912598756,0.8063043955622591,0.27730404328232905,0.39630770629931633,1.2223161360493489
R1518,Node-weighted Graph Convolutional Network for Depression Detection in Transcribed Clinical Interviews,0,ALL,recent,0.6006994361833696,0.4580708254299663,0.5097203271322349,0.3342846616285914,0.027171261503617573,0.12596141203618005,0.405542417344872
R1519,Achieving Stable Training of Reinforcement Learning Agents in Bimodal Environments through Batch Learning,0,ALL,recent,0.7340071344808906,0.4876846254337717,0.522012440760331,0.5948571224488509,0.08337581290238415,0.14835251261597326,0.7301563147668257
R1520,OpenAPMax: Abnormal Patterns-based Model for Real-World Alzheimer's Disease Diagnosis,0,ALL,recent,0.6841258462679194,0.6351377057245893,0.59851702699875,0.4973557014166627,0.3632296050211513,0.2877119374560138,0.9612844845474188
R1521,OpenClinicalAI: An Open and Dynamic Model for Alzheimer's Disease Diagnosis,0,ALL,recent,0.7719995449482682,0.6747249446866759,0.6040247961495104,0.6691197195412054,0.4383629214713852,0.29774479403025467,1.2116933189231798
R1522,RefSAM: Efficiently Adapting Segmenting Anything Model for Referring Video Object Segmentation,0,ALL,recent,0.535545264716114,0.7261217838453894,0.8751352088574167,0.20692980509182032,0.5359098856522349,0.7915948106211117,1.0198978744614442
R1523,Iterative Zero-Shot LLM Prompting for Knowledge Graph Construction,0,ALL,recent,0.5037328224984721,0.5396656617590652,0.4551569915779391,0.14474700200379026,0.18203153515115603,0.026569788160142653,0.33607796301099624
R1524,PlanE: Representation Learning over Planar Graphs,0,ALL,recent,0.5817939034038662,0.44375447054421435,0.4656427012848263,0.29733059774190806,0.0,0.045670374747690395,0.3133152289035997
R1525,SAMAug: Point Prompt Augmentation for Segment Anything Model,0,ALL,recent,0.7152522903088077,0.5270927941145551,0.906288244022654,0.5581976049518705,0.1581692687191227,0.8483426381189204,1.0132867970126154
R1526,Schema-learning and rebinding as mechanisms of in-context learning and emergence,0,ALL,recent,0.5686269214392667,0.7209777269882632,0.5371805193069183,0.2715935027660851,0.5261468897521014,0.17598242091445712,0.8593342398382465
R1527,ESGCN: Edge Squeeze Attention Graph Convolutional Network for Traffic Flow Forecasting,0,ALL,recent,0.6234797645760206,0.44375447054421435,0.5841228467192199,0.37881266941339825,0.0,0.26149174879245085,0.470334781490756
R1528,Internet of Things Fault Detection and Classification via Multitask Learning,0,ALL,recent,0.473794299336614,0.840023651125472,0.5334672930764316,0.08622709090159124,0.7520862410384482,0.1692184725392717,0.8975397973287845
R1529,Reliable AI: Does the Next Generation Require Quantum Computing?,0,ALL,recent,0.7574953855010633,0.4549928563433384,0.5002800166754708,0.6407688848365763,0.021329529888257124,0.10876510655632114,0.7001662020195458
R1530,"Prompt Tuning Pushes Farther, Contrastive Learning Pulls Closer: A Two-Stage Approach to Mitigate Social Biases",0,ALL,recent,0.5653271073503447,0.4437552927643101,0.46287943012374727,0.2651434575820422,1.560505967679429e-06,0.04063684801917559,0.27936791489472135
R1531,Unlocking the Potential of Deep Learning in Peak-Hour Series Forecasting,0,ALL,recent,0.5278202600906349,0.7754639560309596,0.6174994807193038,0.19182997596855048,0.629557261280297,0.32229004528741884,0.934188753099444
R1532,SageFormer: Series-Aware Framework for Long-term Multivariate Time Series Forecasting,0,ALL,recent,0.49001897904414693,0.7460545378742365,0.5142716403050578,0.11794097368109016,0.5737406097804908,0.13425200502174123,0.7386697852191904
R1533,Human Trajectory Forecasting with Explainable Behavioral Uncertainty,0,ALL,recent,0.5701230224470258,0.5018767780953731,0.5368121427271937,0.2745178854251975,0.11031134882231393,0.17531139253826297,0.44618822163590344
R1534,KDSTM: Neural Semi-supervised Topic Modeling with Knowledge Distillation,0,ALL,recent,0.5039726737989673,0.6541465099500346,0.49380759431405646,0.14521583196934476,0.39930674858195225,0.09697505445673128,0.5784638496111529
R1535,ClimateLearn: Benchmarking Machine Learning for Weather and Climate Modeling,0,ALL,recent,0.49148014169862414,0.7702925551176517,0.7329918742733033,0.12079706341482814,0.6197423686154484,0.5326689824262545,0.9269735758794655
R1536,SDXL: Improving Latent Diffusion Models for High-Resolution Image Synthesis,0,ALL,recent,0.7284700289080219,0.5534827174105313,0.5401129082734523,0.5840339123614348,0.20825516786437273,0.18132400969855839,0.8557524836203029
R1537,Emoji Prediction in Tweets using BERT,0,ALL,recent,0.42968100649135604,0.7136929867058845,0.5175403111931517,1.9314269888160877e-07,0.5123210531632474,0.14020615911044604,0.5613934019946023
R1538,SVDM: Single-View Diffusion Model for Pseudo-Stereo 3D Object Detection,0,ALL,recent,0.6373458223298462,0.6851128754395726,0.5862895386245788,0.40591622634921964,0.45807835778327305,0.2654385571157505,0.9568980791230054
R1539,mPLUG-DocOwl: Modularized Multimodal Large Language Model for Document Understanding,0,ALL,recent,0.643703564037261,0.6138280417502664,0.8598176126202124,0.4183435086676294,0.32278561931241523,0.7636925434956308,1.0084215182035154
R1540,Learning when to observe: A frugal reinforcement learning framework for a high-cost world,0,ALL,recent,0.7894006043662298,0.44375458866098255,0.5674307123178741,0.7031330355861509,2.2417588990532983e-07,0.23108564683308844,0.7840132361536217
R1541,Many-objective Optimization via Voting for Elites,0,ALL,recent,0.5589502789151571,0.512415019955787,0.5689377412655499,0.25267886702346126,0.13031206322641448,0.23383082457590873,0.4648317188514438
R1542,Knowledge Graph Self-Supervised Rationalization for Recommendation,0,ALL,recent,0.4813343486908815,0.7023824482928753,0.4805233921353272,0.10096539364058787,0.4908545835612371,0.07277678261303816,0.6172918511163884
R1543,BHEISR: Nudging from Bias to Balance -- Promoting Belief Harmony by Eliminating Ideological Segregation in Knowledge-based Recommendations,0,ALL,recent,0.5313339341097809,0.4437547754316346,0.46083132367998364,0.1986980465854904,5.786511923614283e-07,0.03690605291200923,0.211615743755886
R1544,Semi-supervised Domain Adaptive Medical Image Segmentation through Consistency Regularized Disentangled Contrastive Learning,0,ALL,recent,0.4296809076804205,0.7674637355691872,0.464745805391668,0.0,0.6143735022866058,0.04403660477444437,0.6297863139576614
R1545,Enhancing LLM with Evolutionary Fine Tuning for News Summary Generation,0,ALL,recent,0.4984762595133898,0.8853688955454371,0.8297754057872705,0.13447215989060193,0.8381477772264438,0.7089681815846076,1.2207588006716583
R1546,Contrast Is All You Need,0,ALL,recent,0.7803350004078632,0.4964092478091993,0.7142725061942814,0.6854127781484947,0.09993442701713931,0.4985701068277161,0.9598467425553345
R1547,LEA: Improving Sentence Similarity Robustness to Typos Using Lexical Attention Bias,0,ALL,recent,0.5139391104679172,0.743565068018929,0.7879859258657541,0.1646969194204349,0.5690158011973191,0.6328451911526642,0.9552085375211865
R1548,A Neuromorphic Architecture for Reinforcement Learning from Real-Valued Observations,0,ALL,recent,0.6449570796019385,0.4437545741832839,0.6233865765821825,0.42079371701670404,1.966984112344537e-07,0.333013876808737,0.5373487705981732
R1549,Art Authentication with Vision Transformers,0,ALL,recent,0.6776470072717092,0.5711136061573483,0.8932786849089274,0.4846917139496153,0.24171714142565404,0.8246446513098499,1.0150344833337168
R1550,Large AI Model-Based Semantic Communications,0,ALL,recent,0.6200028568625299,0.5374283966655637,0.8518943809711095,0.3720164647641573,0.17778539041713984,0.7492597224089009,0.8120427580244124
R1551,Structure Guided Multi-modal Pre-trained Transformer for Knowledge Graph Reasoning,0,ALL,recent,0.5192588182981295,0.733949102945763,0.7513738876612213,0.17509518882172273,0.550765492113917,0.5661533385818303,0.9240143494392803
R1552,GEANN: Scalable Graph Augmentations for Multi-Horizon Time Series Forecasting,0,ALL,recent,0.5252983575649307,0.5060384353433119,0.4556150101762034,0.18690049060901082,0.11820983124151611,0.027404106879562188,0.31470175925837374
R1553,DyEdgeGAT: Dynamic Edge via Graph Attention for Early Fault Detection in IIoT Systems,0,ALL,recent,0.6909902632651178,0.5505776299972058,0.6137394180080922,0.5107733663519942,0.20274155141463707,0.31544078039284185,0.823919190904126
R1554,Applying HCAI in developing effective human-AI teaming: A perspective from human-AI joint cognitive systems,0,ALL,recent,0.6630061247435758,0.5206310714196724,0.4810068635259138,0.4560736308407044,0.14590545167158253,0.07365746569664829,0.6277591955061138
R1555,Carbon-Efficient Neural Architecture Search,0,ALL,recent,0.6766874211111774,0.44375447054421435,0.5092369088712067,0.48281604037327924,0.0,0.1250808257324502,0.5265943293796368
R1556,A Novel Explainable Artificial Intelligence Model in Image Classification problem,0,ALL,recent,0.5834472218151632,0.44375447054421435,0.49815110647876654,0.30056228842783983,0.0,0.10488712073695831,0.33727278068577526
R1557,Improving Heterogeneous Graph Learning with Weighted Mixed-Curvature Product Manifold,0,ALL,recent,0.6759196749112046,0.8019450319627609,0.5460984411620997,0.48131535047189167,0.6798161606148069,0.19222715239543592,1.228411014425101
R1558,Q-YOLOP: Quantization-aware You Only Look Once for Panoptic Driving Perception,0,ALL,recent,0.6307077307059582,0.6081658340059343,0.7704328589977042,0.3929409526652766,0.3120392157385438,0.6008708295727334,0.9152849587542771
R1559,Learning Large Margin Sparse Embeddings for Open Set Medical Diagnosis,0,ALL,recent,0.7565056411288621,0.4905401138275693,0.9102474490401092,0.6388342619307642,0.08879529450140736,0.8555546571779724,1.0270736864444618
R1560,TRAQ: Trustworthy Retrieval Augmented Question Answering via Conformal Prediction,0,ALL,recent,0.7432279554030162,0.6047117612338091,0.8320880795799576,0.6128807777151717,0.3054836703296114,0.7131809079770766,1.1679777658367598
R1561,MultiQG-TI: Towards Question Generation from Multi-modal Sources,0,ALL,recent,0.7412878734731309,0.4437545608101411,0.7031878933099954,0.6090885591927658,1.7131728849329874e-07,0.4783785686196072,0.7765212295269168
R1562,"CORE-GPT: Combining Open Access research and large language models for credible, trustworthy question answering",0,ALL,recent,0.5776518053562817,0.44375450274973866,0.4630845977542179,0.2892341659903897,6.112343048768872e-08,0.041010577809558045,0.3035879293471655
R1563,COMEX: A Tool for Generating Customized Source Code Representations,0,ALL,recent,0.5690814163563799,0.8381762203755749,0.6704829559156709,0.27248189001224515,0.7485799697552996,0.41880382298934055,1.167643197813814
R1564,S2vNTM: Semi-supervised vMF Neural Topic Modeling,0,ALL,recent,0.7076223236842449,0.44375447054421435,0.5927246069147873,0.5432835436881203,0.0,0.277160565688349,0.6402897416790424
R1565,SHAP@k:Efficient and Probably Approximately Correct (PAC) Identification of Top-k Features,0,ALL,recent,0.7475336213439033,0.662811797942332,0.919380503531077,0.6212969306006783,0.4157527509283451,0.8721912705298509,1.3423166262144712
R1566,Learning to Solve Constraint Satisfaction Problems with Recurrent Transformer,0,ALL,recent,0.573118318707334,0.6822909701793016,0.7401208811475702,0.28037269896861555,0.45272261420349047,0.5456550574647159,0.9240745832847566
R1567,Monotone deep Boltzmann machines,0,ALL,recent,0.6277613858082182,0.4863040996357381,0.4815851881632691,0.3871818228458128,0.08075568873179705,0.07471093180626807,0.4940863377098037
R1568,Tableaux for the Logic of Strategically Knowing How,0,ALL,recent,0.5959100069280018,0.6245226893566177,0.4894191102076811,0.32492291146011704,0.3430831789300809,0.08898106806906278,0.6991494642143699
R1569,Uni-Removal: A Semi-Supervised Framework for Simultaneously Addressing Multiple Degradations in Real-World Images,0,ALL,recent,0.651619941485783,0.7287354981490934,0.7742385679661282,0.43381740836650173,0.5408704999572328,0.6078032428962346,1.1874190433374165
R1570,Combating Data Imbalances in Federated Semi-supervised Learning with Dual Regulators,0,ALL,recent,0.6887985418151085,0.6081273626278517,0.7011340940900526,0.5064892757934215,0.3119662002340647,0.4746374036502785,0.9845785673050838
R1571,TransPose: A Transformer-based 6D Object Pose Estimation Network with Depth Refinement,0,ALL,recent,0.4908479705118371,0.4437549830476938,0.5011298263592517,0.1195613778249898,9.72689359289605e-07,0.11031310510880178,0.1581719373024297
R1572,Code Generation for Machine Learning using Model-Driven Engineering and SysML,0,ALL,recent,0.7177870627294355,0.5758186501203848,0.5426487276812253,0.5631522466994777,0.250646927039792,0.18594321426577423,0.8788792987322908
R1573,Rad-ReStruct: A Novel VQA Benchmark and Method for Structured Radiology Reporting,0,ALL,recent,0.4588247916130182,0.8198924380405431,0.5099640154741503,0.05696665422298592,0.7138788579803467,0.12640531048513987,0.8150873708731315
R1574,Grid Cell-Inspired Fragmentation and Recall for Efficient Map Building,0,ALL,recent,0.8040961103732364,0.44375447054421435,0.5078128868899625,0.7318578895304322,0.0,0.1224868520372353,0.7747282877434646
R1575,Bag of Views: An Appearance-based Approach to Next-Best-View Planning for 3D Reconstruction,0,ALL,recent,0.8332396966383689,0.7489185022940986,0.6840799196907476,0.7888239619119725,0.5791761781783221,0.44357181592195244,1.523250275662978
R1576,PID-Inspired Inductive Biases for Deep Reinforcement Learning in Partially Observable Control Tasks,0,ALL,recent,0.4296809076804205,0.44375447054421435,0.440570890551996,0.0,0.0,0.0,0.0
R1577,An Effective and Efficient Time-aware Entity Alignment Framework via Two-aspect Three-view Label Propagation,0,ALL,recent,0.610015933919254,0.5582506526371029,0.5742915888451366,0.3524953334222617,0.21730431591269472,0.24358330029085845,0.6550538044367569
R1578,Visualization for Multivariate Gaussian Anomaly Detection in Images,0,ALL,recent,0.8322179451937292,0.44375447054421435,0.5180241639807377,0.7868267757653612,0.0,0.1410875369402025,0.8362074136944321
R1579,TreeFormer: a Semi-Supervised Transformer-based Framework for Tree Counting from a Single High Resolution Image,0,ALL,recent,0.5635400874371117,0.8008502492698409,0.5865267929655316,0.261650424679421,0.677738353304472,0.2658707355003632,1.03244353540902
R1580,Distilling Large Language Models for Biomedical Knowledge Extraction: A Case Study on Adverse Drug Events,0,ALL,recent,0.6121867138543098,0.5846394066262909,0.5720935440937951,0.35673849024516546,0.2673879958100443,0.23957938016814817,0.7079792691140616
R1581,Improving Nonalcoholic Fatty Liver Disease Classification Performance With Latent Diffusion Models,0,ALL,recent,0.7740384550606318,0.638736990871178,0.5259433468657285,0.6731051144745437,0.37006075154723933,0.15551298286858276,1.097595410025787
R1582,Regression-Oriented Knowledge Distillation for Lightweight Ship Orientation Angle Prediction with Optical Remote Sensing Images,0,ALL,recent,0.7527303986113527,0.615995572304131,0.6984212112530715,0.6314549114090473,0.32689941363828456,0.4696956634173219,1.1227478072433945
R1583,Image Transformation Sequence Retrieval with General Reinforcement Learning,0,ALL,recent,0.4296809076804205,0.7308465349214492,0.588519284529655,0.0,0.5448770737424719,0.2695002235092197,0.6392021519706987
R1584,IntelliGraphs: Datasets for Benchmarking Knowledge Graph Generation,0,ALL,recent,0.588679406007183,0.5203655947829079,0.7225875938054697,0.31078947806348023,0.14540159889773105,0.5137167259255373,0.6359919310351494
R1585,MPR-Net:Multi-Scale Pattern Reproduction Guided Universality Time Series Interpretable Forecasting,0,ALL,recent,0.5290849126778868,0.44375447054421435,0.45688142907570234,0.19430195351336926,0.0,0.029710993539803967,0.20470080125230064
R1586,Video-FocalNets: Spatio-Temporal Focal Modulation for Video Action Recognition,0,ALL,recent,0.7379485137362921,0.44375447054421435,0.537549632767892,0.6025612153461251,0.0,0.17665479158072936,0.6643903923993804
R1587,Federated Learning-Empowered AI-Generated Content in Wireless Networks,0,ALL,recent,0.5139405267057706,0.8817300899239104,0.7453776438869715,0.16469968769704077,0.8312416240965201,0.555230685121867,1.1902720515862144
R1588,TriFormer: A Multi-modal Transformer Framework For Mild Cognitive Impairment Conversion Prediction,0,ALL,recent,0.6515882025569971,0.8407009217114265,0.5358848244455497,0.4337553692578595,0.753371644784481,0.17362220567081402,1.2478947860271254
R1589,Rigorous Runtime Analysis of Diversity Optimization with GSEMO on OneMinMax,0,ALL,recent,0.5213894195840533,0.6169093799186132,0.47600009078562533,0.17925980967400773,0.32863374516717125,0.06453721547770118,0.5304815802583743
R1590,Dialogue Agents 101: A Beginner's Guide to Critical Ingredients for Designing Effective Conversational Systems,0,ALL,recent,0.5992486556813336,0.44375447054421435,0.4686079696842859,0.33144886556914793,0.0,0.05107185613544958,0.34932401521655526
R1591,C3: Zero-shot Text-to-SQL with ChatGPT,0,ALL,recent,0.46733867066532225,0.7554154226176942,0.5586209772877231,0.07360847194332219,0.5915067974238866,0.21503798659257764,0.7403785646746109
R1592,RoPDA: Robust Prompt-based Data Augmentation for Low-Resource Named Entity Recognition,0,ALL,recent,0.7251654867050461,0.44375447054421435,0.5199892654171787,0.5775746252781634,0.0,0.14466713156844238,0.6282081213271182
R1593,MPDIoU: A Loss for Efficient and Accurate Bounding Box Regression,0,ALL,recent,0.6667250646040028,0.46645932352911507,0.7028231489351472,0.46334292828901275,0.04309193944807177,0.4777141566046977,0.6736348225487286
R1594,Bidirectionally Deformable Motion Modulation For Video-based Human Pose Transfer,0,ALL,recent,0.554269592076349,0.5987007700517679,0.5827187959856507,0.24352967231457678,0.29407530454051467,0.258934154374952,0.6282319308863247
R1595,RegExplainer: Generating Explanations for Graph Neural Networks in Regression Task,0,ALL,recent,0.5030951960910717,0.6083719999969959,0.46872039161830203,0.14350065326187825,0.31243050179571347,0.051276641976850855,0.47387797974948953
R1596,AspectCSE: Sentence Embeddings for Aspect-based Semantic Textual Similarity Using Contrastive Learning and Structured Knowledge,0,ALL,recent,0.6878579681414759,0.44375447054421435,0.5515874196175277,0.5046507653409029,0.0,0.20222578016559276,0.5754297883988604
R1597,GeoGPT: Understanding and Processing Geospatial Tasks through An Autonomous GPT,0,ALL,recent,0.6301862337941633,0.6118562240649783,0.6640895860288272,0.39192159867933285,0.3190432718788697,0.4071577715037011,0.853470090584498
R1598,Breaking Down the Task: A Unit-Grained Hybrid Training Framework for Vision and Language Decision Making,0,ALL,recent,0.602903499984345,0.6993970135694557,0.6063800313450224,0.3385928774012711,0.4851884745398168,0.30203504953450233,0.9294936192781638
R1599,Gender mobility in the labor market with skills-based matching models,0,ALL,recent,0.4296810620650896,0.8271757101236138,0.5740111579522039,3.0177096788255126e-07,0.7277019080479349,0.2430724722494559,0.8127775751062123
R1600,"TableGPT: Towards Unifying Tables, Nature Language and Commands into One GPT",0,ALL,recent,0.7027293060990704,0.44375463089214373,0.5700324213721367,0.5337193125950278,3.043271527902037e-07,0.23582487483535802,0.616258323114556
R1601,PromptCrafter: Crafting Text-to-Image Prompt through Mixed-Initiative Dialogue with LLM,0,ALL,recent,0.6164577566749285,0.5682523480934423,0.486147390843657,0.36508696638158095,0.23628670946834776,0.08302136092957817,0.6304311521752811
R1602,EVIL: Evidential Inference Learning for Trustworthy Semi-supervised Medical Image Segmentation,0,ALL,recent,0.5910025594101235,0.4656165088720988,0.491399687478359,0.3153304746210541,0.04149234670064266,0.09258885320801859,0.3892289199445033
R1603,Ord2Seq: Regarding Ordinal Regression as Label Sequence Prediction,0,ALL,recent,0.5204641641508921,0.8923761845314268,0.5605712468462197,0.1774512413153521,0.851447034124527,0.2185905637296937,1.105404972745272
R1604,PromptMagician: Interactive Prompt Engineering for Text-to-Image Creation,0,ALL,recent,0.7566642312338594,0.8058440726402465,0.564740493498454,0.6391442531349381,0.6872162184302665,0.2261851909806788,1.405525288408442
R1605,"Enhancing Network Slicing Architectures with Machine Learning, Security, Sustainability and Experimental Networks Integration",0,ALL,recent,0.6365110109863392,0.6503482493679895,0.6358594629575212,0.4042844462729274,0.3920979630805295,0.35573426988354423,0.9208894038126975
R1606,Energy Efficient Deep Multi-Label ON/OFF Classification of Low Frequency Metered Home Appliances,0,ALL,recent,0.4296810135324956,0.7017895393357156,0.49641643554739234,2.0690579797967933e-07,0.4897292912328906,0.10172727431246191,0.5253340441480503
R1607,Improving Text Semantic Similarity Modeling through a 3D Siamese Network,0,ALL,recent,0.7446890477659122,0.6374552453452368,0.614425615570219,0.615736730052116,0.36762810419081626,0.31669074594767305,1.0942065953246178
R1608,Traffic-Domain Video Question Answering with Automatic Captioning,0,ALL,recent,0.49366735009589885,0.7774815661157763,0.5982563139639824,0.12507233244792346,0.6333865189135686,0.2872370271223995,0.8589918108543318
R1609,Promoting Exploration in Memory-Augmented Adam using Critical Momenta,0,ALL,recent,0.4296809076804205,0.44375447054421435,0.440570890551996,0.0,0.0,0.0,0.0
R1610,STRAPPER: Preference-based Reinforcement Learning via Self-training Augmentation and Peer Regularization,0,ALL,recent,0.7962748067051261,0.44375447054421435,0.5247519951791099,0.7165698276281592,0.0,0.15334283733884962,0.7702398206967566
R1611,Enhancing conversational quality in language learning chatbots: An evaluation of GPT4 for ASR error correction,0,ALL,recent,0.46429505176784724,0.7274590401225871,0.4502456533454187,0.06765920362616862,0.5384478878388986,0.017623379782140996,0.6122752743888166
R1612,Implicit Identity Representation Conditioned Memory Compensation Network for Talking Head video Generation,0,ALL,recent,0.4715006332871939,0.784367953299835,0.4783140027527291,0.08174373236768732,0.6464563141572892,0.06875219730717136,0.7522633155824865
R1613,Exploring Non-Regular Extensions of Propositional Dynamic Logic with Description-Logics Features,0,ALL,recent,0.6120393432247065,0.6234191039351478,0.7254765899354265,0.35645042940472815,0.3409886647665502,0.518979271072585,0.8790818390466831
R1614,U-CE: Uncertainty-aware Cross-Entropy for Semantic Segmentation,0,ALL,recent,0.5885791118620014,0.44375453314563235,0.6448515528163308,0.31059343618030616,1.188123312381149e-07,0.3721141045110842,0.44083349157151686
R1615,First-Order Stable Model Semantics with Intensional Functions,0,ALL,recent,0.5305406445454419,0.8632429527270213,0.5590974837082113,0.1971474278548189,0.7961545615559114,0.2159059824076897,1.0688690832534216
R1616,IvyGPT: InteractiVe Chinese pathwaY language model in medical domain,0,ALL,recent,0.5917212647512728,0.5026484165610872,0.4623986567084664,0.31673530586290777,0.11177585502556772,0.039761079520498635,0.44242753872065005
R1617,Fast Unsupervised Deep Outlier Model Selection with Hypernetworks,0,ALL,recent,0.6893727012217568,0.6034230398429842,0.7407551690136822,0.5076115675395406,0.30303778335664605,0.5468104652193426,1.0020330137229567
R1618,Goal-Conditioned Reinforcement Learning with Disentanglement-based Reachability Planning,0,ALL,recent,0.685545395170548,0.546487366218791,0.9132009211101058,0.5001304500286078,0.19497856791576537,0.8609346505769714,0.9964361456463131
R1619,HVDetFusion: A Simple and Robust Camera-Radar Fusion Framework,0,ALL,recent,0.6746701148914573,0.44375447054421435,0.5132460816002312,0.47887287390492345,0.0,0.13238386510658728,0.525207226692229
R1620,CohortGPT: An Enhanced GPT for Participant Recruitment in Clinical Study,0,ALL,recent,0.5248282240596578,0.4546216984131396,0.502850640629544,0.18598153509520687,0.020625102730572577,0.11344771048026425,0.24631333649387194
R1621,Deep Directly-Trained Spiking Neural Networks for Object Detection,0,ALL,recent,0.6212237973001593,0.44375447054421435,0.4944592797776169,0.374402999513546,0.0,0.0981621533725449,0.4087597531939367
R1622,CycleIK: Neuro-inspired Inverse Kinematics,0,ALL,recent,0.7556785080472339,0.6329054486199696,0.9419145752757352,0.6372174903169848,0.3589929650372337,0.9132389440360277,1.3158440857668283
R1623,CausE: Towards Causal Knowledge Graph Embedding,0,ALL,recent,0.5220480291539686,0.8127615712465899,0.7810774107305567,0.18054717355879707,0.700345060589029,0.6202607600345158,1.0979835001599065
R1624,Alleviating the Long-Tail Problem in Conversational Recommender Systems,0,ALL,recent,0.5667035619753702,0.662370214274364,0.5998323823195821,0.267833971134004,0.41491466152543255,0.2901079658509678,0.7842864207072753
R1625,Fairness of ChatGPT and the Role Of Explainable-Guided Prompts,0,ALL,recent,0.441442195202745,0.8712413364195204,0.6614682175961377,0.02298942725173214,0.811334834512923,0.4023827323193183,0.9751582180764166
R1626,Recognition of Mental Adjectives in An Efficient and Automatic Style,0,ALL,recent,0.4296810102153838,0.8495174766373826,0.46664624919153475,2.0042194147684354e-07,0.7701047393023164,0.04749842017548308,0.7867293867856769
R1627,Pathology-and-genomics Multimodal Transformer for Survival Outcome Prediction,0,ALL,recent,0.860055386199097,0.5870895289437527,0.5924795402490572,0.8412397661503463,0.2720381260097265,0.27671415650868,1.2101278469381107
R1628,Sparse then Prune: Toward Efficient Vision Transformers,0,ALL,recent,0.7818192589355734,0.4860981747219449,0.4858776665123797,0.6883140126758189,0.08036486021941124,0.08253003577483478,0.7975643854164224
R1629,Psy-LLM: Scaling up Global Mental Health Psychological Services with AI-based Large Language Models,0,ALL,recent,0.5624759072901516,0.44375447054421435,0.46240371580589323,0.2595703044523763,0.0,0.03977029508445729,0.2734899077319363
R1630,Hallucination Improves the Performance of Unsupervised Visual Representation Learning,0,ALL,recent,0.673607385854484,0.4437545117216155,0.5001746665809621,0.47679559011797173,7.815131321932986e-08,0.10857320265487623,0.5147962891984916
R1631,Security and Privacy Issues of Federated Learning,0,ALL,recent,0.4296809076804205,0.44375447054421435,0.440570890551996,0.0,0.0,0.0,0.0
R1632,DeepCL: Deep Change Feature Learning on Remote Sensing Images in the Metric Space,0,ALL,recent,0.5478113364843458,0.6350122534437064,0.5283180139857128,0.2309059185951281,0.3629915069328253,0.15983863522877254,0.6498409478580238
R1633,Expediting Building Footprint Extraction from High-resolution Remote Sensing Images via progressive lenient supervision,0,ALL,recent,0.5074623552679226,0.7812480980893155,0.5220318487183424,0.1520370050858073,0.640535086131375,0.14838786581502664,0.8445078442524416
R1634,FATRER: Full-Attention Topic Regularizer for Accurate and Robust Conversational Emotion Recognition,0,ALL,recent,0.528387314206847,0.6330586223988356,0.4846527612061882,0.19293837922182613,0.3592836762437021,0.08029876955476296,0.5803266248096953
R1635,Towards Automatic Boundary Detection for Human-AI Collaborative Hybrid Essay in Education,0,ALL,recent,0.481822648928265,0.6940486641496998,0.5002614984802563,0.10191985910731706,0.4750377481952542,0.1087313741337166,0.6150135882493721
R1636,Uncertainty-aware Grounded Action Transformation towards Sim-to-Real Transfer for Traffic Signal Control,0,ALL,recent,0.4966313457520438,0.7744593966239648,0.5069194584107688,0.13086596366236786,0.6276506903297164,0.12085939824501254,0.8008174433778387
R1637,The Effectiveness of Large Language Models (ChatGPT and CodeBERT) for Security-Oriented Code Analysis,0,ALL,recent,0.5058250184470072,0.6175627965494265,0.5740731792535906,0.1488365531234207,0.32987387607258145,0.24318544917429202,0.5638253364070044
R1638,UniFormaly: Towards Task-Agnostic Unified Framework for Visual Anomaly Detection,0,ALL,recent,0.6734174666035923,0.6931088958106945,0.6488673750271836,0.47642436079517936,0.47325414535111493,0.37942925646576886,1.0824787459093133
R1639,Towards Video Anomaly Retrieval from Video Anomaly Detection: New Benchmarks and Model,0,ALL,recent,0.47338256599726863,0.8559144749987093,0.6894885298498081,0.08542228839727138,0.7822457148998692,0.4534240462000396,1.0263664194671545
R1640,SL: Stable Learning in Source-Free Domain Adaption for Medical Image Segmentation,0,ALL,recent,0.5643962471412619,0.6004501227084107,0.48481184062705296,0.26332393374014806,0.2973954316870549,0.08058854586342122,0.5889253564794004
R1641,CTVIS: Consistent Training for Online Video Instance Segmentation,0,ALL,recent,0.7521732215549316,0.4530527673847004,0.5178194564001607,0.6303658145409864,0.017647400962555678,0.14071464516871182,0.6972633413125912
R1642,End-to-End Deep Transfer Learning for Calibration-free Motor Imagery Brain Computer Interfaces,0,ALL,recent,0.6823314339365609,0.5090358984815427,0.48307766097155064,0.4938482187815283,0.12389876920276904,0.07742959433851591,0.6448473460027779
R1643,GridMM: Grid Memory Map for Vision-and-Language Navigation,0,ALL,recent,0.530215023826007,0.5981265116668693,0.59355394203512,0.1965109470420766,0.29298540946098883,0.27867126813184734,0.587031300349212
R1644,Towards a Visual-Language Foundation Model for Computational Pathology,0,ALL,recent,0.5234387464808824,0.6536284416551909,0.4765310396613369,0.18326556597579396,0.39832349766170977,0.06550438272317902,0.6045155975906163
R1645,Hierarchical Skeleton Meta-Prototype Contrastive Learning with Hard Skeleton Mining for Unsupervised Person Re-Identification,0,ALL,recent,0.4525949455810754,0.7265765837519207,0.49037465107833805,0.04478936565071104,0.5367730583865515,0.09072166471422227,0.6133150066872404
R1646,Rule By Example: Harnessing Logical Rules for Explainable Hate Speech Detection,0,ALL,recent,0.6444920042177585,0.6248734201129782,0.7298963609235072,0.4198846484567456,0.3437488369955929,0.5270302491002828,0.9480940726374375
R1647,RLCD: Reinforcement Learning from Contrastive Distillation for Language Model Alignment,0,ALL,recent,0.6141069695307484,0.4991438221967718,0.5635520759713011,0.3604919549992935,0.10512442379905575,0.2240203902648403,0.5440235153910433
R1648,Adaptation of Whisper models to child speech recognition,0,ALL,recent,0.6711577224434003,0.5144907396441306,0.8671652854929455,0.4720073083356038,0.13425160809731757,0.7770769367170483,0.8782358442838882
R1649,FedMEKT: Distillation-based Embedding Knowledge Transfer for Multimodal Federated Learning,0,ALL,recent,0.884964783312749,0.4437546112933441,0.5284150758228332,0.8899293991298849,2.671302465671284e-07,0.1600154413845874,0.945935070744737
R1650,GaPro: Box-Supervised 3D Point Cloud Instance Segmentation Using Gaussian Processes as Pseudo Labelers,0,ALL,recent,0.5717160700435405,0.684162904320067,0.6793663645579031,0.2776317666018208,0.4562753909027399,0.43498568580136165,0.8861521475350372
R1651,Federated Split Learning with Only Positive Labels for resource-constrained IoT environment,0,ALL,recent,0.5982416170138768,0.5397479441903343,0.6561456599957068,0.32948043803591787,0.18218770042332272,0.3926872538866601,0.6491086773195716
R1652,Imperceptible Physical Attack against Face Recognition Systems via LED Illumination Modulation,0,ALL,recent,0.6455146858738506,0.6948754535109251,0.7518964560959362,0.42188365285909385,0.47660692625220624,0.5671052401616191,1.0969774131678667
R1653,Integrating processed-based models and machine learning for crop yield prediction,0,ALL,recent,0.42968096424788754,0.7795349083586244,0.45587855289233953,1.1057068930174785e-07,0.6372835932374507,0.02788417171158484,0.6470431639071946
R1654,FacTool: Factuality Detection in Generative AI -- A Tool Augmented Framework for Multi-Task and Multi-Domain Scenarios,0,ALL,recent,0.5711815404668708,0.734619788438128,0.506630158387001,0.2765869380663885,0.5520383978951134,0.12033241434900335,0.870741680983653
R1655,"Re-mine, Learn and Reason: Exploring the Cross-modal Semantic Correlations for Language-guided HOI detection",0,ALL,recent,0.6582993610440491,0.8592984619207124,0.7623474690036462,0.4468734644936124,0.7886682431423113,0.5861426236627262,1.4406916259178777
R1656,"Group Activity Recognition in Computer Vision: A Comprehensive Review, Challenges, and Future Perspectives",0,ALL,recent,0.4475448019518156,0.8139890382786914,0.6582590872398066,0.03491800510831358,0.7026746918382162,0.39653703622861225,0.876380659626544
R1657,GPT-3 Models are Few-Shot Financial Reasoners,0,ALL,recent,0.5124688486465743,0.476696782991178,0.4729313463372815,0.16182304382487583,0.06252179365301566,0.058947243917440634,0.2449763728489957
R1658,Team Intro to AI team8 at CoachAI Badminton Challenge 2023: Advanced ShuttleNet for Shot Predictions,0,ALL,recent,0.5739216426700244,0.913696169803783,0.6537628765254938,0.28194293162935025,0.8919106088061658,0.3883468169239347,1.3097749263588934
R1659,Training-based Model Refinement and Representation Disagreement for Semi-Supervised Object Detection,0,ALL,recent,0.772574571376789,0.5444221463539163,0.4732299553361643,0.6702437060283319,0.19105895084432603,0.05949118488075334,0.8821245715809216
R1660,FinTree: Financial Dataset Pretrain Transformer Encoder for Relation Extraction,0,ALL,recent,0.5888666045051104,0.6018684639545444,0.5790725470287261,0.311155389214072,0.3000873264610815,0.25229221063739565,0.699544989398242
R1661,ESSAformer: Efficient Transformer for Hyperspectral Image Super-resolution,0,ALL,recent,0.5232147014048232,0.8330828718201461,0.8574163426577739,0.18282763195136037,0.738913214032,0.7593184318599149,1.1875022971343308
R1662,Uncertainty Guided Adaptive Warping for Robust and Efficient Stereo Matching,0,ALL,recent,0.5397182701031706,0.6659612486741339,0.5480112844342492,0.21508665046990735,0.4217301488141515,0.19571155445971405,0.7053158433449588
R1663,Real-Time Walking Pattern Generation of Quadrupedal Dynamic-Surface Locomotion based on a Linear Time-Varying Pendulum Model,0,ALL,recent,0.8808601376257217,0.5224021636509463,0.7249425209960878,0.8819061743564972,0.14926683873882143,0.5180064203734227,1.2124752602260167
R1664,Towards Open World NeRF-Based SLAM,0,ALL,recent,0.47754899008494683,0.701562417012324,0.5492038574218303,0.09356626951173116,0.48929823178434867,0.1978839246900574,0.6521238749375999
R1665,Deep Reinforcement Learning for Autonomous Ground Vehicle Exploration Without A-Priori Maps,0,ALL,recent,0.5116823999215481,0.44375461148255946,0.47236690365853384,0.16028579667256457,2.6748936173437553e-07,0.05791906494238795,0.1805577368917621
R1666,"Design, Modeling and Control of a Quadruped Robot SPIDAR: Spherically Vectorable and Distributed Rotors Assisted Air-Ground Amphibious Quadruped Robot",0,ALL,recent,0.6378331471013609,0.4839342153368117,0.4881613509225382,0.4068687851027948,0.07625784367742969,0.08668995561185025,0.5134681132443721
R1667,TBV Radar SLAM -- trust but verify loop candidates,0,ALL,recent,0.8316435710442381,0.4540601569536082,0.6563165219726116,0.7857040642680072,0.01955934332716214,0.39299849309465046,0.942812880178297
R1668,Obstacle avoidance using raycasting and Riemannian Motion Policies at kHz rates for MAVs,0,ALL,recent,0.7492114207526585,0.7084713695753659,0.5418051860943747,0.6245764735399493,0.5024108542573589,0.18440663356973844,1.1915296495467167
R1669,Continuous-Time Ultra-Wideband-Inertial Fusion,0,ALL,recent,0.7820665844634714,0.44375454982176193,0.6299008921746067,0.688797452283967,1.5046225061555144e-07,0.3448802408899382,0.8095056870576961
R1670,Coarse-to-fine Hybrid 3D Mapping System with Co-calibrated Omnidirectional Camera and Non-repetitive LiDAR,0,ALL,recent,0.5197770058476855,0.8797942682073137,0.5340823108588552,0.17610807409900714,0.8275675940444724,0.17033877824431587,1.06329424052899
R1671,OpTaS: An Optimization-based Task Specification Library for Trajectory Optimization and Model Predictive Control,0,ALL,recent,0.6877333302197145,0.6559175289864974,0.5067278858379205,0.5044071394258233,0.4026679967314728,0.12051043297534798,0.9492537876986679
R1672,A Kubernetes-Based Edge Architecture for Controlling the Trajectory of a Resource-Constrained Aerial Robot by Enabling Model Predictive Control,0,ALL,recent,0.7026387627850768,0.6117991155479572,0.6643612601700931,0.5335423303618977,0.31893488462090863,0.4076526483984371,0.9951556419222594
R1673,Chance-Constrained Trajectory Optimization for High-DOF Robots in Uncertain Environments,0,ALL,recent,0.6149951724793391,0.44375447054421435,0.5189766934379089,0.3622280980051201,0.0,0.14282264804688685,0.4122160248215305
R1674,CREPES: Cooperative RElative Pose Estimation System,0,ALL,recent,0.5888647074502973,0.6936694735552744,0.5001022077476346,0.31115168109933233,0.4743180757029847,0.10844121290323397,0.8234241813184489
R1675,FR-LIO: Fast and Robust Lidar-Inertial Odometry by Tightly-Coupled Iterated Kalman Smoother and Robocentric Voxels,0,ALL,recent,0.6855060290944481,0.4966606176555266,0.48145368332758753,0.5000535023695214,0.10041150626553656,0.07447138488280447,0.6265299933440395
R1676,Catch Planner: Catching High-Speed Targets in the Flight,0,ALL,recent,0.6168974342736439,0.8208126214322093,0.5225700198051559,0.36594639067086016,0.7156252902087857,0.14936818891474443,1.1338505469998064
R1677,PredRecon: A Prediction-boosted Planning Framework for Fast and High-quality Autonomous Aerial Reconstruction,0,ALL,recent,0.7476675231965112,0.44375447054421435,0.5298853140982996,0.6215586644366684,0.0,0.16269360187823798,0.6785014250940516
R1678,A Vision-Based Algorithm for a Path Following Problem,0,ALL,recent,0.7271189046863047,0.681833986710146,0.6108443960435798,0.5813929113703219,0.4518552972472995,0.3101672586902811,1.1418067491592196
R1679,On Second-Order Derivatives of Rigid-Body Dynamics: Theory & Implementation,0,ALL,recent,0.757356677064592,0.45401970742656617,0.7008159640576788,0.6404977557188325,0.019482573459012942,0.47405790351158367,0.8259005954068998
R1680,Reachability-based Trajectory Design with Neural Implicit Safety Constraints,0,ALL,recent,0.7017269156018695,0.44375447054421435,0.5122756193837782,0.5317599706973414,0.0,0.1306160879972201,0.5774756014963685
R1681,Instance-wise Grasp Synthesis for Robotic Grasping,0,ALL,recent,0.4987602303647793,0.7944733089634783,0.45590269746379253,0.1350272289863314,0.6656354462418942,0.02792815304337341,0.8104375287934062
R1682,Deep Reinforcement Learning Based Tracking Control of an Autonomous Surface Vessel in Natural Waters,0,ALL,recent,0.5846508289846681,0.5135413718951098,0.581418628736593,0.30291494237074157,0.13244978636422988,0.256565792307613,0.525162756042636
R1683,Learning to Dexterously Pick or Separate Tangled-Prone Objects for Industrial Bin Picking,0,ALL,recent,0.5453308183265528,0.8265341672775328,0.6383407721967371,0.2260573259876488,0.7264843126072135,0.3602541796749623,1.0786306014810991
R1684,Discrete States-Based Trajectory Planning for Nonholonomic Robots,0,ALL,recent,0.6981309335545629,0.44375450263108324,0.5366874576825389,0.5247310151073882,6.089823228329877e-08,0.17508426842762345,0.5860105699552887
R1685,An MPC-based Optimal Motion Control Framework for Pendulum-driven Spherical Robots,0,ALL,recent,0.5260110893786141,0.44375454771151723,0.49419186189004155,0.1882936455803154,1.4645718011607087e-07,0.097675029595569,0.22248005239594465
R1686,Train What You Know -- Precise Pick-and-Place with Transporter Networks,0,ALL,recent,0.5050703459299031,0.7545394078335711,0.543260919590667,0.1473614179481335,0.589844193571831,0.18705837240970105,0.80267604186336
R1687,EdgeVO: An Efficient and Accurate Edge-based Visual Odometry,0,ALL,recent,0.534815683744173,0.6166997754904998,0.4872406847052901,0.20550371558870695,0.32823593323990113,0.08501288602930902,0.5634941589388663
R1688,Balanced Line Coverage in Large-scale Urban Scene,0,ALL,recent,0.6455207855811369,0.6701694434633778,0.8317173373844258,0.42189557576945963,0.42971695565075096,0.7125055704362364,1.1009894810728933
R1689,iPlanner: Imperative Path Planning,0,ALL,recent,0.6550422380136364,0.44375447054421435,0.44057090902852486,0.44050686620958246,0.0,3.365652390153656e-08,0.44050687798936583
R1690,Certifiably Correct Range-Aided SLAM,0,ALL,recent,0.4882797862365238,0.9528565851712144,0.7012643251309403,0.11454142695189962,0.9662338492559903,0.47487463025128085,1.2469813967958383
R1691,"RLSS: Real-time, Decentralized, Cooperative, Networkless Multi-Robot Trajectory Planning using Linear Spatial Separations",0,ALL,recent,0.649133573544282,0.6172578243753917,0.48855068059811035,0.428957381366594,0.32929506402453185,0.08739915178332953,0.7888421485152912
R1692,Autonomous Exploration and Mapping for Mobile Robots via Cumulative Curriculum Reinforcement Learning,0,ALL,recent,0.6122684780863744,0.7180023807892749,0.592723179520167,0.3568983122766629,0.520499927918474,0.27715796557111294,0.9744035281450264
R1693,A Homotopy Invariant Based on Convex Dissection Topology and a Distance Optimal Path Planning Algorithm,0,ALL,recent,0.6397622480775943,0.44375447054421435,0.5269142088110557,0.41063953949258275,0.0,0.15728148811712075,0.465688060333575
R1694,Autonomous Search of Semantic Objects in Unknown Environments,0,ALL,recent,0.5598472043840131,0.8473072449458866,0.5080083376136756,0.25443205967157495,0.7659099017369952,0.12284288167912291,1.0633369699962634
R1695,Visuo-Tactile-Based Slip Detection Using A Multi-Scale Temporal Convolution Network,0,ALL,recent,0.5819730707921408,0.5573176098448366,0.6388830039796536,0.29768081072928754,0.21553347760189218,0.36124189966813675,0.6396489532150276
R1696,Evaluation of Lidar-based 3D SLAM algorithms in SubT environment,0,ALL,recent,0.7399125140718749,0.48746499114915715,0.7369949842666756,0.6064001864410459,0.08295896513421644,0.5399609780264822,0.8783454938845311
R1697,LIWO: Lidar-Inertial-Wheel Odometry,0,ALL,recent,0.897770613067215,0.5537984166954957,0.9768797069287811,0.914960560980112,0.20885433908475146,0.97693082025165,1.4657406871529408
R1698,Embedded light-weight approach for safe landing in populated areas,0,ALL,recent,0.6685693044154273,0.7363264199602257,0.7003754838939003,0.4669478071680482,0.5552774438497079,0.47325553249965086,1.187864687392634
R1699,RRT and Velocity Obstacles-based motion planning for Unmanned Aircraft Systems Traffic Management (UTM),0,ALL,recent,0.520336938001554,0.7048924432175491,0.8203450220247773,0.17720255627137407,0.4956183470342241,0.6917899583985323,0.9149473887450845
R1700,"Design, Kinematics, and Deployment of a Continuum Underwater Vehicle-Manipulator System",0,ALL,recent,0.7242876358592636,0.5978052877627283,0.5099552051167372,0.5758587172095372,0.29237575296879664,0.12638926169117745,0.9124707117702459
R1701,Efficient Solution to 3D-LiDAR-based Monte Carlo Localization with Fusion of Measurement Model Optimization via Importance Sampling,0,ALL,recent,0.6808057553535102,0.4912193390621614,0.8083553511369987,0.4908660217450223,0.09008440800943628,0.6699497822588288,0.8154328535450486
R1702,SCRIMP: Scalable Communication for Reinforcement- and Imitation-Learning-Based Multi-Agent Pathfinding,0,ALL,recent,0.6037257459565729,0.6450164072396896,0.4942307574192077,0.34020009633250486,0.38197856621448617,0.09774588101559431,0.756389720902449
R1703,Distributed Consistent Multi-robot Cooperative Localization: A Coordinate Transformation Approach,0,ALL,recent,0.4296812248865825,0.7210803929976914,0.4737256049940424,6.200331359424626e-07,0.5263417413754349,0.06039405168443486,0.5474802794981231
R1704,Distributed Optimization in Sensor Network for Scalable Multi-Robot Relative State Estimation,0,ALL,recent,0.5860896092285026,0.4437546112130725,0.5025564739358993,0.305727281894291,2.669778977492683e-07,0.11291186154297751,0.3452467004122308
R1705,From Crowd Motion Prediction to Robot Navigation in Crowds,0,ALL,recent,0.8672265846237476,0.46322158994764506,0.6977794128363589,0.8552570873133831,0.036946987990580354,0.4685265745742349,1.0561883764049458
R1706,PuSHR: A Multirobot System for Nonprehensile Rearrangement,0,ALL,recent,0.5581739383510728,0.7286939425089121,0.5570951081851997,0.25116137798268157,0.5407916307775199,0.21225848995108004,0.8662434802430795
R1707,Fine-Tuned Convex Approximations of Probabilistic Reachable Sets under Data-driven Uncertainties,0,ALL,recent,0.5580054243720597,0.7307399797036174,0.4972835013454414,0.25083198888696673,0.5446748407221682,0.10330670630282682,0.8316641768151244
R1708,ORORA: Outlier-Robust Radar Odometry,0,ALL,recent,0.8062957877975048,0.44375447054421435,0.5484076612714691,0.7361575313873725,0.0,0.19643358761838953,0.8049092870538088
R1709,Unsupervised Active Visual Search with Monte Carlo planning under Uncertain Detections,0,ALL,recent,0.7310554049599883,0.4827073279279591,0.5438620901379984,0.5890874674719814,0.07392931250539189,0.18815345423193036,0.7288704889585489
R1710,TIMS: A Tactile Internet-Based Micromanipulation System with Haptic Guidance for Surgical Training,0,ALL,recent,0.6896525014590745,0.7392446686680199,0.9436974410694761,0.5081584844641226,0.5608160393514848,0.9164865813843092,1.3897448273001156
R1711,End-to-End Learning of Deep Visuomotor Policy for Needle Picking,0,ALL,recent,0.6566946623300962,0.6440506860198482,0.7468713467913523,0.44373680923581493,0.38014570694176597,0.5579515883757934,1.0191655721091086
R1712,A Reachability Tree-Based Algorithm for Robot Task and Motion Planning,0,ALL,recent,0.6570289465088823,0.686897328134264,0.5389669508143531,0.4443902242462907,0.46146510190880113,0.17923655350484044,0.9685881198817861
R1713,GMCR: Graph-based Maximum Consensus Estimation for Point Cloud Registration,0,ALL,recent,0.5926846579414071,0.6475638571945648,0.7476881161218155,0.3186184209230036,0.3868134162474495,0.5594394011948265,0.9012356275886424
R1714,GRADE: Generating Realistic Animated Dynamic Environments for Robotics Research,0,ALL,recent,0.48244540462147295,0.6841187626241424,0.4810524021457115,0.10313714052122955,0.4561916136023899,0.07374041805512827,0.5851379004429144
R1715,Monte-Carlo Tree Search with Prioritized Node Expansion for Multi-Goal Task Planning,0,ALL,recent,0.4296809076804205,0.7229808425227918,0.47486959061264594,0.0,0.529948637923684,0.06247791600777139,0.5518159085264039
R1716,Team Northeastern's Approach to ANA XPRIZE Avatar Final Testing: A Holistic Approach to Telepresence and Lessons Learned,0,ALL,recent,0.5284259986046794,0.44375447054421435,0.45677315465818036,0.19301399442535352,0.0,0.0295137627423753,0.20334381138518487
R1717,Need for Speed: Fast Correspondence-Free Lidar-Inertial Odometry Using Doppler Velocity,0,ALL,recent,0.8896355415026931,0.44375447054421435,0.6012265081282449,0.8990591866139791,0.0,0.29264748119772654,1.0014858050331834
R1718,PIEKF-VIWO: Visual-Inertial-Wheel Odometry using Partial Invariant Extended Kalman Filter,0,ALL,recent,0.5958523058892463,0.6045791648486253,0.9892532643835243,0.3248101250130295,0.30523201332019695,0.9994702774907804,0.9798567354549996
R1719,GoNet: An Approach-Constrained Generative Grasp Sampling Network,0,ALL,recent,0.5994508481058674,0.7104188146142847,0.6669282142079954,0.3318440848872581,0.5061069444170857,0.41232856726685707,0.9822660278477438
R1720,Learning to Place Unseen Objects Stably using a Large-scale Simulation,0,ALL,recent,0.5786749470273037,0.6846426133888321,0.6436089836981573,0.2912340695697835,0.4571858391737622,0.36985066219805734,0.8778676405128658
R1721,UMS-VINS: United Monocular-Stereo Features for Visual-Inertial Tightly Coupled Odometry,0,ALL,recent,0.6305414353752633,0.44375447054421435,0.5480952645964591,0.392615900293242,0.0,0.19586453126383757,0.46116848623558515
R1722,HANDLOOM: Learned Tracing of One-Dimensional Objects for Inspection and Manipulation,0,ALL,recent,0.754022201515252,0.5344336461523286,0.7279118451827279,0.6339799588433864,0.17210160079453216,0.5234152897126307,0.9892769110373394
R1723,Metric-Free Exploration for Topological Mapping by Task and Motion Imitation in Feature Space,0,ALL,recent,0.5305201024860439,0.8787394485060679,0.5061053811093119,0.19710727492264749,0.8255656331982628,0.11937648917923693,1.0644546793336431
R1724,LP-SLAM: Language-Perceptive RGB-D SLAM system based on Large Language Model,0,ALL,recent,0.608065112774323,0.44375503063669525,0.5586565916272241,0.3486821232862621,1.06300936139431e-06,0.21510286105452764,0.42396918766470815
R1725,CoVIO: Online Continual Learning for Visual-Inertial Odometry,0,ALL,recent,0.6469105539855824,0.4706901533857811,0.5046008809699893,0.4246121133568717,0.05112170577687335,0.11663591786976862,0.516556390388164
R1726,VR-SLAM: A Visual-Range Simultaneous Localization and Mapping System using Monocular Camera and Ultra-wideband Sensors,0,ALL,recent,0.777162739394515,0.44375447054421435,0.7624660280405949,0.679212057041095,0.0,0.5863585887441825,0.8844375631015589
R1727,Chance-Constrained Multi-Robot Motion Planning under Gaussian Uncertainties,0,ALL,recent,0.7589095401731741,0.44375447054421435,0.6606446853319174,0.6435330895119131,0.0,0.40088260025767575,0.7838419996020997
R1728,The SLAM Hive Benchmarking Suite,0,ALL,recent,0.5387437822303198,0.44375501507090165,0.508510337250586,0.21318184897448644,1.033466768202692e-06,0.12375731549426348,0.2564979428642469
R1729,Demonstrating Performance Benefits of Human-Swarm Teaming,0,ALL,recent,0.5001132497650774,0.9090539043955383,0.5331716114527659,0.13767193442477038,0.8830999717143074,0.16867986403178428,1.0798098585502023
R1730,4D iRIOM: 4D Imaging Radar Inertial Odometry and Mapping,0,ALL,recent,0.642282057959011,0.5368825954107936,0.5405620483267773,0.4155649344246486,0.17674950462493164,0.18214215541480275,0.6560641934447612
R1731,Learning from Few Demonstrations with Frame-Weighted Motion Generation,0,ALL,recent,0.6386351758861109,0.5402194551926022,0.6023587975429117,0.4084364861190149,0.18308258943988392,0.29471003991922173,0.6946675895306265
R1732,GAPSLAM: Blending Gaussian Approximation and Particle Filters for Real-Time Non-Gaussian SLAM,0,ALL,recent,0.668518992854898,0.44375447054421435,0.44635317397202984,0.4668494647069432,0.0,0.010532906996801136,0.4705359821558236
R1733,Ensemble Latent Space Roadmap for Improved Robustness in Visual Action Planning,0,ALL,recent,0.7291454292724021,0.6215587346370557,0.8143735600350746,0.5853540966961208,0.33745783718542693,0.6809124470066565,1.1611312903338775
R1734,AirLine: Efficient Learnable Line Detection with Local Edge Voting,0,ALL,recent,0.5229385585676798,0.8429052725984606,0.5658887925738378,0.1822878640344937,0.7575553210676768,0.22827691262192962,1.0197401045198458
R1735,Bagging by Learning to Singulate Layers Using Interactive Perception,0,ALL,recent,0.6795620793154385,0.5468127318288024,0.7268269855679937,0.48843504641619884,0.19559608502430686,0.5214391282904857,0.8665348263421756
R1736,Tracker: Model-based Reinforcement Learning for Tracking Control of Human Finger Attached with Thin McKibben Muscles,0,ALL,recent,0.5426612299802446,0.5294889966385359,0.48342728686188874,0.22083916369350942,0.16271706359528265,0.07806646678476198,0.41087949066345875
R1737,ASC: Adaptive Skill Coordination for Robotic Mobile Manipulation,0,ALL,recent,0.6079120628791539,0.6454360872314292,0.602980573887559,0.3483829613599682,0.3827750842453952,0.29584265690376643,0.8347029755216817
R1738,Investigation of risk-aware MDP and POMDP contingency management autonomy for UAS,0,ALL,recent,0.4296809076804205,0.9156389604599403,0.5883407576790731,0.0,0.8955978653310631,0.2691750221005348,0.9898091230662502
R1739,Eigen-Factors an Alternating Optimization for Back-end Plane SLAM of 3D Point Clouds,0,ALL,recent,0.5837213908310381,0.7520167163411653,0.7566363569326927,0.30109819817693595,0.5850563330598423,0.5757393611586358,1.0876633076423008
R1740,Flipbot: Learning Continuous Paper Flipping via Coarse-to-Fine Exteroceptive-Proprioceptive Exploration,0,ALL,recent,0.6084563264664713,0.9167904448849081,0.5465736879532742,0.3494468166668511,0.8977832878550103,0.1930928536916792,1.3148126033139491
R1741,Distributed formation-enforcing control for UAVs robust to observation noise in relative pose measurements,0,ALL,recent,0.4851865420071514,0.8097079636537686,0.4983372832594623,0.10849515752365743,0.6945495650808426,0.10522625712540275,0.8398739125983911
R1742,Computationally-efficient Motion Cueing Algorithm via Model Predictive Control,0,ALL,recent,0.4924303435625184,0.7489518757848461,0.5101032749240875,0.12265439379494117,0.5792395183128484,0.12665898307917636,0.7462245561855012
R1743,Sky-GVINS: a Sky-segmentation Aided GNSS-Visual-Inertial System for Robust Navigation in Urban Canyons,0,ALL,recent,0.5812170871680734,0.6014301488519463,0.6626914168004909,0.2962031127735145,0.2992554405258195,0.40461089073392925,0.7370723650562092
R1744,"Resilient and Distributed Multi-Robot Visual SLAM: Datasets, Experiments, and Lessons Learned",0,ALL,recent,0.5641306439591652,0.5706335717449356,0.4610746153771901,0.2628047673630784,0.24080607567920603,0.037349228839859944,0.5166830731362354
R1745,ShakingBot: Dynamic Manipulation for Bagging,0,ALL,recent,0.697419588116654,0.7094120373623443,0.5190204689419083,0.5233405700422016,0.5041961641796111,0.14290238874426725,1.077552570282306
R1746,NF-Atlas: Multi-Volume Neural Feature Fields for Large Scale LiDAR Mapping,0,ALL,recent,0.6444326913869836,0.8510360475212206,0.6147910449191794,0.4197687114893339,0.7729868616669698,0.3173564056995221,1.3038303151511366
R1747,Learning the Distribution over Trajectories,0,ALL,recent,0.7353750222155443,0.7763202138055385,0.7208124915225029,0.5975308905634954,0.6311823679567696,0.5104832304535722,1.4073823891790154
R1748,RO-MAP: Real-Time Multi-Object Mapping with Neural Radiance Fields,0,ALL,recent,0.7313618022397398,0.5823454832315175,0.560512657633359,0.5896863728179824,0.26303431829044843,0.21848383863767562,0.9291900346316173
R1749,"Fusing Odometry, UWB Ranging, and Spatial Detections for Relative Multi-Robot Localization",0,ALL,recent,0.4851858633583707,0.6646311818218168,0.47541443312016585,0.10849383098974325,0.41920579156330073,0.06347039165151587,0.5499142596310744
R1750,Progressive Transfer Learning for Dexterous In-Hand Manipulation with Multi-Fingered Anthropomorphic Hand,0,ALL,recent,0.5284322872190417,0.7377593258376551,0.5391282205121899,0.1930262865865749,0.5579969810933992,0.1795303195839697,0.8138588795343635
R1751,A Multi-robot Coverage Path Planning Algorithm Based on Improved DARP Algorithm,0,ALL,recent,0.6788458450055455,0.660794943823922,0.5150933466116885,0.48703504522319785,0.4119249280570006,0.13574881095076907,0.9464720571129677
R1752,Dynablox: Real-time Detection of Diverse Dynamic Objects in Complex Environments,0,ALL,recent,0.68002709585208,0.5403399823918712,0.4943728774745924,0.48934399994868233,0.18331134012927183,0.09800476443880408,0.7069570076315356
R1753,RGB-D Inertial Odometry for a Resource-Restricted Robot in Dynamic Environments,0,ALL,recent,0.5013742278783436,0.4437547241825236,0.47156452797778114,0.1401367295882195,4.813846040289232e-07,0.05645747134554318,0.15989732594376363
R1754,Consensus Complementarity Control for Multi-Contact MPC,0,ALL,recent,0.8646661371915884,0.44375447054421435,0.5144277177581893,0.8502522594098242,0.0,0.1345363129981431,0.8973399689591742
R1755,Planning-inspired Hierarchical Trajectory Prediction for Autonomous Driving,0,ALL,recent,0.6978129372124402,0.579393970428838,0.5758979159729656,0.5241094374306525,0.2574325902784743,0.24650935787310022,0.8678203029647119
R1756,UAV Tracking with Solid-State Lidars:Dynamic Multi-Frequency Scan Integration,0,ALL,recent,0.4296809505905473,0.9552326765975423,0.4405709146920034,8.387510603896239e-08,0.9707434749265241,4.39730179560306e-08,0.9707435741921865
R1757,MOTLEE: Distributed Mobile Multi-Object Tracking with Localization Error Elimination,0,ALL,recent,0.785477243422006,0.6189266514927391,0.8218246100273863,0.6954641625279661,0.33246236033505444,0.6944851501926715,1.2709963254304555
R1758,Multi-Camera Visual-Inertial Simultaneous Localization and Mapping for Autonomous Valet Parking,0,ALL,recent,0.5120970513573039,0.5212863800950247,0.6044754501702359,0.161096303090254,0.14714917352157023,0.2985656975632066,0.4127434707589465
R1759,Hydra-Multi: Collaborative Online Construction of 3D Scene Graphs with Multi-Robot Teams,0,ALL,recent,0.6704193999548512,0.6474790257601679,0.5954918532476768,0.4705641320586359,0.38665241317745597,0.2822013335207555,0.9559870119683562
R1760,Deep Imitation Learning for Automated Drop-In Gamma Probe Manipulation,0,ALL,recent,0.5299645799435551,0.9360852001918513,0.7303546654675636,0.19602141208212068,0.9344031429980975,0.5278650886935882,1.315177336122974
R1761,S$^2$MAT: Simultaneous and Self-Reinforced Mapping and Tracking in Dynamic Urban Scenariosorcing Framework for Simultaneous Mapping and Tracking in Unbounded Urban Environments,0,ALL,recent,0.6447213214842595,0.6926078555964863,0.6177080750263542,0.4203328878698017,0.472303212324327,0.32267001705231213,1.005570606162438
R1762,SLoMo: A General System for Legged Robot Motion Imitation from Casual Videos,0,ALL,recent,0.535260886045015,0.7659157909748467,0.5162329569701536,0.2063739388434385,0.6114356310406369,0.13782470537626818,0.8660482167657693
R1763,Sampling-based Path Planning Algorithms: A Survey,0,ALL,recent,0.7889343176989362,0.45335943566463444,0.5993848070667377,0.7022215993683174,0.018229432079795233,0.2892926705480868,0.821703466139943
R1764,Path and trajectory planning of a tethered UAV-UGV marsupial robotic system,0,ALL,recent,0.4296809076804205,0.5223439092719836,0.44965566109497856,0.0,0.14915627672934645,0.01654866015127877,0.15494830778229401
R1765,LIMOT: A Tightly-Coupled System for LiDAR-Inertial Odometry and Multi-Object Tracking,0,ALL,recent,0.6945561004372679,0.4437547419914263,0.5766280690532004,0.5177433986809433,5.151844333731976e-07,0.24783939203588368,0.6044877010779359
R1766,Computer-Vision Based Real Time Waypoint Generation for Autonomous Vineyard Navigation with Quadruped Robots,0,ALL,recent,0.7593358316681779,0.5848343470894836,0.6162642164973726,0.6443663483956721,0.26775797674061735,0.32003990944644667,1.0241382934425458
R1767,Direct LiDAR-Inertial Odometry and Mapping: Perceptive and Connective SLAM,0,ALL,recent,0.8624232114235976,0.44375453246309354,0.7743132664893959,0.8458680813445923,1.1751692884989708e-07,0.6079393124281518,1.0586469582113742
R1768,Multi S-graphs: A Collaborative Semantic SLAM architecture,0,ALL,recent,0.537815115343926,0.6239276809792607,0.6675252618408224,0.21136661235304352,0.34195390207525095,0.4134161388596708,0.6980161630291792
R1769,Autonomous Navigation for Robot-assisted Intraluminal and Endovascular Procedures: A Systematic Review,0,ALL,recent,0.5011631079238204,0.8995642599487294,0.5006143473429125,0.1397240599016151,0.8650894087673652,0.10937411749033056,1.0430944097905959
R1770,Simulation of Dynamic Environments for SLAM,0,ALL,recent,0.5783330664925408,0.5368756521653086,0.7462874986155777,0.2905658061957441,0.17673632691731944,0.556888060684574,0.6622129543526645
R1771,A sensor fusion approach for improving implementation speed and accuracy of RTAB-Map algorithm based indoor 3D mapping,0,ALL,recent,0.6816028482492038,0.6071632886315839,0.7368287161851038,0.4924240747306022,0.3101364672559096,0.5396581069784003,0.991440879428952
R1772,Multimodal Detection and Identification of Robot Manipulation Failures,0,ALL,recent,0.5979807275681346,0.4734361528504679,0.471865552927401,0.3289704854544296,0.056333386413405795,0.05700581316273557,0.4052559064747928
R1773,"ARDIE: AR, Dialogue, and Eye Gaze Policies for Human-Robot Collaboration",0,ALL,recent,0.6435542696920395,0.5700853694606324,0.6223465126312047,0.4180516875993961,0.23976563293085626,0.33111931438925746,0.7737090805664925
R1774,Fast Event-based Double Integral for Real-time Robotics,0,ALL,recent,0.7020082471897107,0.5296350209685551,0.8550651286677455,0.5323098809057274,0.162994205737155,0.755035501313698,0.9595665121026766
R1775,Visuotactile Sensor Enabled Pneumatic Device Towards Compliant Oropharyngeal Swab Sampling,0,ALL,recent,0.5114755062556743,0.9161613130356293,0.6180892440974596,0.15988138798249374,0.8965892474632048,0.323364348008505,1.1696481572486752
R1776,Rhino: An Autonomous Robot for Mapping Underground Mine Environments,0,ALL,recent,0.4296809076804205,0.4437547289555489,0.44057092064666503,0.0,4.904434126328465e-07,5.48199261458807e-08,5.096303867839047e-07
R1777,Foundations of Spatial Perception for Robotics: Hierarchical Representations and Real-time Systems,0,ALL,recent,0.5402641971613054,0.764885396195466,0.5551494032007886,0.21615375731207218,0.609480026682828,0.2087142275627978,0.8986837636418794
R1778,Seeing Through the Grass: Semantic Pointcloud Filter for Support Surface Learning,0,ALL,recent,0.5428911459874479,0.6181223630459284,0.8342321339982477,0.22128857344661487,0.3309358871589543,0.7170864802473127,0.8032047286921287
R1779,Graph-based Global Robot Simultaneous Localization and Mapping using Architectural Plans,0,ALL,recent,0.6644507569698299,0.6785352014349392,0.5889427470369057,0.4588974090544363,0.44559447470746916,0.27027159545374446,0.999086942170716
R1780,Inertial-based Navigation by Polynomial Optimization: Inertial-Magnetic Attitude Estimation,0,ALL,recent,0.4296812332323653,0.4631740261639857,0.44386304388560605,6.363463810593857e-07,0.03685671584978585,0.005996929303392833,0.0389562774523544
R1781,Motion Planning (In)feasibility Detection using a Prior Roadmap via Path and Cut Search,0,ALL,recent,0.69130382311242,0.4437545602939017,0.5859217709721525,0.5113862721486543,1.7033750869399534e-07,0.26476863795094147,0.6040554657689925
R1782,Risk-Sensitive Extended Kalman Filter,0,ALL,recent,0.5268380184889403,0.7001112584418238,0.5580909143322297,0.18991001849765962,0.48654405243374316,0.21407243312397425,0.7513794225247937
R1783,Vehicle Teleoperation: Performance Assessment of SRPT Approach Under State Estimation Errors,0,ALL,recent,0.5059416431891383,0.8792889191855051,0.5261265895449542,0.14906451592255168,0.8266084832560257,0.1558467745487763,1.030219370270649
R1784,Diffusion Co-Policy for Synergistic Human-Robot Collaborative Tasks,0,ALL,recent,0.626891449255968,0.7526409812345186,0.5124069854546409,0.3854813846035186,0.5862411363704749,0.13085538214910106,1.0175219047261788
R1785,WiROS: WiFi sensing toolbox for robotics,0,ALL,recent,0.7561021036386777,0.44375447054421435,0.474674519835576,0.6380454796009103,0.0,0.062122578470086454,0.6597883820654405
R1786,Exploiting Radio Fingerprints for Simultaneous Localization and Mapping,0,ALL,recent,0.6952653767065147,0.5391307464383785,0.6969257897856354,0.5191297992057394,0.18101630996453172,0.466971629658798,0.8635861795508505
R1787,iCOIL: Scenario Aware Autonomous Parking Via Integrated Constrained Optimization and Imitation Learning,0,ALL,recent,0.5224529389789284,0.7157495765118,0.5235593130834836,0.18133863834925945,0.5162242910941413,0.15117026835918723,0.7504725233691162
R1788,Large Language Models as Commonsense Knowledge for Large-Scale Task Planning,0,ALL,recent,0.522670156429339,0.5976309229678448,0.6770681696242576,0.18176322662367603,0.2920448229606617,0.43079933384691776,0.624587816430759
R1789,Robust Imaging Sonar-based Place Recognition and Localization in Underwater Environments,0,ALL,recent,0.6869656683127535,0.5747385915587092,0.8646199403973434,0.5029066142893952,0.24859706491687728,0.7724403803224148,1.0218578123191175
R1790,IndustReal: Transferring Contact-Rich Assembly Tasks from Simulation to Reality,0,ALL,recent,0.65154211335677,0.6743700231392772,0.6430968589261241,0.4336652801146683,0.4376893096299216,0.3689177846127258,1.000475814359044
R1791,Development of a ROS-based Architecture for Intelligent Autonomous on Demand Last Mile Delivery,0,ALL,recent,0.5102085549236955,0.4437549066702074,0.575280329767231,0.1574049171520065,8.277311857684799e-07,0.24538437357278522,0.24329027563366706
R1792,Optimal Sampling-based Motion Planning in Gaussian Belief Space for Minimum Sensing Navigation,0,ALL,recent,0.7063081423529023,0.5443763062065845,0.5481711781609843,0.5407147538294301,0.1909719500232053,0.19600281409379522,0.8002876887854637
R1793,Efficient Deep Learning of Robust Policies from MPC using Imitation and Tube-Guided Data Augmentation,0,ALL,recent,0.6899449781743647,0.4437546845235647,0.6284042129738509,0.5087301797106019,4.061151690583556e-07,0.3421539160662554,0.6284844564489602
R1794,BAMF-SLAM: Bundle Adjusted Multi-Fisheye Visual-Inertial SLAM Using Recurrent Field Transforms,0,ALL,recent,0.7428273251565087,0.5171841603638454,0.49659910970920307,0.6120976780851826,0.13936349860985767,0.1020600303912118,0.7871821873319643
R1795,Adaptive Robotic Information Gathering via Non-Stationary Gaussian Processes,0,ALL,recent,0.457219335058051,0.8035828541007476,0.7043016962860489,0.05382851763664898,0.6829246120301835,0.48040745276577085,0.9048957381348522
R1796,Temporal-controlled Frame Swap for Generating High-Fidelity Stereo Driving Data for Autonomy Analysis,0,ALL,recent,0.6300121424292339,0.8102995738098518,0.7407311909054418,0.3915813076387812,0.6956723923918037,0.5467667871140494,1.2786220755205022
R1797,Bridging the Domain Gap between Synthetic and Real-World Data for Autonomous Driving,0,ALL,recent,0.7766232599758035,0.4536265428574452,0.6096209385751256,0.6781575532015508,0.01873637951461897,0.3079386298262718,0.8046724531553648
R1798,RotorPy: A Python-based Multirotor Simulator with Aerodynamics for Education and Research,0,ALL,recent,0.8041841969818917,0.44375447054421435,0.5102431561131796,0.7320300697171414,0.0,0.12691378822245328,0.776449895595
R1799,Online Multi-Contact Receding Horizon Planning via Value Function Approximation,0,ALL,recent,0.5626556437165933,0.5605047224093616,0.5040704480501697,0.25992162972117216,0.22158235454181477,0.11566969048057749,0.5219883759311891
R1800,Time-to-Collision-Aware Lane-Change Strategy Based on Potential Field and Cubic Polynomial for Autonomous Vehicles,0,ALL,recent,0.6493050302250776,0.5493726645553288,0.4487900896956869,0.42929252247104294,0.20045462632893346,0.014971950331721575,0.634987331416079
R1801,Ground-VIO: Monocular Visual-Inertial Odometry with Online Calibration of Camera-Ground Geometric Parameters,0,ALL,recent,0.6869086154838853,0.6965124215997708,0.8008524109375426,0.5027950948782522,0.479713756752711,0.656282556773197,1.2122077465015821
R1802,Motion Perceiver: Real-Time Occupancy Forecasting for Embedded Systems,0,ALL,recent,0.7718310411096979,0.6268282920775747,0.5239350576888346,0.6687903502667025,0.3474590228480689,0.1518547182028252,1.0693985244857602
R1803,Localization with Anticipation for Autonomous Urban Driving in Rain,0,ALL,recent,0.429680965003091,0.5696975240667607,0.4405709163062279,1.1204686228566174e-07,0.23902953434263605,4.69134613121473e-08,0.2390296628092098
R1804,Actor-Critic Model Predictive Control,0,ALL,recent,0.6657194230016804,0.5323832952664477,0.5194744899911716,0.4613772315560638,0.16821020381960186,0.14372942559789353,0.6798927343349284
R1805,Towards Deep Learning Guided Autonomous Eye Surgery Using Microscope and iOCT Images,0,ALL,recent,0.619843989325874,0.6801554504309573,0.508450202655903,0.371705931272847,0.44866957374790967,0.12364777536157265,0.8636522263973071
R1806,PTDRL: Parameter Tuning using Deep Reinforcement Learning,0,ALL,recent,0.6242788734786576,0.8236086684613392,0.5946502583379484,0.3803746630257909,0.7209319569973067,0.28066829885793726,1.1995405246233757
R1807,HDVIO: Improving Localization and Disturbance Estimation with Hybrid Dynamics VIO,0,ALL,recent,0.47084206529531936,0.8828967351681594,0.5395682437154262,0.08045644975421658,0.8334558206057857,0.18033185820451963,0.9770284207315842
R1808,ScenarioNet: Open-Source Platform for Large-Scale Traffic Scenario Simulation and Modeling,0,ALL,recent,0.7575952020589384,0.44375465085263416,0.5951561020708657,0.6409639931945202,3.42210518316246e-07,0.2815897350115635,0.7395207426590859
R1809,Autonomous Navigation with Convergence Guarantees in Complex Dynamic Environments,0,ALL,recent,0.4296809076804205,0.6210089099839058,0.5045436274275458,0.0,0.33641431531473487,0.11653162581177193,0.37720038434885506
R1810,Inverse Constraint Learning and Generalization by Transferable Reward Decomposition,0,ALL,recent,0.647525807721477,0.7061651682916761,0.7972779530912618,0.42581473092538696,0.49803387431664237,0.6497713864752457,1.1512685905083653
R1811,Off the Radar: Uncertainty-Aware Radar Place Recognition with Introspective Querying and Map Maintenance,0,ALL,recent,0.5432291395857508,0.9339676419748894,0.48399913396640043,0.2219492391454158,0.9303841920485462,0.07910813353311663,1.1800212779305528
R1812,Mapping and Optimizing Communication in ROS 2-based Applications on Configurable System-on-Chip Platforms,0,ALL,recent,0.7244472751910003,0.460839786864105,0.5536481244724525,0.5761707593049719,0.03242652206545873,0.20597952431960254,0.6806901148822915
R1813,Map Point Selection for Visual SLAM,0,ALL,recent,0.4541114783038118,0.7701351674431391,0.5176940784927715,0.04775368555514698,0.6194436597823861,0.14048625895135544,0.7163675359705076
R1814,Push-MOG: Efficient Pushing to Consolidate Polygonal Objects for Multi-Object Grasping,0,ALL,recent,0.830974469214167,0.44375447054421435,0.4798379799244169,0.7843961914847576,0.0,0.07152824764033569,0.809431078158875
R1815,Optimal and Stable Multi-Layer Object Rearrangement on a Tabletop,0,ALL,recent,0.5487298288249627,0.810726093539687,0.6421803467360743,0.23270126734464258,0.6964818916818316,0.3672482819339427,1.057720057703354
R1816,Efficient Heuristics for Multi-Robot Path Planning in Crowded Environments,0,ALL,recent,0.8095198378772798,0.5621276874692025,0.9249064172342718,0.7424594829912459,0.22466260844751113,0.8822571789055007,1.2759121040556822
R1817,Path Planning with Potential Field-Based Obstacle Avoidance in a 3D Environment by an Unmanned Aerial Vehicle,0,ALL,recent,0.5343452335655222,0.44375447054421435,0.5365531588849275,0.20458414108318387,0.0,0.1748396320716603,0.265778012308265
R1818,Introspective Perception for Mobile Robots,0,ALL,recent,0.541956416134953,0.6090619666818934,0.5090063324300095,0.21946148573167173,0.31374000169102495,0.1246608116939877,0.5768327715155924
R1819,TacMMs: Tactile Mobile Manipulators for Warehouse Automation,0,ALL,recent,0.7072510299673501,0.6452384669366198,0.6760185841344775,0.5425577872709443,0.3824000172153069,0.4288874271578157,1.0750684039914866
R1820,Spatial Reasoning via Deep Vision Models for Robotic Sequential Manipulation,0,ALL,recent,0.47247724765829,0.8002967211213099,0.49244341923181123,0.08365269046387316,0.6766878025048185,0.09449009683274846,0.7934120268601537
R1821,HYDRA: Hybrid Robot Actions for Imitation Learning,0,ALL,recent,0.7006676147868158,0.4437550240719983,0.44680803353902226,0.5296893879504141,1.0505501076933938e-06,0.011361471279751562,0.5336669534484348
R1822,Evaluation of the Benefits of Zero Velocity Update in Decentralized EKF-Based Cooperative Localization Algorithms for GNSS-Denied Multi-Robot Systems,0,ALL,recent,0.4726447981856029,0.5012873644281659,0.46006699247417127,0.0839801963301601,0.10919269026618716,0.035513760469601155,0.20560270276070766
R1823,GIRA: Gaussian Mixture Models for Inference and Robot Autonomy,0,ALL,recent,0.6017986711064819,0.44375447054421435,0.5461647754859157,0.33643330234921703,0.0,0.1923479858469801,0.40375509739566007
R1824,Constrained Prioritized 3T2R Task Control for Robotic Agricultural Spraying,0,ALL,recent,0.7040335797107344,0.6566154256359856,0.5018341785416689,0.5362687361385634,0.40399254704592585,0.11159614080447344,0.9793199324660549
R1825,RH-Map: Online Map Construction Framework of Dynamic Objects Removal Based on Region-wise Hash Map Structure,0,ALL,recent,0.7816367913508311,0.6229699190916137,0.854711307888356,0.6879573488958315,0.34013614895896344,0.7543909875304522,1.2921303434904532
R1826,Dynamic Mobile Manipulation via Whole-Body Bilateral Teleoperation of a Wheeled Humanoid,0,ALL,recent,0.5495369402442253,0.9046872672177347,0.6031176937642005,0.2342789032303362,0.8748124542843224,0.2960924320882678,1.2127237087455522
R1827,S-Nav: Semantic-Geometric Planning for Mobile Robots,0,ALL,recent,0.6617343986930471,0.6234676363157657,0.6838766193563789,0.45358782701461237,0.3410807752245325,0.44320148756570055,0.9497891228871401
R1828,Euclidean Equivariant Models for Generative Graphical Inverse Kinematics,0,ALL,recent,0.4940666313067711,0.867154854832802,0.670188289226466,0.1258527951594172,0.8035790293021322,0.41826706326883,1.0758252966056399
R1829,Incremental Nonlinear Dynamic Inversion based Optical Flow Control for Flying Robots: An Efficient Data-driven Approach,0,ALL,recent,0.6660734983200699,0.44375452245078245,0.5635644798840513,0.4620693316988669,9.851438769407127e-08,0.22404298501675826,0.54048447496912
R1830,Volumetric Occupancy Detection: A Comparative Analysis of Mapping Algorithms,0,ALL,recent,0.5890636106254054,0.7762768464948716,0.5012646297766867,0.31154047102268095,0.6311000603758077,0.11055866067146658,0.981336062633502
R1831,Spatio-Temporal Avoidance of Predicted Occupancy in Human-Robot Collaboration,0,ALL,recent,0.7179231774421975,0.6226335239500963,0.6988660948784476,0.5634183059452016,0.33949769870876656,0.4705060556983801,1.0675931241484011
R1832,Robotic Ultrasound Imaging: State-of-the-Art and Future Perspectives,0,ALL,recent,0.806495630962089,0.5632008373740137,0.6217420121901521,0.7365481586792607,0.2266993585091646,0.33001816689049057,1.078753875600097
R1833,SDF-Pack: Towards Compact Bin Packing with Signed-Distance-Field Minimization,0,ALL,recent,0.7650557232011408,0.44375447054421435,0.5006718428289604,0.6555468445815914,0.0,0.10947885026859243,0.6938644421755987
R1834,Learn from Incomplete Tactile Data: Tactile Representation Learning with Masked Autoencoders,0,ALL,recent,0.5607580893621994,0.532948781662718,0.5106252800820649,0.2562125385435488,0.16928345038776915,0.1276098586038483,0.47015943944266486
R1835,SGGNet$^2$: Speech-Scene Graph Grounding Network for Speech-guided Navigation,0,ALL,recent,0.6604485352625246,0.487225735071581,0.6933180979769439,0.45107438928634086,0.08250487682039426,0.46039992095243953,0.694719238440089
R1836,Taming the Panda with Python: A Powerful Duo for Seamless Robotics Programming and Integration,0,ALL,recent,0.8077636051972421,0.44375447054421435,0.5320337150522146,0.7390266289471453,0.0,0.16660709172223684,0.7973391110499282
R1837,NDT-Map-Code: A 3D global descriptor for real-time loop closure detection in lidar SLAM,0,ALL,recent,0.6160155931590797,0.5794575301667167,0.4977672062289511,0.36422268294648236,0.2575532214218615,0.10418781471308806,0.6582416395179247
R1838,Adaptive Compliant Robot Control with Failure Recovery for Object Press-Fitting,0,ALL,recent,0.7311173293091259,0.7864992842968505,0.5753247082958274,0.5892085090940747,0.6505014047081185,0.24546521272929236,1.3256227382574455
R1839,Occupancy Grid Mapping without Ray-Casting for High-resolution LiDAR Sensors,0,ALL,recent,0.5970450776893763,0.8545789916765965,0.5193091852269394,0.3271415993924252,0.7797110776358152,0.14342830931193737,1.1570525852874183
R1840,3D-SeqMOS: A Novel Sequential 3D Moving Object Segmentation in Autonomous Driving,0,ALL,recent,0.7808057128854413,0.5179072338477838,0.6714033970112536,0.6863328653616697,0.14073583248081914,0.4204804824941682,0.9742368667154477
R1841,LOG-LIO: A LiDAR-Inertial Odometry with Efficient Local Geometric Information Estimation,0,ALL,recent,0.7285951819031157,0.44375447054421435,0.6515695558791248,0.5842785450745269,0.0,0.3843515021487497,0.7188015708265894
R1842,Optimizing the extended Fourier Mellin Transformation Algorithm,0,ALL,recent,0.6954365100153942,0.7127088169085758,0.8676852768125517,0.5194643082250424,0.5104531800111749,0.7780241438687386,1.302225938590276
R1843,Modeling and analysis of pHRI with Differential Game Theory,0,ALL,recent,0.7158276358605808,0.6070583735841993,0.8183346419026449,0.5593222152194106,0.3099373471439189,0.6881278849032635,1.1101043220794717
R1844,Symbolic State Space Optimization for Long Horizon Mobile Manipulation Planning,0,ALL,recent,0.6333583376141414,0.6710459057560019,0.49741840333284126,0.3981220125256832,0.431380408837054,0.1035524414188267,0.8657457758593264
R1845,GraspGPT: Leveraging Semantic Knowledge from a Large Language Model for Task-Oriented Grasping,0,ALL,recent,0.6016976737272602,0.7903350594476808,0.6138593178809255,0.336235885876078,0.6577813897688419,0.31565918791764536,1.1044979914160957
R1846,Towards Sim2Real Transfer of Autonomy Algorithms using AutoDRIVE Ecosystem,0,ALL,recent,0.5888652393735756,0.6268137074333477,0.49147487759248215,0.3111527208334165,0.3474313423955102,0.09272581821329559,0.6910380996035802
R1847,Reinforced Potential Field for Multi-Robot Motion Planning in Cluttered Environments,0,ALL,recent,0.5131822792886556,0.6421130991527877,0.4670726671896953,0.16321756477457222,0.37646832677963615,0.0482751757908903,0.55658220308102
R1848,Touch if it's transparent! ACTOR: Active Tactile-based Category-Level Transparent Object Reconstruction,0,ALL,recent,0.6031546523432821,0.5643812746334409,0.5883447586471011,0.33908379719843845,0.22893973112638927,0.2691823101943681,0.6622373368928566
R1849,Poly-MOT: A Polyhedral Framework For 3D Multi-Object Tracking,0,ALL,recent,0.54882155256818,0.8136172179907554,0.49125901423042906,0.2328805569264973,0.7019690075801432,0.09233260526412668,0.967165976349085
R1850,Uncertainty-aware Gaussian Mixture Model for UWB Time Difference of Arrival Localization in Cluttered Environments,0,ALL,recent,0.858569800749692,0.44375447054421435,0.6257583121374046,0.8383359379299664,0.0,0.33733418908149904,0.956402904108491
R1851,AOSoar: Autonomous Orographic Soaring of a Micro Air Vehicle,0,ALL,recent,0.6329778484712825,0.606588546326245,0.6112487563183077,0.3973782820919849,0.309045653735277,0.3109038343399896,0.8152402778462583
R1852,A Small Form Factor Aerial Research Vehicle for Pick-and-Place Tasks with Onboard Real-Time Object Detection and Visual Odometry,0,ALL,recent,0.4888401492919199,0.75346392890381,0.4975286101036006,0.11563675139423929,0.5878030232127998,0.10375319215733325,0.7397533918621058
R1853,Mani-GPT: A Generative Model for Interactive Robotic Manipulation,0,ALL,recent,0.7109272588943243,0.5460644473027747,0.503335010412845,0.5497435989702983,0.1941759026735575,0.11433003006043117,0.7839350121650067
R1854,Towards a Safe Real-Time Motion Planning Framework for Autonomous Driving Systems: An MPPI Approach,0,ALL,recent,0.7314070240050161,0.5041527157188133,0.5506234181294304,0.5897747664127349,0.11463089083045169,0.20046977180672765,0.7745700773755412
R1855,NeuroSwarm: Multi-Agent Neural 3D Scene Reconstruction and Segmentation with UAV for Optimal Navigation of Quadruped Robot,0,ALL,recent,0.6749417966106233,0.44375462493289836,0.4938474101770213,0.4794039218115863,2.930169962776733e-07,0.09704758234081125,0.5133708686478665
R1856,Sim-to-Real Vision-depth Fusion CNNs for Robust Pose Estimation Aboard Autonomous Nano-quadcopter,0,ALL,recent,0.5905572488688287,0.6763136896434245,0.49372389640751313,0.3144600397920361,0.44137822844210955,0.09682259180462512,0.7897261753657644
R1857,VoxelMap++: Mergeable Voxel Mapping Method for Online LiDAR(-inertial) Odometry,0,ALL,recent,0.6893785766244014,0.44375447054421435,0.5792689399403664,0.507623052008517,0.0,0.2526499565524387,0.5960505368018705
R1858,Choosing the Correct Generalized Inverse for the Numerical Solution of the Inverse Kinematics of Incommensurate Robotic Manipulators,0,ALL,recent,0.6905507155515074,0.6953719423354809,0.9919713448313783,0.5099141959451378,0.4775492211165965,1.0,1.337463417061734
R1859,Learning-based Near-optimal Motion Planning for Intelligent Vehicles with Uncertain Dynamics,0,ALL,recent,0.5175357967844878,0.616491892169839,0.468897342129916,0.17172725162387367,0.3278413878327084,0.05159897195386459,0.5176282796404347
R1860,System Identification and Control of Front-Steered Ackermann Vehicles through Differentiable Physics,0,ALL,recent,0.49014029965503786,0.7506425565796624,0.4597771232738292,0.11817811535056458,0.5824482911018504,0.03498573977143512,0.7128714153724172
R1861,Occupancy Grid Map to Pose Graph-based Map: Robust BIM-based 2D-LiDAR Localization for Lifelong Indoor Navigation in Changing and Dynamic Environments,0,ALL,recent,0.692067679814457,0.603076919716249,0.9795756762962902,0.5128793593679657,0.30238087588611756,0.9818417512025288,1.1589048481749682
R1862,How-to Augmented Lagrangian on Factor Graphs,0,ALL,recent,0.5430109606487246,0.7290258499097672,0.5325565739953484,0.2215227714826617,0.5414215636658555,0.167559522487113,0.8215901680190068
R1863,IOSG: Image-driven Object Searching and Grasping,0,ALL,recent,0.4871338703313921,0.8914726551935893,0.5433269963610524,0.11230154035040099,0.8497322099174934,0.1871787367063917,1.0275463081151315
R1864,Wide-Area Geolocalization with a Limited Field of View Camera in Challenging Urban Environments,0,ALL,recent,0.7249484158338455,0.5122794540153243,0.8803202854041745,0.5771503235176236,0.13005477024585543,0.8010398559554642,0.9875690433478915
R1865,PKE-RRT: Efficient Multi-Goal Path Finding Algorithm Driven by Multi-Task Learning Model,0,ALL,recent,0.6327033100010896,0.5748461916830285,0.8184724072952455,0.3968416501818882,0.24880128108356447,0.6883788359484184,0.8865755238473991
R1866,Neural-Network-Driven Method for Optimal Path Planning via High-Accuracy Region Prediction,0,ALL,recent,0.6440403659850042,0.6237869063849549,0.5979751644853232,0.41900184508370525,0.34168672349903717,0.2867248901177248,0.8610422801239461
R1867,Integrating Expert Guidance for Efficient Learning of Safe Overtaking in Autonomous Driving Using Deep Reinforcement Learning,0,ALL,recent,0.6763654691878631,0.7634930756994881,0.6089565576834081,0.48218673084355806,0.6068375171477568,0.30672840513914096,1.1963791897900142
R1868,DoCRL: Double Critic Deep Reinforcement Learning for Mapless Navigation of a Hybrid Aerial Underwater Vehicle with Medium Transition,0,ALL,recent,0.7142264509481373,0.5844053111030526,0.786701901671253,0.5561924282814311,0.2669437018029808,0.630506234992981,1.0438133123319553
R1869,Enhancing State Estimation in Robots: A Data-Driven Approach with Differentiable Ensemble Kalman Filters,0,ALL,recent,0.527464148936917,0.641151603173497,0.4691570844841959,0.1911338964409997,0.3746434866652027,0.052072114112770435,0.5840026230456721
R1870,Reducing Object Detection Uncertainty from RGB and Thermal Data for UAV Outdoor Surveillance,0,ALL,recent,0.6306517778905145,0.7169463765806042,0.4883672983234358,0.3928315834165672,0.5184957189748086,0.08706510581849204,0.941800089427848
R1871,Adaptive Graduated Non-Convexity for Pose Graph Optimization,0,ALL,recent,0.6354967778683706,0.4952578006206092,0.546661927659862,0.402301955968394,0.0977490751647677,0.19325358960782157,0.5676897874958993
R1872,9DTact: A Compact Vision-Based Tactile Sensor for Accurate 3D Shape Reconstruction and Generalizable 6D Force Estimation,0,ALL,recent,0.835004451765309,0.6243670650656143,0.8228728837521706,0.7922734745211066,0.3427878168535669,0.6963946673934522,1.3787994249623818
R1873,Stochastic Motion Planning as Gaussian Variational Inference: Theory and Algorithms,0,ALL,recent,0.6233065915856467,0.5346800353250625,0.5634555856160869,0.37847417349136514,0.17256922713499648,0.22384462511053496,0.6293890194150489
R1874,Learning the References of Online Model Predictive Control for Urban Self-Driving,0,ALL,recent,0.6059924297337262,0.44375453900301265,0.48635620622567766,0.3446307134480746,1.2992915624065782e-07,0.08340173540079569,0.3738214507675094
R1875,A Novel Perception and Semantic Mapping Method for Robot Autonomy in Orchards,0,ALL,recent,0.6634602607687382,0.44375447054421435,0.4799801816450936,0.4569613165717985,0.0,0.0717872798236222,0.48208686451006627
R1876,D-VAT: End-to-End Visual Active Tracking for Micro Aerial Vehicles,0,ALL,recent,0.6040585586650041,0.6165882997434672,0.4774017116802605,0.3408506351051017,0.32802436146076414,0.06709038374282217,0.6923566308758535
R1877,Parallel Distributional Prioritized Deep Reinforcement Learning for Unmanned Aerial Vehicles,0,ALL,recent,0.6291070456833642,0.5452305142771668,0.5993259739880136,0.3898121428466226,0.19259316653044575,0.2891855012342497,0.6836202348090558
R1878,Deep Imitation Learning for Humanoid Loco-manipulation through Human Teleoperation,0,ALL,recent,0.6341534056694358,0.6748505981147976,0.5662126278836237,0.39967610761796557,0.43860140132059044,0.2288668053948153,0.9183808908267413
R1879,AutonomROS: A ReconROS-based Autonomous Driving Unit,0,ALL,recent,0.7871221103039949,0.4943586641740524,0.6989204115619672,0.6986793332693063,0.09604258830328716,0.47060499802519573,0.959433670881412
R1880,A Robust Localization Solution for an Uncrewed Ground Vehicle in Unstructured Outdoor GNSS-Denied Environments,0,ALL,recent,0.6150528401954893,0.7103429314890968,0.8437648204212157,0.36234081931753537,0.5059629245003787,0.7344510561819533,1.1253616134815978
R1881,osmAG: Hierarchical Semantic Topometric Area Graph Maps in the OSM Format for Mobile Robotics,0,ALL,recent,0.6600293890589393,0.44375447054421435,0.49371746309901515,0.4502550970841161,0.0,0.09681087300165947,0.4841389026346969
R1882,DeRi-IGP: Manipulating Rigid Objects Using Deformable Objects via Iterative Grasp-Pull,0,ALL,recent,0.7055639024600043,0.5564023120646752,0.6815879993314363,0.5392600109840454,0.21379631786137765,0.4390325770985627,0.90671773082992
R1883,LONER: LiDAR Only Neural Representations for Real-Time SLAM,0,ALL,recent,0.721141132877775,0.7211399101453211,0.5925401934361418,0.5697083445353733,0.5264547000157521,0.27682464130027773,1.1930516690062227
R1884,SIM-Sync: From Certifiably Optimal Synchronization over the 3D Similarity Group to Scene Reconstruction with Learned Depth,0,ALL,recent,0.6395862073386916,0.5488637735367727,0.4504608902261634,0.4102954380706371,0.19948879312261977,0.018015451543845182,0.6160896392336027
R1885,Collaborative Dynamic 3D Scene Graphs for Automated Driving,0,ALL,recent,0.5935009383127169,0.4437545331631438,0.4552316816959105,0.32021397907746774,1.1884556650162315e-07,0.02670584238111826,0.3295611427564256
R1886,3D Active Metric-Semantic SLAM,0,ALL,recent,0.6118826852930674,0.7914948729267572,0.7788838060928681,0.3561442149604347,0.6599826201509393,0.6162649279456781,1.2318195598923616
R1887,CLiFF-LHMP: Using Spatial Dynamics Patterns for Long-Term Human Motion Prediction,0,ALL,recent,0.5666187303340265,0.6779842621991525,0.7874744765531999,0.2676681533318617,0.4445488374508054,0.6319135439725819,0.9333867311730708
R1888,Neural Field Representations of Articulated Objects for Robotic Manipulation Planning,0,ALL,recent,0.6350005346946808,0.44375447054421435,0.5002934368111562,0.40133196468818294,0.0,0.1087895524422784,0.43940830804298037
R1889,A Unified Perspective on Multiple Shooting In Differential Dynamic Programming,0,ALL,recent,0.638676136981499,0.45426314277957924,0.6582510149951865,0.40851655151328325,0.019944593693124815,0.39652233196808684,0.5672439613952385
R1890,Bipedal Walking on Constrained Footholds with MPC Footstep Control,0,ALL,recent,0.4296809076804205,0.9799271089524545,0.559958503584248,0.0,1.0,0.21747440125157938,1.0761160404380528
R1891,MAVIS: Multi-Camera Augmented Visual-Inertial SLAM using SE2(3) Based Exact IMU Pre-integration,0,ALL,recent,0.6299764020372659,0.8653986655081517,0.5346943080610863,0.3915114469930367,0.8002459267232471,0.17145358171297143,1.2517661273158238
R1892,AVM-SLAM: Semantic Visual SLAM with Multi-Sensor Fusion in a Bird's Eye View for Automated Valet Parking,0,ALL,recent,0.5006211569455351,0.5435857665294795,0.5303903810573574,0.1386647249805323,0.189471570878722,0.1636136230740999,0.38540106393518925
R1893,MBAPPE: MCTS-Built-Around Prediction for Planning Explicitly,0,ALL,recent,0.6978417568128206,0.44375449615624596,0.7513550867054178,0.5241657702177824,4.8609524839059274e-08,0.5661190910874507,0.722307500707915
R1894,MOSAIC: Learning Unified Multi-Sensory Object Property Representations for Robot Learning via Interactive Perception,0,ALL,recent,0.5633682614525103,0.6212875222178154,0.6376858475800811,0.2613145617081729,0.3369430983692258,0.3590611803741578,0.723929073208354
R1895,UIVNAV: Underwater Information-driven Vision-based Navigation via Imitation Learning,0,ALL,recent,0.7802554492470314,0.5651602027131138,0.7264561084583769,0.6852572819393201,0.23041807241606824,0.5207635449924927,1.0979425951027608
R1896,Triple Regression for Camera Agnostic Sim2Real Robot Grasping and Manipulation Tasks,0,ALL,recent,0.7589051712117089,0.6216488015325276,0.5102217382334482,0.6435245496372114,0.33762877672899194,0.1268747737849219,1.025559497190926
R1897,NeRF-VINS: A Real-time Neural Radiance Field Map-based Visual-Inertial Navigation System,0,ALL,recent,0.5090253227266157,0.5696567365619577,0.5157964013114069,0.1550920895415054,0.2389521230205554,0.13702948317450364,0.4420045316731371
R1898,SMART-LLM: Smart Multi-Agent Robot Task Planning using Large Language Models,0,ALL,recent,0.6584960599837378,0.44375447054421435,0.5014182278694892,0.44725794586573125,0.0,0.11083845228817792,0.48605140416659354
R1899,VPRTempo: A Fast Temporally Encoded Spiking Neural Network for Visual Place Recognition,0,ALL,recent,0.7145425794022568,0.5674567535496108,0.6852073301904505,0.5568103548548943,0.2347767366034804,0.44562548729673246,0.947556012012231
R1900,Vision-based Situational Graphs Generating Optimizable 3D Scene Representations,0,ALL,recent,0.5972426432301244,0.577138033028653,0.5597199094061244,0.3275277746830009,0.25315100704549487,0.2170397822428591,0.6566427055134965
R1901,Fast-dRRT*: Efficient Multi-Robot Motion Planning for Automated Industrial Manufacturing,0,ALL,recent,0.7733492711865961,0.45082594591744446,0.6998992528068255,0.6717579879371525,0.013421077370305422,0.47238803822710024,0.850514878686943
R1902,OASIS: Optimal Arrangements for Sensing in SLAM,0,ALL,recent,0.5963508703625066,0.44375447054421435,0.4893696031130721,0.32578465366616877,0.0,0.08889088680582832,0.3568964640482087
R1903,Change of Scenery: Unsupervised LiDAR Change Detection for Mobile Robots,0,ALL,recent,0.5428036630586264,0.6960450674063874,0.5632520853795624,0.22111757325432352,0.4788267570167747,0.2234739326159898,0.7781602066866946
R1904,Simulation-to-reality UAV Fault Diagnosis in windy environments,0,ALL,recent,0.49228151294568984,0.882923807111849,0.767146941744241,0.12236347916234533,0.8335072009234206,0.5948852598045692,1.164080521017365
R1905,NanoSLAM: Enabling Fully Onboard SLAM for Tiny Robots,0,ALL,recent,0.519650301452686,0.4866229206037937,0.5584420356532753,0.17586040891219942,0.08136078464936863,0.21471202962081046,0.3323704039288517
R1906,SoRTS: Learned Tree Search for Long Horizon Social Robot Navigation,0,ALL,recent,0.6285152284267486,0.44375450084414386,0.5574539752641794,0.3886553358438638,5.750676864494322e-08,0.21291219598596767,0.4631746619457211
R1907,Swashplateless-elevon Actuation for a Dual-rotor Tail-sitter VTOL UAV,0,ALL,recent,0.6764663643883326,0.8373828678591722,0.8866578398660722,0.48238394759103065,0.7470742520736859,0.8125842350329499,1.5138626819262488
R1908,Task-Oriented Dexterous Hand Pose Synthesis Using Differentiable Grasp Wrench Boundary Estimator,0,ALL,recent,0.5081439633252186,0.7497572403389984,0.4970256751662662,0.15336932340705042,0.5807680338519814,0.10283705461519352,0.7701303263743495
R1909,FC-Planner: A Skeleton-guided Planning Framework for Fast Aerial Coverage of Complex 3D Scenes,0,ALL,recent,0.756436433543037,0.4437545617727626,0.5425242739535516,0.6386989839897588,1.73144264825454e-07,0.18571651151812782,0.7036999361653683
R1910,Hierarchical Reinforcement Learning based on Planning Operators,0,ALL,recent,0.522130141875439,0.5026834150684962,0.5410837201980364,0.18070767677182561,0.11184227930777062,0.1830924238301802,0.3566323044201593
R1911,Unwieldy Object Delivery with Nonholonomic Mobile Base: A Stable Pushing Approach,0,ALL,recent,0.947054836154911,0.6123276299162865,0.6623359229980258,1.0,0.319937961327577,0.4039633294009217,1.4613251266178997
R1912,HeLiPR: Heterogeneous LiDAR Dataset for inter-LiDAR Place Recognition under Spatiotemporal Variations,0,ALL,recent,0.7743009187047907,0.6449797414461632,0.8600657669378847,0.6736181440932959,0.38190897756066383,0.7641445770884223,1.3229777236349074
R1913,Neural Informed RRT*: Learning-based Path Planning with Point Cloud State Representations under Admissible Ellipsoidal Constraints,0,ALL,recent,0.8241641087219854,0.548430394648373,0.5220632587196096,0.7710841891384248,0.19866627571502346,0.1484450817275103,1.0217062434580768
R1914,Field Testing of a Stochastic Planner for ASV Navigation Using Satellite Images,0,ALL,recent,0.8239492368382069,0.44375467820955894,0.5156304794644972,0.7706641856710159,3.94131706572123e-07,0.1367272428214656,0.8185191147902354
R1915,A Wearable Robotic Hand for Hand-over-Hand Imitation Learning,0,ALL,recent,0.7386260587742187,0.4584078938410585,0.7737018486261542,0.6038855918082785,0.02781098956397114,0.606825564273332,0.8440855288679158
R1916,Multi-Robot Cooperative Socially-Aware Navigation Using Multi-Agent Reinforcement Learning,0,ALL,recent,0.560550783479583,0.6920070428208503,0.4994778348472594,0.25580732410608015,0.471162919200009,0.10730386607789684,0.7645265964333531
R1917,In-Hand Re-grasp Manipulation with Passive Dynamic Actions via Imitation Learning,0,ALL,recent,0.5845698954852252,0.7319687893178811,0.7323593298187798,0.30275674414676823,0.5470070200816327,0.5315167504398814,1.0357946268823595
R1918,Development of a Whole-body Work Imitation Learning System by a Biped and Bi-armed Humanoid,0,ALL,recent,0.8133226876283967,0.44375447054421435,0.5533898506846732,0.7498927965240223,0.0,0.20550905727591426,0.8218209665705922
R1919,LGMCTS: Language-Guided Monte-Carlo Tree Search for Executable Semantic Object Rearrangement,0,ALL,recent,0.6984538937438227,0.5180799099929322,0.5899963174098836,0.5253622954635653,0.14106355757094893,0.27219076093683237,0.7616926193624055
R1920,Differentiable Robot Neural Distance Function for Adaptive Grasp Synthesis on a Unified Robotic Arm-Hand System,0,ALL,recent,0.42968099995104264,0.44375447054421435,0.44057090586528774,1.8035854928295926e-07,0.0,2.7894426138658706e-08,1.901215984314898e-07
R1921,Semantic Scene Difference Detection in Daily Life Patroling by Mobile Robots using Pre-Trained Large-Scale Vision-Language Model,0,ALL,recent,0.4296809076804205,0.6299932572489244,0.440570890551996,0.0,0.35346586586131173,0.0,0.35346586586131173
R1922,Perceiving Extrinsic Contacts from Touch Improves Learning Insertion Policies,0,ALL,recent,0.6599712200797674,0.5366163037561795,0.6700870832996435,0.4501413959682781,0.17624410501438187,0.41808270831122746,0.7727144488915896
R1923,Toward Optimal Tabletop Rearrangement with Multiple Manipulation Primitives,0,ALL,recent,0.6156418041111839,0.6222820596743579,0.8488005663962114,0.3634920489824895,0.3388306484839379,0.7436240835417631,0.9625911267060445
R1924,ConSOR: A Context-Aware Semantic Object Rearrangement Framework for Partially Arranged Scenes,0,ALL,recent,0.6196781174831288,0.8364586436750541,0.5863550830981803,0.3713817066796923,0.745320150754248,0.2655579517898696,1.2096471405603946
R1925,A Preview of Open-Loop and Feedback Nash Trajectories in Racing Scenarios,0,ALL,recent,0.9443887968889059,0.4597356034507831,0.6696465890608706,1.0,0.03033087296268438,0.4172803116605295,1.1763789820438697
R1926,"Service Pet Robot Design: Queer, Feminine and Sexuality Aspects",0,ALL,recent,0.44841986095687364,0.8081044641104199,0.4632005420051441,0.03662845605167922,0.6915062551209435,0.04122177984223397,0.7425623341174046
R1927,Whole-body MPC for highly redundant legged manipulators: experimental evaluation with a 37 DoF dual-arm quadruped,0,ALL,recent,0.6799344629123873,0.5695618272459224,0.6189307047363565,0.48916293318842025,0.23877199296191243,0.32489713808590975,0.8416489244804011
R1928,Sim-to-Real Learning for Humanoid Box Loco-Manipulation,0,ALL,recent,0.5936760399681211,0.8660990240108535,0.5286044342422158,0.3205562449017606,0.8015751494321737,0.16036037339077513,1.1782575250207057
R1929,A Two-stage Based Social Preference Recognition in Multi-Agent Autonomous Driving System,0,ALL,recent,0.449329620118513,0.6786616870138648,0.582387673053188,0.03840673432464943,0.4458345339103075,0.2583309865952381,0.5746571135432902
R1930,CineTransfer: Controlling a Robot to Imitate Cinematographic Style from a Single Example,0,ALL,recent,0.6750680372814621,0.44375447054421435,0.45099142280734583,0.4796506805710292,0.0,0.018981860474442787,0.4862943317370842
R1931,Graph-based 3D Collision-distance Estimation Network with Probabilistic Graph Rewiring,0,ALL,recent,0.5816258786779451,0.6769065302757111,0.5571919648446624,0.29700216497417564,0.44250339109547887,0.212434922358839,0.8138577788952481
R1932,FeatSense -- A Feature-based Registration Algorithm with GPU-accelerated TSDF-Mapping Backend for NVIDIA Jetson Boards,0,ALL,recent,0.6829209271197566,0.6188063666918923,0.5053074504590549,0.4950004829894005,0.33223406969789154,0.11792299257269995,0.8685076000877371
R1933,An Open-Loop Baseline for Reinforcement Learning Locomotion Tasks,0,ALL,recent,0.6243629807201778,0.44375447054421435,0.48541742604792587,0.3805390648658618,0.0,0.08169166974257479,0.409131149275763
R1934,Review of control algorithms for mobile robotics,0,ALL,recent,0.4296809076804205,0.5600607638932408,0.440570890551996,0.0,0.22073975787286232,0.0,0.22073975787286232
R1935,Efficient Graduated Non-Convexity for Pose Graph Optimization,0,ALL,recent,0.5909664887430488,0.4858993044826743,0.5567689729291043,0.31525996839670917,0.07998742089776621,0.21166440763596406,0.4693299319670628
R1936,D2M2N: Decentralized Differentiable Memory-Enabled Mapping and Navigation for Multiple Robots,0,ALL,recent,0.8887824231807612,0.44375447054421435,0.8768586252425548,0.8973916224496012,0.0,0.7947341559597593,1.175548577035517
R1937,AG-CVG: Coverage Planning with a Mobile Recharging UGV and an Energy-Constrained UAV,0,ALL,recent,0.7407864362386606,0.4631344272706736,0.5260011503233718,0.60810841524158,0.03678156041434,0.15561827664255115,0.6993563724808128
R1938,ALPHA: Attention-based Long-horizon Pathfinding in Highly-structured Areas,0,ALL,recent,0.6016224767162767,0.5547790773911775,0.5241747412157841,0.3360889005897925,0.21071555225118455,0.15229132155043648,0.6001064153836297
R1939,Energy-Aware Ergodic Search: Continuous Exploration for Multi-Agent Systems with Battery Constraints,0,ALL,recent,0.7481663325585266,0.44375447054421435,0.4694656725178812,0.622533671766331,0.0,0.05263423271246954,0.6409556532156954
R1940,Moving Object Localization based on the Fusion of Ultra-WideBand and LiDAR with a Mobile Robot,0,ALL,recent,0.9313724588263527,0.533797534479245,0.7454246837640304,0.9806410561756707,0.17089431327247878,0.555316372144486,1.3458960996987195
R1941,"BEVGPT: Generative Pre-trained Large Model for Autonomous Driving Prediction, Decision-Making, and Planning",0,ALL,recent,0.5633368150875042,0.8901139984597582,0.7266017727973829,0.2612530944649594,0.847153591428138,0.5210288846211565,1.2907667955105022
R1942,GMC-Pos: Graph-Based Multi-Robot Coverage Positioning Method,0,ALL,recent,0.696812675550774,0.44991729470394387,0.475740787558096,0.5221542567023586,0.011696532265449483,0.0640648732244533,0.5562734945963668
R1943,Asynchronous Distributed Smoothing and Mapping via On-Manifold Consensus ADMM,0,ALL,recent,0.6908764373158414,0.5977570409858624,0.6578843173585845,0.5105508742672388,0.2922841845631938,0.39585436192550943,0.9413840855043609
R1944,Enhancing Multi-Drone Coordination for Filming Group Behaviours in Dynamic Environments,0,ALL,recent,0.7056148720823225,0.572935378610615,0.7204456932314509,0.5393596397383046,0.24517471537676233,0.5098150770605976,0.9629696320862762
R1945,RMap: Millimeter-Wave Radar Mapping Through Volumetric Upsampling,0,ALL,recent,0.9402405141305268,0.4437545411010925,0.7639464671774979,0.9979751713303826,1.3391113890557493e-07,0.5890553309497613,1.204144671073938
R1946,Modular Multi-Level Replanning TAMP Framework for Dynamic Environment,0,ALL,recent,0.5942389919837284,0.734609333671714,0.6610711860137651,0.3216566299050568,0.5520185556102258,0.4016595064882506,1.0142560127861704
R1947,Adaptive Tuning of Robotic Polishing Skills based on Force Feedback Model,0,ALL,recent,0.6290369389355668,0.5743937512467575,0.752112116675358,0.38967510734134436,0.24794258642931521,0.5674980837254706,0.8362420230745743
R1948,Containerized Vertical Farming Using Cobots,0,ALL,recent,0.43934108774360825,0.8998254279057105,0.6468654335583346,0.018882457076212625,0.8655850840221442,0.375782554674679,1.0159914352344945
R1949,ProcNet: Deep Predictive Coding Model for Robust-to-occlusion Visual Segmentation and Pose Estimation,0,ALL,recent,0.543675382456966,0.669541662244874,0.5032214552697565,0.22282149637107526,0.4285254786448266,0.11412317998507583,0.6912900880106785
R1950,KernelGPA: A Globally Optimal Solution to Deformable SLAM in Closed-form,0,ALL,recent,0.55112568101719,0.44375447054421435,0.5210958329116415,0.23738436599133103,0.0,0.14668283568707444,0.2887233584818071
R1951,Rule-Based Lloyd Algorithm for Multi-Robot Motion Planning and Control with Safety and Convergence Guarantees,0,ALL,recent,0.7727702929410646,0.44375447054421435,0.5999846177790729,0.6706262769547692,0.0,0.2903852753185175,0.7722611233162503
R1952,Hierarchical Optimization-based Control for Whole-body Loco-manipulation of Heavy Objects,0,ALL,recent,0.6237045521793397,0.6497310446892516,0.6104146653495455,0.37925205483304614,0.390926559475277,0.30938446872563635,0.8784631783622958
R1953,RF-Enhanced Road Infrastructure for Intelligent Transportation,0,ALL,recent,0.8299278246993221,0.6613469928514347,0.8797882867500302,0.7823503476188732,0.4129726716068824,0.8000707764518358,1.4753477909838981
R1954,Gaze-based Learning from Demonstration In Surgical Robotics,0,ALL,recent,0.6318433678522724,0.44375447054421435,0.49969562525333566,0.39516074769281917,0.0,0.10770058929697135,0.43285595394675913
R1955,nvblox: GPU-Accelerated Incremental Signed Distance Field Mapping,0,ALL,recent,0.6439760519926532,0.6342407987034256,0.5731791296230981,0.4188761324994651,0.3615273494252998,0.2415568639036575,0.864948384291045
R1956,Quatro++: Robust Global Registration Exploiting Ground Segmentation for Loop Closing in LiDAR SLAM,0,ALL,recent,0.8179828448052001,0.6906444697725234,0.719088831232893,0.7590018625335391,0.4685768678685545,0.5073434408227772,1.4051489346900654
R1957,Spontaneous-Ordering Platoon Control for Multirobot Path Navigation Using Guiding Vector Fields,0,ALL,recent,0.689269512428134,0.5813121956772767,0.5592730428167824,0.5074098675760219,0.2610732236844009,0.2162257778290994,0.8441621135006075
R1958,REAL: Resilience and Adaptation using Large Language Models on Autonomous Aerial Robots,0,ALL,recent,0.4599021880482604,0.5818946808661875,0.46164072648578597,0.05907260792254996,0.26217873255982216,0.038380446997731146,0.33468449693157803
R1959,CraterGrader: Autonomous Robotic Terrain Manipulation for Lunar Site Preparation and Earthmoving,0,ALL,recent,0.5855427665773727,0.9247790081684134,0.6161185448871681,0.30465838537063805,0.9129449224852292,0.319774556572694,1.3295244026563102
R1960,Marker-Based Localisation System Using an Active PTZ Camera and CNN-Based Ellipse Detection,0,ALL,recent,0.4296809076804205,0.8542283652421443,0.4937067220013783,0.0,0.7790456175646862,0.09679130720485662,0.812922575086386
R1961,"Reconfigurable, Transformable Soft Pneumatic Actuator with Tunable 3D Deformations for Dexterous Soft Robotics Applications",0,ALL,recent,0.6826061946180882,0.4518029436469929,0.7208397761364588,0.494385285041291,0.01527533852894863,0.5105329316322181,0.6883471496415159
R1962,iDb-A*: Iterative Search and Optimization for Optimal Kinodynamic Motion Planning,0,ALL,recent,0.8939246342826737,0.4437545631843595,0.6114420114195809,0.9074429444512168,1.758233593768181e-07,0.31125586447419495,1.0163826728405445
R1963,Scalable and Efficient Continual Learning from Demonstration via a Hypernetwork-generated Stable Dynamics Model,0,ALL,recent,0.42968108420558104,0.8565265262207417,0.5292197059660615,3.4504830604102417e-07,0.783407337669084,0.161481141671101,0.8399260823022754
R1964,Proprioceptive Invariant Robot State Estimation,0,ALL,recent,0.9119602003960666,0.44375447054421435,0.5917702740027415,0.9426965112329686,0.0,0.2754221694396044,1.0390942705368302
R1965,"PLV-IEKF: Consistent Visual-Inertial Odometry using Points, Lines, and Vanishing Points",0,ALL,recent,0.5378351224936918,0.8446958883228344,0.6237339448258509,0.21140571971379654,0.7609537621155353,0.33364663676504147,1.0891358046970963
R1966,Differentiable Cloth Parameter Identification and State Estimation in Manipulation,0,ALL,recent,0.7974199283482082,0.44375447054421435,0.6253844275190193,0.7188081617100402,0.0,0.3366531273577962,0.8366367562852689
R1967,Efficient Learning of Fast Inverse Kinematics with Collision Avoidance,0,ALL,recent,0.5626109428032682,0.8781359098112396,0.5932399892953772,0.2598342542197211,0.8244201665040101,0.2780993772768186,1.1815892027706179
R1968,Intersection-free Robot Manipulation with Soft-Rigid Coupled Incremental Potential Contact,0,ALL,recent,0.7721625034699062,0.6618268321173721,0.5370884511613445,0.6694382495551293,0.41388336698140576,0.1758147111803861,1.1448567654496702
R1969,Range-Visual-Inertial Sensor Fusion for Micro Aerial Vehicle Localization and Navigation,0,ALL,recent,0.5943264719705725,0.4437547356778901,0.47849470982526826,0.3218276243467552,5.032018620898953e-07,0.06908137017028707,0.34600660710821773
R1970,NGEL-SLAM: Neural Implicit Representation-based Global Consistent Low-Latency SLAM System,0,ALL,recent,0.6671849365037389,0.4437547024915134,0.5160718744034539,0.4642418257578511,4.40216854598105e-07,0.1375312801719665,0.5123782140348939
R1971,LIO-EKF: High Frequency LiDAR-Inertial Odometry using Extended Kalman Filters,0,ALL,recent,0.6551669364651158,0.48018332584052387,0.5405442616422439,0.44075061044024166,0.06913896459206705,0.1821097554993432,0.5736279894570788
R1972,A Fingertip Sensor and Algorithms for Pre-touch Distance Ranging and Material Detection in Robotic Grasping,0,ALL,recent,0.6123948689552939,0.7766215180202606,0.5660149309821082,0.3571453646236779,0.6317542185203865,0.22850668415447556,1.0688769225981307
R1973,SNI-SLAM: Semantic Neural Implicit SLAM,0,ALL,recent,0.7102377842217169,0.5177358979870716,0.93395625859902,0.5483959040178764,0.14041065114007223,0.8987422126726865,1.0033663295933888
R1974,Towards Accurate Loop Closure Detection in Semantic SLAM with 3D Semantic Covisibility Graphs,0,ALL,recent,0.5213408714842797,0.7405985418599562,0.4853209310746912,0.1791649141954441,0.5633855790726223,0.08151589617616362,0.7710810569297237
R1975,Data-Driven Robot Fault Detection and Diagnosis Using Generative Models: A Modified SFDD Algorithm,0,ALL,recent,0.6644518064026178,0.8268189069492028,0.6251686599328082,0.45889946034845386,0.7270247250335008,0.3362600888722367,1.3036152164872374
R1976,MonoNav: MAV Navigation via Monocular Depth Estimation and Reconstruction,0,ALL,recent,0.8013974320846454,0.4437546049343326,0.6085822199745725,0.7265828660201551,2.550613669314668e-07,0.30604651807374744,0.8336994024073336
R1977,Multi-Agent Combinatorial Path Finding with Heterogeneous Task Duration,0,ALL,recent,0.823268134290854,0.49197143750898,0.6166210068071454,0.7693328554545225,0.09151182886747254,0.3206898324746358,0.9730861256881176
R1978,Stein Variational Belief Propagation for Multi-Robot Coordination,0,ALL,recent,0.6941707344790067,0.5360478891985683,0.7022842146371796,0.5169901356860608,0.17516530103735212,0.4767324432528043,0.8590117918618944
R1979,Learning and Autonomy for Extraterrestrial Terrain Sampling: An Experience Report from OWLAT Deployment,0,ALL,recent,0.6502338088802626,0.5318123985530442,0.6256071528869738,0.43110797756350694,0.16712668891547774,0.33705884001767106,0.7162052604851695
R1980,ReLU-QP: A GPU-Accelerated Quadratic Programming Solver for Model-Predictive Control,0,ALL,recent,0.629326280616554,0.44375447054421435,0.48002325336800933,0.390240674632623,0.0,0.07186573852561033,0.41539368311658664
R1981,"PEOPLEx: PEdestrian Opportunistic Positioning LEveraging IMU, UWB, BLE and WiFi",0,ALL,recent,0.8329780789268109,0.6243569144954824,0.5154097970741015,0.7883125858116762,0.3427685519081483,0.13632525161400996,1.178794975784728
R1982,OpenMORE: an open-source tool for sampling-based path replanning in ROS,0,ALL,recent,0.49118987261379843,0.9155704750086537,0.5110319445785602,0.12022968335576903,0.895467885589645,0.12835063158388682,1.0606202899997743
R1983,A bilevel optimal motion planning (BOMP) model with application to autonomous parking,0,ALL,recent,0.749493861793432,0.4483728318630234,0.9345601692308031,0.6251285523618846,0.008765269100477584,0.8998422857851376,0.9488386214871602
R1984,Formations organization in robotic swarm using the thermal motion equivalent method,0,ALL,recent,0.602387863828215,0.725983062302335,0.5998505531243148,0.33758497925430264,0.535646603598067,0.2901410654731072,0.9747809557679572
R1985,LVDiffusor: Distilling Functional Rearrangement Priors from Large Models into Diffusor,0,ALL,recent,0.4296809454076755,0.8485176325141219,0.5420577582222054,7.374430582357008e-08,0.7682071175715915,0.18486671456874443,0.8329105414149579
R1986,Cooperative vs. Teleoperation Control of the Steady Hand Eye Robot with Adaptive Sclera Force Control: A Comparative Study,0,ALL,recent,0.8020925192568004,0.4791496451938545,0.5561217782591598,0.7279415315529496,0.06717712392899196,0.21048548907176273,0.8687885766570586
R1987,Multi-Modal MPPI and Active Inference for Reactive Task and Motion Planning,0,ALL,recent,0.6593468124322055,0.5954046354997572,0.7765488869545215,0.44892088552996073,0.2878195128548164,0.6120116798181223,0.9509444863211199
R1988,The Importance of Coordinate Frames in Dynamic SLAM,0,ALL,recent,0.45466541263837357,0.827399751293864,0.6773169340541894,0.04883644397445029,0.728127119721788,0.4312524788095989,0.927901931279598
R1989,Deep Reinforcement Learning for 2D Physics-Based Object Manipulation in Clutter,0,ALL,recent,0.5876455521608629,0.47405855482926146,0.6900607393978863,0.30876863572425617,0.05751465406576045,0.45446637316929656,0.5253465203992704
R1990,Soliro -- a hybrid dynamic tilt-wing aerial manipulator with minimal actuators,0,ALL,recent,0.7181492262873854,0.5351299613012173,0.6357508191587014,0.5638601566755679,0.17342314955120725,0.35553636622756235,0.861721034406422
R1991,Orchestrated Robust Controller for the Precision Control of Heavy-duty Hydraulic Manipulators,0,ALL,recent,0.6514384648486531,0.44375447054421435,0.4750983731015969,0.4334626815613567,0.0,0.06289466221399648,0.4554758133362555
R1992,SiDiTeR: Similarity Discovering Techniques for Robotic Process Automation,0,ALL,recent,0.7068929681252033,0.5011791604831223,0.60597542340105,0.5418578947926735,0.108987328097537,0.301298022734802,0.7562995308473912
R1993,Motion Planning and Control of A Morphing Quadrotor in Restricted Scenarios,0,ALL,recent,0.6371535823477894,0.7787725769715625,0.5974021097174685,0.4055404607645437,0.6358367511023143,0.2856810235108107,1.1413655700956418
R1994,Statistically Distinct Plans for Multi-Objective Task Assignment,0,ALL,recent,0.4296809334397465,0.9212274749979517,0.5293093684875699,5.0350962863091395e-08,0.9062044052737267,0.16164446936217802,0.9627800199014518
R1995,Restorebot: Towards an Autonomous Robotics Platform for Degraded Rangeland Restoration,0,ALL,recent,0.6446259641790228,0.6747024802391463,0.6764888882424578,0.4201464958759406,0.4383202858016751,0.4297441249482435,1.0088772254095009
R1996,Stein-MAP: A Sequential Variational Inference Framework for Maximum A Posteriori Estimation,0,ALL,recent,0.6060524906698211,0.568709687331734,0.5012117239652814,0.3447481127139631,0.23715470164503352,0.11046228836477673,0.6205646152866684
R1997,Bayes Net based highbrid Monte Carlo Optimization for Redundant Manipulator,0,ALL,recent,0.5411234038933114,0.6554745810081881,0.5837660766898133,0.21783322230450244,0.40182731797999,0.2608418627066243,0.7109551922318109
R1998,Multi-Goal Optimal Route Planning Using the Cell Mapping Technique,0,ALL,recent,0.739161802151491,0.44375447054421435,0.6129500681663208,0.6049327929224438,0.0,0.31400291443793005,0.7148338129757194
R1999,Enhanced Unscented Kalman Filter-Based SLAM in Dynamic Environments: Euclidean Approach,0,ALL,recent,0.5593804031940919,0.5789597917834036,0.6293435043119934,0.25351961773217446,0.25660855499794877,0.3438649128453614,0.6304808922259997
R2000,EMG-based Control Strategies of a Supernumerary Robotic Hand for the Rehabilitation of Sub-Acute Stroke Patients: Proof of Concept,0,ALL,recent,0.6681939223107692,0.8386963081896238,0.5553701843369951,0.4662140593049628,0.7495670535565283,0.20911639864390635,1.2889718523868583
R2001,VIBES: Vibro-Inertial Bionic Enhancement System in a Prosthetic Socket,0,ALL,recent,0.7810459139360185,0.530607630337828,0.5100878787380367,0.6868023789729604,0.1648401381497193,0.12663093765421227,0.895963345301654
R2002,Stretch with Stretch: Physical Therapy Exercise Games Led by a Mobile Manipulator,0,ALL,recent,0.8081259692220901,0.6237732703976535,0.8369109008411777,0.7397349307697201,0.34166084351912723,0.7219660753783537,1.334083900671271
R2003,A Dense Subframe-based SLAM Framework with Side-scan Sonar,0,ALL,recent,0.4426440051783022,0.8138010432589817,0.5130876441989619,0.025338568274858603,0.7023178927868743,0.13209525828966742,0.7738898014631165
R2004,Learning Multi-Step Manipulation Tasks from A Single Human Demonstration,0,ALL,recent,0.6270730763989668,0.6735959485619908,0.5070541560379463,0.3858364055978601,0.43622017988770745,0.12110476110198275,0.8644432518712615
R2005,Implicit Subgoal Planning with Variational Autoencoders for Long-Horizon Sparse Reward Robotic Tasks,0,ALL,recent,0.6334106557856787,0.44375447054421435,0.4703284301135253,0.3982242772476549,0.0,0.05420581695619903,0.4171963131823246
R2006,Mesh-LOAM: Real-time Mesh-Based LiDAR Odometry and Mapping,0,ALL,recent,0.5587061571764906,0.8410828379803402,0.5168700973410105,0.2522016897636598,0.7540964903822573,0.13898530920396923,1.0549430383673064
R2007,Assisted Path Planning for a UGV-UAV Team Through a Stochastic Network,0,ALL,recent,0.7939951321012875,0.6806350600869786,0.821550498455054,0.7121138177429244,0.4495798333417386,0.6939858333158614,1.4045886927452145
R2008,LiDAR Odometry Survey: Recent Advancements and Remaining Challenges,0,ALL,recent,0.4787207065586232,0.9411462052081776,0.485885372644773,0.09585658769161653,0.9440085133501961,0.0825440731316898,1.0687555266379039
R2009,Developing Flying Explorer for Autonomous Digital Modelling in Wild Unknowns,0,ALL,recent,0.5658532726135258,0.5992507128285172,0.48440368681926416,0.26617193665096467,0.2951190506000616,0.07984505997981081,0.5892367582439602
R2010,"Grasping, Part Identification, and Pose Refinement in One Shot with a Tactile Gripper",0,ALL,recent,0.7208079670345494,0.7974950882971367,0.5812161942721544,0.569057115501047,0.6713705343377315,0.25619704120497916,1.3300966142605213
R2011,PLE-SLAM: A Visual-Inertial SLAM Based on Point-Line Features and Efficient IMU Initialization,0,ALL,recent,0.5710576047404721,0.44375447054421435,0.4638376772388311,0.2763446847110033,0.0,0.042382374312155566,0.29117851572025777
R2012,Evaluation of automated driving system safety metrics with logged vehicle trajectory data,0,ALL,recent,0.9099420472052172,0.5139218879522612,0.49864991586086344,0.9387516892161769,0.13317197447549803,0.10579574323936891,1.108952173825454
R2013,Comparative Evaluation of RGB-D SLAM Methods for Humanoid Robot Localization and Mapping,0,ALL,recent,0.6391659009718104,0.4437545881912258,0.5765907182624357,0.40947387813287384,2.2328433034626597e-07,0.2477713544844868,0.4961940754867746
R2014,DDM-Lag : A Diffusion-based Decision-making Model for Autonomous Vehicles with Lagrangian Safety Enhancement,0,ALL,recent,0.6660594480766996,0.6166420079945589,0.5720705402884078,0.4620418681199672,0.3281262952942687,0.23953747683600127,0.8740062803068364
R2015,Guided Time-optimal Model Predictive Control of a Multi-rotor,0,ALL,recent,0.5170341245502763,0.6969367796982037,0.5577151465787649,0.17074664832591607,0.4805191534445165,0.21338794111413453,0.7259515811603796
R2016,RePLan: Robotic Replanning with Perception and Language Models,0,ALL,recent,0.4690737616910523,0.892628324253718,0.5451656976532893,0.07700000104550934,0.8519255745340445,0.19052808302845686,0.9956104046395137
R2017,OkayPlan: Obstacle Kinematics Augmented Dynamic Real-time Path Planning via Particle Swarm Optimization,0,ALL,recent,0.5743600921049998,0.7604317557634699,0.5337219775273695,0.2827999552647131,0.6010273842478961,0.16968240130934306,0.9432161799708794
R2018,Multi S-Graphs: An Efficient Distributed Semantic-Relational Collaborative SLAM,0,ALL,recent,0.5499064470573999,0.6108787734615717,0.6247526051795014,0.23500116684172848,0.3171881512029733,0.33550221076356856,0.6696150918119507
R2019,Kimera2: Robust and Accurate Metric-Semantic SLAM in the Real World,0,ALL,recent,0.7626417073131522,0.45004134708299387,0.5125094718229878,0.6508282419170361,0.011931973455487877,0.13104206953673364,0.7086249397103809
R2020,DynaHull: Density-centric Dynamic Point Filtering in Point Clouds,0,ALL,recent,0.7914238775631998,0.44375447054421435,0.6900987589595242,0.7070878655215497,0.0,0.4545356289420946,0.8661753356512828
R2021,Visual Robotic Manipulation with Depth-Aware Pretraining,0,ALL,recent,0.5483674974113364,0.44375460696689484,0.46006091988922027,0.23199302926622065,2.5891900250313066e-07,0.03550269875438024,0.24441923274925625
R2022,Biased-MPPI: Informing Sampling-Based Model Predictive Control by Fusing Ancillary Controllers,0,ALL,recent,0.7782597725393355,0.4437545870156637,0.5485627900339105,0.6813563940133627,2.2105321039474913e-07,0.19671616747631604,0.7502072736832837
R2023,POE: Acoustic Soft Robotic Proprioception for Omnidirectional End-effectors,0,ALL,recent,0.6235217234530888,0.4969825215933584,0.4887167904138194,0.37889468514085084,0.10102245340562012,0.08770173453706608,0.510612745634444
R2024,Bimanual Deformable Bag Manipulation Using a Structure-of-Interest Based Latent Dynamics Model,0,ALL,recent,0.4296809076804205,0.7047678692304359,0.440570890551996,0.0,0.4953819158750769,0.0,0.4953819158750769
R2025,Control-Aware Trajectory Predictions for Communication-Efficient Drone Swarm Coordination in Cluttered Environments,0,ALL,recent,0.5363705884773344,0.5920147168850175,0.5339818123901404,0.2085430400826059,0.2813857267484981,0.17015571198010862,0.549483266024142
R2026,A Lagrange-Newton Approach to Smoothing-and-Mapping,0,ALL,recent,0.5581925920174357,0.8581392464932233,0.663197236531857,0.2511978397310245,0.7864681478128305,0.4055322831667469,1.1796022866522164
R2027,RABBIT: A Robot-Assisted Bed Bathing System with Multimodal Perception and Integrated Compliance,0,ALL,recent,0.8057636669501307,0.6907068675661461,0.6636257094674736,0.7351174111210652,0.46869529373752056,0.4063127820205144,1.3460221785657658
R2028,Parallel Self-assembly for Modular USVs with Diverse Docking Mechanism Layouts,0,ALL,recent,0.6548241638376291,0.685439107674155,0.9489828548592869,0.4400806033199724,0.4586975196738161,0.9261143992970053,1.2229181627477403
R2029,CognitiveOS: Large Multimodal Model based System to Endow Any Type of Robot with Generative AI,0,ALL,recent,0.8453160726037946,0.44375447054421435,0.482096898743927,0.8124292828595934,0.0,0.07564305490778794,0.8389043520773192
R2030,ReLoki: Infrastructure-free Distributed Relative Localization using On-board UWB Antenna Arrays,0,ALL,recent,0.6929328605384882,0.8756318146986899,0.9358465296660021,0.5145705015390045,0.8196676003881244,0.9021854976002784,1.6500030260872265
R2031,ILBiT: Imitation Learning for Robot Using Position and Torque Information based on Bilateral Control with Transformer,0,ALL,recent,0.5748476418806664,0.44375447054421435,0.4775239520278899,0.2837529538269886,0.0,0.0673130546358427,0.30731252294953354
R2032,Towards Unified Interactive Visual Grounding in The Wild,0,ALL,recent,0.6288984944101144,0.8333875884169543,0.56365731728104,0.3894044940823583,0.7394915410155403,0.22421209600583886,1.2073702686999421
R2033,Semantic Belief Behavior Graph: Enabling Autonomous Robot Inspection in Unknown Environments,0,ALL,recent,0.6317995696729353,0.5499806911198262,0.536343918343931,0.3950751367377501,0.2016086106298916,0.17445848313824064,0.6577442164660259
R2034,ATPPNet: Attention based Temporal Point cloud Prediction Network,0,ALL,recent,0.5146304215975409,0.4905145692752189,0.4884930327014457,0.1660482040389455,0.08874681304663455,0.08729414137653652,0.28534796656736783
R2035,PALoc: Advancing SLAM Benchmarking with Prior-Assisted 6-DoF Trajectory Generation and Uncertainty Estimation,0,ALL,recent,0.6427035110360952,0.4437548350416309,0.4831038684529587,0.41638873580160285,6.917860517493706e-07,0.07747733343123062,0.44350649428858535
R2036,ViTacTip: Design and Verification of a Novel Biomimetic Physical Vision-Tactile Fusion Sensor,0,ALL,recent,0.6162705471245665,0.6609309506115433,0.9630580291556633,0.3647210336271348,0.4121830577291284,0.9517534922051547,1.1100178136280674
R2037,Transferring human emotions to robot motions using Neural Policy Style Transfer,0,ALL,recent,0.6694633685884926,0.4850451884530487,0.782992790864959,0.4686954069292182,0.07836637907667492,0.6237497832029896,0.7653742101269394
R2038,Neural Trajectory Model: Implicit Neural Trajectory Representation for Trajectories Generation,0,ALL,recent,0.5450746048845123,0.866955250237767,0.7378249303793025,0.2255565134468852,0.8032001962337779,0.5414727934429262,1.2182721873856872
R2039,A Risk-aware Planning Framework of UGVs in Off-Road Environment,0,ALL,recent,0.8060285396009378,0.5811779342585998,0.578886225621941,0.7356351495510751,0.26081840657866207,0.25195281080058013,1.0846370399099403
R2040,Weighted Conformal LiDAR-Mapping for Structured SLAM,0,ALL,recent,0.5456992360392877,0.5214735970522051,0.47670807863898507,0.22677746076788366,0.14750449587436565,0.06582687384838329,0.3973213624891834
R2041,AED: Adaptable Error Detection for Few-shot Imitation Policy,0,ALL,recent,0.8027802233942589,0.7326546353038412,0.5229596585216074,0.7292857656947312,0.5483086992300222,0.15007794802971916,1.3301217467351552
R2042,Mission Planning and Safety Assessment for Pipeline Inspection Using Autonomous Underwater Vehicles: A Framework based on Behavior Trees,0,ALL,recent,0.7949335310203576,0.44375447054421435,0.440570890551996,0.713948077269538,0.0,0.0,0.713948077269538
R2043,Human Observation-Inspired Trajectory Prediction for Autonomous Driving in Mixed-Autonomy Traffic Environments,0,ALL,recent,0.44501757621321586,0.6047688789362923,0.4511736860583416,0.029978114628129042,0.3055920750208223,0.019313868045192768,0.3423300434647688
R2044,Boosting Reinforcement Learning Algorithms in Continuous Robotic Reaching Tasks using Adaptive Potential Functions,0,ALL,recent,0.7278195596284798,0.500669649944058,0.7608744636285698,0.5827624600520565,0.10802031909236479,0.5834594226685111,0.8949935770784001
R2045,Efficient Invariant Kalman Filter for Inertial-based Odometry with Large-sample Environmental Measurements,0,ALL,recent,0.43485778442610645,0.6804495933741002,0.4787965783275976,0.010119081870095204,0.44922783280835904,0.06963124858843625,0.4837178516844069
R2046,uPLAM: Robust Panoptic Localization and Mapping Leveraging Perception Uncertainties,0,ALL,recent,0.8783969209756041,0.44375447054421435,0.5912125922366857,0.8770914004743311,0.0,0.27440630602562394,0.9731336075832995
R2047,On Experimental Emulation of Printability and Fleet Aware Generic Mesh Decomposition for Enabling Aerial 3D Printing,0,ALL,recent,0.4296809076804205,0.8792139836083301,0.4405709506182391,0.0,0.8264662617073427,1.094156246177166e-07,0.8264663000028113
R2048,Reasoning Grasping via Multimodal Large Language Model,0,ALL,recent,0.4739219107801634,0.8819931482638481,0.524491671412258,0.08647652906832246,0.8317408871423299,0.15286863608890622,0.9717214388417695
R2049,NavFormer: A Transformer Architecture for Robot Target-Driven Navigation in Unknown and Dynamic Environments,0,ALL,recent,0.6960249962096223,0.7207237687724417,0.520900042126497,0.5206146041025284,0.5256648979917584,0.14632618659519267,1.0974936674026041
R2050,DART: A Compact Platform For Autonomous Driving Research,0,ALL,recent,0.5405320358278949,0.44375447054421435,0.4622170669182033,0.21667729332197527,0.0,0.039430298714116296,0.23047789787191597
R2051,TurtleRabbit 2024 SSL Team Description Paper,0,ALL,recent,0.7324807143006997,0.44375447054421435,0.493520914261203,0.5918734758352071,0.0,0.09645284305421133,0.6256319709041811
R2052,Gaussian-Sum Filter for Range-based 3D Relative Pose Estimation in the Presence of Ambiguities,0,ALL,recent,0.5377247959281002,0.7512133467004508,0.5476712817918593,0.21119006776678073,0.5835316037019772,0.19509221155470333,0.8630039455129042
R2053,Safe Planning for Articulated Robots Using Reachability-based Obstacle Avoidance With Spheres,0,ALL,recent,0.5964652817791257,0.6780021868838034,0.4825699694403375,0.32600829014594546,0.4445828570247756,0.07650479226762391,0.7973678244643895
R2054,Self-Supervised Learning of Visual Robot Localization Using LED State Prediction as a Pretext Task,0,ALL,recent,0.42968093101309257,0.8529308842812199,0.5421967633840578,4.560765699967915e-08,0.7765831056497065,0.1851199239560245,0.8413751246419721
R2055,Targeted Parallelization of Conflict-Based Search for Multi-Robot Path Planning,0,ALL,recent,0.6574846472346323,0.7068019272003802,0.53679327289175,0.4452809684495342,0.4992423902385531,0.1752770195739278,1.005870315538962
R2056,Real-time 3D Semantic Scene Perception for Egocentric Robots with Binocular Vision,0,ALL,recent,0.4296809076804205,0.5874275390023911,0.440570890551996,0.0,0.2726796412395046,0.0,0.2726796412395046
R2057,Modified RRT* for Path Planning in Autonomous Driving,0,ALL,recent,0.6497227949285602,0.5929586732619025,0.7688568387478449,0.43010911429747567,0.28317727814332116,0.597999978472746,0.9225863849062579
R2058,N-MPC for Deep Neural Network-Based Collision Avoidance exploiting Depth Images,0,ALL,recent,0.5397217015287499,0.508091362426365,0.4958036783925588,0.21509335777202662,0.1221061176263282,0.10061108652735183,0.37241335568292794
R2059,Khronos: A Unified Approach for Spatio-Temporal Metric-Semantic SLAM in Dynamic Environments,0,ALL,recent,0.4826675950979444,0.9553922791491152,0.4901188390506767,0.10357144941684764,0.9710463874136788,0.09025568196998586,1.1062073255200213
R2060,Ground-Fusion: A Low-cost Ground SLAM System Robust to Corner Cases,0,ALL,recent,0.5289800656104027,0.7402413322240373,0.4903472378165941,0.19409701217289874,0.56270762462775,0.09067172919300111,0.7885397420181992
R2061,RadarMOSEVE: A Spatial-Temporal Transformer Network for Radar-Only Moving Object Segmentation and Ego-Velocity Estimation,0,ALL,recent,0.505105634232104,0.857700283410102,0.848802638601763,0.1474303949079047,0.785635032063947,0.7436278582353864,1.1933351773542369
R2062,Autonomy Oriented Digital Twins for Real2Sim2Real Autoware Deployment,0,ALL,recent,0.7668370373207835,0.6459960351183838,0.6256383516407275,0.6590287245448417,0.3838378191794099,0.3371156711253551,1.160857028618126
R2063,DreamUp3D: Object-Centric Generative Models for Single-View 3D Scene Understanding and Real-to-Sim Transfer,0,ALL,recent,0.608404129544886,0.5925071878958224,0.9884943904604225,0.349344788948434,0.28232039613356946,0.9980879259397246,0.980995959160907
R2064,Efficient Continuous-Time Ego-Motion Estimation for Asynchronous Event-based Data Associations,0,ALL,recent,0.5292126136528569,0.44375474794990927,0.4569024481341209,0.1945515666844168,5.264931429320637e-07,0.02974928149136233,0.20496434169953656
R2065,Trajectory Prediction for Autonomous Driving Using a Transformer Network,0,ALL,recent,0.46050875701893185,0.7891276636844017,0.4474933844170013,0.0602582496473986,0.6554898521334438,0.012609894529452301,0.7201615648661507
R2066,Risk-Aware Non-Myopic Motion Planner for Large-Scale Robotic Swarm Using CVaR Constraints,0,ALL,recent,0.691143916426504,0.4569072458096259,0.5232014150965775,0.5110737074642221,0.024962883295836864,0.15051832760558054,0.5887180054220121
R2067,Think2Drive: Efficient Reinforcement Learning by Thinking in Latent World Model for Quasi-Realistic Autonomous Driving (in CARLA-v2),0,ALL,recent,0.8842663514301491,0.4437546351892919,0.5501785585599663,0.8885641957943791,3.1248278585455825e-07,0.19965942334550082,0.9584453064480902
R2068,Real-Time Estimation of Relative Pose for UAVs Using a Dual-Channel Feature Association,0,ALL,recent,0.6513054753971127,0.594242264791187,0.5216414736363584,0.4332027311676917,0.2856134290619273,0.14767676534939392,0.7705030281019069
R2069,SWTrack: Multiple Hypothesis Sliding Window 3D Multi-Object Tracking,0,ALL,recent,0.7669227563208532,0.49873255519180526,0.5590215744338768,0.659196276839814,0.10434387292357583,0.2157677073926688,0.8390588473508238
R2070,Can an LLM-Powered Socially Assistive Robot Effectively and Safely Deliver Cognitive Behavioral Therapy? A Study With University Students,0,ALL,recent,0.44575031405177107,0.8375551111529352,0.4749132491291341,0.03141037476139097,0.7474011556475656,0.06255744360273406,0.8007066356699135
R2071,Bimanual Manipulation of Steady Hand Eye Robots with Adaptive Sclera Force Control: Cooperative vs. Teleoperation Strategies,0,ALL,recent,0.7627529774858472,0.5453876327123651,0.8649269604773543,0.6510457383038566,0.19289136436948232,0.7729996427649477,1.1144869776410706
R2072,SD-SLAM: A Semantic SLAM Approach for Dynamic Scenes Based on LiDAR Point Clouds,0,ALL,recent,0.7484796713611683,0.6707837803557503,0.6800716425248045,0.6231461454937868,0.43088291643386795,0.43627040788996196,1.2067237046891413
R2073,CafkNet: GNN-Empowered Forward Kinematic Modeling for Cable-Driven Parallel Robots,0,ALL,recent,0.814692487825484,0.5305339119108426,0.7545024355626834,0.7525703028702087,0.16470022665176898,0.5718522470730617,1.1174188159975493
R2074,Mirage: Cross-Embodiment Zero-Shot Policy Transfer with Cross-Painting,0,ALL,recent,0.45447959661553344,0.8769467246406757,0.4568881377002778,0.048473235105422924,0.8221631910725213,0.02972321385375209,0.8810395510267575
R2075,The Invariant Rauch-Tung-Striebel Smoother,0,ALL,recent,0.9685323912610189,0.44375451852768827,0.9754327755474909,1.0,9.106867830812355e-08,0.9742951151914174,1.3410033813856743
R2076,Optimizing Dynamic Balance in a Rat Robot via the Lateral Flexion of a Soft Actuated Spine,0,ALL,recent,0.542916740742794,0.9692317154213185,0.5658691415383897,0.2213386027282676,0.9973124967002631,0.22824111663724153,1.2985354902515651
R2077,Suturing Tasks Automation Based on Skills Learned From Demonstrations: A Simulation Study,0,ALL,recent,0.6716483447944516,0.5577034906848816,0.8794174191420652,0.4729663127665521,0.21626584762888365,0.7993952104618867,0.9690204840570961
R2078,Grid-based Fast and Structural Visual Odometry,0,ALL,recent,0.4552719820887418,0.44375481839217884,0.45998880596210023,0.05002208663694749,6.601867641610685e-07,0.03537133727789195,0.06240271487097383
R2079,RKHS-BA: A Semantic Correspondence-Free Multi-View Registration Framework with Global Tracking,0,ALL,recent,0.47665260814485316,0.6792128784049917,0.5442378281765224,0.09181413928258453,0.44688064973702235,0.1888378921135504,0.6047880512593495
R2080,Barrier Functions Inspired Reward Shaping for Reinforcement Learning,0,ALL,recent,0.648313756300998,0.44375447054421435,0.440570890551996,0.42735490979718294,0.0,0.0,0.42735490979718294
R2081,BronchoCopilot: Towards Autonomous Robotic Bronchoscopy via Multimodal Reinforcement Learning,0,ALL,recent,0.6221973582646046,0.8208237041102062,0.5897399496698551,0.37630598920959407,0.7156463242181,0.27172376591660485,1.1870556314985057
R2082,ASPIRe: An Informative Trajectory Planner with Mutual Information Approximation for Target Search and Tracking,0,ALL,recent,0.6747047423914171,0.592466143267881,0.8026929054619217,0.4789405592148628,0.2822424968129664,0.659635169615771,0.992055365393349
R2083,An Efficient Model-Based Approach on Learning Agile Motor Skills without Reinforcement,0,ALL,recent,0.4296809076804205,0.9606088544514272,0.5399247907875621,0.0,0.9809470173452193,0.18098133815525622,1.044290485699559
R2084,Structure from WiFi (SfW): RSSI-based Geometric Mapping of Indoor Environments,0,ALL,recent,0.7311325481658011,0.4937262895732679,0.7147469075906313,0.5892382569254857,0.09484239343641772,0.49943426816743763,0.8588826442205066
R2085,LodeStar: Maritime Radar Descriptor for Semi-Direct Radar Odometry,0,ALL,recent,0.7455059660379937,0.44375447054421435,0.5459076464289482,0.6173335350916137,0.0,0.19187960402504614,0.6844913965003798
R2086,Fast Iterative Region Inflation for Computing Large 2-D/3-D Convex Regions of Obstacle-Free Space,0,ALL,recent,0.8173360812424253,0.8730302488546505,0.5759949017752551,0.7577376536748355,0.814730042858196,0.24668602552518845,1.6588078054668474
R2087,Multiple Update Particle Filter: Position Estimation by Combining GNSS Pseudorange and Carrier Phase Observations,0,ALL,recent,0.6155088943076761,0.7209585376536762,0.5747849105155697,0.36323225427438594,0.5261104699767951,0.2444819264730644,0.9749113985167537
R2088,Seamless Virtual Reality with Integrated Synchronizer and Synthesizer for Autonomous Driving,0,ALL,recent,0.5958878100779176,0.6338754089887723,0.44057096597260986,0.3248795239594493,0.36083386986525756,1.373848796018769e-07,0.6857134419094147
R2089,Incremental Bayesian Learning for Fail-Operational Control in Autonomous Driving,0,ALL,recent,0.4953481648332101,0.8606870277697664,0.5869562946185664,0.1283577693572508,0.7913036266670093,0.26665310824790334,1.0129899839110263
R2090,RoboKube: Establishing a New Foundation for the Cloud Native Evolution in Robotics,0,ALL,recent,0.6716855113342151,0.6984279864892411,0.520733466965427,0.47303896105956167,0.48334934101660393,0.1460227561764331,1.0074962667379173
R2091,mmPlace: Robust Place Recognition with Intermediate Frequency Signal of Low-cost Single-chip Millimeter Wave Radar,0,ALL,recent,0.517476683038409,0.6573715105095042,0.6008373433418364,0.17161170380119894,0.4054275338132452,0.29193858538548245,0.6792177424993631
R2092,Real-Time Planning Under Uncertainty for AUVs Using Virtual Maps,0,ALL,recent,0.4296809076804205,0.44375447054421435,0.440570890551996,0.0,0.0,0.0,0.0
R2093,LHMap-loc: Cross-Modal Monocular Localization Using LiDAR Point Cloud Heat Map,0,ALL,recent,0.7407431548258911,0.44375447054421435,0.4896816001825857,0.6080238143942385,0.0,0.08945921524595211,0.6393345397303217
R2094,OCEAN: An Openspace Collision-free Trajectory Planner for Autonomous Parking Based on ADMM,0,ALL,recent,0.7659629123721516,0.4703268109509242,0.8023666979798858,0.6573200993728654,0.050432111785131614,0.6590409557351368,0.9384165456652949
R2095,Using Fiber Optic Bundles to Miniaturize Vision-Based Tactile Sensors,0,ALL,recent,0.7891969709085442,0.8901213264905917,0.5720737688892986,0.7027349995248272,0.8471674994266244,0.2395433579992793,1.6337426742511993
R2096,N-QR: Natural Quick Response Codes for Multi-Robot Instance Correspondence,0,ALL,recent,0.8306620309767027,0.44375447054421435,0.5400867221115482,0.7837854780643764,0.0,0.1812763094410817,0.847232186368755
R2097,RTAB-Map as an Open-Source Lidar and Visual SLAM Library for Large-Scale and Long-Term Online Operation,0,ALL,recent,0.5453126647702226,0.6803566852118582,0.5311825605908072,0.22602184178901638,0.44905150077466455,0.16505664354620037,0.732843167804851
R2098,iRoCo: Intuitive Robot Control From Anywhere Using a Smartwatch,0,ALL,recent,0.6343876540959555,0.5847649151464619,0.74001194799085,0.40013398581795745,0.2676262006359034,0.5454566267194109,0.8586700058056547
R2099,Empowering Robotics with Large Language Models: osmAG Map Comprehension with LLMs,0,ALL,recent,0.7869538687016499,0.44375447054421435,0.6611728214624626,0.6983504765798932,0.0,0.4018446438554366,0.8389961019292961
R2100,Efficient Lexicographic Optimization for Prioritized Robot Control and Planning,0,ALL,recent,0.7286047281197136,0.6810647477081374,0.9094082970307736,0.58429720477072,0.45039534502837564,0.8540260724600586,1.3336016751601163
R2101,MOTPose: Multi-object 6D Pose Estimation for Dynamic Video Sequences using Attention-based Temporal Fusion,0,ALL,recent,0.5021909068373817,0.8111778592149805,0.4988367163458383,0.14173306684986603,0.6973393056953648,0.10613601575668981,0.8762199780600723
R2102,Scalable Autonomous Drone Flight in the Forest with Visual-Inertial SLAM and Dense Submaps Built without LiDAR,0,ALL,recent,0.507449896547285,0.44375447054421435,0.4405709524324885,0.15201265240747985,0.0,1.127204298294247e-07,0.1520126918596303
R2103,Visual Inertial Odometry using Focal Plane Binary Features (BIT-VIO),0,ALL,recent,0.625834120047727,0.6639758758279289,0.5075492504766675,0.3834146556958332,0.41796207480251163,0.12200661652809627,0.8440790462831785
R2104,Interactive Distance Field Mapping and Planning to Enable Human-Robot Collaboration,0,ALL,recent,0.7329931352046164,0.6650909339539557,0.6209654566599581,0.5928750892274909,0.42007836321361824,0.328603606831216,1.1279647148320346
R2105,CLOSURE: Fast Quantification of Pose Uncertainty Sets,0,ALL,recent,0.8508133831230752,0.6352421583930651,0.742431247460059,0.8231747067788111,0.36342784757608626,0.5498635805913535,1.379054807561871
R2106,Revolutionizing Packaging: A Robotic Bagging Pipeline with Constraint-aware Structure-of-Interest Planning,0,ALL,recent,0.6255218437304736,0.5916737232312513,0.6545483001993027,0.3828042587759119,0.28073854890109956,0.3897775310395126,0.7999649435408409
R2107,Identifying Optimal Launch Sites of High-Altitude Latex-Balloons using Bayesian Optimisation for the Task of Station-Keeping,0,ALL,recent,0.42968118862502,0.944058255303397,0.5292418977456974,5.491537742255277e-07,0.949535344396246,0.16152156583125005,1.0060684415909578
R2108,Efficient Trajectory Forecasting and Generation with Conditional Flow Matching,0,ALL,recent,0.5661157718974668,0.7361875298263681,0.6075020809436869,0.2666850359337037,0.5550138418240922,0.30407895558510917,0.928126512212584
R2109,Learning-Based Wiping Behavior of Low-Rigidity Robots Considering Various Surface Materials and Task Definitions,0,ALL,recent,0.597728617491864,0.7351289321273305,0.5046587522726156,0.3284776936366248,0.5530047106494869,0.116741335228979,0.9223418716162544
R2110,R2SNet: Scalable Domain Adaptation for Object Detection in Cloud-Based Robots Ecosystems via Proposal Refinement,0,ALL,recent,0.5160916323250236,0.5363082533294397,0.45974305042785796,0.1689043877395099,0.17565945069643255,0.03492367326731186,0.3567871240795015
R2111,AGRNav: Efficient and Energy-Saving Autonomous Navigation for Air-Ground Robots in Occlusion-Prone Environments,0,ALL,recent,0.774978544455838,0.5699102519655922,0.4817563108624343,0.6749426783229059,0.2394332743598676,0.07502264594139742,0.9406338787622626
R2112,FE-DeTr: Keypoint Detection and Tracking in Low-quality Image Frames with Events,0,ALL,recent,0.5856414479520706,0.8943975734783192,0.5065047928751312,0.304851274820914,0.8552834637265341,0.1201040507111097,1.2021711562963364
R2113,Accelerating Model Predictive Control for Legged Robots through Distributed Optimization,0,ALL,recent,0.4296809076804205,0.718871515041356,0.5056363823212379,0.0,0.5221494730878627,0.11852216913686732,0.5636322322857663
R2114,StereoNavNet: Learning to Navigate using Stereo Cameras with Auxiliary Occupancy Voxels,0,ALL,recent,0.5897259788185834,0.5851214812701651,0.47347369552261437,0.31283518177284525,0.2683029337476337,0.05993517776881667,0.6021154277395647
R2115,Multi-Object RANSAC: Efficient Plane Clustering Method in a Clutter,0,ALL,recent,0.7531077163546093,0.4890588353607577,0.7295893437686587,0.6321924428054119,0.08598395007032798,0.526470991986175,0.9024412400709011
R2116,Diagrammatic Instructions to Specify Spatial Objectives and Constraints with Applications to Mobile Base Placement,0,ALL,recent,0.5856670390111494,0.6526863492277795,0.7141770787295476,0.3049012968775867,0.3965354838893459,0.4983962778162396,0.8758754780026164
R2117,TON-VIO: Online Time Offset Modeling Networks for Robust Temporal Alignment in High Dynamic Motion VIO,0,ALL,recent,0.8211504894676359,0.696611423425142,0.7018428251703376,0.7651935602016879,0.479901654056736,0.47592841587021234,1.4116701598129984
R2118,Dynamic Manipulation of Deformable Objects using Imitation Learning with Adaptation to Hardware Constraints,0,ALL,recent,0.47893182243651466,0.6517296102151886,0.5191649303703413,0.09626924940975402,0.3947196721056012,0.14316553717193464,0.5410968595255323
R2119,Opti-Acoustic Semantic SLAM with Unknown Objects in Underwater Environments,0,ALL,recent,0.42968093062600365,0.7641318348801367,0.4938268320089022,4.485102619132738e-08,0.6080498294209398,0.0970100975073609,0.6420034083995423
R2120,Subgoal Diffuser: Coarse-to-fine Subgoal Generation to Guide Model Predictive Control for Robot Manipulation,0,ALL,recent,0.6000679100137802,0.6432573645667479,0.5043091121749799,0.3330502368340455,0.37864004821573993,0.1161044369029665,0.7523268379658238
R2121,Meta-Learning for Fast Adaptation in Intent Inferral on a Robotic Hand Orthosis for Stroke,0,ALL,recent,0.5151226895727983,0.7687116651930174,0.5476310760207164,0.16701042512095335,0.6167419698482018,0.19501897342066168,0.8520090356663867
R2122,MULAN-WC: Multi-Robot Localization Uncertainty-aware Active NeRF with Wireless Coordination,0,ALL,recent,0.5660808634549191,0.7525996334115986,0.4963161022345075,0.2666168014739223,0.5861626616107942,0.1015445088932444,0.8883200411973521
R2123,LaCE-LHMP: Airflow Modelling-Inspired Long-Term Human Motion Prediction By Enhancing Laminar Characteristics in Human Flow,0,ALL,recent,0.7062506255198382,0.6088359068322673,0.7906827742836728,0.5406023274435462,0.31331095873011233,0.6377577233664937,1.0771284893519313
R2124,"Embedding Pose Graph, Enabling 3D Foundation Model Capabilities with a Compact Representation",0,ALL,recent,0.5446903543150362,0.7062895545334992,0.6342760207365572,0.2248054306681809,0.4982699491507044,0.3528498990499672,0.8465728444863738
R2125,Visual Imitation Learning of Task-Oriented Object Grasping and Rearrangement,0,ALL,recent,0.5619247598789486,0.7448180018813049,0.6454346524675659,0.2584929935465098,0.5713937663911852,0.37317626870301013,0.9604984539837486
R2126,HCTO: Optimality-Aware LiDAR Inertial Odometry with Hybrid Continuous Time Optimization for Compact Wearable Mapping System,0,ALL,recent,0.590160002953761,0.6351848562837655,0.5047471025480815,0.3136835554106994,0.36331909289593817,0.11690227255546846,0.7179184437010515
R2127,ReFeree: Radar-based efficient global descriptor using a Feature and Free space for Place Recognition,0,ALL,recent,0.7718343552415551,0.44375447054421435,0.4788330615362762,0.6687968282983882,0.0,0.06969770576738138,0.6931910253169716
R2128,Evaluation and Deployment of LiDAR-based Place Recognition in Dense Forests,0,ALL,recent,0.47035873254827754,0.7848424667749258,0.49688192960467237,0.07951169408818881,0.6473569016197803,0.10257521019812028,0.7627699192773112
R2129,CRPlace: Camera-Radar Fusion with BEV Representation for Place Recognition,0,ALL,recent,0.5040960355202421,0.8808270939960468,0.532978391041595,0.1454569633345556,0.8295278122576487,0.1683278970884663,1.0338995395731676
R2130,HortiBot: An Adaptive Multi-Arm System for Robotic Horticulture of Sweet Peppers,0,ALL,recent,0.6536729199858015,0.8027415318622588,0.5256638582426728,0.43783030234481485,0.6813278517701024,0.15500387124961396,1.173409509052282
R2131,RicMonk: A Three-Link Brachiation Robot with Passive Grippers for Energy-Efficient Brachiation,0,ALL,recent,0.7404896601374407,0.6391197329205094,0.6992343150090373,0.60752831611756,0.370787164408181,0.4711767990895486,1.143227360207083
R2132,iA$^*$: Imperative Learning-based A$^*$ Search for Pathfinding,0,ALL,recent,0.8110931488077643,0.4704165115317737,0.6942194009114663,0.7455347855133612,0.05060235609373799,0.46204171871565136,0.957851743157577
R2133,"M^3RS: Multi-robot, Multi-objective, and Multi-mode Routing and Scheduling",0,ALL,recent,0.7250124181525385,0.9137803192543236,0.7599407650331016,0.5772754268829432,0.8920703175270147,0.5817586135322732,1.6729612591462535
R2134,SE(3) Linear Parameter Varying Dynamical Systems for Globally Asymptotically Stable End-Effector Control,0,ALL,recent,0.7696501975457196,0.44375447054421435,0.4762934937177532,0.6645275223776367,0.0,0.0650716731602811,0.6873026079837351
R2135,AeroBridge: Autonomous Drone Handoff System for Emergency Battery Service,0,ALL,recent,0.654004819909078,0.6154711827435271,0.715661726878018,0.4384790569243231,0.325904165476679,0.5011006870841478,0.9397684628804538
R2136,RoboDuet: A Framework Affording Mobile-Manipulation and Cross-Embodiment,0,ALL,recent,0.7606011576826177,0.5218975423037856,0.5087988984330236,0.6468396422679181,0.1483091090168755,0.12428295352974468,0.8386477850202043
R2137,Multi-AGV Path Planning Method via Reinforcement Learning and Particle Filters,0,ALL,recent,0.5837971595623325,0.486403401019386,0.6909490537450889,0.3012463009873418,0.08094415457273908,0.45608451114755466,0.541820034461725
R2138,MLDT: Multi-Level Decomposition for Complex Long-Horizon Robotic Task Planning with Open-Source Large Language Model,0,ALL,recent,0.5238482503427406,0.7542068761865007,0.5032855068572335,0.1840660105889899,0.5892130759156342,0.11423985524377303,0.8132630358399446
R2139,3P-LLM: Probabilistic Path Planning using Large Language Model for Autonomous Robot Navigation,0,ALL,recent,0.7130788816840565,0.44375447054421435,0.603092916877025,0.5539493099100087,0.0,0.2960472989411471,0.6575658645394101
R2140,Stable Object Placing using Curl and Diff Features of Vision-based Tactile Sensors,0,ALL,recent,0.7158793892438094,0.4978341973985494,0.4520650396399955,0.5594233759670334,0.10263886388187758,0.02093754224011331,0.6693903796329507
R2141,MAC: Maximizing Algebraic Connectivity for Graph Sparsification,0,ALL,recent,0.5809151612186442,0.5259466218106982,0.6501289159471324,0.29561294739947375,0.1559939281631761,0.3817272574832288,0.5852114156817799
R2142,BundledSLAM: An Accurate Visual SLAM System Using Multiple Cameras,0,ALL,recent,0.6743458046011831,0.5203105849849626,0.5265967357240361,0.4782389545477871,0.14529719483558257,0.15670318465866717,0.6783822640139031
R2143,Socially Aware Robot Navigation through Scoring Using Vision-Language Models,0,ALL,recent,0.7905096392848521,0.5351799604303802,0.5326182999114043,0.7053008320568096,0.17351804377702665,0.16767196134316364,0.9375040623039435
R2144,Joint Pedestrian Trajectory Prediction through Posterior Sampling,0,ALL,recent,0.7294922640291908,0.44375447054421435,0.5583375676384712,0.5860320439356922,0.0,0.2145217325004272,0.6611146503108417
R2145,Commonsense Scene Graph-based Target Localization for Object Search,0,ALL,recent,0.6415119830104121,0.6046527244964287,0.5413301212295799,0.4140596925898926,0.3053716234683479,0.18354126366742712,0.78367075834184
R2146,CBF-Based Motion Planning for Socially Responsible Robot Navigation Guaranteeing STL Specification,0,ALL,recent,0.6339696704190265,0.6749503319055579,0.5208151629143659,0.3993169659708589,0.4387906878345892,0.1461715720973559,0.8892677040395227
R2147,Graph-Based vs. Error State Kalman Filter-Based Fusion Of 5G And Inertial Data For MAV Indoor Pose Estimation,0,ALL,recent,0.5942237701848662,0.6075056248411383,0.7822806186726555,0.32162687632264325,0.31078619316353007,0.6224525027132006,0.8502714454357936
R2148,Versatile LiDAR-Inertial Odometry With SE (2) Constraints for Ground Vehicles,0,ALL,recent,0.7268136980973456,0.7457128986176575,0.6376997408759252,0.5807963334310186,0.5730922066321694,0.35908648816043787,1.2795688109193413
R2149,Automatic Derivation of an Optimal Task Frame for Learning and Controlling Contact-Rich Tasks,0,ALL,recent,0.6221042704904105,0.7940404189159481,0.6081271875482248,0.3761240333983107,0.6648138566139741,0.3052176389131993,1.1477640636319044
R2150,Versatile Scene-Consistent Traffic Scenario Generation as Optimization with Diffusion,0,ALL,recent,0.5967622038543936,0.5456904033464528,0.5029648463594011,0.3265886746009507,0.19346599807618092,0.1136557456531717,0.5598341836557417
R2151,"Factored Task and Motion Planning with Combined Optimization, Sampling and Learning",0,ALL,recent,0.7912635867722271,0.6392020140191995,0.5657904561140732,0.7067745500387681,0.37094332715122247,0.2280977846356557,1.1575521018124701
R2152,Fast k-connectivity Restoration in Multi-Robot Systems for Robust Communication Maintenance,0,ALL,recent,0.48484885007668227,0.9363754382839494,0.5786552231039416,0.10783508148569977,0.9349539909731333,0.2515320206280187,1.1308252796786395
R2153,Towards introspective loop closure in 4D radar SLAM,0,ALL,recent,0.7226786985700573,0.6905007116812024,0.5143394128517833,0.572713776938959,0.46830402686092976,0.13437545831514483,1.0880492142101894
R2154,ToolEENet: Tool Affordance 6D Pose Estimation,0,ALL,recent,0.8356836353714997,0.44375447054421435,0.5190552058821428,0.7936010538422865,0.0,0.1429656649509602,0.8436390365751226
R2155,EnQuery: Ensemble Policies for Diverse Query-Generation in Preference Alignment of Robot Navigation,0,ALL,recent,0.668455035970298,0.7573606627606583,0.5206621325583334,0.4667244501502487,0.5951987028728366,0.1458928146600789,1.1129856381541128
R2156,STITCH: Augmented Dexterity for Suture Throws Including Thread Coordination and Handoffs,0,ALL,recent,0.8358650907260197,0.44375447054421435,0.5831647796456347,0.793955739046968,0.0,0.2597465504599363,0.8848670317079457
R2157,Rendering-Enhanced Automatic Image-to-Point Cloud Registration for Roadside Scenes,0,ALL,recent,,,,,,,
R2158,GBEC: Geometry-Based Hand-Eye Calibration,0,ALL,recent,0.5918161483321451,0.8091392946293074,0.853265507688014,0.3169207718823131,0.6934702781467069,0.7517573430097777,1.2735061200824422
R2159,On the Fly Robotic-Assisted Medical Instrument Planning and Execution Using Mixed Reality,0,ALL,recent,0.43906034154133705,0.9051652009190213,0.5142289310523711,0.018333691103009194,0.8757195330542105,0.13417420658922355,0.9410141964634479
R2160,Toward Holistic Planning and Control Optimization for Dual-Arm Rearrangement,0,ALL,recent,0.583033368857942,0.7050516602728022,0.7668792389321737,0.29975334277160187,0.4959205278811395,0.5943976170140899,1.0037130366076727
R2161,2DLIW-SLAM:2D LiDAR-Inertial-Wheel Odometry with Real-Time Loop Closure,0,ALL,recent,0.5855151573893882,0.6351736304212998,0.45972190819898634,0.3046044185394179,0.36329778713430444,0.034885160950596586,0.6801120120064311
R2162,Noise-Augmented $\ell_0$ Regularization of Tensor Regression with Tucker Decomposition,0,ALL,recent,0.8027950588193101,0.4921949742776237,0.7965848867605387,0.729314764044131,0.09193608322865335,0.648508908890901,1.0482289653845995
R2163,Vector Summaries of Persistence Diagrams for Permutation-based Hypothesis Testing,0,ALL,recent,0.6737707548407933,0.7096428864775152,0.6033215370149059,0.4771149224545733,0.5046342967717579,0.29646374941148407,1.0855115315203505
R2164,Comprehensive analysis of synthetic learning applied to neonatal brain MRI segmentation,0,ALL,recent,0.5909111147364768,0.7387990485954974,0.5647194188421951,0.31515173052791234,0.5599702891854409,0.22614680175306062,0.9542734003269244
