CumulativeMethodScore,CumulativeTaskScore,CumulativeMethodTaskPairScore
4.2924426435602e-06,0.0,4.2924426435602e-06
6.094117233273813e-06,7.589662972206574e-06,1.7881393432617188e-05
5.57280629380324e-06,0.0,1.0527395180686434e-05
9.508977906911941e-07,0.0,3.7886231540279643e-06
9.332425530631678e-06,0.0,9.332425530631678e-06
0.0,1.4432440586358106e-06,3.5683094209054974e-06
0.0,0.0,0.0
2.0720137295589274e-06,1.8233708976615928e-06,4.8973499197701087e-05
2.597514514866768e-06,5.96445728642456e-07,2.8458805134463e-05
5.643177087171187e-06,3.2275067825249748e-06,1.9943726817221658e-05
5.9601987838966585e-06,3.971872532319676e-07,1.8660877701599457e-05
2.0573826063816576e-06,0.0,6.046691216951235e-06
0.0,9.383854502884075e-06,1.6527700931120687e-05
1.7636056621727836e-06,7.87281937274696e-07,6.026693181127338e-06
0.0,0.0,0.0
0.0,0.0,0.0
2.1211961642297528e-06,0.0,9.027689922230023e-06
1.3088308609639874e-06,4.651633616575075e-06,5.9604644775390625e-06
0.0,0.0,0.0
0.0,2.1520069749317544e-06,9.976732340880046e-06
2.5067393476455714e-06,3.8543548930189656e-06,4.3905808738230804e-05
4.180249758544084e-06,3.4616625410006016e-06,3.450525162314126e-05
4.850032941774082e-07,0.0,1.1327298464059052e-06
6.793216025956155e-06,0.0,9.217929572505327e-06
0.0,0.0,0.0
1.2385577487870147e-06,0.0,5.178455595927014e-06
0.0,0.0,0.0
2.3659835403577286e-06,1.18144342281597e-05,6.073757736847959e-05
2.207411405015155e-06,0.0,1.692298033161163e-05
2.893674880429104e-06,5.712012567328095e-07,3.679137786472807e-05
4.384620529534497e-06,3.6062942887136813e-06,1.762536348447555e-05
0.0,1.790403600606093e-06,4.365152770276652e-06
0.0,0.0,0.0
4.327157906109581e-06,3.796885524484272e-06,8.124043430593854e-06
0.0,4.240022706294104e-06,2.2564516700283447e-05
0.0,0.0,0.0
8.353166349155767e-06,1.0685237784789644e-06,7.372495707202168e-05
2.1777629652954137e-06,0.0,0.0
1.053513083930536e-06,0.0,7.180977144619201e-06
3.1175304290563145e-06,4.543864161139365e-06,1.3553279134622497e-05
1.6744023473083418e-06,0.0,3.61440800936697e-06
3.667860937883386e-07,4.177596420591364e-06,3.300171160253146e-05
0.0,0.0,0.0
2.784220378913013e-06,1.5686743616004877e-06,9.810977016211636e-06
3.2447882667296633e-07,2.109816040697823e-06,1.237079196445768e-05
0.0,0.0,0.0
1.981421051922897e-06,0.0,4.121498533162592e-06
0.0,0.0,0.0
4.760419358201255e-06,9.244322733221297e-06,2.1415388604054084e-05
5.193823036407355e-06,3.822575117792923e-07,3.195114901003238e-05
0.0,1.6035934754715002e-06,7.545234340788515e-06
4.819293950892545e-07,0.0,2.3171823097129893e-06
1.4171506846973023e-06,8.368160009552404e-07,7.058300170902038e-06
1.7070332800884204e-06,0.0,7.364445194335077e-06
1.752700983801248e-06,0.0,2.8938797414796896e-06
6.089044588526612e-06,0.0,1.993095921882889e-05
0.0,0.0,0.0
3.3193307462943516e-06,0.0,2.0038354568704445e-05
2.1746753328173207e-06,0.0,0.0
3.190852150286286e-06,0.0,2.3284293596484577e-05
2.094194350521273e-06,0.0,8.607493752429187e-06
0.0,1.9072546645240767e-06,0.0
0.0,0.0,0.0
2.082700390983189e-06,9.437542235898017e-07,1.788727965111559e-05
1.1544533734072156e-06,2.889430256345481e-06,3.2628349609449856e-05
0.0,0.0,0.0
1.216516430391596e-06,0.0,3.0334944329425804e-06
5.444230971317627e-06,7.519373881688926e-06,1.3486283345461629e-05
1.4418181043767934e-05,0.0,1.37258082985895e-05
1.4491951706915244e-06,5.5742988763694875e-06,6.143157034853818e-05
8.58250742750066e-07,0.0,2.5538154690459275e-06
0.0,0.0,0.0
0.0,0.0,0.0
5.686921264217302e-06,0.0,2.8279566494883756e-05
5.016430337692655e-06,0.0,4.179739407617239e-05
0.0,0.0,0.0
0.0,5.167428880252697e-06,3.431623975263043e-05
0.0,0.0,0.0
2.9354864249173684e-06,3.292862947727475e-06,2.0573124901269487e-05
0.0,0.0,0.0
0.0,0.0,0.0
8.70553463165262e-06,0.0,1.9076362790864643e-05
0.0,8.936311710342825e-07,1.852049964640883e-06
0.0,0.0,0.0
5.23641729822495e-06,0.0,9.241792056581396e-06
6.082387094138911e-06,3.210767077570638e-06,3.1428220743132416e-05
6.101137474350519e-07,6.276117917506302e-06,2.4178200400883564e-06
2.4763707965552014e-06,4.885023677507636e-06,2.251165568009088e-05
0.0,0.0,0.0
0.0,3.760979591774111e-06,7.474579289674646e-06
1.7328507784682622e-06,6.306504465998708e-06,2.460681391933979e-05
0.0,1.1330204510781968e-06,4.120924344136459e-06
3.857517303695929e-06,5.44133843721324e-06,0.00010200615494652817
1.7618852703544483e-06,5.9388959455493636e-06,1.0803608751390003e-05
1.9185602766892214e-06,0.0,2.8371365512225016e-06
0.0,4.0599318951759635e-06,1.3565640807519684e-05
4.33261206343511e-06,0.0,4.33261206343511e-06
0.0,4.478027878475082e-06,0.0
0.0,5.024545309011403e-06,9.69519336467124e-06
0.0,0.0,0.0
5.822481208265574e-06,8.039274816234409e-06,1.3861756024499984e-05
0.0,3.827134724738851e-06,5.1888390408505315e-06
5.607507793908731e-06,0.0,3.096919773856722e-05
6.133653840611349e-06,9.714059835429809e-07,5.88805865692486e-05
7.366784454403089e-06,2.6146540982628973e-06,3.130920970787967e-05
1.6424941431656366e-06,0.0,3.550887367970883e-06
1.6133833455977125e-06,9.570221469305592e-06,2.6940459988542885e-05
0.0,5.684890476337598e-06,8.100076870916854e-06
4.780725614292914e-06,0.0,4.780725614292914e-06
1.0264418022298323e-06,7.252996529284679e-06,1.6052601279658877e-05
0.0,0.0,0.0
0.0,6.539416058071812e-06,0.0
0.0,0.0,0.0
2.4566832191859643e-06,2.7532336719891236e-06,4.2096359252228394e-05
1.942876972096077e-06,3.0703690545932653e-06,4.8979568250206973e-05
0.0,0.0,0.0
6.586038301245218e-06,1.8719296498480597e-06,4.876721610559607e-05
6.494423655793536e-06,0.0,6.494423655793536e-06
8.428540898734703e-06,3.6543533649653054e-06,5.193206991208028e-05
5.070270916959145e-06,1.8388630051515226e-06,3.6378844563992976e-05
6.91780370530397e-07,8.356000895157306e-06,2.3023364333457476e-05
0.0,0.0,0.0
0.0,0.0,0.0
1.5798715558998789e-06,0.0,9.207733259078624e-06
4.349258239713912e-06,0.0,5.911039987914348e-06
2.7121685422335372e-06,0.0,2.7121685422335372e-06
5.7213102534900784e-06,0.0,5.7213102534900784e-06
0.0,3.2917829684663065e-06,0.0
0.0,0.0,0.0
2.8774313326558507e-06,6.088080251439359e-06,2.087978706304415e-05
1.0576062465948657e-05,2.089886162373307e-06,1.59477193233233e-05
0.0,1.2272030478005861e-06,1.3676445702899358e-05
0.0,0.0,0.0
0.0,7.71424545210334e-06,8.086528798073812e-06
0.0,3.296427313192462e-06,4.81539850969237e-06
0.0,0.0,0.0
0.0,6.040360152262881e-06,2.118525751570785e-05
0.0,0.0,0.0
0.0,3.246893458731573e-06,3.246893458731573e-06
5.9014181767219616e-06,0.0,2.5644165116900052e-05
1.4237338083895382e-05,2.401129956565217e-06,1.6638468040460598e-05
0.0,1.9096584561324346e-06,8.307091587997952e-06
0.0,3.6148746419201998e-06,4.317424893928946e-06
8.545628070980291e-07,5.0406477261279e-06,1.228409552094042e-05
2.142478285641615e-06,3.229348868890592e-06,2.508783873264206e-05
0.0,0.0,0.0
6.596981236798729e-06,0.0,8.33855705515008e-06
7.779986052496627e-06,0.0,1.3386647018865704e-05
8.454867598566849e-07,8.058054713730271e-07,3.2214524569852434e-05
2.1822483450455564e-06,0.0,3.9994976092857e-06
4.12959223325784e-06,7.791336721820286e-06,1.1920928955078125e-05
2.8780201440671265e-06,1.92463079197601e-06,1.9752111154925965e-05
1.615877670195064e-06,6.8749875158411265e-06,2.012235462334835e-05
0.0,3.949998628472638e-06,3.949998628472638e-06
8.792880102324974e-06,2.3488501003994996e-06,2.8400938077378586e-05
4.202574263657478e-06,0.0,1.260109711593202e-05
0.0,2.370927431461117e-06,3.7874687643648077e-06
0.0,1.978340267777227e-06,2.9779188562059685e-06
4.172100122506601e-07,1.4348462756059708e-06,1.6800236952043627e-05
3.0994404550560433e-06,0.0,9.946845770367237e-06
1.48283885976779e-06,1.499012967605546e-06,1.8319568263044065e-05
0.0,0.0,0.0
1.1449979207102987e-05,3.2157959410301084e-06,3.523393169629868e-05
1.2384819391468464e-06,0.0,6.529928558656638e-06
0.0,2.750029327695879e-06,0.0
0.0,1.1938060978022924e-05,1.1938060978022924e-05
0.0,3.6671921750562408e-06,6.547317676173978e-06
0.0,3.0776061450549e-06,5.249922895503897e-06
0.0,0.0,0.0
1.4193873474422523e-06,0.0,6.8557332999214525e-06
0.0,3.9635711907725046e-06,4.66221514009562e-05
0.0,0.0,0.0
0.0,0.0,0.0
9.441264025368676e-07,4.539447455817323e-06,4.931432606473333e-05
0.0,0.0,0.0
0.0,0.0,0.0
4.204847047033575e-07,1.0052190368136073e-06,5.423973361167419e-06
5.176049504394463e-06,0.0,2.8949475278665552e-05
0.0,2.0847715976818066e-06,2.7981665736352323e-06
0.0,3.29498420708024e-06,5.503188254514914e-06
8.033149342626154e-06,0.0,1.0923007383999806e-05
1.3477079680095971e-05,0.0,2.897223887628911e-05
3.056073792631062e-06,2.4375719952404107e-06,2.913845681362724e-05
1.5679210367718193e-06,4.015029953124051e-06,3.110073390011558e-05
0.0,3.9422981506337126e-06,1.8878014523177567e-05
0.0,4.3065149009098155e-06,5.842536428812776e-06
0.0,0.0,0.0
0.0,0.0,0.0
1.758238604316237e-06,0.0,0.0
5.430186264427157e-06,0.0,1.0696121510305318e-05
9.072987467301779e-06,4.636614899179652e-06,2.5582233042332522e-05
6.231779669655833e-06,0.0,2.6294964495564052e-05
1.7730156406200116e-06,1.351262896778636e-06,3.846560129557739e-05
7.170684066572537e-06,4.750244888505588e-06,1.1920928955078125e-05
3.369095449577177e-06,1.7103667011001894e-05,2.0472762460579072e-05
0.0,3.8730483066143154e-06,3.8730483066143154e-06
0.0,0.0,0.0
8.80491759501881e-06,1.6313830910385475e-06,3.9603331640695646e-05
0.0,4.011648243070196e-06,7.203698701882839e-06
3.9506674578630784e-06,1.9157437600985655e-06,1.2805143494290902e-05
1.6563927826545938e-06,8.475500339926331e-06,2.9127133734309787e-05
0.0,0.0,0.0
0.0,1.608859978196201e-06,1.0491598079221962e-05
7.620925380312052e-07,9.137502696114733e-06,5.9604644775390625e-06
0.0,0.0,0.0
5.092458034921781e-06,4.9099569961658235e-06,9.359698836442858e-06
0.0,0.0,0.0
7.426760110139128e-06,0.0,7.426760110139128e-06
2.935051471781198e-06,1.5074844709747854e-06,2.7686653829679074e-06
1.1600487112589423e-06,0.0,4.116698418746218e-06
0.0,1.602181076099546e-06,0.0
2.3837683478287413e-06,1.5206517452582528e-06,3.2092140061032166e-05
7.3613709974884035e-06,0.0,8.788974948944623e-06
3.277697166038355e-06,1.972830935575489e-06,3.118612737872079e-05
0.0,1.7778763681668619e-06,0.0
1.4607662691920027e-06,2.6703355539046797e-06,6.606798547290149e-05
3.794997820293003e-06,1.1370065917184736e-06,1.8823342346093686e-05
8.441382781156328e-06,1.8651601452941984e-06,8.189488789233717e-05
3.0473504980351684e-06,2.357789212952883e-06,2.038915622830369e-05
0.0,1.0387461461689219e-06,0.0
3.2614546648133383e-06,0.0,0.0
0.0,6.577041399477269e-06,3.643781988391949e-06
0.0,3.404171091420946e-06,8.676304833895623e-06
4.4786712019717914e-07,2.1438857274228824e-06,8.642719945343455e-05
1.2952567099635352e-06,1.9746069328782858e-06,2.8786918964469555e-05
1.416683105632796e-06,4.383994217305139e-07,3.461515999793272e-05
6.09086021653195e-07,2.967800326835589e-06,7.3260730462090874e-06
4.654060523651851e-07,0.0,4.215734050735783e-06
0.0,4.773920964485646e-06,1.1269526434239988e-05
2.217385224733492e-06,1.3563580522853774e-06,1.4552316986277402e-05
1.1161768686548665e-06,3.5203447747561327e-06,6.202483573480567e-05
2.031795597647741e-06,0.0,1.1939548344537957e-05
4.523500464285123e-06,0.0,9.243661163360054e-06
6.271454092262509e-07,2.1422826140328298e-06,2.2917416946527743e-05
2.272578241371953e-06,2.603720798510292e-06,1.2339554853153686e-05
0.0,6.811247397595262e-06,1.8993388766888046e-05
2.389393775933425e-06,0.0,2.722903937699697e-06
2.7396526756576425e-06,1.2506730402335316e-06,4.786817252206268e-05
4.2707093909520125e-06,4.180819323701965e-06,1.1920928955078127e-05
0.0,2.464127993611353e-06,5.552117534118628e-06
6.410448939877651e-06,5.510480015200473e-06,1.1920928955078125e-05
3.0094874437762375e-06,0.0,3.0094874437762375e-06
2.3999885507940113e-06,3.5604759267450508e-06,5.9604644775390625e-06
2.908744635431757e-06,3.989884339343768e-06,1.2757382010205495e-05
0.0,0.0,0.0
1.605612372336953e-06,9.072718218386034e-07,4.92278352489419e-06
2.1212724702207637e-06,1.3359567242794278e-06,3.838999261400151e-05
0.0,2.3508926598914043e-06,2.3508926598914043e-06
0.0,9.202258683889425e-07,3.0446869778095563e-06
0.0,0.0,0.0
0.0,1.4110639414598384e-06,1.0071670682267285e-05
1.9475992213953728e-06,2.192884041096453e-06,3.535658636459994e-05
2.369684229355767e-06,0.0,6.764978797040273e-06
0.0,6.995833866782936e-06,8.389218470283104e-06
8.351892278393521e-06,0.0,8.351892278393521e-06
2.792251671250654e-06,2.0763430094346316e-06,3.225182115795283e-05
0.0,0.0,0.0
7.055734745327386e-07,4.267910178018451e-06,4.4428793634722457e-05
2.506579098384929e-06,0.0,9.290292185938616e-06
2.6385235162475115e-06,0.0,4.332532056797556e-06
0.0,0.0,0.0
6.46263608543624e-06,0.0,1.8997112512455788e-05
0.0,0.0,0.0
0.0,2.6047192338435694e-06,5.595477329501606e-06
0.0,3.425529191773573e-06,0.0
0.0,0.0,0.0
3.1022911109492444e-07,1.8671062933322317e-06,1.043424622983292e-05
0.0,0.0,0.0
3.0683127379396237e-06,2.9814739044841767e-06,2.1253228641200663e-05
1.1399446193519073e-05,3.2293504360809168e-06,1.1920928955078125e-05
4.611319123845584e-06,1.926040044362561e-06,1.8449905715415623e-05
0.0,0.0,0.0
1.998013731754032e-06,2.8449194592308512e-06,1.1063521822158816e-05
0.0,0.0,0.0
6.784354143170258e-06,5.888957270771782e-06,1.3407855338121173e-05
0.0,0.0,0.0
0.0,0.0,0.0
0.0,3.858308178003031e-06,8.393348117832308e-06
0.0,4.528725842802027e-06,7.618933834286812e-06
2.6714748624045394e-06,1.712237278048615e-06,3.7482060803882426e-06
1.6163038255562566e-06,1.6710921532299438e-06,3.67908679656722e-05
2.4421339103906637e-06,0.0,1.1268105693585506e-05
0.0,5.348259690515679e-06,5.7224329043517766e-06
0.0,0.0,0.0
0.0,1.0601704276021947e-06,2.9272749803051654e-06
2.3790134386560933e-06,2.633839056426603e-06,6.010193626415607e-05
0.0,3.2223062945464936e-06,5.0725135459559305e-06
0.0,0.0,0.0
0.0,8.101481570532167e-06,2.3738805841209346e-05
1.4898744011237275e-06,9.365662530098586e-06,1.8619767755271128e-05
0.0,7.94420014594932e-06,1.1842962643587578e-05
0.0,0.0,0.0
3.7746650154166147e-06,4.1739057694218944e-06,4.20485662627689e-05
1.8976958293447442e-06,0.0,3.960394788613763e-06
7.824140321430031e-06,4.096788633648093e-06,1.1920928955078125e-05
8.026889654678991e-07,0.0,1.7997890692629914e-06
1.1700790979957915e-06,1.6858169050798352e-06,4.6740265121829374e-05
0.0,2.9268161310494403e-06,0.0
5.489081408757748e-06,5.59554569738099e-06,8.062829433262872e-05
0.0,1.3101663954724677e-06,6.175675672150049e-06
0.0,4.670144816249685e-06,8.509633384866188e-06
1.3237950310905751e-06,1.350909076001412e-06,2.6366258723900405e-05
1.4819326540131644e-06,0.0,3.158319078617697e-06
1.6934800018947871e-06,0.0,7.582793070910324e-06
0.0,0.0,0.0
1.0812406825703137e-06,9.726287240442367e-06,5.082566346718687e-05
0.0,5.8380674500191204e-06,0.0
0.0,8.04498934331865e-06,1.0989076907415335e-05
3.2850067289235337e-06,4.69934804213895e-07,7.29563115158296e-05
5.464699180079833e-06,0.0,2.1863248588733058e-05
0.0,2.835904117963073e-06,9.466485758801771e-06
0.0,0.0,0.0
0.0,3.3292022033123822e-06,6.018114704909133e-06
0.0,1.0424455832728014e-06,5.288850175028494e-06
2.680502906560127e-06,0.0,1.4150267591288314e-05
3.2698974186976726e-06,2.69056705884139e-06,5.9604644775390625e-06
7.329419987120061e-06,1.23410988817617e-06,3.398486504754197e-05
7.818110541153568e-06,4.102818413924558e-06,1.1920928955078125e-05
0.0,3.1729409454536026e-06,3.1729409454536026e-06
2.0089123882570635e-06,3.3218817670686465e-06,4.618354831639082e-05
2.5575331911588224e-06,4.132270821638909e-06,2.7294225967426804e-05
5.159736220805556e-06,8.008776227517059e-07,2.5443412772936308e-05
0.0,2.3440808640616477e-06,4.791825493231661e-06
1.35772324725205e-06,3.1471492453807863e-06,2.1975780195412096e-05
2.6665217039581855e-06,0.0,8.620066746756646e-06
2.951325186115485e-06,0.0,1.5592584578846297e-05
2.8843093030186297e-06,1.732853707471001e-06,6.274732628218457e-05
4.541184236629147e-07,1.6133324096552929e-06,4.206275851538502e-05
1.3803674101380421e-06,4.1096301545552465e-06,0.00017951272625018895
2.019405829932242e-06,2.9221340304168532e-06,2.4261496751090624e-05
0.0,2.827138494091406e-06,8.531468260953223e-06
0.0,2.999142691109592e-06,6.346923031256384e-06
0.0,4.9060543262504355e-06,8.676483008196822e-06
0.0,6.166612437687658e-07,9.32034669686239e-06
0.0,3.840875743072402e-06,3.840875743072402e-06
4.346786116577786e-06,0.0,0.0
0.0,7.4635063702529315e-06,5.781834846004968e-06
0.0,5.268691331837449e-06,5.268691331837449e-06
1.6710790733901738e-05,0.0,1.6710790733901738e-05
0.0,0.0,0.0
0.0,3.195573060970966e-06,1.2411217446843087e-05
0.0,9.243013158109284e-06,9.243013158109284e-06
8.813360356201888e-07,7.774170775369425e-06,2.369779620752143e-05
4.667106920943302e-06,2.5363595260081827e-06,5.319985091117375e-05
0.0,7.1932914943061136e-06,1.1493021432626102e-05
0.0,0.0,0.0
4.409167158142349e-06,0.0,1.2890498375077081e-05
1.4470298876013472e-06,4.450262182325329e-06,2.9366885405121958e-05
0.0,1.5975947486078946e-05,2.385341437401077e-05
8.342762599599702e-06,1.2384192934385207e-06,1.5215662324604708e-05
6.389996417632099e-06,2.3709319886533475e-06,1.1406340241023006e-05
0.0,5.3741135009835494e-06,2.5639852262698643e-05
1.0783957678730423e-06,1.8571546838147348e-06,1.1066850851839841e-05
4.245372708520411e-06,4.477398265153607e-06,1.1920928955078123e-05
0.0,5.9900206851754525e-06,7.667560084888397e-06
2.5190215718750366e-06,1.3941111290195224e-06,1.1920928955078123e-05
7.046840467805709e-07,2.6731016803502753e-06,4.652079762263528e-05
5.7162399006365e-07,5.922418331660226e-07,1.3021335013361636e-05
0.0,3.337596974950983e-06,1.0778137143431152e-05
2.04290021782923e-06,1.8886226328232745e-06,2.5491417413796944e-05
0.0,2.025166602640975e-06,2.1168636820700656e-05
1.254250775421746e-06,3.236067539305034e-06,3.3399932098421985e-06
0.0,4.206799220049343e-06,1.2876407989904817e-05
0.0,0.0,0.0
0.0,0.0,0.0
8.873784399188675e-07,0.0,8.16080931179049e-06
0.0,4.1318909372382185e-06,1.5825530202409668e-05
1.923447791194372e-06,5.343852262781767e-06,3.987081979300804e-05
4.1355514325015645e-06,0.0,1.3680079785021107e-05
2.57399453691686e-06,4.232387694438801e-06,1.5911855837714588e-05
0.0,2.1367805870535054e-06,4.296746707237323e-06
4.769711406758707e-06,1.9400835026065314e-06,1.24812589817429e-05
2.5117068149699175e-06,2.11797768258867e-06,1.0782579449239478e-05
0.0,0.0,0.0
0.0,0.0,0.0
0.0,1.5364425224194714e-06,2.1598949814628673e-06
0.0,8.488147819370648e-06,1.4885062794664016e-05
3.1662428174767924e-06,0.0,3.553602590700005e-05
3.4244847006694567e-06,6.12538853804361e-06,3.2998260014471046e-05
3.537692677895146e-07,1.8470342956446296e-06,7.923300289193978e-06
1.6040075665409393e-06,1.1496550470417779e-06,1.5171052106745026e-05
2.3592942735384384e-06,1.990259658856288e-06,2.402634758627672e-05
0.0,0.0,0.0
0.0,3.38265742468944e-06,1.3797148433304844e-05
0.0,1.7193275516670836e-06,1.7193275516670836e-06
0.0,4.300554460397745e-06,0.0
6.481539953575362e-06,0.0,2.451858429661608e-05
0.0,1.578500219134074e-06,8.921712618807457e-06
0.0,1.5002184006189571e-06,5.659791296144914e-06
1.0933744032392696e-06,1.3849003321554604e-06,2.169321749410094e-05
0.0,1.6340328151298307e-06,1.3735293554133872e-05
0.0,0.0,0.0
0.0,9.649716563141973e-06,3.905322152548964e-06
0.0,0.0,0.0
7.148736829750847e-07,1.1518317759869743e-06,1.1920928955078127e-05
0.0,2.054560290776595e-06,6.5390762396544e-06
0.0,9.416067055402351e-07,5.884754582350525e-06
0.0,0.0,0.0
0.0,0.0,0.0
1.8194085644049148e-06,1.1434899587877307e-05,6.557221487737951e-05
0.0,3.3596631795852343e-06,0.0
0.0,0.0,0.0
1.3357270371835515e-06,0.0,0.0
0.0,2.9162924146391517e-06,3.6098281986643954e-05
0.0,1.0716039614246321e-06,8.231666228125148e-06
0.0,7.3947269240261745e-06,1.346456810941552e-05
1.4180508403767058e-06,1.2204336862714662e-06,2.1499414669228024e-05
3.829491707523483e-06,5.458573905626859e-06,2.3731778855344924e-05
1.76679368451449e-06,6.85433279548419e-06,1.5003121318146201e-05
1.1863250778302964e-06,7.448515906128362e-06,2.2242027803880368e-05
4.805887050993452e-06,1.9696006016340547e-06,2.0124613234281066e-05
1.916776830478579e-06,0.0,6.116889396650417e-06
0.0,3.3660098414691513e-06,0.0
2.097540624348619e-06,4.259543031594363e-06,5.805703213164495e-05
0.0,4.157107202805662e-06,1.4455194546261787e-05
0.0,7.611966301494083e-07,2.668282083486369e-06
4.03204281945104e-06,2.062617743086125e-06,3.225620074330402e-05
1.1069482747517266e-06,3.877044077255809e-06,2.7636651500174235e-05
4.71363700509584e-06,2.1621875849946854e-05,2.6335512855042692e-05
5.745627480610801e-06,8.090510634670926e-06,1.6075336758955185e-05
2.3908980936427663e-06,3.1662574255912964e-06,2.008813745829299e-05
1.8525648763869976e-06,2.723593035591686e-06,1.695386376862106e-05
0.0,3.848352891267678e-06,2.755424174280824e-06
2.5807386263286503e-06,2.1863389289177313e-06,1.1191438813644843e-05
0.0,8.788055515743652e-06,3.285733036337103e-05
0.0,4.157271331894779e-06,1.0388619193129407e-05
0.0,5.470468663560785e-06,7.716940555723162e-06
0.0,3.755485470539958e-06,2.001160802430211e-05
3.909425270031663e-06,0.0,2.279996456130158e-05
0.0,0.0,0.0
0.0,4.507440869540037e-06,0.0
3.1012508524303837e-06,0.0,6.486148964040532e-06
9.32935271327867e-06,1.1402720959118022e-05,2.0732073672396692e-05
2.7653158240402864e-06,0.0,5.380581359878095e-06
0.0,3.827077220844555e-06,1.507069191175489e-05
0.0,0.0,0.0
0.0,0.0,0.0
0.0,3.633168885290028e-06,3.633168885290028e-06
0.0,0.0,0.0
1.054879493657649e-06,3.800159296818365e-06,4.7563899438219086e-05
0.0,3.633168885290028e-06,3.633168885290028e-06
2.0548066143230845e-06,0.0,7.376074072493387e-06
0.0,0.0,0.0
0.0,2.8547859980852996e-06,3.5330192557709257e-06
0.0,0.0,0.0
0.0,0.0,0.0
3.4292903146133977e-06,0.0,3.4292903146133977e-06
8.62207683142981e-07,0.0,1.0143840243032439e-05
3.248703874846598e-06,2.5310276290038224e-06,1.1920928955078125e-05
1.975087765570527e-06,1.151989432581021e-06,0.00010854894997721934
0.0,0.0,0.0
2.929928394420236e-06,0.0,2.929928394420236e-06
0.0,0.0,0.0
3.257107454307776e-06,4.595770056653623e-06,1.9193849570381903e-05
0.0,3.4509303365366705e-06,0.0
0.0,0.0,0.0
2.7930641300329493e-06,0.0,4.789024866697575e-06
0.0,0.0,0.0
0.0,2.6908513026287946e-06,2.6908513026287946e-06
0.0,3.494323467780641e-06,3.494323467780641e-06
5.392291499153966e-07,0.0,4.818900531058313e-06
1.0693831502016806e-05,0.0,5.814506279949212e-05
4.07228133158453e-06,2.9635788251914934e-06,1.1920928955078127e-05
2.374063706762498e-06,1.6904693211830546e-06,6.236312017870689e-06
0.0,1.73920773649308e-06,1.3396538127580745e-05
0.0,0.0,0.0
0.0,5.376317342770096e-06,6.899070521217476e-06
5.3389397410520755e-06,0.0,1.5701904412150678e-05
5.59950646056944e-06,6.3214224945086854e-06,2.384185791015625e-05
1.1941084201041524e-06,8.456664592210792e-07,3.172392000527291e-05
3.0499729925934536e-06,1.1641965939782436e-05,1.4691938932375889e-05
3.0993293914702995e-06,2.567573400967601e-06,1.9558184470939875e-05
1.0288562451313445e-06,6.326939230245949e-06,1.90756505932468e-05
1.4607367375432376e-06,3.5952493733712064e-07,7.7447474001371e-06
0.0,3.50016860662954e-06,5.999846976587061e-06
2.0277245801628674e-06,2.1854724225004374e-06,7.307196242531598e-06
0.0,0.0,0.0
0.0,8.448003455927777e-06,1.0415889584344398e-05
0.0,1.8834851002026696e-06,9.452042593755468e-06
0.0,0.0,0.0
0.0,1.244033607684954e-06,7.569682970633366e-06
0.0,1.9012265669071468e-06,6.827072986468454e-06
0.0,1.3884411731518318e-06,1.0353550955408524e-05
0.0,0.0,0.0
0.0,0.0,0.0
0.0,6.419673455454783e-06,6.572910300642832e-06
1.5000659912760351e-06,4.267984306380979e-06,5.066340979244308e-05
0.0,1.5470021611266626e-06,2.893475936967213e-05
7.556555800602303e-06,1.8019904088391757e-06,8.754011543762908e-05
0.0,0.0,0.0
1.5523334281348408e-05,0.0,1.5523334281348408e-05
3.2622095886110486e-06,4.337744832785245e-06,0.0
0.0,2.363275377043932e-06,7.464225360267425e-06
0.0,0.0,0.0
3.2097902598256213e-06,5.689949528533395e-07,3.2466439574233076e-05
0.0,0.0,0.0
3.6287130134535744e-07,5.241300445066495e-06,3.783397602118569e-05
3.6903003105644802e-06,1.9052376104868905e-06,2.5897089378759147e-05
1.3061082468382006e-05,0.0,5.8498976189793464e-05
0.0,8.787854589306674e-07,0.0
3.089416649103114e-06,4.914011097912056e-06,1.871383274243931e-05
5.9440777007948875e-06,3.087997735404578e-06,1.7767339861297272e-05
0.0,0.0,0.0
6.402826650765074e-06,1.7117306493402408e-06,1.88267123036799e-05
3.526169190043299e-06,1.6257205415469684e-06,1.850129320490206e-05
0.0,0.0,0.0
1.872053177380953e-06,2.4300945727140323e-06,3.7067972649265115e-05
2.581678684780222e-06,0.0,8.7392561284344e-06
3.7033768716304605e-07,3.3767307419177875e-06,2.8394545467225468e-05
0.0,0.0,0.0
1.4158903022508533e-06,4.454890359606586e-06,9.604545000806622e-06
1.631395615153937e-06,6.864250620613586e-06,5.962945498617194e-05
4.035261326473324e-06,7.885667628604801e-06,1.1920928955078125e-05
3.678953268073344e-06,2.4996203256352227e-06,4.6550370296433155e-06
0.0,0.0,0.0
0.0,0.0,0.0
0.0,0.0,0.0
0.0,1.7717792286470645e-06,3.0057177746354756e-06
4.271648500192343e-06,3.4421021752793112e-06,2.9839875305689946e-05
7.002127275021417e-07,0.0,1.202946753728506e-06
8.37953156834992e-07,0.0,2.72238119571601e-06
6.703320993438922e-06,4.50054078517117e-06,9.41964644908082e-05
0.0,0.0,0.0
0.0,7.833682843113218e-06,1.840655405654903e-05
1.8886640574422547e-06,4.5804356050036335e-06,1.8420018822369658e-05
0.0,0.0,0.0
4.408772100023697e-06,3.870263674217665e-06,6.109587762118746e-05
0.0,0.0,0.0
0.0,8.451046274867867e-07,0.0
5.185452160516192e-06,1.2806672031344574e-06,3.634083434755072e-05
0.0,0.0,0.0
0.0,0.0,0.0
0.0,6.888341070735203e-06,9.636490895077792e-06
7.251886728762713e-07,0.0,8.220747263889374e-06
0.0,0.0,0.0
0.0,1.0254899308073616e-05,1.592633594328554e-05
1.1256285514931542e-06,7.738921533664182e-07,1.0952232558295835e-05
9.689522467238989e-07,1.1432659884085378e-06,7.5126888465842914e-06
0.0,0.0,0.0
7.388131474255695e-06,1.353683065346504e-06,5.453402918804081e-05
4.462902824212725e-06,1.7249169922931217e-06,3.0674440588500916e-05
9.359228383545424e-06,0.0,3.094972015734298e-05
0.0,0.0,0.0
0.0,0.0,0.0
1.0625834187648638e-06,5.987247423866035e-07,1.1112842811238675e-05
0.0,2.057740736864023e-06,2.997083827058999e-06
1.522471203327977e-06,0.0,4.851335075338978e-06
0.0,0.0,0.0
4.995249196323709e-06,0.0,8.024759463066156e-06
4.034900474216583e-06,1.943492812768976e-06,1.498341024195095e-05
0.0,0.0,0.0
0.0,1.550245165221099e-06,5.9313773483940694e-06
9.584073944943125e-06,0.0,1.8401663941942704e-05
2.5776915918329743e-06,1.2909588532983124e-06,2.9609504188208552e-05
1.1360618848634862e-06,2.7211001047137896e-06,1.651199681327096e-05
0.0,7.555789678614378e-07,2.9737047103205447e-06
0.0,0.0,0.0
0.0,9.897225904411676e-07,8.962799375104665e-06
4.795602986310836e-06,2.7065589806688718e-06,5.458952742736744e-05
0.0,3.226731087373211e-06,6.272046226747524e-06
3.0073207679829403e-06,0.0,3.8030106629155297e-06
0.0,4.5021027703160985e-06,8.446137285128634e-06
0.0,0.0,0.0
0.0,6.767316810556584e-06,0.0
0.0,0.0,0.0
1.8054567159935713e-06,0.0,2.6364280120422453e-05
7.530958090279e-06,1.6683219703767573e-06,0.0
0.0,4.718445766225808e-06,4.718445766225808e-06
7.968939062208171e-07,5.114208956799256e-06,8.052476460192239e-06
0.0,0.0,0.0
7.010132528351565e-07,1.5266495549667067e-06,1.0795095685211057e-05
5.394224506406858e-06,0.0,2.0426636084257254e-05
0.0,0.0,0.0
4.1296814029244786e-06,2.853281434792357e-06,4.443797646494153e-05
5.233962628150057e-07,5.9672746006441616e-06,6.244046416517821e-05
0.0,0.0,0.0
0.0,0.0,0.0
8.889456180935474e-07,0.0,6.250664973811545e-06
2.079539190910517e-06,3.922874142983003e-06,3.842711414881253e-05
0.0,0.0,0.0
0.0,0.0,0.0
3.182526967827538e-06,1.1193445282276608e-06,4.0657656687922506e-05
6.7630775878713434e-06,6.731034357030757e-07,2.7097091872872782e-05
6.693417184463009e-06,0.0,6.693417184463009e-06
9.441837616101665e-06,1.23954566948823e-06,1.0681383285589895e-05
3.353972324727163e-06,1.5023267556624892e-06,1.4857269317782985e-05
0.0,1.4410524833743108e-06,4.271484939216415e-06
0.0,1.099903028141533e-05,1.5070167180433091e-05
3.096015316149977e-06,0.0,5.4531333904089745e-05
1.4277555316242415e-06,0.0,1.5145398455002328e-05
0.0,2.112162042311969e-06,1.3700630611775283e-05
0.0,8.434275935884786e-06,1.1807237964694838e-05
0.0,0.0,0.0
1.9249460855699267e-06,0.0,2.8757305089186457e-06
7.096153753990994e-07,0.0,1.3821959783420117e-06
2.1770791798523123e-06,3.78338529768675e-06,5.9604644775390625e-06
5.324945038141815e-06,2.6175498912104044e-06,7.007761589139565e-05
2.3455194044169574e-06,0.0,2.887641992591207e-05
5.193768350176328e-06,1.1728450263993475e-06,1.2572756877772106e-05
0.0,0.0,0.0
0.0,0.0,0.0
2.9294031600188222e-06,3.903440561193457e-06,4.187812064966266e-05
3.1808726738167276e-06,4.758321851197433e-07,4.152494511680725e-05
0.0,2.8547389333978857e-06,4.831708714219587e-06
1.4458003967676388e-06,2.111874152898242e-06,2.1464017543894705e-05
2.4017814631813203e-06,1.9245886119437447e-06,1.8979973828062666e-05
6.573880408849103e-06,1.3572914798898503e-06,3.2326963991638686e-05
1.5503285750807498e-06,0.0,7.483919207611777e-06
3.127373236117806e-06,4.4730124476165796e-07,2.0312841399467987e-06
4.104653194663578e-06,0.0,5.2859265740406065e-06
0.0,6.842719416138426e-06,1.0616941955187585e-05
0.0,1.5125746685868186e-06,2.7877901638575424e-05
0.0,2.6865147023676176e-06,7.67975071457893e-06
0.0,5.068950814427111e-06,0.0
6.1313666854058495e-06,0.0,2.9444128195904567e-05
4.295168493103186e-06,3.988078499835853e-06,2.910395568688581e-05
0.0,1.4126357808948332e-06,9.68816462605339e-06
0.0,3.833142505341063e-06,7.253651922914369e-06
1.4628666715449235e-06,0.0,2.7071358723728232e-06
0.0,1.4151437012728472e-05,1.6834035841308954e-05
0.0,3.882145376974559e-06,7.369783638161663e-06
0.0,0.0,0.0
0.0,1.3930648577838377e-06,1.7272564544163973e-05
3.5877241643372436e-06,3.919805751080359e-06,4.03974116002028e-05
3.4875426966820648e-06,4.9458435617139955e-06,1.9074142226839946e-05
7.465273148892771e-07,4.282660040126769e-06,1.4301584252694436e-05
3.2210237834973427e-06,0.0,1.4855580666421927e-05
0.0,2.342714498629001e-06,0.0
2.1250865014305996e-06,0.0,5.494534800458347e-06
9.561671754234223e-07,1.9579826581283023e-06,1.1611320406913049e-05
0.0,0.0,0.0
4.511601088996424e-06,9.133833291293582e-07,0.000108871080319773
0.0,7.804474563347756e-06,7.804474563347756e-06
0.0,0.0,0.0
0.0,0.0,0.0
0.0,4.951645125936668e-06,0.0
3.0308474980494396e-06,4.621404310402004e-06,2.1917014402318212e-05
0.0,5.645163488829803e-06,5.645163488829803e-06
6.6974413694733305e-06,7.358767025359892e-06,3.245383145161761e-05
0.0,0.0,0.0
0.0,2.5465549071940738e-06,0.0
1.800553257599142e-06,3.806408149997878e-07,2.8908496302442098e-05
1.3822838561640948e-06,0.0,4.491419883461996e-06
1.4974661286089525e-06,0.0,2.8414107252037536e-06
3.056240414644054e-06,1.529038148384415e-06,6.681917639951658e-06
0.0,1.7567124500054595e-06,6.404173547510356e-06
0.0,3.374782742848403e-06,5.932168068748502e-06
2.1611646400178493e-06,1.5441808354529653e-06,1.5687949509826617e-05
0.0,2.0559836067946917e-06,0.0
0.0,3.2519212045861074e-06,3.2519212045861074e-06
0.0,4.3309019096028795e-06,0.0
2.3358490372619467e-06,7.171614843155256e-06,4.119908419621298e-05
6.894972672344246e-07,1.1689109730567119e-06,2.2716264122717957e-05
0.0,4.4926640978324274e-06,1.4193152559078581e-05
0.0,5.6920043472085375e-06,1.545191029002722e-05
4.217511667292379e-06,3.025028707327558e-06,1.1920928955078125e-05
2.6772231510098486e-06,1.3629373806979329e-06,9.179314318680953e-05
3.261157114959543e-06,1.0963187613633936e-06,2.4066954251115527e-05
9.59218700031907e-07,2.8734969114919237e-06,1.8745572169674637e-05
9.384837144063665e-07,8.149151250617811e-07,2.094751796797622e-06
1.1086121493104912e-05,3.203933486961689e-06,5.005212454064807e-05
0.0,1.6865929466346408e-06,5.249480418917727e-06
2.04633423356439e-06,3.6358824531598957e-06,4.191552347123116e-05
0.0,4.0705030589831e-06,8.759501759311375e-06
0.0,4.142544551248825e-06,1.3016212529344213e-05
0.0,4.1233184590870565e-06,0.0
0.0,9.57875347360879e-07,6.628777876024575e-06
2.8028045303230696e-06,9.552851311084136e-07,2.507922717216599e-05
5.658760632165101e-06,0.0,5.658760632165101e-06
2.517169630825973e-06,0.0,3.1614133765631847e-06
0.0,0.0,0.0
0.0,5.852471494131771e-06,1.014455059512305e-05
7.416428510845581e-07,0.0,1.5247985988048683e-06
5.046986605778314e-06,8.693525325331704e-07,3.372823657100643e-05
0.0,6.42875245686869e-06,1.9448744285811213e-05
4.7711443257660495e-06,7.06826115377927e-06,2.67816203791619e-05
0.0,0.0,0.0
0.0,0.0,0.0
0.0,1.3295816181281052e-06,2.6152616534248408e-05
0.0,9.528004223464605e-07,2.260774029517772e-06
0.0,0.0,0.0
3.227519709139292e-06,1.8020610620449318e-06,4.969548953884194e-05
0.0,1.2560254948107197e-06,2.1364617785403137e-05
2.6273417737252987e-06,4.809782629989524e-06,1.0844036983832388e-05
1.6092248084648625e-06,2.2215280438287396e-06,1.1459726234721723e-05
6.240639800516106e-06,0.0,9.923197345229401e-06
0.0,0.0,0.0
2.9782337924030207e-06,8.41397298913325e-07,0.00014477401930738343
3.0790342702605652e-06,0.0,7.062672175036856e-06
2.422548957732507e-06,0.0,8.49107083761008e-06
0.0,5.87084544124708e-06,8.007727902385031e-06
0.0,0.0,0.0
8.123923022552264e-06,2.0109997166210646e-06,2.3269625898254595e-05
6.126628910759352e-06,6.06019164757732e-07,4.5992517758420484e-05
3.0865709963842755e-07,0.0,2.935402933469276e-06
2.995158043826004e-06,3.901790125416364e-06,1.1920928955078123e-05
0.0,0.0,0.0
0.0,0.0,0.0
0.0,3.8484444363032294e-06,3.8484444363032294e-06
1.6976676998505004e-06,8.076293978022455e-07,1.4165764619072375e-05
0.0,4.2469076512575555e-06,1.6729653683098246e-05
6.5769809634852164e-06,4.846890617783985e-07,4.238479102325182e-05
6.6755936111471736e-06,0.0,8.609897270241354e-06
1.4056292049050884e-06,4.839743606426837e-07,2.4397236334979002e-05
6.927651032212348e-06,0.0,9.560235184271915e-06
3.927217192679311e-06,0.0,2.137215748952632e-05
6.907554162876898e-06,2.526806120655163e-06,1.988953365348604e-05
0.0,5.803152020928342e-06,0.0
0.0,5.0630704604336485e-06,8.41344700762877e-06
9.921058019740014e-06,3.3701292621069165e-06,5.010754587861689e-05
0.0,1.6088080950874595e-06,3.1590175759457047e-06
0.0,2.3544329583807775e-06,1.297049459095952e-05
0.0,0.0,0.0
0.0,1.1869631949665484e-06,4.358871204618351e-06
0.0,0.0,0.0
0.0,1.4092682631608248e-06,1.0332664739844338e-05
0.0,8.000681412567306e-07,3.7973431973208315e-06
1.1095875236183612e-06,1.7142832042824623e-06,1.8602254085432794e-05
2.0652692501217847e-06,0.0,0.0
5.2996488892043355e-06,8.332029266809219e-06,4.45517019259762e-05
0.0,0.0,0.0
7.094794761625069e-06,0.0,1.2793832045061279e-05
0.0,0.0,0.0
1.0053753119607855e-06,5.590311160647295e-06,3.0101763479595844e-05
0.0,0.0,0.0
8.603646876184693e-06,1.0902041380597524e-06,3.4036728363717346e-05
1.3278277644812794e-06,0.0,3.546662270314262e-06
0.0,1.1144980423574076e-06,5.316267133504065e-06
4.569571650861428e-07,4.220032893044141e-06,1.7842320774787137e-05
2.2684661273334443e-06,0.0,3.5043186805061916e-06
0.0,1.961130761570212e-07,4.709928798692397e-06
3.653503785892798e-06,0.0,3.653503785892798e-06
0.0,0.0,0.0
9.946473628050983e-07,0.0,2.6827058727858923e-06
3.444244601659478e-06,0.0,9.340789529895247e-06
0.0,5.0536075021341096e-06,2.8859426121179923e-05
9.587729308226178e-06,1.7405197917655719e-06,2.6431185348810574e-05
4.3538609627891005e-06,0.0,4.031043803933991e-05
0.0,4.53661833232496e-06,4.748923687274297e-06
2.5316957048408855e-06,1.4214614013761457e-06,2.6825086819027223e-05
0.0,0.0,0.0
1.1396775632871068e-06,5.410884058852972e-06,1.645036275036551e-05
1.6282442241811126e-06,4.833318698318354e-06,9.521590705594173e-06
0.0,0.0,0.0
0.0,1.1211082163418196e-06,0.0
0.0,3.146728521642843e-06,9.99180425657834e-06
0.0,4.0120644772529536e-06,5.3311516095867795e-06
4.985791342432351e-06,0.0,7.492750497451796e-06
0.0,3.961887789310509e-06,1.8686686756501646e-05
1.9335868470753443e-06,3.104614618419516e-06,1.7330232650461984e-05
0.0,3.1281016054558515e-06,4.606867749420702e-06
0.0,0.0,0.0
0.0,6.856428077870506e-07,3.0716361738497894e-06
0.0,7.389258420953015e-07,1.0471145170698929e-06
7.99008701258413e-06,0.0,1.74716828383991e-05
1.4716431982832457e-06,4.237480666915477e-06,3.6493553203555804e-05
0.0,0.0,0.0
0.0,0.0,0.0
6.840975064659743e-06,1.634587056933453e-06,1.877666595576779e-05
0.0,6.924286150056458e-06,8.571155913482117e-06
0.0,1.6312675104581314e-06,5.267153023287015e-06
0.0,5.1664969313485595e-06,7.257318805939764e-06
2.3232576665867014e-06,2.032689273876532e-06,3.126470489951211e-05
0.0,0.0,0.0
4.6903022060241535e-06,0.0,1.001565400226804e-05
0.0,2.33535775841071e-06,2.33535775841071e-06
5.159211638648192e-06,0.0,2.1715851428704875e-05
7.383893352902391e-07,9.787463832702383e-07,2.9646417893071073e-05
0.0,0.0,0.0
0.0,0.0,0.0
0.0,0.0,0.0
0.0,9.029089776532115e-07,5.497746603199193e-06
0.0,0.0,0.0
0.0,1.4591100991022992e-06,5.212920978031142e-06
0.0,0.0,0.0
5.253445977895204e-06,4.340589083519617e-06,2.0182558028835452e-05
1.1643839965080694e-06,2.8971082579210047e-06,1.1454125285543114e-05
2.2069396641431053e-06,5.120825845528208e-06,7.692991273469367e-06
9.01694511810066e-06,2.9039838369774657e-06,1.1920928955078125e-05
1.0300543211435415e-06,0.0,1.5036434906606264e-05
3.518613516245329e-06,4.883701922587466e-06,8.402315438832795e-06
0.0,7.195935203819831e-06,7.195935203819831e-06
3.044610606132954e-06,0.0,1.6974591529819e-05
2.3133120897125407e-06,0.0,3.27055440596606e-06
2.4129966679081844e-06,2.7165873013738506e-06,2.7154890141157233e-05
1.189216512596964e-05,0.0,2.0357622210177087e-05
3.906450684206401e-06,2.2598805167219543e-06,4.1140940022501844e-05
6.540729957475638e-06,3.584619962768975e-06,2.127417836190226e-05
0.0,2.629076849157185e-06,8.662602246374379e-06
0.0,0.0,0.0
7.363539386939808e-06,0.0,8.082581163589836e-06
4.481571719276994e-06,1.685506007536949e-06,1.1920928955078127e-05
1.1385791653162587e-05,0.0,1.822413446181774e-05
0.0,2.7313851027202878e-06,5.904323715559286e-06
2.8446873019202188e-06,0.0,4.61000225098048e-05
4.6451109017486325e-06,1.27667334599497e-06,5.1414449617898786e-05
0.0,0.0,0.0
4.4772759665106285e-06,1.327126102791236e-06,2.8401565611013342e-05
6.088911342537496e-06,0.0,2.5541327131184613e-05
0.0,1.436686017792849e-05,1.436686017792849e-05
0.0,9.226726872987559e-07,5.976552119103388e-06
7.314725046762153e-07,3.4193103341708296e-06,2.378765387358063e-06
1.8675086910796342e-06,0.0,6.629329694209642e-06
7.021104297339356e-06,0.0,1.3686456270208502e-05
3.745318567471592e-06,7.064266580094925e-06,9.191004109634984e-06
9.098604361319122e-07,2.7899447753612545e-06,2.9472829200373893e-06
0.0,1.8125194299578978e-06,5.400871758789341e-06
0.0,2.7081043599444568e-06,1.5883884725840017e-05
0.0,3.1364210798743642e-06,0.0
1.9152120618580024e-06,1.2459202639919994e-06,1.1842765869123841e-05
0.0,0.0,0.0
0.0,5.828761907253291e-07,8.13895818273099e-06
2.7185671597810393e-07,0.0,1.432721007725427e-06
0.0,8.04656410010565e-06,1.7189858472774097e-05
0.0,9.342955610605472e-07,0.0
1.6645191865521452e-06,0.0,4.657241620047778e-06
0.0,0.0,0.0
1.34484600372142e-06,9.231236947635285e-06,1.0576082951356706e-05
0.0,0.0,0.0
0.0,4.343835294243211e-06,0.0
4.825086298847625e-06,0.0,1.7662479248131124e-05
2.64005284353375e-06,1.6884708822587631e-06,8.575713820068438e-06
0.0,3.3508006450314426e-06,7.074412614454494e-06
0.0,3.440754240703887e-06,1.2553325729538265e-05
0.0,0.0,0.0
8.48781825390964e-07,6.878347481559095e-06,2.5406237399263022e-05
3.389661878353102e-06,2.894009613546292e-06,7.583925325308086e-06
1.059288831861397e-06,2.242117699489266e-06,1.697645218931733e-05
3.515561520697062e-06,0.0,2.3744275976703886e-06
0.0,0.0,0.0
0.0,3.7201262202920955e-06,6.330422029578687e-06
1.5338430374527802e-05,0.0,1.5338430374527802e-05
0.0,4.576005398248555e-06,4.576005398248555e-06
1.5510074456887956e-06,0.0,1.5510074456887956e-06
8.941509886709117e-07,5.516204091268848e-06,3.80424057502654e-06
1.573042022431865e-05,0.0,1.573042022431865e-05
5.783758246766551e-06,7.199844326156858e-07,5.359158855484637e-06
3.280112620476595e-06,0.0,7.947707447438713e-06
0.0,1.8345567775806339e-06,3.2044660868646737e-06
1.0963449058435512e-06,2.420269413835832e-06,2.395432822201675e-05
6.880614033258181e-07,3.1123517603511942e-06,8.8510588566114e-06
0.0,2.3167969000407073e-06,3.6112824630226565e-06
4.2650401868390985e-06,0.0,9.922326906534368e-06
4.066920899023071e-06,0.0,5.071754685648025e-06
0.0,0.0,0.0
3.0772116098706754e-06,4.779739728454218e-07,6.779790355486575e-05
0.0,3.7792587305777463e-06,5.6845775791986214e-06
2.9226514220793498e-06,2.8087747538265863e-06,1.5641997144894796e-05
4.966523632190346e-06,2.902682897226406e-06,2.6138563909891692e-05
5.897220748204389e-07,0.0,0.0
4.839549203249565e-06,1.6435875894837623e-06,1.8691221402774062e-05
2.5655256579900405e-06,1.3580973062835931e-06,1.8829645528235906e-05
8.214779775503565e-06,0.0,2.6025018261346678e-05
4.258568024236592e-06,0.0,7.220709794319037e-06
0.0,0.0,0.0
0.0,4.1866080420625975e-06,1.985226837414402e-05
1.095568935277999e-06,4.985701320875209e-06,1.3852451193859732e-06
0.0,1.2203533540270688e-05,4.201724580924024e-05
4.479152545715831e-07,1.4244312070383637e-06,1.1054650057234307e-05
3.907581389584503e-06,0.0,6.062731371300855e-05
2.1633501164944697e-06,0.0,1.2850015389276964e-05
0.0,0.0,0.0
0.0,0.0,0.0
2.088198443380208e-05,1.0420066722540004e-06,5.1801427254661976e-05
6.3175362712892415e-06,0.0,6.3175362712892415e-06
8.449763808248488e-06,5.8003945137306204e-06,5.1107157040304775e-05
1.941812642025668e-06,0.0,7.955552761506729e-06
1.7868495859522376e-06,7.841611849948692e-07,2.559812652960643e-05
9.239051934557846e-06,2.6818770205202783e-06,1.1920928955078125e-05
0.0,7.022409914944275e-06,7.022409914944275e-06
5.5457764088663964e-06,1.5990172081282931e-06,2.5895888843948918e-05
4.909962351430163e-07,4.909962351430163e-07,2.9316589544973902e-06
1.5284118664720517e-05,0.0,2.1323041629682475e-05
0.0,4.692728435580485e-06,7.38263779503011e-06
1.2882907506511442e-06,0.0,1.0668818935142044e-05
0.0,0.0,0.0
3.14414178903545e-06,1.0368996511305708e-06,6.944515127145302e-06
8.360960592625976e-07,6.044092581024708e-06,2.0494242774389727e-05
0.0,0.0,0.0
0.0,4.70621969120595e-06,4.70621969120595e-06
4.923375571040053e-06,1.7932760884797134e-07,5.013926207396647e-05
0.0,1.8886445806148468e-06,2.8580544722252987e-06
6.838533510417009e-06,0.0,9.584625178750572e-06
2.366822725892263e-06,5.25870729952185e-07,7.632752199204392e-06
0.0,2.4015237416636726e-06,7.672492458370151e-06
5.048292271017013e-06,6.598079435298908e-07,5.752815455109123e-05
2.852180160505578e-06,4.0863785339892925e-06,2.384185791015625e-05
0.0,0.0,0.0
0.0,0.0,0.0
0.0,2.035375877927728e-06,2.5847454139931892e-06
3.711075699342353e-06,0.0,6.404862834476272e-06
1.4563261445019008e-06,5.3668467029005115e-06,0.0
8.703996840743937e-06,0.0,8.703996840743937e-06
0.0,0.0,0.0
1.8320990409852494e-06,3.895765791999819e-06,3.7877664146973524e-06
1.9325841827601582e-06,0.0,3.205328704201594e-06
0.0,4.6215760401096743e-07,7.907836265136831e-06
0.0,0.0,0.0
0.0,1.522579467096171e-05,1.522579467096171e-05
0.0,4.00763373103586e-06,1.5257005421205016e-05
0.0,3.0562161329903934e-06,2.1942771316446918e-05
0.0,5.904740748025235e-06,1.4645481205386011e-06
4.840216114520388e-06,1.3899099824983076e-06,1.6058657871899732e-05
0.0,0.0,0.0
7.653120857584453e-07,2.795073338637649e-06,1.8941175315302437e-05
0.0,0.0,0.0
0.0,8.394971084914911e-06,0.0
1.81999064534681e-05,0.0,3.457919301400552e-05
1.8542343611256762e-06,2.5493695638610762e-06,1.74150317827015e-05
5.968366857624765e-06,6.556353118799022e-07,2.1486763281358803e-05
2.7170712850656854e-06,0.0,6.016580066722818e-06
0.0,0.0,0.0
0.0,1.1087341514008306e-06,2.5242954641399893e-06
3.0884568954772664e-06,0.0,0.0
0.0,1.8152385522403014e-06,3.880859015915946e-06
0.0,2.0820154021492255e-06,9.966013089568147e-06
2.4437625322365397e-06,0.0,7.264392121231419e-06
4.732945142189505e-06,0.0,4.732945142189505e-06
3.4951330425865203e-06,2.424252748447467e-06,2.5591929578771532e-05
3.2613372405358894e-06,5.587895700709812e-06,5.14562485195131e-05
4.2738214268119955e-06,4.1270735803588024e-06,5.988305395090022e-05
0.0,0.0,0.0
0.0,1.700819260920715e-06,6.528001364026302e-06
0.0,2.0980895728108754e-06,0.0
0.0,0.0,0.0
0.0,0.0,0.0
0.0,0.0,0.0
1.041922806808625e-06,2.8931674000436205e-06,4.582018689771655e-05
0.0,2.2336861394097455e-06,3.2438530680260577e-06
0.0,2.916743447758601e-06,2.916743447758601e-06
9.544510475470343e-07,2.6004115663216577e-06,7.653584114275031e-06
0.0,2.794248719926538e-06,3.76785220653043e-06
4.957150318795849e-06,0.0,6.370147752743619e-06
0.0,3.99928340997967e-06,6.029420431009574e-06
9.42725172962444e-06,0.0,7.571125194713883e-06
7.306604248733214e-06,0.0,1.385891021733123e-05
0.0,3.4615018663708226e-06,0.0
0.0,0.0,0.0
0.0,9.81293355149335e-06,9.81293355149335e-06
4.3073221866070855e-06,0.0,0.0
7.301838395346004e-06,4.61909055973212e-06,1.1920928955078125e-05
0.0,1.0930380962323576e-05,1.0230760923795468e-05
7.137767859579484e-06,4.783161095498642e-06,1.1920928955078125e-05
8.620696712289581e-06,2.3560570138125223e-06,1.3627488949189303e-05
0.0,0.0,0.0
1.4700913930973511e-06,2.1664708046995716e-06,1.632805900591392e-05
0.0,8.701176390761557e-06,1.690083604468117e-05
0.0,0.0,0.0
0.0,0.0,0.0
0.0,1.7237059270984908e-06,6.036620303242482e-06
1.6252469262333693e-06,5.075374591113431e-07,7.593729779498825e-06
4.927466380848869e-06,0.0,7.564071074322929e-06
1.2223527044820842e-06,2.833413008016453e-06,1.1821045736867728e-05
6.68427427738106e-06,1.264827600044538e-06,7.6159521057255e-05
2.0486772079177225e-06,8.24719978768137e-06,3.928197515021751e-06
6.306322452331529e-06,3.494732971467968e-06,2.0574529921747023e-05
0.0,0.0,0.0
1.768470167501687e-06,0.0,5.457104068236448e-06
7.859383125788341e-07,3.862725151339044e-06,1.699343861820242e-05
2.9791456756286723e-06,8.834610054706433e-07,4.4273194536766336e-05
0.0,0.0,0.0
1.3631945130097064e-06,7.433662815460238e-07,2.5712843078287874e-05
0.0,2.346789532121109e-06,6.092238842584003e-06
1.1977681140206377e-05,1.568255673563064e-06,3.395013234610616e-05
5.036503389755571e-06,0.0,0.0
3.430176944575636e-06,3.35213008297766e-07,4.161986319509216e-05
0.0,0.0,0.0
3.723534941967709e-06,2.236929535571353e-06,5.9604644775390625e-06
0.0,1.8892055585386152e-06,3.1296278585894533e-06
1.0300623398164004e-06,4.183754272369577e-06,1.7586927431284606e-05
9.466841567917418e-06,0.0,9.466841567917418e-06
6.075154549973868e-06,0.0,2.5544811384907546e-05
9.317622715548949e-07,0.0,3.82917481620954e-06
0.0,0.0,0.0
4.390434173116745e-06,1.198532550445441e-06,1.531140277609146e-05
7.274412599916335e-06,0.0,1.9081461314425376e-05
1.8278495768467195e-06,0.0,1.0526525343927164e-05
7.2078791632336066e-06,0.0,4.740560047310271e-05
8.565897339385155e-06,0.0,1.0354888227025239e-05
1.018820299335362e-06,0.0,4.02247546693826e-06
3.4442367023600033e-06,3.0707319567273895e-06,1.5072239874062976e-05
1.2475293615696608e-05,0.0,3.7684727788748484e-05
5.940781691104439e-06,3.6638711725758064e-06,3.705932025737529e-05
5.077320630666981e-06,1.5655385661942488e-06,4.0940336316085256e-05
4.969010268871054e-06,3.2162833306047154e-06,6.880814844796259e-05
2.484695079959942e-06,2.4916114452957745e-06,9.10642359460116e-06
0.0,8.256244562287792e-07,6.44584848653016e-06
2.58027813493933e-06,0.0,1.2459118128352129e-05
4.574051800268951e-07,0.0,9.874660657262017e-07
2.097290408377036e-06,7.726348138324052e-06,9.823638546701088e-06
3.84927087453956e-06,0.0,1.2128609744361921e-05
0.0,2.7108839911494897e-06,2.4212503302726547e-05
4.118438823791544e-06,0.0,1.0728516730669776e-05
5.944732479395855e-06,4.996685659046513e-07,3.649974730190057e-05
3.9178828947201025e-07,0.0,0.0
4.943920144217813e-06,0.0,6.699283457742821e-06
0.0,0.0,0.0
0.0,1.4139092791125607e-06,2.43395531575226e-06
0.0,6.803597735053573e-06,8.016425780861656e-06
3.8345104004132385e-06,0.0,5.118779960245004e-06
1.3910209747650264e-06,0.0,6.28342634050208e-06
0.0,3.122663704393813e-06,1.460499226234436e-05
2.6468746573147675e-06,0.0,7.249812911233107e-06
6.550892231477967e-06,0.0,3.611215685606803e-05
4.135485800589714e-06,0.0,7.047748401110385e-06
0.0,0.0,0.0
0.0,0.0,0.0
8.310777494666502e-07,3.1890183878323657e-07,2.1366611105284654e-05
1.9822021355863345e-06,0.0,7.1361196965371405e-06
0.0,6.419673455454783e-06,6.572910300642832e-06
1.1024566342175247e-06,0.0,5.742100276904732e-06
0.0,0.0,0.0
1.2257147758561615e-05,2.9599714042460073e-07,5.335584350950511e-05
1.547499400852197e-06,3.0611490622063666e-06,3.511650237378908e-05
8.78941196696288e-07,7.553520007505034e-06,2.5341531197601368e-05
0.0,2.2950903268705014e-06,4.619417299523444e-06
2.0904745989523997e-06,2.0904745989523997e-06,3.1472029782658202e-06
1.0945878578648973e-06,6.438774478406813e-06,1.2459817756271251e-05
2.597188744083884e-06,0.0,1.8094761638238643e-05
0.0,0.0,0.0
6.726536931837078e-06,0.0,8.690120234259218e-06
5.916109086823453e-06,0.0,2.2122601230168173e-05
8.675969153016233e-07,0.0,1.8610220657118902e-05
6.158052303324914e-06,0.0,6.313296836981421e-06
0.0,0.0,0.0
4.279702785301995e-06,3.729983512450912e-06,3.074735040151814e-05
8.32558689096786e-06,2.5214538859296435e-06,3.2970108597896386e-05
0.0,0.0,0.0
2.764366171863795e-06,0.0,4.976484937923981e-06
4.845817260360217e-06,0.0,4.845817260360217e-06
0.0,8.787854589306674e-07,0.0
3.372730168827456e-06,0.0,1.1786223197617813e-05
1.0061162722706323e-06,0.0,8.109259117679675e-06
2.690808345018644e-06,2.703648759336971e-06,1.5412758167408802e-05
0.0,0.0,0.0
3.989576637816664e-06,0.0,4.997788411045036e-06
0.0,0.0,0.0
0.0,0.0,0.0
4.452662651221046e-06,6.751438158951706e-07,8.990258895959982e-05
0.0,0.0,0.0
0.0,0.0,0.0
0.0,7.28056399286115e-06,1.2398672675719467e-05
0.0,0.0,0.0
2.7671230920514806e-06,1.0610258168204458e-06,0.00011596135599319576
1.631395615153937e-06,6.864250620613586e-06,5.962945498617194e-05
3.8018393414699005e-06,0.0,3.8018393414699005e-06
0.0,5.86101731199041e-06,2.0525662270054922e-05
3.4693481873066322e-06,5.204492156232482e-06,1.574056349526515e-05
4.3930312375364885e-06,3.375931912250595e-06,2.5838459533515026e-05
5.291571129398276e-06,0.0,2.5279922792703212e-05
6.3263598679240455e-06,0.0,2.727528889872683e-05
6.666356714028811e-06,0.0,1.7734345999987735e-05
6.627353076415541e-06,0.0,6.627353076415541e-06
2.425846166945508e-06,0.0,6.861447250162464e-06
7.005828779730915e-06,0.0,1.0596611030334718e-05
0.0,0.0,0.0
0.0,0.0,0.0
0.0,3.5081332578038637e-06,3.5081332578038637e-06
0.0,4.23769051475778e-06,6.5052412616238606e-06
6.891961378319859e-06,6.127365549757171e-06,7.029035406316388e-06
2.9654249227056657e-06,5.990079109666794e-06,8.95550403237246e-06
0.0,3.882451651935427e-06,6.295237905366646e-06
0.0,4.405424836568659e-06,7.822088212744796e-06
0.0,1.7144263134320051e-06,0.0
2.814720623169874e-06,1.887446312621513e-05,2.1689183749385003e-05
0.0,1.7336983302120152e-06,1.7531464397672663e-05
6.082512874327898e-06,1.0593736276453382e-06,1.839178157986381e-05
7.174370480637574e-06,3.152625837630827e-06,7.687665113039136e-06
0.0,0.0,0.0
4.9259485125939195e-06,0.0,1.6527058305055685e-05
5.967072675670234e-06,0.0,7.529975166607247e-06
1.0096704350299035e-06,0.0,6.222280875754705e-06
0.0,2.2870449573616913e-06,8.494688203691316e-06
1.0245844031200233e-05,0.0,3.2053836854912747e-06
3.948951297099998e-06,5.707384374397665e-06,9.315684662310798e-05
4.840857335616976e-06,6.527967968910634e-07,5.6270811186841015e-05
0.0,0.0,0.0
4.0643109957681254e-06,2.1004172241288133e-07,3.3361973274393494e-05
2.171181061337275e-06,8.629642042013334e-07,3.91075702972872e-05
0.0,0.0,0.0
0.0,2.2160421171252997e-06,9.93098012252834e-06
2.797116634141605e-06,7.672982756208687e-07,3.5687249779890936e-05
2.551494480291276e-06,0.0,1.3417210878587084e-05
0.0,0.0,0.0
0.0,0.0,0.0
0.0,2.6805735765641338e-06,6.420103263055023e-06
0.0,0.0,0.0
6.580362057704433e-07,0.0,4.125406350547938e-06
6.356442857565376e-06,0.0,4.802294158512949e-05
0.0,3.598990952812924e-06,1.6734767913812487e-05
6.015881618517331e-07,0.0,0.0
0.0,3.9247233024719785e-06,0.0
0.0,3.796222311472134e-06,1.534680663486105e-05
8.66920479272812e-06,0.0,3.5339104514380286e-05
0.0,7.130053925053476e-06,7.130053925053476e-06
4.238397853801401e-06,5.414656396128757e-06,3.042719886821695e-05
0.0,0.0,0.0
0.0,0.0,0.0
0.0,1.2884926211773419e-06,3.6332326923463897e-06
4.3921411332178085e-06,1.0407301186321262e-05,1.1920928955078123e-05
0.0,2.01419361504537e-06,2.01419361504537e-06
1.1400963753777434e-06,3.97006664964787e-06,4.483693616415973e-05
0.0,5.8138890430407886e-06,5.8138890430407886e-06
2.102177995337568e-06,1.382768223685618e-06,3.983091285016899e-05
0.0,0.0,0.0
4.04584237452792e-06,1.4900878106981152e-06,1.1526227413936498e-05
3.699789967155628e-06,0.0,9.10496147183432e-06
0.0,0.0,0.0
0.0,0.0,0.0
2.5982312196756306e-06,0.0,5.587168412286905e-06
4.8030798080453885e-06,0.0,4.9847237580832946e-06
2.265450853504628e-06,0.0,6.077811507849022e-06
8.412017399476328e-06,0.0,1.2126875623303857e-05
4.8552451761766725e-06,2.5457904992409057e-06,2.6572684638702958e-05
8.686952925462063e-06,1.6169880148080312e-06,9.934307228326596e-06
5.077320630666981e-06,1.5655385661942488e-06,4.0940336316085256e-05
7.008870793427497e-06,3.686520272535756e-06,2.2415075737447287e-05
6.678019531028514e-06,3.6894952653390284e-06,2.1117128930097807e-05
3.4045575521455285e-06,0.0,3.4045575521455285e-06
5.233962628150057e-07,5.9672746006441616e-06,6.244046416517821e-05
0.0,0.0,0.0
3.333458542287917e-06,2.654936670337419e-06,2.2386207284693898e-05
8.232317203546764e-07,0.0,4.8815850165671985e-06
1.1238946849007384e-06,6.504455647107513e-07,1.0281896035830035e-05
7.995226832956569e-07,0.0,1.4693435997806448e-06
2.9748296736779917e-06,0.0,2.0913355286500843e-05
5.160827423352817e-06,0.0,1.2018739293069179e-05
6.0238128007206705e-06,4.917360378236367e-06,6.458262049342006e-05
0.0,5.597376037820545e-06,7.645830765538728e-06
8.238459782841914e-07,0.0,1.6730113699530175e-06
6.618514234841883e-07,0.0,3.038350314896978e-06
1.1565283168092112e-05,0.0,2.5969942850785112e-05
0.0,0.0,0.0
0.0,0.0,0.0
0.0,1.1973372486197472e-05,1.1973372486197472e-05
0.0,0.0,0.0
6.353161160020565e-06,0.0,6.353161160020565e-06
0.0,0.0,0.0
2.290785581899988e-06,4.164906233235519e-07,7.948240914134205e-06
0.0,0.0,0.0
5.502682785055928e-06,2.0817362747041563e-06,3.211445491961805e-05
3.2655319447014154e-06,6.755553757157327e-07,5.491015368440322e-05
0.0,1.8987870954261427e-06,2.846516476872609e-06
7.140743288897554e-06,0.0,7.140743288897554e-06
4.552246483596114e-06,7.891177644242743e-07,8.662153543208812e-05
6.279418305722737e-07,3.926840612856386e-06,1.3752213015580098e-05
6.262438635254387e-06,8.991563920282145e-07,2.629088549063853e-05
0.0,0.0,0.0
0.0,0.0,0.0
3.0740612412109873e-06,0.0,1.0522491384293271e-05
0.0,2.6595095007878332e-06,2.6595095007878332e-06
1.6244692819170766e-06,0.0,4.2072261019243135e-06
1.0426933155244972e-06,3.3585360332304674e-06,1.8220400712840512e-05
0.0,2.4446521687024603e-06,2.020689253958637e-05
1.6858925687026784e-05,0.0,2.3518405657134336e-05
0.0,1.6314338264917044e-06,7.662428874081453e-06
2.6441474248154804e-06,0.0,9.854301247992572e-06
0.0,3.4695407186489996e-07,0.0
1.886407981827805e-05,0.0,1.886407981827805e-05
0.0,0.0,0.0
1.1193396495878465e-05,0.0,1.428257541291698e-05
1.0077109832487313e-06,0.0,3.4347409905441633e-06
0.0,2.195626876706045e-06,7.632694728361162e-06
1.6370831919469634e-06,0.0,0.0
1.131712612445447e-05,7.838972526283545e-06,0.0001095040327019372
0.0,6.394671402449522e-06,0.0
0.0,0.0,0.0
5.324945038141815e-06,2.6175498912104044e-06,7.007761589139565e-05
0.0,3.48460967088884e-06,3.48460967088884e-06
1.3016009323358483e-05,1.231614613516713e-06,4.420969934156493e-05
0.0,6.446328960495742e-06,2.1830761939913902e-05
3.5842780431726243e-06,5.314155185212655e-07,2.043826360610234e-05
6.6446490929426635e-06,3.760190818155327e-07,1.9387843893039497e-06
4.210830786637089e-06,0.0,5.6664622896399365e-06
0.0,6.304445483272056e-06,9.010428385983333e-06
0.0,6.386906788389804e-06,6.386906788389804e-06
6.007162483683607e-06,2.2674147521976617e-06,1.645997460802529e-05
0.0,0.0,0.0
1.7498826404059394e-06,0.0,2.995514353626561e-06
0.0,0.0,0.0
0.0,4.614289652162732e-06,2.2361854542982425e-05
0.0,0.0,0.0
7.851965778666565e-06,6.549232146986294e-06,1.9173475198643873e-05
0.0,0.0,0.0
0.0,1.4592755696836688e-06,0.0
0.0,2.950796686692322e-06,1.3259209232419144e-05
0.0,2.4437096310282794e-06,5.7488326720195155e-06
2.0073353906719445e-06,0.0,9.11040657277222e-06
0.0,4.1855995945385124e-06,4.1855995945385124e-06
0.0,1.446565554145643e-06,5.068255854717066e-06
0.0,3.841663640226568e-06,5.589296455969514e-06
0.0,0.0,0.0
4.355106554193737e-06,0.0,1.402138296254252e-05
4.945612495116429e-06,0.0,7.776431023475983e-06
0.0,0.0,0.0
4.332772738992446e-06,0.0,1.6092944293042178e-05
0.0,6.181357469531269e-06,2.8058365502476532e-05
0.0,1.3230468408765556e-06,1.4012836455932966e-05
0.0,0.0,0.0
2.520737565709795e-06,1.1435013657100414e-06,7.664643491723465e-06
3.94724917521043e-06,0.0,8.454494042740488e-06
5.783617067788247e-06,6.143733498702415e-06,2.7989565902128966e-05
9.132212325806256e-06,0.0,1.4792841661580383e-05
1.1752049442650632e-05,0.0,1.0342178217448906e-05
0.0,5.227693399930969e-06,5.227693399930969e-06
0.0,0.0,0.0
1.9734935688270093e-06,7.973941817424106e-06,9.947435386251115e-06
4.3219228900892365e-06,2.3082156112539885e-06,5.516129417954329e-05
6.970300536037654e-07,1.1326416424918838e-05,5.712335216672152e-05
6.163932299709923e-06,3.625879159750875e-06,6.482339014040934e-06
2.931977159114287e-06,0.0,4.515309490167001e-06
0.0,7.073783932882602e-06,1.3300305564392421e-05
6.802569918177309e-07,0.0,2.158310279846512e-06
0.0,7.286589199716775e-06,7.773347077434462e-06
7.862382911723842e-07,7.862382911723842e-07,7.267738634367014e-06
1.25569733395678e-05,6.113147066961551e-07,2.5963604299073633e-05
3.5465326284773806e-06,0.0,8.814598826836517e-06
3.2844734438633434e-06,0.0,8.033847993861131e-06
1.3996266427022703e-06,1.7267852865939839e-06,4.045334334871172e-05
3.929847421503329e-06,0.0,8.558827858616081e-06
4.899020137613325e-06,5.423780926667769e-06,2.2456211494424584e-05
2.422780701906735e-06,0.0,6.903441829038896e-06
0.0,2.4249563421080152e-06,6.11846964977373e-06
0.0,2.7222754275319855e-06,1.2169170089714475e-05
0.0,0.0,0.0
0.0,0.0,0.0
0.0,7.42240144154127e-07,5.367284530985976e-06
0.0,1.6370669655450186e-06,2.5741607078086722e-06
0.0,0.0,0.0
0.0,0.0,0.0
2.031372208624755e-06,0.0,2.6545124861210524e-06
2.786403282296627e-06,0.0,5.263697666664695e-06
0.0,0.0,0.0
9.332424263582895e-06,5.699312779356196e-06,1.503173704293909e-05
0.0,0.0,0.0
0.0,5.786504191105238e-06,1.5587774340085533e-05
0.0,0.0,0.0
1.9481355185027817e-06,2.299255860836361e-06,4.280323738472405e-05
3.88939802910165e-06,0.0,7.965935298209462e-06
6.963819480979415e-07,7.943744603129116e-07,1.2810529756416749e-05
0.0,1.9987054574601335e-06,8.289842080309662e-06
0.0,6.266439152666038e-06,1.0124542863689094e-05
4.8340047074136935e-06,1.5745638238912236e-06,2.023947840488637e-05
2.1784614616387224e-06,0.0,0.0
3.959595257688361e-06,0.0,1.1352412879027746e-05
0.0,0.0,0.0
1.308830640946408e-06,8.062523384355371e-06,5.9604644775390625e-06
9.801028515581208e-07,0.0,1.3699761945312536e-06
1.995090890247869e-06,0.0,1.0350008643781326e-05
2.2008307346267676e-06,3.8543552660151696e-06,4.1373205074582124e-05
7.556044607477194e-06,3.4616630341560965e-06,4.0390862126236806e-05
4.850033562117863e-07,0.0,1.1327299434138697e-06
7.546628781478355e-06,0.0,1.1784903601892467e-05
0.0,0.0,0.0
0.0,8.063159534662412e-07,8.266344756556604e-06
4.83789578834838e-06,0.0,8.281299809573266e-06
5.507012341853288e-06,4.814274606352028e-06,4.546453798869226e-05
0.0,1.0362740443086448e-06,5.856922460675731e-06
2.248121437050808e-06,0.0,1.1220650347392856e-05
1.6856573181937924e-05,0.0,2.5677298039771375e-05
0.0,0.0,0.0
0.0,0.0,0.0
0.0,1.51875435372567e-05,1.51875435372567e-05
5.014773128284908e-06,0.0,7.883309725809323e-06
0.0,0.0,0.0
6.206427916604768e-06,2.1370476258838673e-06,6.211926289202791e-05
9.12894529857109e-06,0.0,0.0
1.0535129546447498e-06,0.0,7.180976587664209e-06
3.117531036041988e-06,6.058484749282571e-06,1.3553280779411373e-05
0.0,0.0,0.0
3.667860199397156e-07,3.667860199397156e-07,1.2809041429650992e-05
0.0,0.0,0.0
3.3197858764740326e-06,0.0,1.3634208314622712e-05
3.244787895709989e-07,3.244787895709989e-07,2.730233505863308e-06
0.0,0.0,0.0
1.1317345155596582e-06,0.0,2.2436688522624814e-06
1.0668441184050277e-06,2.7236987652992177e-06,1.2620180053311077e-05
3.173613073658015e-06,1.1058396553751697e-05,1.5454924043439335e-05
0.0,3.8225746530745094e-07,1.1267421702823239e-05
0.0,0.0,0.0
9.63859040522481e-07,0.0,4.634365711787394e-06
0.0,8.36815999466442e-07,3.310739844575882e-06
2.126026011597514e-06,0.0,7.961911045193046e-06
1.752701164330205e-06,0.0,2.893880184838764e-06
3.539769334212686e-06,0.0,1.2064358070884685e-05
0.0,1.6123431887271208e-06,5.076605177368017e-06
8.298327595183969e-06,1.4918944682666516e-06,5.379240410462574e-05
6.737450845966157e-06,1.6206488185035431e-06,1.7973309697649984e-05
3.0756153768238235e-06,0.0,2.1088053304124924e-05
4.5787604762828e-06,0.0,8.607495089476357e-06
0.0,2.860881725776344e-06,0.0
0.0,1.8586047099998344e-06,0.0
1.1131393677231158e-05,1.8875074226686086e-06,6.947625245221055e-05
6.995901913022411e-06,0.0,3.3455514347628654e-05
1.351578890628865e-06,1.1842263202385817e-06,1.9964163024711095e-05
4.243616053139757e-06,2.3475944840066946e-06,3.5210242863714304e-05
0.0,2.5064583449383504e-06,3.762909804667612e-06
1.7238064686099145e-05,2.308808305434179e-06,2.1071467785389348e-05
1.4491950905164997e-06,3.6675070366751244e-06,2.380695418758755e-05
3.1850636653212042e-06,2.289718029901303e-06,3.607787969317418e-05
0.0,0.0,0.0
0.0,0.0,0.0
5.686921207531521e-06,0.0,2.8279566056060516e-05
6.9719175233767554e-06,1.5209238040537627e-06,7.03703250670587e-05
5.430556010305882e-06,0.0,8.673201908470688e-06
0.0,6.710290761829285e-06,4.575498684640066e-05
3.3806279386092714e-06,0.0,0.0
0.0,8.232155141022236e-07,3.233942226242796e-06
3.6063697057372494e-06,7.44036768405403e-07,1.347047069977694e-05
0.0,0.0,0.0
2.2824827603453263e-06,0.0,5.518362058522658e-06
0.0,1.7872624636010007e-06,3.7041000938217846e-06
3.685761628736076e-06,0.0,3.685761628736076e-06
0.0,0.0,0.0
1.2635889490053978e-06,1.997152205371959e-06,2.484451349214282e-05
0.0,2.178643841393484e-06,0.0
2.2144093942363327e-06,5.230514896199012e-06,5.293844493635386e-05
0.0,4.4126983545502596e-06,4.4126983545502596e-06
1.1186334232333537e-06,3.7609795122466732e-06,9.697754252397019e-06
3.4657015947460295e-06,1.1425152350720897e-06,1.7691553806402616e-05
0.0,6.502331690592561e-06,1.778083361514755e-05
1.2671085204122659e-06,5.955021893932548e-06,9.49788401994783e-05
1.1197764569574257e-06,2.0420627927992476e-06,7.060751230327339e-06
3.837120248197306e-06,4.22418400239049e-06,1.8150195283809056e-05
0.0,1.7946413431182054e-06,5.854191584563014e-06
4.33261275890258e-06,0.0,4.33261275890258e-06
1.216104463723601e-06,1.1522002247694675e-05,1.983900607534792e-05
0.0,9.511303208190978e-06,1.4547741309817427e-05
0.0,0.0,0.0
7.763308122297825e-06,0.0,7.763308122297825e-06
2.482695619673589e-06,1.913567324005565e-06,5.960464477539063e-06
2.8037537320088325e-06,0.0,1.5484598762790152e-05
5.334302493074012e-06,0.0,4.107563100383533e-05
3.6833919360707757e-06,7.169685849765438e-07,1.5654604351943896e-05
6.881825018232926e-06,0.0,1.3327314961013111e-05
3.2267663869584165e-06,2.956711855254346e-06,2.742575256645709e-05
0.0,1.2259767832885241e-05,2.1562968317227997e-05
4.780724965635751e-06,0.0,4.780724965635751e-06
1.0264415942756825e-06,5.230098281122046e-06,1.2069620890794745e-05
2.672359682867298e-06,0.0,8.780726708064765e-06
0.0,8.275245720487222e-06,3.845145815761137e-06
3.20782198694948e-06,0.0,3.20782198694948e-06
1.6377887332618807e-06,2.7553753381736477e-06,3.379521226873745e-05
0.0,4.282564114132736e-06,2.6376871976694493e-05
0.0,4.2804292166280315e-06,5.6524766411625684e-06
9.26756350906067e-06,5.239731752214247e-07,7.106621617261591e-05
6.494423592853935e-06,0.0,6.494423592853935e-06
6.32140616770469e-06,0.0,3.354100116590379e-05
5.0702711741102865e-06,1.8928040840570471e-06,3.642035751113549e-05
6.917804020283962e-07,7.975145343346358e-06,2.88749268159542e-05
2.9204622448464816e-06,0.0,7.555517232396617e-06
0.0,2.3597573800323145e-06,4.532974938705529e-06
1.5798715838804866e-06,2.730181728470477e-06,1.675898597979111e-05
4.349257874157414e-06,0.0,5.911039356081658e-06
0.0,3.2482961193633084e-06,3.2482961193633084e-06
2.8606550401036433e-06,0.0,2.8606550401036433e-06
6.858386466060318e-07,0.0,1.5318115266733588e-06
0.0,0.0,0.0
5.754862755099001e-06,3.639842064986555e-06,1.6726189821356393e-05
1.0576062860254294e-05,0.0,1.3316340131639687e-05
5.023058328458715e-07,2.054274806422225e-06,2.892812317546463e-05
0.0,6.299080472167851e-06,7.72666632684834e-06
0.0,7.714245663399314e-06,8.086528972969006e-06
0.0,1.6482136742066237e-06,2.407699321068549e-06
0.0,4.031311680018237e-06,4.031311680018237e-06
0.0,1.2518931403464095e-05,3.3807471771461425e-05
0.0,4.554831616680354e-06,8.094172944127368e-06
5.427142291514463e-06,0.0,5.427142291514463e-06
5.901418353440574e-06,0.0,2.5644165686981442e-05
1.7796673281957584e-05,0.0,1.7796673281957584e-05
0.0,3.5262156686950006e-06,1.419308139506513e-05
3.481957536841633e-06,5.953158067345969e-07,4.317425222293123e-06
8.54562766171936e-07,5.731622165563006e-06,1.8912969717715003e-05
4.362690382002303e-06,3.2293487855653504e-06,2.8935218892571773e-05
2.439115738824525e-06,0.0,2.439115738824525e-06
0.0,3.7346759345354343e-06,0.0
7.779985428605523e-06,5.391518453902661e-06,1.3386645886990666e-05
1.4021132139552753e-06,8.058055668057584e-07,5.104057771982998e-05
0.0,0.0,0.0
6.19438903409708e-06,0.0,6.19438903409708e-06
7.015082660630695e-06,9.623153871717773e-07,1.6833766242569685e-05
3.231755298041784e-06,3.5515155377833184e-06,1.3615356421655288e-05
0.0,1.974999309357345e-06,1.974999309357345e-06
8.792880708629868e-06,4.697699612743571e-06,3.181115105857532e-05
6.30386091320332e-06,1.458126596258898e-06,2.1343370460733706e-05
0.0,2.3709275320774607e-06,3.7874689439063556e-06
0.0,0.0,0.0
4.172100186467068e-07,1.7354023430811054e-06,9.49596401040887e-06
1.54971986198671e-06,6.226011591409784e-06,1.5136345492570426e-05
2.9908423366560428e-06,7.495065541220094e-07,1.096179975148044e-05
2.0718131156254576e-06,0.0,3.0719170017259398e-06
1.1449979773836724e-05,3.0979695340798816e-06,3.513061450006482e-05
1.238481840580545e-06,4.5957567256194375e-07,6.5299281601306316e-06
0.0,0.0,0.0
0.0,0.0,0.0
1.2205947640591236e-06,5.792361353055258e-06,1.3094635770458759e-05
2.0312210812094207e-06,2.0478615908460806e-06,2.0364859774930555e-05
0.0,3.044750745487888e-06,2.902170171413118e-06
5.951676719443225e-06,2.282714509231247e-06,3.8500853484622034e-05
0.0,0.0,0.0
3.8145565155452205e-06,0.0,3.8145565155452205e-06
1.963267125915208e-06,7.29498923215782e-06,1.255617395352369e-05
0.0,1.8897792543413683e-06,1.3512169307924462e-05
0.0,0.0,0.0
0.0,2.0136381668766306e-06,3.949179141122543e-06
4.204847252160969e-07,2.6894835242342336e-06,9.10502480072377e-06
5.899373729070023e-06,2.161389810246043e-06,6.387286689678492e-05
0.0,2.084771500690394e-06,2.7981663470828552e-06
0.0,1.8607964626599612e-06,2.7515945305521747e-06
8.033149266286283e-06,0.0,1.092300727308516e-05
1.3208110531986455e-05,0.0,2.875647473221171e-05
0.0,1.5270861198847307e-06,0.0
2.3518811384666883e-06,2.5869997111079716e-06,2.0397524752077377e-05
2.6714030772589867e-06,2.956474349406191e-06,3.482692574035812e-05
0.0,0.0,0.0
2.7201933811564455e-06,7.031831860903291e-06,1.855348940872007e-05
6.377492613338953e-07,9.006714810689636e-07,3.0600308342704154e-06
5.274715532607431e-06,0.0,0.0
8.145279603312362e-06,0.0,1.60441829284808e-05
6.048657686708714e-06,4.3832320613280245e-06,1.875158124717431e-05
7.768116523586862e-06,0.0,3.2830425018318265e-05
2.9982968771492304e-06,2.3018774484465654e-06,7.879088618512307e-05
7.1706836324229106e-06,4.7502453226552144e-06,1.1920928955078125e-05
1.684547515452967e-06,4.275916962086095e-06,5.9604644775390625e-06
0.0,7.746096592650257e-06,7.746096592650257e-06
3.1282603062773935e-06,0.0,1.1907124644387988e-05
5.07388107868099e-06,4.383484701191245e-06,3.679520992102757e-05
0.0,3.1415940652529627e-06,6.102369606217312e-06
3.950667556833744e-06,3.831487056863822e-06,2.0812970020184317e-05
0.0,8.263045363955748e-06,6.484164185117646e-06
0.0,2.388578638054015e-06,2.388578638054015e-06
1.4716480019242328e-06,1.4225172109215016e-06,1.664573299260846e-05
0.0,1.0396743828491809e-05,7.426445044647084e-06
0.0,5.155766809219942e-07,0.0
7.638687202380016e-06,5.982886178695097e-06,1.0197703296570083e-05
0.0,1.8070707928930607e-06,3.700872047693511e-06
1.4853520351337619e-05,0.0,1.4853520351337619e-05
1.9567007278316343e-06,0.0,0.0
3.1996777246997133e-06,0.0,8.891091309021218e-06
9.719587978812996e-07,3.4621391732813534e-06,0.0
7.945894116152306e-07,1.1179215123613062e-05,1.7886229645019117e-05
0.0,0.0,0.0
4.816049462719684e-06,9.864154581274596e-07,2.527093412480825e-05
0.0,3.555753240189114e-06,0.0
4.775663402328261e-06,6.002723965129006e-06,0.0001526562358337611
2.5299984308541844e-06,1.7055096236140164e-06,1.795416623517195e-05
5.8879619851238335e-06,0.0,5.6367130121655554e-05
1.3915756496830412e-06,4.080999101511858e-06,3.85886701150571e-05
1.649810462432823e-06,0.0,9.758437494570262e-06
7.287107628957996e-06,0.0,1.6876474786140502e-06
1.3240272013729294e-06,0.0,9.049183477641145e-06
2.246932765390257e-06,0.0,2.9580023661162076e-06
4.4786715385369883e-07,2.28387053811083e-06,8.743452932989966e-05
2.0944877091714236e-06,1.974606954546116e-06,3.6909803209385554e-05
4.548262531271903e-06,1.3151982690298716e-06,0.00011127969231849823
6.090859289450885e-07,9.892668490832518e-07,3.2269349956990393e-06
2.4684218956583363e-06,1.684685484715705e-06,3.941227532140659e-05
2.6436541052872416e-06,2.386960280137865e-06,1.8207094563789637e-05
0.0,6.781789716255831e-07,1.3960187432207872e-06
0.0,7.544632682935901e-06,2.233436196926304e-05
4.063590728673404e-06,0.0,2.387909496513246e-05
0.0,1.1585320621536383e-06,0.0
0.0,2.403726612915029e-06,1.2843910452155677e-05
4.545156313993307e-06,1.301860533771582e-06,1.185414769422172e-05
0.0,3.610382547644746e-06,1.0879612362099744e-05
2.3893940699075796e-06,1.5635812659579424e-06,1.0699451265096724e-05
5.9246269546711814e-06,0.0,2.34317629615017e-05
2.1353544097381257e-06,5.559810505849594e-06,5.960464477539063e-06
0.0,1.7211019314419626e-06,3.820070491806661e-06
3.2052246512368774e-06,5.51047965260437e-06,8.715704303841248e-06
3.009487306757255e-06,0.0,3.009487306757255e-06
2.399988219246028e-06,1.0681428774879102e-05,1.308141699412513e-05
0.0,3.9898844301807045e-06,4.849731414421763e-06
0.0,0.0,0.0
0.0,1.8145436421451004e-06,0.0
2.121272357905503e-06,3.451591895867893e-06,6.540828207890389e-05
0.0,1.5672617554359463e-06,1.5672617554359463e-06
0.0,3.055464905955136e-06,9.544090757151906e-06
0.0,0.0,0.0
0.0,2.1165956221981356e-06,1.5107504383506091e-05
0.0,3.815039341384073e-06,6.588839404326552e-06
5.988843681465508e-06,0.0,1.4717418016644345e-05
0.0,0.0,0.0
4.1759461557394106e-06,5.3535549653989575e-06,9.529501121138368e-06
4.506261060154805e-06,2.076342804152762e-06,3.3446009385908396e-05
0.0,6.265577464667359e-06,3.59574289520031e-06
3.5278680582254006e-07,0.0,3.003864133797348e-06
3.7598686780851686e-06,0.0,1.3935439394984594e-05
2.638523400773913e-06,0.0,4.332531897815578e-06
3.034430786290306e-06,6.326455987901082e-06,2.257720861926842e-05
8.61684792262194e-06,5.442384470053907e-06,3.35039685870895e-05
1.5275943359720096e-06,1.6553663876067263e-06,1.0735234496954843e-05
0.0,5.6893142293811205e-06,1.1997325065626555e-05
2.1207102579581786e-06,3.9673608785339375e-06,2.67024281345173e-06
0.0,0.0,0.0
3.102290810843194e-07,4.050977732468213e-06,5.9604644775390625e-06
0.0,0.0,0.0
1.5962990519814443e-06,0.0,1.077731948109319e-05
8.12360568592891e-06,3.2293500970072473e-06,5.917865925690523e-06
9.222639016260941e-06,9.630199884230898e-07,3.163158709518142e-05
0.0,1.4344153610037357e-06,0.0
7.992054754773816e-06,0.0,2.4424035403721054e-05
0.0,0.0,0.0
8.480441604098628e-06,5.888958113894647e-06,1.6759819391022393e-05
5.185788691288153e-06,0.0,6.463706058153999e-06
0.0,3.0807204340199318e-06,1.321207342451418e-05
0.0,2.572205378630264e-06,5.595565380052511e-06
0.0,3.123454955004853e-06,5.1792771270611925e-06
4.0072125712858155e-06,1.2673927957294698e-05,1.3795032013448352e-05
3.0711890352991416e-06,5.570306657968631e-07,2.8187033323653776e-05
4.0888013537678335e-06,0.0,1.777214130275216e-05
1.4109144581519262e-06,5.722804934359786e-06,2.3071605852599422e-05
1.591753698353455e-06,2.450253645943672e-06,3.239034677157511e-05
2.19705868947097e-06,1.0601704832032682e-06,8.99365373900404e-06
2.3790135915811386e-06,2.8892574771126086e-06,6.026507896921041e-05
0.0,2.1769597234239868e-06,2.5362570919856885e-06
0.0,1.8452985875893179e-06,2.9873208037175372e-06
2.6969047613479346e-06,1.3472196396696107e-06,3.65829100137815e-05
7.449370930870128e-07,6.937152822198619e-06,1.033387566742747e-05
3.976728676463541e-06,2.291828487336856e-06,1.5190424627842794e-05
3.6842476202134385e-06,8.236681334864687e-06,1.1920928955078125e-05
0.0,4.46191443770012e-06,7.302745678991552e-06
1.8976955859836427e-06,5.506893090767049e-06,1.5170456309453947e-05
7.824140808381453e-06,4.096788146696673e-06,1.1920928955078125e-05
8.026889435449191e-07,0.0,1.7997890743515749e-06
3.021884186021871e-06,7.529623435707264e-07,6.598467166807895e-05
1.7054890498401794e-06,4.754904267238173e-06,9.122893125391401e-06
1.270246557012681e-06,0.0,3.236437778435871e-05
3.104885146440491e-06,3.8560962494967235e-06,9.957526630968957e-05
0.0,0.0,0.0
0.0,6.754545305210778e-07,4.224346588590714e-06
2.9599647976490027e-06,0.0,7.4477554476953615e-06
8.467399441269371e-07,0.0,3.7913963004459725e-06
2.288194092118683e-06,1.9000131823752576e-06,5.507471720368733e-05
7.208270955458616e-07,8.11765337017932e-06,4.144518443903899e-05
3.382436335734171e-06,0.0,6.628752630554113e-06
2.8832456362855155e-06,1.49504109547403e-05,2.831848364479269e-05
2.940283791880216e-06,3.820242838060459e-06,9.505586575293945e-05
5.464699067166176e-06,0.0,2.1863248182032045e-05
0.0,1.1362507395918676e-05,2.480777251266057e-05
2.6009687095198953e-06,1.20860783813128e-06,8.5943688331884e-06
1.4684536672822152e-06,6.03977718435031e-06,8.911871659914735e-06
2.7941470435241344e-06,1.0424455651829002e-06,1.9656358408411148e-05
0.0,9.662732730526604e-06,0.0
0.0,0.0,0.0
4.281765077896024e-06,1.2341099341115149e-06,2.5499840877905413e-05
7.818110425706745e-06,2.0514092646856902e-06,9.869519690392435e-06
5.575047247705494e-06,1.2691763414745263e-05,1.8266810662450756e-05
4.80270077301572e-06,8.570838493537176e-07,6.409728376482252e-05
2.55753314935175e-06,8.597462908125318e-06,3.1754610332805814e-05
6.846683293416653e-06,1.6017553762040085e-06,4.509616886848491e-05
3.487438044641801e-06,0.0,2.0537663152988404e-05
2.7154464827978865e-06,5.378844913145374e-06,4.069213137093028e-05
8.422690792940877e-06,1.0210849257027912e-06,2.384185791015625e-05
2.9513251461458434e-06,2.4540766723935116e-06,2.2208899565273252e-05
3.4506919924471254e-06,3.061279100622137e-06,9.633870677361096e-05
0.0,1.5799624702200932e-06,2.5121442371064e-05
0.0,4.712520464970485e-07,1.9554383268258032e-05
3.0291085922352623e-06,9.730031859853499e-07,2.6147342314460827e-05
2.065571104212828e-06,1.8847589298311815e-06,2.04793867154728e-05
2.633912076593209e-06,4.52666332886317e-06,2.0668396320415246e-05
2.8570598807113657e-06,0.0,0.0
3.6568080027039724e-06,6.166611854727918e-07,2.1757854189727094e-05
4.040026647463053e-06,7.68175132030404e-06,1.1721777967767093e-05
4.439958249463004e-06,0.0,4.729499668604829e-06
4.4574230279196005e-06,2.099013321402945e-06,9.030011714251544e-06
0.0,0.0,0.0
1.6710791266799384e-05,0.0,1.6710791266799384e-05
4.682228126832398e-06,3.395735825896098e-06,6.547242743437182e-06
0.0,2.1050766339769435e-06,0.0
0.0,3.0810041208585013e-06,3.0810041208585013e-06
0.0,1.4078458212627283e-05,2.1284797312821317e-05
8.429599630989647e-06,0.0,4.787175620569693e-05
3.7769758643864043e-06,1.160593363538667e-05,2.794910763934967e-05
3.921062409706071e-06,0.0,6.945827107823335e-06
2.204583628204482e-06,0.0,6.4452492978423354e-06
1.8233984484323786e-06,5.820815459722543e-06,3.0395713652170592e-05
3.207939170931278e-06,1.5982348241949224e-05,3.253437884985609e-05
7.186944417358493e-06,2.257146029960551e-06,2.384185791015625e-05
4.573219591885921e-06,0.0,3.237526461910374e-06
2.4679745511400912e-06,0.0,3.751621770867309e-06
1.0783956252776452e-06,0.0,7.296005582314176e-06
9.566217141533664e-06,4.4773981300451065e-06,1.4821887086423446e-05
3.3228000948699616e-06,5.990020744633915e-06,1.1920928955078123e-05
0.0,1.3941110441926754e-06,4.24700656551339e-06
2.781259222295793e-06,4.306766775777206e-06,0.00011458627876283586
1.066340899548198e-06,1.1844836943949285e-06,2.5628018213813537e-05
2.9208487564656474e-06,1.668798255974573e-06,1.0952627189780271e-05
6.534452623757187e-06,7.511032022862455e-07,3.13848161541496e-05
1.9042805249167774e-06,2.0628104331309725e-06,1.7330858758878233e-05
3.121233190996931e-06,5.048800057731865e-06,2.0119176642671453e-05
0.0,4.127314674864099e-06,1.2707747851721678e-05
3.8725021088984786e-06,1.6320651697006421e-06,1.1612084232620082e-05
2.6858369051616284e-06,2.5430483137475132e-06,2.2595897687583854e-05
1.9767489026138704e-06,0.0,1.768018032072302e-05
0.0,3.031198543753271e-06,1.2431893847841087e-05
4.20038553298936e-06,8.000985324132156e-06,4.9514926114152984e-05
9.799148071756807e-07,0.0,5.18545803575163e-06
2.573994278016981e-06,1.2697163075458984e-05,3.073735103836308e-05
0.0,6.0777660505867016e-06,1.2452676821012305e-05
8.79009235878415e-06,1.940083468205044e-06,1.8494361349609238e-05
0.0,3.176966418068122e-06,5.3032230730411095e-06
0.0,0.0,0.0
0.0,8.215041426469751e-06,1.5549833705651132e-05
0.0,0.0,0.0
0.0,5.85854750919615e-06,1.0770718967640696e-05
7.915606971148206e-07,0.0,8.884006200788077e-06
7.4342752969588475e-06,6.418041568736421e-06,6.368346933474245e-05
1.3802052335708741e-06,2.298770252854813e-06,1.5918557647328222e-05
2.590146184170565e-06,1.1496550428176902e-06,1.9911418667310116e-05
5.907891345872128e-06,9.951297733595108e-07,2.451078637850208e-05
0.0,0.0,0.0
2.6857680238243764e-06,1.3784595133429029e-06,1.9847646872634906e-05
0.0,1.7193274565590903e-06,1.7193274565590903e-06
0.0,0.0,0.0
0.0,0.0,0.0
1.6886120687285444e-06,7.892501573078198e-07,2.0519899848785388e-05
0.0,1.5002182938199506e-06,5.6597907443276975e-06
0.0,1.775563204839054e-06,0.0
2.664524285177928e-06,1.4938303791976845e-06,3.252627325114547e-05
0.0,0.0,0.0
0.0,6.8698325159534925e-06,1.9526609150716325e-06
6.530449777265254e-06,0.0,1.2485623852422366e-05
7.148737124196912e-07,1.4890961671034554e-06,4.565240400949606e-06
0.0,4.1091205113757656e-06,1.3078152460343276e-05
7.938211640226274e-07,1.883213524577436e-06,2.0379692168211645e-05
0.0,2.20302196471069e-06,0.0
0.0,0.0,0.0
4.242330412876056e-06,7.348034660332098e-06,6.463353341321047e-05
0.0,7.912357668975535e-06,6.225261207754785e-06
2.1518963425084516e-06,0.0,3.186038445187484e-06
0.0,4.306817513765356e-06,1.202311577230118e-05
9.427012460281364e-07,7.084876414237403e-06,7.504520837966149e-05
0.0,1.6074057398873939e-06,1.23474987652492e-05
0.0,3.697363336093987e-06,6.7322841464841155e-06
2.1270759570206793e-06,2.4408674235345166e-06,3.709943732537475e-05
8.377099140937984e-06,3.697457464843243e-06,3.107082461788674e-05
1.766794141499766e-06,1.1941871932682883e-05,2.385127535455901e-05
3.172818840813063e-06,5.677992811278818e-06,2.6184204056421112e-05
3.6121746783024125e-06,2.761585648677155e-06,1.5036606888479085e-05
0.0,5.8324726348537365e-06,7.193078955998479e-06
0.0,3.081183293085593e-06,4.2192611374487305e-06
1.1357714920118054e-06,2.500986312454509e-06,4.5437399472135796e-05
0.0,3.080743269396294e-06,2.2518088520667613e-05
3.3696453259200505e-06,3.0447867535573186e-06,4.898382458612992e-05
2.713059022753127e-06,2.0626177072075022e-06,3.0412746198523513e-05
2.213896725292205e-06,6.971420681188e-06,4.89101876491129e-05
0.0,2.1621877569772705e-05,2.1621877569772705e-05
0.0,0.0,0.0
2.390898080436986e-06,1.6199596385161362e-06,7.953711648738558e-06
1.8525651584760227e-06,0.0,4.82594772681328e-06
0.0,2.8865450305707608e-06,0.0
1.2903692722943155e-06,3.349802835936367e-06,1.7062448371845203e-05
0.0,1.0565247832225033e-05,4.1004733393661524e-05
0.0,5.301889808067779e-06,2.9228811014939197e-06
0.0,9.207909555962294e-06,1.172621418355889e-05
1.0652680413947063e-06,3.839234412403047e-06,2.414266932170151e-05
4.19212106249418e-06,0.0,2.3531676777917554e-05
0.0,1.342127897671563e-06,4.4723049718449805e-06
0.0,4.50744093955794e-06,0.0
7.771748243234764e-06,0.0,1.622450373073039e-05
3.1097839110572214e-06,2.8506805664818416e-06,5.9604644775390625e-06
0.0,0.0,0.0
0.0,6.699414820057733e-06,1.022171447918944e-05
0.0,2.9706319274916207e-06,1.0550502453730622e-05
0.0,0.0,0.0
0.0,1.8165842379153668e-05,1.8165842379153668e-05
0.0,0.0,0.0
3.89876429748367e-06,3.800159156672762e-06,6.464847143454477e-05
0.0,1.8165842379153668e-05,1.8165842379153668e-05
1.0274031671137576e-06,0.0,3.688036702621026e-06
0.0,0.0,0.0
0.0,0.0,0.0
0.0,0.0,0.0
0.0,6.5295368217270765e-06,8.139036674062338e-06
0.0,0.0,0.0
8.622077403240958e-07,0.0,1.0143840565325898e-05
8.121758928237592e-06,2.5310275281940145e-06,2.1971802551846418e-05
4.937718489055325e-07,1.577702970729309e-06,3.5955643432290145e-05
2.069233146200942e-06,0.0,4.315751788364442e-06
0.0,0.0,0.0
0.0,0.0,0.0
6.514214263389953e-06,3.0638463582787603e-06,2.6831246848256375e-05
0.0,0.0,0.0
0.0,0.0,0.0
0.0,0.0,0.0
1.048106633161162e-06,0.0,3.7784891203934843e-06
0.0,1.3454257300322927e-06,1.3454257300322927e-06
0.0,1.7471618361928175e-06,1.7471618361928175e-06
1.6434526674678063e-06,2.9938271180959963e-06,6.857307466235092e-05
7.1934870568136026e-06,0.0,4.1876934592342946e-05
8.144563571274224e-06,2.9635786879763056e-06,1.882063682076114e-05
2.3740635560437783e-06,3.380938891904546e-06,1.2472624569819354e-05
2.1138559832896276e-06,2.6088115156333586e-06,3.534788686969667e-05
0.0,0.0,0.0
0.0,2.1633567669341456e-06,2.625733644551565e-06
4.48013690289721e-06,0.0,1.0092201600607476e-05
5.599506409040277e-06,0.0,1.524272675170564e-05
1.0086820162231014e-06,4.228331876907924e-07,1.6141895783669375e-05
0.0,5.820982329372506e-06,5.820982329372506e-06
3.0993295453772977e-06,4.796012777136065e-07,1.5077808751346371e-05
1.0288565067326727e-06,1.893711068739363e-06,8.6283593200836e-06
2.9214734561058187e-06,7.190499117589431e-07,1.5489494965682664e-05
0.0,0.0,0.0
2.906019524592413e-06,1.922103467363908e-06,2.877584479225577e-05
6.618913537824843e-06,0.0,1.932476980315104e-05
0.0,6.336002401443215e-06,7.811917162778945e-06
0.0,3.900729219186716e-06,4.726021475809717e-06
0.0,0.0,0.0
0.0,9.742081618931312e-07,5.0233169409194414e-06
0.0,3.551326045596444e-06,0.0
0.0,0.0,0.0
4.062960404568354e-06,0.0,3.025217377931469e-06
3.7523921996779965e-06,1.7145838611258745e-06,1.78746029260373e-05
2.00496003591558e-06,0.0,2.674009928058994e-06
2.5124505016999478e-06,2.6135270207235735e-06,7.651403060875288e-05
0.0,1.0508544019245556e-06,1.944860992755022e-05
4.500338680662869e-06,1.197766700725151e-06,5.6734857012084125e-05
9.000351571109275e-06,0.0,0.0
1.5523333536820152e-05,0.0,1.5523333536820152e-05
4.893314621376218e-06,3.597794499341578e-06,0.0
3.864853446539318e-06,3.6354385090516654e-06,3.131479899916647e-05
0.0,0.0,0.0
2.5275011469487473e-06,2.3818884268929156e-06,2.2918863224052897e-05
0.0,4.761279116229401e-06,8.910316519303937e-06
3.628712997904575e-07,2.7832299788877303e-06,2.0857119674494476e-05
4.266325852724995e-06,3.6984701863777745e-06,2.0530180904719754e-05
2.7339815070951044e-06,0.0,1.8460846028237934e-05
0.0,2.7637918008448853e-06,7.264729678517626e-06
3.089416653830357e-06,8.98023491758996e-06,4.5440413197350276e-05
4.45805811276554e-06,0.0,8.769616430542975e-06
0.0,5.963312422681533e-07,2.775183679208337e-06
0.0,6.565423062694873e-06,8.561026480528694e-06
2.350779534678113e-06,3.088696649803634e-06,1.6628815446335934e-05
0.0,0.0,0.0
3.3181713446905903e-06,9.720379533101154e-07,3.2810159469334906e-05
3.974200155888036e-06,1.7903093291127978e-06,4.0820054235603895e-05
0.0,6.212304904228434e-06,3.4809453899289314e-05
0.0,0.0,0.0
1.4158902978315237e-06,2.2274449874956683e-06,5.9604644775390625e-06
0.0,3.817091034212147e-06,2.6030110971783737e-05
0.0,7.885666942239268e-06,7.885666942239268e-06
7.357905859256946e-06,5.742356123901869e-06,1.6575965346941706e-05
0.0,3.5529551975831052e-06,5.685847657737325e-06
0.0,0.0,0.0
0.0,0.0,0.0
3.483466495492713e-06,0.0,2.011642309784911e-05
0.0,3.8045497416187835e-06,7.788933671399618e-06
7.00212709833356e-07,0.0,1.2029467861997147e-06
2.538321554815315e-06,0.0,8.210032490280337e-06
7.3433134587374844e-06,4.669433007539432e-06,0.00011124872979087366
6.241251633103092e-06,0.0,6.241251633103092e-06
0.0,4.323662281507107e-06,0.0
1.8886640738761576e-06,5.888862743763788e-06,2.0859371658189e-05
1.5233446690034485e-06,0.0,3.1660292652284944e-06
5.8671444188522686e-06,0.0,3.102327810858035e-05
1.5427560481052056e-05,0.0,5.362779234161595e-05
1.4352672357213378e-06,0.0,1.5085549003894397e-05
7.577370946023495e-06,6.403335694055478e-07,4.561497170026428e-05
0.0,0.0,0.0
0.0,3.1045570946960285e-06,1.0807954329402122e-05
0.0,1.9751305185136525e-06,2.6211495028872124e-06
7.251887204736078e-07,4.516668936124246e-07,1.1456456691721378e-05
0.0,5.82740408588737e-06,5.82740408588737e-06
2.548385296554516e-06,1.2818624145780132e-05,2.3865680918261804e-05
2.4006804284101227e-06,3.645617231350236e-06,4.4690530914559475e-05
0.0,0.0,0.0
8.214513866368207e-06,0.0,8.214513866368207e-06
8.08793411489524e-06,2.9758945604789077e-06,6.0091279944556514e-05
0.0,9.841980210242797e-07,2.3678206541124595e-06
7.404252381290429e-06,0.0,2.767943134144024e-05
4.8228918776092124e-06,0.0,0.0
0.0,0.0,0.0
2.2025685103258e-06,1.6515499674202798e-06,4.0070640628716844e-05
0.0,2.0577408133591737e-06,2.997083924598648e-06
3.0449422339254577e-06,0.0,9.702669714561432e-06
0.0,0.0,0.0
0.0,0.0,0.0
2.017450250562063e-06,7.886028453953998e-06,1.781244592610801e-05
1.7665526445951464e-06,0.0,1.2632228100892955e-05
0.0,1.470052073802683e-06,5.7688498742162645e-06
4.031285171160048e-06,0.0,7.71809481789449e-06
0.0,6.532045591818406e-06,2.5326064443619502e-05
1.0079710486429978,5.762576839939197,6.604160307601891
6.442476644379332,0.0,18.577260299205975
1.793211660926368,0.0,1.793211660926368
0.9811118502228373,1.5761373179341873,12.543903399445087
8.202965790826491,0.524986026135332,58.79683886153537
2.408964080925428,3.179195762719665,nan
7.163745149541626,0.9543655331790448,13.898837771239604
6.049387376739063,1.2119644982503894,50.76826131708959
7.862001680780413,4.647058935167331,12.509060615947742
3.884917248085607,1.8516489611761962,11.072540902560142
0.0,3.1242529793713727,3.1242529793713727
5.314253086143962,1.2192979561552395,13.260021039086686
2.283761337090373,3.7773689601984617,20.05235213075828
4.997918389596575,0.7905792813800228,15.600479764163282
2.7123334360607143,0.9576038462100808,5.467086400664184
0.0,4.385059115416033,4.385059115416033
4.1211147906871926,0.0,13.181081630723043
1.578732225742752,8.564435299196948,41.92594113988672
2.534805753955477,2.5845184546586415,58.64532541085644
3.692558317035413,3.0999318219373726,6.7093290760935815
11.780561377288912,0.0,11.780561377288912
6.313410034100382,1.0031952151350834,26.053286622598094
5.4187816901432395,0.7661754889887187,24.055563405959084
2.6366152577229185,1.697474017287066,29.49802550864417
3.0731627224792906,0.41411301466872147,6.867247720748093
6.088424296752814,0.0,18.737852573394775
2.5466353762007836,2.352556196444008,21.964906233362484
8.429895752822357,2.304517776853576,10.734413529675933
4.609034343785054,0.4263489546523453,30.62534953991483
4.061788355681138,3.841366718705935,22.19922962896721
0.0,14.562053776997407,48.291802406311035
2.10426167873052,1.253823156570482,6.91232033005252
5.186034555691408,3.0725682576205426,16.677293579911066
6.338162342103066,0.21537904162101576,13.116243972354077
2.551968055485712,0.4948113758577073,7.91226194915496
3.634967334364748,1.72746475073989e-06,12.773483086458873
0.12331073363812654,5.87856904412696,14.59302755999687
7.479797258409416,1.1148066283720934,44.9995535252696
4.3310648031001255,1.7527331050368062,11.22621744373018
1.6212431123726385,2.2635038158582614,82.33312278949519
10.989131761804671,4.388721462969439,32.3709721088156
1.1153798701876572,5.0753961471435405,16.747802188280197
1.3398436507937528,1.046159291465686,20.86882600508159
2.1738002464231303e-06,0.0,2.1738002464231303e-06
6.650655812297539,2.547456873202013,62.82128020689842
8.794008982212707,2.216980678584202,49.06175422200861
6.813570343903033,0.09081634612721935,22.72439405827609
6.244990295332842,2.1014833491085547e-06,10.245018401996573
1.721818840390194,3.7850697065166203,5.506888546906814
2.5459649624880303,1.0372380111147386e-06,6.969917428187534
0.0,19.702489290608604,38.55329580109213
4.623711299279162,0.0,12.965377607913657
7.753385957177503,1.2118798918363873,10.383427143096924
6.156014780500285,0.5483282154323653,6.70434299593265
5.324373258193617,5.2797330716080255e-06,9.480588384175594
2.580656079798289,1.2633411369776057,85.82209498013039
3.262709232738854,3.1661109253372524,44.78592612230041
1.5041659333945059,1.504170927898743,1.9027728309843701
6.218055059179324,3.162876837315377,11.692317212595238
0.0,3.7634278040235407,3.7634278040235407
6.844281137040779,2.538249484889776,23.781366907739844
1.8666722588256408,3.6531926486332797,23.66803717577708
3.0390603281906103,2.3520053436387065,10.956955424982116
2.195613863021989,1.5494635640223014e-06,6.260188062399685
2.2768012837022655,0.8398321455306312,13.588602091233518
2.240031311419605,7.09156243299482,9.707109742432987
0.4274440096262463,11.044425478547659,73.89251188389532
6.296390860597922,3.0732670664678807e-06,7.878888217577538
6.503430184906754,1.2466721696815894,30.364351939118205
0.7119389567683765,4.419884506946337,5.1318234637147135
3.293139010593362,1.1935698922554085,14.454381964601755
3.87230572804036,0.17549319608338296,19.00684545248799
6.980023532062427,4.436491437334335,7.072255855051739
0.632001567984696,2.0031051190268943,13.567635437418337
6.100830908877089,0.24371064995975367,11.712881427922206
1.188558339798584,4.203568313122052,56.49617234326901
2.190530395369268,2.304587850814717e-06,7.285399872113273e-05
0.9289275166126756,0.512469642968568,6.054412470335496
3.648191299661251,0.9532107818277814,4.936713807013214
6.688063134167314,0.6059632481769871,143.67074249203128
3.9417687136445148,3.743190312294068e-06,4.701314884623481
7.719191269619324,1.5277803366283282,9.246971606247651
1.1779238069212234,4.011436837613464,2.548615436491942
2.998126969658319,5.633711445544552,41.951185756670355
1.7862188662799485,2.0590382321215586,16.28086670309534
3.7593410435447625,0.0,3.7593410435447625
1.3387038803619833,2.3805763900470227,5.806351077229682
0.0,4.78930584248108,0.0
2.8664260352849418,3.057663592180434,66.18050134752428
4.437404116140368,1.5048460686614726,17.67667639671941
4.9320550652423565,4.543836953822417,69.90388559948103
9.078605752006234e-06,1.176330706879184,10.358880002448569
3.752529716240569,3.295005541171916,7.53111107403671
5.269130950220001,2.209530974331754,9.331586593272679
3.561177399372418,3.7399886330881027,8.528977813573473
6.4648304786776905,1.0449566199379587,46.906580662429924
3.4359543720385517,2.102156108677671,19.77245497086377
1.999301874718707,0.38779023836827375,64.28802840179995
4.381341093509004,3.5634168761510283,15.723850368150625
4.035598305024886,0.0,4.985110335834119
9.19450528185672,1.6883049957281473,92.08926065635904
5.722267799456613,1.2837102486149083,12.09948111414969
2.0172559779350547,0.18377519608952636,6.124025107606499
3.39384596147118,2.436900905700738,35.782916441066135
2.5504548132707607,0.4427263432149756,126.59653656609449
2.35227627460397,2.4867797326979786,26.333398289925604
3.247234777143185,0.5907196015881,111.93740802417284
0.7340107086397042,0.0,0.7340107086397042
3.5687762298305388,0.0,6.44623088087806
4.218950804770808,4.088761879671527,44.26493361593806
0.0,2.7333652835393463,1.6439382002275575
2.7260975333575033e-06,0.6310586339976177,1.3250617834879341
3.430238427704514,8.378811739563479e-06,20.507577631197165
2.9678467324063766,6.3479231763788575e-06,8.971865074405754
4.260006577258767,7.948964816853608,12.590185939568954
4.304862992298061,0.0,13.488059488466366
3.9245228773042,0.3027137967353116,6.3010604534709325
0.621625598699114,0.0,1.8805802714002455
2.9592159190368617,2.1366670228111486,30.0725326035039
3.5362148683406627,1.280176402101897,24.756882459782005
0.0,2.206221447742381,1.229694304672166
2.5316713557598277e-06,5.0254686804287285,5.025471212100085
2.0288593507859347,0.7185370575032084,9.12146762938806
1.597343614445528,1.7977491699025175e-06,30.319423455369062
2.1685087890431243,2.0354122893110805e-06,2.999157987777194
9.074464275430641e-07,4.475025597589969,4.310014829156355
5.485062595162149,1.8132135674272352,33.0802835275292
0.0,3.661051854266216,5.8717110728433005e-06
1.0399745665217317e-06,7.779475504941504e-06,5.960464477539063e-06
3.455483000008164,2.75952908974758,6.215012089755744
1.1360728006700869,0.0,5.312016490404739
1.383031627217686e-06,0.0,2.5348963263523688e-06
6.689607755136149,0.7781859616758922,1.0918727868924094
3.887499882757854e-06,2.422145087869052,6.8628938100651515
3.155742399762449e-06,2.0548742311672804e-06,1.4573168463501549e-05
1.3711256099562334,1.3165792205490377e-06,4.360157477813422
0.8378744066331274,5.398207914077485,2.721846286758825
6.7022459998809465,7.743624974787244e-06,10.420065270130717
2.600672892086853,4.890813484435552e-06,22.21082186851214
1.2756634877180041e-05,1.9025206553265526,2.572463538675997
2.7703111423906126e-06,4.884181476844616e-06,4.035678299657044e-05
0.5426850824263751,4.374839377028934e-06,3.507777403130855
2.140061310110914e-06,4.123646002814646e-06,3.776669168493335e-05
7.923716085340551,7.336212577785538e-07,41.457338413511465
2.5564847480646096,2.840029176653254,5.792441247444927
2.358220751750193,2.3002703551138285e-06,5.032264183501029
3.1450866144018008e-06,4.399475789100735,1.7438449076349344e-05
3.9549304531432723,2.2050257530186896,26.710655283411104
1.6721779103364796,0.9478499944132446,6.958427851239664
1.804923695149212,2.6472967912942855,44.312945160098515
3.4460777849343657e-06,0.0,1.1055592257177066e-05
3.8059980362045702,1.8697169103398446,6.215646505956921
4.5147527345475105,7.498317871212548,43.79603315223946
5.738441217927028,0.0,5.738441217927028
3.4844325133087034e-06,4.4061840211445926e-06,1.1920928955078125e-05
2.971271416157614e-06,5.628510781997372,24.375060455750095
6.3792881769358405e-06,0.8021926635625065,2.8773893758785056
1.643385025209059,12.92650226171401,14.569887286923068
2.2266290863502807,1.075815764210022,59.91550717017818
0.30499490024322834,0.0,0.5664155576322386
1.7635170987914766,2.424051900095109,41.184507066263244
3.485433259521966,0.0,9.795795291863609
4.789805174042746,1.4006046064642295,7.6477909602468355
1.83791027978981,3.7905665158171815,3.7228664008671606
3.166876232571837,2.1049235902007262e-06,nan
7.384969557178238,0.0,15.736131183466895
3.201146918624293,1.5548648903814608,16.601742819195973
2.74373260357549,4.257560260014262e-06,4.275490314515326
2.3595587674063347,0.0,3.8201612311095308
7.539078729660883,0.0,27.87548406450022
2.3582081399534454e-06,10.197235701816842,2.1986197292502023
0.7443025499302134,6.339594679941982,7.083897229872195
1.2574178423066766,2.759313957978358,7.3115468291069226
3.6890959437226387,1.4248917738848759,82.63581477738086
5.277859953777188e-06,1.552734340691578,1.5527396185515316
2.7279575964257345,0.0,6.528459458820425
9.876835570877837,2.688699917703287e-06,9.876838259577754
2.280205903620253,1.0729870910483073,22.367097514388977
1.1703937382304779e-06,1.474132368795067,1.0369995517705301e-05
1.3415181928165119,1.3548888098032197,2.5474928875361322
4.023207657191074,2.805425313898587,18.009049933938286
0.571718196111499,1.9530337584648733e-06,0.9246028585419696
0.49739185181778295,2.2307921003651945,37.8122452348964
1.877070921772483,1.6951608080597753,32.9543922026427
1.2473840950602308,2.9561782357145533e-06,5.727171734636571
1.0103670301753451,1.1134477035673459e-05,1.0103781646523808
3.894623940094215e-06,1.6856809041788952,2.462685006353182
2.0175433477622686,3.0032880211156057,5.020831368877874
0.1503150772129627,3.5425977922515894,10.262579252568223
0.6319327964557322,2.4252462280203297,4.727034116078144
5.28173473131759,0.36859681055981736,71.68916688015182
1.6328548735503612,2.6764503606082335,19.928262550734217
1.693759482990464,8.815679021112405e-07,4.118739592451014
2.5956367425511515,0.8890453931657536,31.82271535406633
2.5099781675705874,1.4068639635763154,11.386789896929995
0.9325348273730208,0.487692567464459,14.875332183192572
0.0,3.1721532643568726,1.7881393432617188e-05
4.957846301814864,3.862876971319955,18.64117364750561
1.4652901692004519,0.7407657177686987,2.8756205073624956
0.5301821995523865,2.052269991893454e-06,3.7136155953534487
4.651782296035022,2.261760090514679e-06,10.968669925132883
0.0,0.476845089747795,0.0
4.202168224606535,2.543099439534049,48.84411012828933
0.6090938703142339,7.10607183458111e-06,0.6091009763860685
0.0,0.0,0.0
0.39633764365025453,0.0,1.091021723242776
1.4382931025722974,2.7436764265164513,11.547084588174881
7.614539085472586,0.1440991626049646,7.870358282151731
1.8268367632973688e-06,0.0,1.8268367632973688e-06
3.2260592542592392,2.0393039103672383,5.551896742131701
3.4791497460709384,2.376692873857489,53.423190152531646
3.073201840833907,0.0,3.073201840833907
1.7526423066502235,2.330572947805937e-06,1.7526505976876487
2.4315000040757773,1.6825576794564263,9.333478582268793
3.7903358652823953,1.4622278869607048,26.18250082938308
0.0,3.040863860716827e-06,3.040863860716827e-06
2.2665704167605734,0.0,2.2665704167605734
0.3654893059497666,5.671250176954535e-06,1.280845996136641
6.921639189261178e-06,0.0,6.921639189261178e-06
2.086727608795464,3.441518505934602,6.8996740534157635
1.7084513016471477e-06,0.0,1.7084513016471477e-06
1.881562334367538,3.3737653352279873,4.13042613777602
2.6747067770610324,3.9284837253269416,41.18157144483452
2.0394214063256886,0.0,6.993480218807067
3.438009538212024,2.246457023892059,47.18076950765776
6.804727978977588,5.301248868414134e-06,6.804733280226456
6.045369019132437,0.0,6.045369019132437
5.012136664578027e-06,5.692537406115154,5.6925424182518185
1.106137726220616,3.1905093972581735,17.441832085508544
5.4038293109012825,1.9332112899607825,24.707988331257102
2.0221408457791497,1.891130357779842e-06,11.387605864290283
1.0859762094987286,1.6898495772624296,5.682681120207454
0.0,2.7478530106550947,3.8395193042732876
4.167856408259832,1.3057099692086711e-06,14.935932047396765
1.8067080686545913,6.145221683278197,74.70255828400983
4.108113243888824,1.556148863481865,11.510100968114347
0.0,2.0322687600617204,2.9531989967746304
2.0059242549391705,0.11709279160337797,11.618183919551928
2.3580795117763525e-06,0.0,0.0
0.0,8.111583517145345e-06,1.1920928955078125e-05
3.280544509777621e-06,1.635390559155857,5.9313459341431226e-06
3.7991000006546827,0.0,14.487639874058587
0.0,0.0,0.0
4.807846332238414e-07,2.741161695505383,20.901890220124603
5.550042428067583e-06,2.0650304898758254,2.0650360399182532
2.9413550211662787,3.812018510608781e-06,10.154522769222664
3.4120195671760605e-06,8.508909387902066e-06,2.384185791015625e-05
1.0674340907604285,4.376116664615097,5.443550755375526
0.39092224536105896,3.1737579864537824,50.18803501696153
1.8775396239550687e-06,0.9865072523527689,4.862783831770165e-05
5.25965629467937e-07,2.934904040713147,3.138880982579647
5.769544219387087,0.0,5.769544219387087
5.0651357658555956,1.1774852387908072,44.86472918504526
1.2703377380699756,2.344305666694802,16.802286421082734
1.2998735984638847,5.362477986499059,13.222506268147875
5.435568375629785,4.104820299245164e-06,5.501826416563125
3.4353813436780096e-06,0.0,3.4353813436780096e-06
4.428679688688167,5.250502533387444e-06,5.769300003773154
6.122159655689471,0.0,8.037268405629444
3.7044152218164244,1.1906460567453803,21.162105122253116
1.33025149207152e-05,1.2666921000006315,2.016914118764848
2.2050967224771223,4.717214182269783,6.9223109047469045
1.1024267512503045,8.892019151471513e-06,2.948452268414015
2.0359111323675583,0.5104999602042896,22.879030390132357
4.185197304938696,0.729671829438833,13.454469642613907
5.709962180424146e-06,3.445397176970253,3.4454028869324334
4.073402969578704,7.035788017462055e-06,15.628992012699523
7.23017903562747,3.264324313850431e-06,46.91084932049723
0.0,5.613712428325969,5.613712428325969
1.665917608269675,1.6227592433560165,7.492186286631913
0.0,2.5580585972373715,4.166727146660858
5.329021466932041,1.136999539151208,25.754960610202875
1.648740997801463,7.620344156338864e-06,4.949383637839728
2.851702930566083,4.463675448554586e-06,7.145805460864533e-05
2.5476171155734657,1.177787965429259,23.257541990456957
4.346873250149991,2.012333746228949e-06,23.61764444823367
2.6604999183386764,1.0224524579752462e-05,3.7826803484849933
3.310056596569872,0.799426768948103,80.12879931535211
3.0198903210991084e-06,1.6614938812813353,0.5109386573202168
0.19741194076208948,5.0671594925689855e-06,4.3555586436234757e-05
0.0,5.323415994644165,5.323415994644165
11.723603856798253,1.0332457978852093e-06,4.770930173488948
1.5386798534349777e-06,0.12141142836447838,0.9149100438396223
3.0356626460145093,3.4870236854001475,6.522686331414657
3.0197829833333,2.0862233848826257,9.963685708404798
1.3803060840486781e-06,3.612432668722188,15.921886614537202
5.773857275289625e-06,6.1470716797885e-06,1.1920928955078125e-05
4.3429302852499525,2.7960963433950026e-06,3.8793486251436526
3.0407129992536857,1.9816835978899037,20.774691220531004
0.4055384172265435,7.668729602818434,11.799222985429832
4.216889389866523,4.922574983757441e-06,10.849558349977718
9.2705714908199,0.31060373181776,43.917475145387236
3.1599385141063436,0.385099691935368,17.86442223559225
1.7965413632497913,4.191261091074795,8.92082506477469
4.831962900023813,0.0,4.831962900023813
5.973898150389281,1.2014690081991223e-06,9.30239147382916
1.1061991113676979,3.662104037187529e-06,5.8154188441688985
1.729219704403312,2.308176031068528,40.040227937455434
5.768933122977383,0.20502838402059545,7.6109788607515405
3.385016843520034e-06,3.0165486606640717,3.0165520456809154
0.959170978906336,0.21361630385325397,2.1350223891923004
5.3425151996390206,0.893269643319651,6.307326217171906
2.2855471634339453,1.558567971982822,11.968943209350284
3.411127212822648,2.9565805158792795,23.668097116552815
1.9254063224069735,2.115994291666941,4.041400614073915
2.872368957470809,3.1087819906744603,4.4825790708374464
1.725665233338804,1.4242324259227215,27.968604067450475
1.6520683758000387,4.4124330205693125,4.88124705050982
5.887790819560339e-07,1.8066161264523384,3.076737998731398
1.8090095479310349,0.5828306131115324,15.080286315544589
3.8131956972457846,0.8247902027646432,26.232787652526692
0.7383108703881687,2.3928433683068553,4.99721648072515
2.469935846683397,0.0,4.301133681493353
3.4430559876611437,0.09112480260667624,18.97282886517263
0.9218917356038906,2.4134189694323966,3.972592215455831
1.4536205227572756,4.520259343819925e-06,8.134224102041077
1.8864127898442253,0.13675701394135661,26.865185883993572
1.5847195744282891,0.6462236382529292,20.293606204099124
5.256168141039821,0.0,5.256168141039821
1.827470333254052,1.0643200648147907e-06,1.8274713975741168
1.3989585018329646e-06,6.717141416151504,6.717142815110006
3.926850273321978,2.2853680314018163,16.21696927939702
8.430841157748898,1.9209194942918735e-06,17.525107072501456
6.104388814696316,0.0,19.481865357957247
8.13485351960892,4.5610574305328585e-06,8.13485808066635
0.858712107507894,2.2826916377496,6.456792782417073
0.226139180027176,2.610368025086275,3.4592173716161776
7.8191333541156265,1.438447957876062e-06,13.774159134781803
5.267924908913592,0.19600841635176608,6.733105280578745
1.0626362401030804,4.706781105024291,21.461019128906308
2.725383510984461,7.442652566852234,2.759500225748112
4.202599491536725,7.368111346504549e-07,13.941444558511261
0.37815732438041266,1.9116032280082262,5.736898972346772
1.2263919251072661,4.564050591730172,5.826006938967833
4.255017612978369,1.363328443574116,21.831310695478376
3.4517669987083357,0.09635284553112135,8.691816531072616
10.098640634069495,1.6709271445867442,11.769567778656238
4.379128848104138,2.5576958776988223,18.88429442080198
2.1686100054661273,2.6725556326806896,30.253532349839418
4.387841127941998,0.18846849240084745,28.203273692775877
3.0686685031680923,1.5900756672163502e-06,7.082033735050826
9.15784195020791e-07,0.5017087410225384,8.3306968764316e-05
4.166741280340998,0.0,13.088114392086407
0.0,4.7556901395590785,9.50249373508238
2.7000738054980213,2.330256113050778,4.952605590719646
6.956223299751921e-06,6.95125603218361,6.95126298840691
0.9490051767583277,5.316873574446667,9.839436729734153
3.4510288914927064e-07,1.796591075132914,3.070995897424075
5.243947431249391,1.6349301138241593e-06,22.844993753614034
0.9037036141785307,0.34864511459261016,3.8049853995372613
2.538648133290035,2.8350464206416097,50.21999906734306
3.320889930411454,0.6841831427958387,9.338483489239762
3.64822652917068e-06,1.7780895097686573,2.240590792872844
1.8463023600244783,0.0,0.0
4.970813895330281,0.8862451911615278,14.530219755160914
1.9472880880819085e-06,2.4829121003932464,2.4829140476813345
0.3478590533599803,3.300147318083138e-06,1.2188764927259057
0.0,2.189645968229494e-06,6.088730662543984e-06
3.84781477101284,0.1631771341578629,5.720687409846029
0.0,3.8465013666184933,5.5220067501068115
5.644124840621278,1.3585146645666846e-06,12.31795196409459
4.320037647180724,0.0,8.199043717476288
19.74786809624736,0.39054719824042583,20.138415294487785
2.239772142194638,2.0410134079286597,3.289886027595462
1.8682117412973511,5.8818034938084125,23.01097930062329
5.501326427372904e-07,5.259773519965293,1.0429024736846084
4.211921607967443,4.16543044167914,10.73691757125956
1.0900175386481756,3.262818933035442e-06,6.289956912835256
2.226090236497062,0.0,4.048839088122897
9.91536327261651e-07,1.5379677215479362,7.714077617912749e-06
2.0825418116184715,4.480366405253797,5.629758391575102
1.675987732037272,10.041456521345767,25.757006401282027
3.1203176242289214,0.9571583907706129,11.97249771797139
5.446712186653508,1.3295458714997321,13.630584088708792
5.493739006486347,0.0,7.531628023554919
4.72156523878394e-07,0.8107367529456676,1.6147083671432636
7.8148887626601375,0.0,15.262262339723303
3.065859616330669,0.0,0.6551859535178244
3.84601442572148,1.623057096460239,2.011314793113147
1.0282729512903883,1.9145081820337315,15.690048142845505
3.120719439905775,0.16284923617548813,8.689151894317472
5.513184606750768,2.7662983279098405,23.420680535798077
1.8827963799671658e-06,0.6497305346908309,1.6028543838743774
6.081682625023244,1.4013597987736717e-06,27.062013521495437
1.6351234267600105,3.8636238617290477,10.185511865768326
3.137741159987045e-06,2.7981392358769637,0.9259573420375354
2.952619962987683,3.4178199044740922,18.646993561040173
2.9815251839098965e-06,3.709565692920717,25.61383504723102
1.9553135684679732e-06,0.9403248179507827,1.513357491098381
3.900564016380276,0.557699298511539,63.00347891072586
3.8134245688186916,0.0,15.119733572683133
1.6332539244598567,3.369381315342272,43.22036926352014
6.031906668940994,1.2259389770042335e-05,18.945034600510702
3.9281291384660793,1.608187214675208,13.989223447941578
1.8220813043967632,2.347652936856859,24.414287771401177
1.581177781695239,5.175874374040979,36.60989579168438
4.763453086467692,0.29679994693320383,23.72831247352582
2.5610431163856167e-06,2.7509201971015753,1.8901491107688995e-05
3.7162002690956797,1.9068080977454236,81.5866447230668
1.9352109882896489,0.8436738182164755,3.5854043878631323
2.699148084559566,0.5230545839193748,24.297344026218976
0.31273497689874935,4.621319995761256,3.7591735883929083
4.33821643508972,1.8404029939399997,28.64809917608241
5.582732996768887,1.4344336121627979,6.56357153887811
4.338095821850576,3.806711765493243e-06,4.338099628562341
4.204549973549012,1.2108300460544197,4.768628446163074
1.03783113487081,2.24422717451511,18.550748718182312
5.108652667676783,9.361798732442831e-07,4.41190600379623
0.0,2.3382520381168086,0.6436601616896248
5.663681571833242,0.0,23.44465749235679
1.7120994602728659,1.0057950227719576,7.496976790949956
7.295607740784394,0.0,1.3176129624933368
5.56716467306077,2.1403311256298387,24.9207377038831
0.9412550967379107,2.755520423632235,23.002017262448156
4.907020980982546,2.7723588439277247,7.908269492147776
1.4584824939504268,4.480930399319551,73.11972869662353
0.5453350344811948,3.966371913605299e-06,2.8788232195183685
10.59841712217543,0.0,43.87858968938388
2.525919587212536,1.2730217138592434e-06,6.872352497407466
2.811933647545572,0.466273403817208,49.39434144165136
1.7339953601582585e-06,2.41690591689917,7.5750657760734
1.7119215762252085,2.0164661071591277,9.79589674817969
0.4730369158557505,3.341873699070827e-06,2.415846438534901
7.1034967956338555,0.6009750117479743,44.1958066142761
3.657244756750409,0.29474169897758734,2.9057167031490083
0.7839556965558422,2.810562644655346,13.265013740528437
2.5671867323748634,2.2532959838689877,6.27751290603367
2.5324361418562307e-06,0.9424640994556839,2.163954721721609
1.967922735267807,2.745762573718924,7.272815354268312
0.5898053413479599,3.4825945153963906,6.774122456761087
6.0582195792377146e-06,2.7908554362057583,3.868042101743661
3.1974462792217277e-06,1.5838224294044738,1.5838256268507531
1.294483001229978,2.699164954670058,8.506144318279606
0.0,6.505633440389902,9.866863489151001
3.7688023799980046,0.7996996081048587,35.39757834946221
0.6094862330711395,5.222038537495615,36.97435470377584
7.0848655849302435,0.9556284522283868,5.854210624582136
0.2710608035034832,5.341733655675889,0.9405163349416116
5.43616898766771,0.6128416953471276,22.968481390578354
7.5094712512737605,0.0,7.048221042559752
3.963273221252983,3.5490168445756836,33.89077767694539
3.3598426787759332,4.499007570779892,26.618538814219118
7.2108350113963375,2.5992414477073527,23.17279630186184
7.065902449784889,2.362640452451393,9.428542902236282
5.820972537495181,5.888220413179381e-06,5.8209784257155945
3.1748024722468052e-06,1.0950931866047338,7.136042109623255
0.3890713484761429,2.0315891935003427,2.9348570389156308
0.0,3.4421184711057227,19.108289314070273
2.1123005260761187e-06,2.140845410125833,1.8794138352812347e-05
7.29253008718189,0.0,8.323463820117015
9.068850084566545,2.5959138691101666e-06,25.134760158812934
4.914950163144154,1.2564400327753718,32.265090387635404
1.3512138064455497,1.0167909556571146,6.372184449283906
3.153050904740166,4.220630889683174e-06,36.78942402047721
1.6252629632323101,0.9804709842235657,6.787582248545977
3.148726475452058,0.0,3.892410331737123e-06
1.9515470227792525e-06,2.719306711440871,2.282160324581324
0.0,1.1410548261721916,1.9435756518611018
3.568020763040048,1.9086032879929704e-06,9.480145681544697
2.754858834402264,2.37893221502212,10.520485633153285
1.1476053736011966,2.5183597175449917,29.058242084764345
0.1616550715154352,1.3681207464689658,2.1611626663381136
1.4173258061854888,2.743442182193754,13.550175659460862
0.0,0.0,0.0
6.889328970074456,2.430952128951174e-06,16.27572354871201
5.248176345699725,1.2198026417862966,19.028741933603563
1.1280305942186203e-06,5.025023962747535e-06,1.550812028797583e-05
2.5196167702805417,9.156438533896058e-07,1.882437754506691
0.8116248205988438,0.8080897462698772,2.6873930934319303
2.5329952380834353e-06,2.263648385736364,16.32821365320971
1.6744791982891992e-06,6.460759241907906,30.20780036527984
1.0766509935219182,4.0645701227400856e-06,7.388134684693828
2.620418309542814,0.8874315245415204,3.5078498340843343
0.0,3.2033646130665474,6.16609218457399
1.6446164098833294,3.801152975147692,42.60542797003619
1.0226349779642965,5.685904202225479,4.624688033839092
1.193183158861647,2.88786753104472,26.369054718404136
3.808439345245562,2.230490668873258,28.446300362925278
0.7080501311910865,4.696754798781859,15.250731236534243
0.7652085639610091,2.5077165222010507,7.286718355747492
4.397999944422997e-06,3.013678106287728,3.7573874407353482
0.6861815820144185,5.2161943056175835,4.7827654773168
1.7198728104739964,4.318446810952944,6.03831962142694
0.0,1.1327334509963838,1.3966191212886918
1.252781388298983e-06,6.047540313956716,17.198404850511025
4.0983091628414465,2.6107966077246347,36.63619240200905
1.9581301244571354,1.5226204657881677,43.922466033364124
1.2244697155132103,1.9775008474265827,3.350556647837078
2.0790817944251363,3.3690391121257084e-06,9.279435605501979e-06
3.9454230909007193,3.1640462940510585,7.109469384951778
1.0844847147859502,2.969056533186451,25.777829073673544
6.415120992980661,4.839473199322641e-07,12.226588381573595
3.233042040498089,1.40741140703572,14.704907470213879
2.0968323486378972,1.9439065499419677,20.036121294958498
2.433197582242652,2.8415558564636636,27.87093972922341
4.202616909882734e-06,2.227679269727851e-06,1.0148299328882322e-05
4.069844418125755,3.469441311691884,7.539285729817639
1.339803041827592,2.502726295260208,26.079044203515437
2.97838058297268,5.219977053404521e-06,7.091558381934776
0.11300368143318588,5.9418789296982535,7.213940768065974
2.400950761500978,0.13114544163839018,10.417673943945706
2.1810350393371882,1.9409453544891318e-06,11.893714151077987
2.215955181876323,1.4674105368625356e-06,5.960464477539063e-06
2.5633319955045675,2.160058873773756,16.544450283188155
1.9441208034771158,1.087991665352577,5.738982850863879
4.385374709808919,2.135546023488251e-06,24.83539260502752
0.0,1.3524898909959755,1.0495280834672625
6.0147448645477555,0.724439947392111,10.793999141337315
2.616076207312377,0.5537360643491479,37.47078605959346
1.3474289735902074,1.3138262413040458,9.377939420744026
3.314405588076055,0.8830687717250953,14.086602932574104
10.730457484746976,0.21335674564375182,16.196451309624013
1.2982963028318486,7.590969905750894,24.45790597239251
0.821429421943431,1.4359301903378507e-06,nan
3.466509152153729,0.0,10.402653682934648
2.7456341570472795,6.420828113626934e-06,23.612273916361566
0.0,3.332381738980007,6.863701343536377
2.178942397546399e-06,7.40373385771408,1.4066941831699728e-05
0.21084222223994764,6.212220190382038,19.383846109831858
1.9139576583739375,0.0,10.38946039876682
1.1703212740217157,0.0,1.5504500206046705
6.055178607663849,8.261611848254047e-07,10.220029297302686
3.2121332511373635,1.501025320112253,14.973003683269543
1.2177522204271485,5.427308849835327,5.698124414356214
1.5660404801252103e-06,3.9910721243736287,6.344855346931565
1.8445930182378905,0.795159683850567,5.936217831318512
1.4905645899081166,3.1018299929497384,8.92883392734034
3.7842643960822335,2.6257525908952775e-06,nan
0.0,2.2517166613639086,0.0
2.614688800135269,2.8057140128644207,12.090703932531632
5.454500200702191,3.2372970021986888e-06,5.263741339974185
4.994820370978247,0.9868856067397404,19.005301435709693
4.8255107574212985,0.08935878727179022,30.008558142061638
1.9426441500481686,0.0,7.285191597966454
1.334672020543696,2.3429077821116424,7.117333668098539
1.866265169102197,5.720182278940255,24.227824095887293
2.322940669234672,2.6447254620684824,4.9676661313031545
1.0425693183323006,3.021109558134861,7.694836278094767
5.57369715889223,0.0,22.750132953019474
6.248767359690742,7.274941913855399e-06,6.248774634632656
5.305875046400953,1.4442904569347539,23.80282244158236
4.024502892746744,2.00152727593653e-06,8.086072374100016
2.769599797451868,0.0,8.05665983447275
2.3081220075140544e-06,0.0,6.655768937847284e-06
3.092359025770455,0.0,7.34365695581856
1.2634206172121198,2.3079958787743955,13.731717699440148
3.109581479636179,8.582256368306615e-07,19.575322775590937
0.9547372803346478,0.0,1.774489757790568
0.0,5.765672376323383e-06,5.765672376323383e-06
3.6581594875912793,0.0,29.666381541556678
0.0,1.8605020773869327,4.615970672657189
6.722369014599135,0.0,10.318862083290854
3.571188605044407,0.3389760734368258,21.020091907231578
0.8997212505531637,1.019048187088102e-06,5.227456831382311
3.3259284247714005,1.313278687422644,19.160856477555612
1.925123669469179,0.0,3.811070431903225
3.0455883313819236,1.0373422218402235,2.5309962750115935
3.8807037855114714,0.3615922262719735,31.756336049433983
4.906478055962451,0.4260319915170724,12.503001434822849
7.034376018867171,1.8573239389181173,16.278921859424464
6.878201498276445,1.796353693767733,37.720811880256974
5.006572256917331,1.2074156045347064e-06,4.715700437912389
2.4082951408445217,2.144559777969784,11.184205193162944
2.5607899000928684,0.0,6.128307013729021
3.476984604811378e-06,1.8024778906197752e-06,2.2210179044096697e-05
7.592359542635686,0.6494448697190109,22.508092060897397
3.029119582033071,1.8567942866397529,35.43723503224185
4.177720433829705,1.9722839395810758,16.24202669565409
1.2417318464797498e-05,0.0,1.2417318464797498e-05
0.7604923455333275,1.1509369619394563,24.542081493446574
6.434201617478333,0.0,6.434201617478333
1.7603998832961696,0.0,4.787313154203671
3.9316326339772694,1.3204249244036033,10.089307907232621
2.49683316778569,3.4570120935404822,6.379520381685452
7.867617864154473,0.44721529701280616,26.656404006634162
3.2237363367999095,2.0941780165946415,43.36854731823091
11.576031875601007,0.46962658827115716,31.86639347454897
3.7638096031118393,9.682098687889169e-07,15.448118024586279
9.368868135891805,0.7677964111106302,28.41077236004319
4.887613810826437,1.3053803462170757,17.179471251299915
9.348105888399065,0.0,7.0346229254342925
1.077799582911843,2.3171037473600644,4.612426518847541
3.073779931367838,0.7952231766939193,31.37154029758864
1.7830342401624037,1.235259861478271e-06,20.77533195088972
5.2789616525501595,7.473572828605269e-07,26.513939030664744
1.592518992671864,1.5959415265430188,18.959262665835325
2.0495973042216993,5.853373219358222,11.312376965163471
1.4015715762223886,2.2638812332893057,21.206032305468646
0.0,1.8653660605352327,8.246379163992936e-06
5.4970386086673955,0.3332493802631692,37.47979395051064
5.1268513644467895,0.8513691520350919,22.16186940440316
4.294206177803696,7.730323866842262e-07,21.439180820661374
1.757310596836302,3.0706905025789133e-06,nan
4.805653663301418,6.3372462309104955e-06,12.253347117168989
0.8937102925799549,2.267651968741167,14.360585320130513
3.05523885971043,0.0,3.05523885971043
1.0000335233317967,3.330763945888653e-06,5.154952096843582
0.9179576974116957,4.401760003666675,68.96189693733079
8.879971504211426,0.0,nan
2.085816535486599,2.399461587330601,16.972170814972287
3.2212301878626235,3.605020401369288,28.61517027275053
6.8939123777960365,0.7246704615971679,nan
21.801314678852943,0.771515350157182,66.6130033564643
1.201195405821891,1.7362792542753043,10.718920847927068
3.0270089311714248,1.97851432177138,42.534098340436216
2.548871574122142e-06,3.3831886755642024,3.0081160998092304
2.087258433516971,0.5026000475351958,21.33444294338124
6.699865899206984,0.0,10.768739409302592
3.8776630855126073,1.0930420446521093e-06,11.110373066608396
4.902773156459097,0.5978531431833544,24.04260547239686
0.9555919210960705,2.7820066371293026,16.18273469112301
0.0,3.5937363052724163e-06,6.125925847123753e-06
3.4427651220682325e-06,0.9806572984110971,6.186235848238184
2.714251331858619,4.335341904084872,10.355652986203035
0.2020269359366797,1.3333320062267726,3.00962561158699
1.7073527298327624,4.887762143961544,24.21963091156354
5.517644787802734e-06,2.980584872925502,8.396937675866639
3.036121463120201,4.079083775964182,8.856702352230398
0.0,7.4307685907755,20.361316204071045
0.0,2.7519099721624904,1.50255928329482
0.9299722292246098,0.5860758954704877,12.565124989716164
5.5467162311146475e-06,2.260574730512995,16.691389414824535
2.684578341068419,1.3521318687381e-06,6.87808971955797
6.521004359300007,1.2470817614154924e-06,8.466431420155407
1.3830902690906985,3.6213911132097785,18.354068775533012
2.0655051827410923e-06,1.2054767037573894e-06,1.137571813495594e-05
5.440215243726798,0.0,13.922528635574869
2.829772335184871,0.0,4.767263642847395
2.4500019828418114,1.4293294548593936e-06,10.663269070882846
2.321276974660657,1.8613725046668024,17.096303246587986
3.6003392232421207,2.600568557775728e-06,19.11944700363171
3.05014918944779,0.6008980508868147,2.8889232878263735
1.2552612621201458,1.7307171163854154,23.04821582448872
4.562025183219608,0.4166910582851339,27.453804536421202
0.7750414969688674,4.466694155229286,3.761252899830217
1.0596740015315975,4.625209422717669,40.76400452157533
4.559376546556393,1.2294440286572217,2.822993666353964
4.507695036660582,0.36935648811486066,36.961437974562486
0.9281569694849425,1.842320541932682,61.17444483029903
1.5698782648539343e-06,0.9835095560803673,3.9620768114925546
3.5765754748216416,2.2319645057909702e-06,nan
2.1922038845284245e-06,1.3655943947781484,7.270736262364496
2.46136009563825,1.0635767247799426,20.10876579356628
5.079583202648834,6.293915924778269e-06,5.0795894965647586
6.83021266851887,1.6467263685831976e-06,19.61481299768114
2.541115125027271e-06,4.796642755607426,4.796645296722551
2.0529356183045806,0.8680260014458885,20.95994303257268
4.114804940694155,7.342195643108508e-06,4.114812282889798
2.3372674415581973,0.4007077557827139,2.737975197340911
2.7877205302988837,5.23646251128727,12.95596728291417
2.2842341847526358e-06,1.7808240580680373e-06,4.0989164072927564e-05
10.949758820600604,0.6897340816152647,32.42804812191913
4.2566135766358215,5.617706054978379,20.575407473911923
4.9370328481749155,5.165741928996541e-07,26.962379853433546
0.5873354343660822,0.21758321123654883,4.876824323647247
0.8036971684039821,7.3544659360606985,6.572003086290017
5.9604644775390625e-06,4.402874741852258e-06,1.1920928955078125e-05
2.1279030944774813,2.0310690718460203,3.5924236727563303
2.728885540467106,0.0,8.627867213591635
0.09806644844325708,3.3870394776959274,6.955259309554963
3.602321437794314,1.241364143537737,16.99110359389407
3.937982335529907,0.0,4.451793525069557
2.2383974380960683,0.18334670475137083,9.0251581648512
3.784037253502908,1.3877449969607822,10.635384787460932
1.0042144964328739,2.0055657895142387,11.710628304085649
4.668609041603856,4.77599193846489,38.447020769207185
3.150294943239878,1.3837012520582883,3.8272478069207017
1.8950279233672254e-06,0.0,1.1506693020375029e-05
1.4611985567629686,1.9490828029147245,15.380559500737544
1.8884098501935234,0.9193472734288799,38.94685941034143
1.1298802884697206,6.615472987501972,36.36910992604886
2.193744049891158,0.0,19.029615399271147
4.504819342996429,2.925879980883675e-06,12.088360275944936
2.0000200442202223,0.36750054249139874,12.17982156335869
1.3632862372302244,4.498867769464889,6.097127320937355
3.9661204560134347,1.181838738297468,13.117786431574906
3.2743355075188707e-06,4.7761290697677,3.059693084587543
2.487180946057795,1.720180111494251e-06,56.21104436984068
2.4910238451429096,6.295766388461642,11.520031409209
0.7973257053984093,14.902267013834212,8.719020472561326
0.0,4.224267818232812,5.073467597987798
2.4305508740041026,0.0,27.226348593458805
3.3113664435878762,0.0,21.00468681773204
0.7807129572151303,4.0710790386214895e-06,0.780717028294169
3.187563663465502,3.93825099314474,7.125814656610242
0.6682071705690104,0.874292493488757,3.0265195768871216
1.473031456437619,0.3045776130422493,2.3136151286708433e-06
8.28382092671334,0.28680533246754686,29.190060737660723
4.589031706383251,1.9361461392799084,16.866167482270907
0.3095058537354478,1.116816097026091,5.557561188012693
1.299736438774245,0.0,13.087083727112496
0.0,1.1192793726379475,8.303273146054408e-06
0.0,5.157221908748961,12.103786882437532
5.113423381089388,1.767964897874003,14.677005104723882
1.6500230032200887,3.5277582456144483,15.850443511912797
5.765795923286083,0.4474524809003222,35.76310724699554
1.1569574850393831,1.3650190404250644,27.36002288071417
2.708057303151461,1.9275215511295793,10.410387636362556
6.090850773066647,0.5906718989662679,2.100124634967781
4.534690473628776,0.0,13.678200394100834
0.6665891448353283,1.4412340967863453,17.924150751538843
0.0,6.781382956045097,10.72515166661129
4.691766220803105,0.0,4.691766220803105
2.217928505008204,0.0,2.217928505008204
0.518344697294572,0.8387045457953735,2.9982898713359947
2.4635555674872185,1.0574196971922225,10.26147938846362
4.345334112089976,0.0,4.345334112089976
1.5775476337626955,0.8767108894868428,48.688016326852264
6.281930236158438,1.0804337813985439e-05,6.2819410404962515
4.4502738651264595,0.4815027286735641,18.84158970108269
1.3622572157356758,4.037716383833734,5.4889710740832625
1.3223979165614603,5.851942593247398,20.449457546781737
2.365664832511908,1.7958200835863682,10.352147876087178
2.010053625317202,1.0459402006701823,10.017998209417247
4.3202019093728755e-06,3.373490467764078,9.098608842652066
5.762155554004643,3.0761010562800516e-06,24.42313980275065
1.7340075604105838,1.1541805526186615,49.387337057397545
0.0,5.4971536915353506e-06,2.9339011601691604e-05
0.7793612742721203,4.0804019448873045e-06,7.31803850633972
0.5429558766538124,4.26347811812436e-06,0.5429601401319305
1.2583482167874727,1.3567502413526769,23.622036748706492
1.9054861761428872,4.290614649340033,7.6443651671139685
3.5534229638215344,2.3807831656173004,15.115607042159146
5.102794158555293,1.0066282857045883e-06,13.872163196190943
2.1507628042365216e-06,0.0,2.1507628042365216e-06
4.705049499492813,0.0,7.120960182661198
4.935125265791258,0.0,1.4160023845866636
3.9064359733636476,2.4778700572299205e-06,8.073320644640637
2.8427162845970813,0.46179766807400513,2.574057427989332
0.0,7.609300465333693,18.094604200899305
12.929554581120023,0.0,25.77965644475227
2.855973690016648,0.6262233240087323,32.94366859105763
2.473994740972574,0.0,7.122209319601114
1.209892905934661,1.1261862449052447,3.354526231214079
2.240885936928434,2.499996274338357,24.110662546321773
1.7666294083166534,2.6652507798568115,9.338012747419835
4.75819349148587e-06,0.3457385230264796,1.1018555454094252
4.176098233958398,2.5897363852364235e-06,6.713479795596752
1.752532202971195,3.132818202737882,4.75696355113095
6.649130320748486,1.4292479188221958,42.39287994320687
8.49072792211591,0.6588774986480507,33.593045223724566
4.030501351533634,0.0,5.1824055007898515
1.921701628398309,2.351896552805588,33.76991685791222
2.55745011008583,6.4473634450892146,19.302913085143075
7.135008813641144,1.28982305200331,15.916659499957554
0.4898324482575679,3.2445411639777366,59.98711646838345
7.383387890661687,2.661216850709339,6.700784551410916
0.7318471575567641,1.3408108460065729e-06,6.371493154395714
2.911418012918256,2.1998186912248684e-06,6.541448791434539
3.12773019434992,0.0,3.12773019434992
0.08485299427087427,5.071525820062027,56.491069712272925
3.7414436996862253,0.0,3.469033513746808
0.998890900103889,2.2129819328388907,14.21884181977822
1.4249766915827906,1.431856935858417,3.8001251282482196
4.068087041433728,1.1154807204661556e-06,94.94063232143151
0.0,2.27955601885491,nan
6.031871063942743,1.0489600069582743,49.4136979802759
0.0,4.677983332114912,4.042393180302507
3.2514830216194275,0.7398911311796841,7.240191626673354
1.264861523449388,4.638642383270569,7.937482025494231
5.097078199018021,0.0,34.96343373145418
3.0700398242465328,1.737631626871807,18.725779083263546
1.3447436387759484,3.37229424870353,12.957487686096048
6.409095385010909,5.935423518744221,94.8119953791778
3.8517657730624215,2.417787887130085,26.073340231200905
3.269100671708546,1.083761565831586e-06,23.059879440781344
2.5111458107416302,2.343450368890613e-06,8.537616812632516
4.70112292016152,4.040802319607111,8.74192523976863
2.8219702999106775,7.9181190881813865,10.740089388092064
5.011313260308877,2.4442562920173077e-06,28.20161954189715
1.0230302315181667,2.510861612503671,28.7085701243427
0.7261404990670766,0.22424146833474232,15.436153338310975
0.583861522635979,2.64705111559521,21.565501067137248
0.6740597814358315,4.703603689800252e-06,1.1133513414768712
3.135209663868606,0.7389037313121298,1.3536865951008565
0.76084432597236,1.7723714053425101,5.815916842513401
1.606951365966631,0.0,1.9861249711120343
0.4021989528783807,0.4999732778616224,2.5932930430365944
2.636751282571651,2.4970873284954256,11.84417931329305
3.5258074908372836,1.1841646019405988e-06,1.1651075905833865
5.84855696518513,0.3986575891775358,16.220842910338664
2.8519466685580044,3.6263215398421917,50.00537294390935
9.453597698842621,1.6468265765112609,31.2397851226968
6.834100473578915e-06,3.597929899006224,1.2831781721855096
7.101963227561576,0.0,11.842300950872156
2.2737406432669878,6.235898603120256e-06,3.716551661691729
5.0221476330297214,1.524573892107226,21.536826293531494
3.364361105101507,2.012230800694179,27.01880247911338
3.707234421843261,2.27998096780008e-06,6.500311900462241
2.844891982676995,3.754620096861517,4.786114351265169
0.29304549755103465,6.2373123686544005,22.371686351979143
3.7135435250822235e-06,2.230869748137899,43.74255345363064
0.3399143539917867,3.4964060958865046e-06,0.42525380807878665
0.7829307394027467,4.067048809670603,10.601732402466904
5.847439668859977,0.0,5.847439668859977
1.463515637359298,2.071480867898046,14.403065107494417
1.7211520271523586,1.7462012724050582,3.467353299557417
2.2299972770861882,3.4771684756842074,12.787098725223402
4.268256865189867,0.13503756418342586,4.909951791357546
0.6366517821732414,1.1426395024707574,2.1655063484788712
1.08657695241472,3.1547315347869453,26.117664447568714
10.178772896818467,0.0,28.39436225943598
3.137646991216054,0.9321412439807109,4.069788235196764
5.727765937224608,0.76323414655143,6.491000083776038
4.505197176851648e-07,5.394637995641855,10.612970106729566
3.0458515253617415,1.911139101294527e-06,7.567066625630545
1.8401396551647942,1.1724836651089339,3.75639496385049e-06
2.9355835292762613,1.6105043802989611,43.16109534280114
1.506985675386358,3.4485276485730942,11.365534504836454
0.0,4.094185031353988,3.622798640524875
1.5671155131394086,2.9820794584273758,3.969346794058828
1.4071786767154086,1.317984960763691,16.96802781599676
2.23276239302649,0.7121223230000382,16.165247712292302
4.719844805359637,0.4520647693881004,8.28654095148736
3.0723168335262927,2.6284221934419967,73.26424197669994
1.1780817962239696,8.437565095128639,9.615646891352608
8.293398233043487e-07,4.591508724683938,39.87596135539933
7.18859640976882,1.64171700818142e-06,19.744871774984528
8.288000292470121,0.0,8.288000292470121
1.0565935643557438,6.340056321583081,39.771701410587035
3.9313885814678575,1.6154891699470879e-06,33.606707094536254
1.7436000855907863,3.2565439464719135,2.154790852847858
1.3488224841667149e-06,0.9670654837125315,1.5863618460312519
1.1076154204532895,3.5844142620588,50.312254296644255
3.6432475914519555,0.0,6.9380892374811545
6.546963794727483,0.0,32.140975672472045
7.582787666493,0.6473213082013655,49.94645915954887
3.9275717173336386,0.0,5.153723807633341
9.257171853665808,0.3394051064028254,28.70524826781807
3.3135156190537347,1.9270580037421627,16.322873334103978
1.1519602221276155,4.283729126193256,23.330574139595235
4.6324362950921385,0.7536109935987146,9.176668703391854
2.674299525079491,4.29415670371869,1.7881393432617188e-05
7.622694758294154,2.7487063035689197,20.310919526288227
3.843077464867007,6.450182924437115,10.293260389304123
3.542234789221623,2.549163096506885e-06,10.571766581443057
1.681542716949943,5.273442678895137,8.11221806903154
6.23809082256216,0.18752587427864678,18.648699313759447
7.136826764966614,1.7351838037053512e-06,13.008290949908247
3.6424236302520665,1.1296999486956978,19.120213719467365
6.628631368484569,4.969020404675801e-07,43.840184487377144
1.6067889706089882,1.1673454808649582,6.370017466784228
10.651777203199764,0.30474211611743474,77.86763132923981
4.265820572083082,4.082839745826568,8.348660317909651
2.387007455171776,1.975998702951312,10.523052737275918
3.474587754853669,0.0,8.615985738629629
5.504058938896333,5.785491547064112,28.524073202248204
3.517343206330869,1.0634963164947717,20.613630448469458
1.590982938450924e-06,0.9795908865271628,2.4669137844059343
7.461462303944509,5.217539551954107e-06,7.46146752148406
5.745232853495645,1.8391140221096047e-06,10.507991497016274
10.683017106441222,1.315195028471418,18.652605807855757
0.0,3.038538341454508,7.519990323510233
2.233085043076595,3.63780061193941,5.870885655016005
0.0,0.0,0.0
2.6088183616961897,0.8348744753346753,21.326614614272426
4.7699835683976675,2.2684745259726196,14.496715353352375
9.22856818173564,0.9860694937998177,23.019364227578627
5.5935744302816675,0.0,36.36940863116526
1.450781646997216,0.8033730235554855,15.353452888062373
9.182188454598595,1.5634563859083886e-06,9.182190018054982
2.822869364288712,1.7639694304371651,11.39257709988147
5.124701576843334,0.0,5.124701576843334
1.3725881087063805,4.247805242876707,14.627787179553549
1.7791147746875016,4.472387428499341,60.66101464098035
1.986543777525341,1.3138227180246163,21.902832052297924
4.538409540100406,0.0,nan
5.742342854664355,0.8261062836072626,66.49164885099874
0.9616971189407968,1.4266717010617223,4.912032336133766
6.847289508570266,0.06593237724553572,27.73717141348958
3.5722177134646755,4.293542978979537,1.6860289423732215
7.492264573300879,0.6990575951724526,27.16728518780192
8.802990259370322,0.0,15.137921437383124
5.906829715864502,1.6643186680505984,9.34946276559783
1.6167835594903477,5.074908335721991,29.00494193269374
2.4350389799637617,0.27611574869547995,4.333145486430258
9.509499182451425,0.5274844200804337,33.02403858429352
9.094337636766603,2.001654330337775,38.08406486308671
2.4895858416889602,1.807286923413988e-06,15.656959505270617
4.285393739872829,1.8259599385531704,3.643104961281707
2.623038674919298,4.454123308005112,26.75552743679072
2.6610368308039294,0.0,2.6610368308039294
0.9912621423625605,0.0,2.1696238813809274
5.049777607672373,0.0,9.774968300754132
0.0,7.920266893673044,27.15091109275818
3.380187196781974,1.8328445452931719,10.150833817233483
1.5041951133890155,0.0,1.5041951133890155
0.0,8.13354061181486e-06,2.384185791015625e-05
4.722415152837396,3.4778804302545878e-06,22.438010384795632
5.400769002419629,0.0,17.89675024235415
2.931418334355118,0.0,7.499718948276074
19.58655966539955,1.101485623481043,20.688045288880595
1.5915884870275996,0.09191227733028393,7.809258309429823
2.7720402474118897,0.0,6.2714210276107485
0.1649113693021732,2.2103228241910524,1.0038555814812786
0.0,1.0904612192457597,1.3273978212346802
2.663853979921226,0.0,2.663853979921226
3.413947862534704,0.4083491706471425,34.20228866922839
2.054418878952749,0.0,4.081894478073241
6.978780949339443,0.0,2.2129474485683835
7.062735979863809,2.001502142470494,10.321802966964183
3.057477720619614,7.583058840294237,37.473234214994775
2.9064861729572504,1.527508688538665,44.63390288088764
0.0,5.6296706199646,5.6296706199646
3.9030063390746106,0.0,14.927957452676255
4.741345515265409,2.611719313325423e-06,13.814116064812936
4.657195933227453,3.729960394286082,12.72392754756247
1.8865807964465426,0.0,1.8865807964465426
7.836470710118308,2.8084050250369232,20.205513736092776
3.2601168470101896,0.8593352754953488,14.120526381210825
8.37151309295368,1.6678476860015153e-06,24.40066398148092
7.093577427597316,0.2653458064338804,19.666279732493084
6.070108790008925,2.4674418326455525,18.3269767804683
3.067014985763581,0.0,3.067014985763581
2.411588718501126,2.554391405632672,5.164631587984432
5.811747386348925,0.8705435673669069,15.317155968115241
2.2915020234368124,1.9862193844976477e-06,3.012168807089073
2.7751220654920683,0.0,2.7751220654920683
6.861774640067713,1.1116679796454394e-06,22.218478044019733
6.777135651658556,0.0,20.475743307464725
4.29995953009302,1.641913410840738,85.58445115943078
6.662212937619383,0.2911439769485541,66.33186235674174
5.754343123305046,0.0,5.754343123305046
2.603256497290851,0.0,7.882786978316979
0.7356652576024187,1.714697140827009,107.80713059252818
4.118068112364227,4.567265401169829e-07,31.28127133165133
4.991137897126028,3.4550075001065587e-07,90.1126782900525
8.435613680474518,3.3622644302122943e-06,10.101501915034683
4.9014191009318715,0.8414945444345483,41.71244171027207
2.2442612093930308,2.198904854745731e-06,2.2442753292268405
4.133401754922217,9.632328469832065e-07,21.336126801778605
2.47154549715853e-06,0.0,6.994802971709376e-06
2.826086193321925,0.8263424891322557,nan
1.8554453659951233,5.2213907762631155,4.932193442710293
8.36297869682312,0.0,16.72595739364624
0.0,4.584146653062617,4.584146653062617
2.1302658978135303,0.2276732480943332,4.10033192430447
2.2033564628901248,1.078318370866284e-06,28.033155807674195
2.202417027816729,3.677358992241064,25.883717837471696
2.8599688329749333,1.2733136224921007,6.606199899447423
6.998181015857846,6.210260837634976,69.90534757984139
1.9052027588478817,0.0,2.4105285167452477
4.2204838699043865,7.570559674263697e-07,8.794893634598868
0.7770514038134313,0.44701690594321664,2.4414460793559667
1.7856064596627133,0.6296969116716093,2.4153033713343226
0.0,5.32070558121594,0.0
5.240536689283882,0.0,56.273083065723156
6.2245406767604265,0.8597247371919866,21.23900717618564
0.855185680282106,2.238168677341624,3.09335435762373
3.219451097299345,7.073218749128135,19.740570446537195
8.145185876775294,3.215711605743291,22.29620403159085
3.3573909001342694,1.984897179744317,5.342288079878586
3.302122706687026,0.7163393123252625,9.496740490826205
1.4125708282343923,0.0,0.0
6.910612649877184,2.284999301541571e-06,14.81361225036098
1.5334498664727148,0.6586164939476901,6.523275617850601
0.0,3.2595214832390824,3.2595214832390824
5.022536270408675,0.5667072269782037,34.9143373734281
4.165936479014436,0.20622196335477502,14.630706578978836
5.268754277914972,1.6701423820928076,6.513358084961352
6.434700532173562,1.6851593424597073,11.630342179235289
3.0032524850244594e-06,2.961308897686029,20.3009704292612
3.7225194701106994,1.1768054575431108,11.091315070872117
3.8566803292502616,0.20241832248381925,62.66002241863281
3.882500852942478,0.0,23.544444688165214
1.883121891591574,3.292729492519462e-06,3.0298637627933678
2.7670791269694917,0.0,3.824202237518601
6.890968513646973,0.4106931721795895,13.891097221914983
1.5551065302771705,1.848144849086892,10.435459666009194
7.060459364675144e-06,4.489024413651897,7.00454308071857
7.621138694565955,0.0,7.621138694565955
3.520573154340709,0.80689772110108,3.520573154340709
3.1557624940582802,5.814586740972299,5.774742607327373
1.5386234227330091,2.1188148284000508,12.662341090793705
8.935601607033448,0.4103549487356421,9.34595655576909
0.8123976648283464,2.0966084000181713,1.0302232880556331e-05
5.1007086064780225,1.1235791783229137,16.750854990777533
3.1452276519272235,0.11562634776940679,15.962036118823619
0.0,1.8452107906341553,1.8452107906341553
4.32617786857971,1.286286046749403,20.564328334853073
2.7664025630704154,2.453618714218725,5.22002127728914
3.8621309502537935,0.5173856374193126,38.24659739991385
2.047851300217892,2.2698855890656024,20.641295725649943
1.1399765948405458,2.7677493530460993,11.915070023240757
5.9780208853860195,1.0007106893250461,13.259557984557816
4.859601155288031,0.6241886042464377,169.96085779713542
1.3777580699527833e-06,14.18892136092299,21.58062232271962
3.8162744361113727,5.543463256121436,72.71449036852978
6.5329152875182,6.609565394851295,49.105694292073935
1.6849417231887553,0.6659753310891756,5.882474375826392
2.6403563931554044,3.3513365688314534,5.991692961986858
2.2471558977760315,5.787180659573345,8.664317220673622
2.22879801946475,5.189204209700674,42.97796285244142
2.185850890991807,1.4222242787892192,4.422509577423279
7.574708464876418,2.2623926426175303e-07,2.180810855275971
7.133690697255254,0.6001191177470631,17.36302414122168
1.9572435369701222,2.5008676118288986,25.674997522685963
4.6907395012332245,2.9786825885147916,12.665614026292204
2.012775016009434,0.0,4.373436534631583
3.465572933515081,3.254119473035245,6.719692406550326
0.0,2.4849236011505127,2.4849236011505127
1.9073700496540065,10.205205024317141,nan
0.0,3.059970829016101,4.219067096710205
0.0,2.550414100805394,2.550414100805394
1.2924018709919571,0.0,2.0594507798412964
0.0,7.261467997787998,7.261467997787998
0.0,5.054617650510178,5.054617650510178
4.191419674112512e-06,7.77417781325198e-06,2.6501484419223538e-05
0.0,12.991781624530153,10.591288939971784
1.76883286531537e-06,3.290510456596231,3.2905122254290964
6.308706996896926,2.6015199823816623e-06,9.94144014396009
2.9874079230299424,2.8886174751355185,8.7186446726873
1.1367589493218861,13.559088206114087,10.137950326504612
1.4345091473679983,7.70696782441811,51.298208405506884
9.798660146501462,2.1556536507571007,26.16184526560521
2.638738493020415,6.17248980439992,37.011054692734746
0.565511371661005,4.481698227586596,16.490573770061598
3.636757880869368,4.350644559612616e-07,9.043869592402363
4.858768880950176,1.4971359202594562e-06,5.923117170562379
4.073701157880126,4.2257513933057505e-06,41.79639065642724
4.883806195604449,1.6011414246201204e-06,18.43682664639403
4.07211066786547,1.2223809024596681,42.92096383634289
8.915985535495443,1.9347669227603632,81.16567880002864
14.68911578891596,2.814162133468712,59.293953594218124
6.941600543018444,2.880064793799201,9.821665336817645
3.966790673442998,3.990043847856443,5.719701086141172
19.328184135027087,1.7066865411362537,18.331007286776916
5.860267924393542,2.8786975139621855,13.58701828269493
8.5337089696442,0.8841353467961255,24.435561091885074
2.203109847595887e-06,3.764976674192845,8.596110992816484
1.1298441190557655,1.4206508978337338,10.071751528903118
4.449041500719431e-06,2.294787878715405,3.7079003353433713
4.264070996864911,2.8568785494776376,13.792669267723745
3.5441289327927663,1.669617606094722,21.154775657281803
4.008353050890531,3.0336252623586644,7.041978313249196
3.027823663919445,3.0808543991634862,5.318622472146114
3.4400436381160504,1.4966785533278841,18.64544390300467
8.156408654048048,6.918855218033041e-07,32.77532606900958
1.5124274406530573,1.463740328694669e-06,8.517015069240238e-06
14.26030617882193,0.3992383974773591,14.65954457629929
3.7584508114913904,1.9841365502024573,11.4952391534918
5.482972326274441,0.35563485807554784,12.74380440301046
5.1789666437727995,0.0,22.649139580629615
1.758101934434162,6.4577364359647,25.944245552276648
6.544110681796557,0.0,2.0619272481801647
5.459879029704818,0.0,13.245846100865636
3.2002322467348256,2.6481387549199455,14.462221985087599
5.099039072966178,1.0977780562494117,32.931213019952786
0.4283786314019323,2.2018146054287557,20.33098525231167
1.038198348080346,2.24361321772055,4.012823104858398
2.9058741750480888,1.883031377735705,8.154940331510609
13.415346937651652,0.0,30.653161696515326
12.4048104176856,3.046110056900385,36.220528495368455
3.709815212990668,1.6553678684808366,35.220421608356105
2.42330891163844,1.0423987290484187,5.058498295538208
7.947404424067464,0.7056385451463419,35.78701445028862
6.441345889869285,1.4015548870537704,11.724678603168018
9.18315541360881,3.6068784699567837,85.9038712206798
2.71483925969927,4.365809540380289,8.971748081508307
2.5977009025341142,3.3121748667979176,5.367118866090348
3.7164382912684815,2.8790904525093755,14.866449023920598
2.859113056136609,0.0,12.600109591652211
3.405119360127714,0.9323481066377093,21.108300560464635
4.525483988035873,1.6458710306477373,15.199571814336228
3.4370767625139766,0.9931375782110553,12.084147304879012
6.075405020253521,0.0,nan
5.943424350695375,3.3239323121015936,9.673442228025412
4.738232979156919,4.488666603634069e-07,8.476956501280434
4.373690630831821,3.7419262363505235,66.28884509675147
5.620460121943062,1.6095996903115524e-06,16.670790253481197
5.926010034005075e-06,3.965340308845203,3.8173278594187767
3.599508892016543,0.0,3.599508892016543
6.511896432417176,0.27760423993747296,7.526804164060243
4.692907099423556,3.199890695442381,7.892797794865937
8.079420948118889,0.0,18.5765690255949
2.9579683386047915,1.840953878658247,nan
2.9574174059430915,5.336536652205903,16.091415806272163
6.3274420837560825,3.091402039200749e-07,24.846510553602275
5.054118925250201,6.13598303078708,22.111274561038336
2.623863691987795,2.6857440992197286,15.656827263887765
5.008691127899841,1.4486514001144615,59.83450015235667
2.233244274379868,2.58804744875575,27.434996262246443
4.89087972671122,2.316878803871161,12.422533213499346
5.409685165646859,1.399992863382569,13.229193071218718
0.0,6.474545485269793,17.66698220584875
2.858232539220594,5.127390794275279,38.57975821780294
5.197487838329525,5.246822515035767,22.797962069060883
1.0768170732658642,5.508654246409675,6.5854713196755394
5.418480364387314,3.5207792969350824,8.939259661322396
4.47380068717016,6.232865676249484,20.293758344266315
3.2204017525114415,1.0004006674950963,4.220802420006538
8.936982933486332,1.251169121719063,7.14767315869768
1.6550495807318228,4.157631908843308,27.331109858196843
1.7434844788297377,3.840067529559322,22.14014507585054
2.01551940061087,4.669038895089666,8.638846734495369
3.499018551826493,2.7645161097856876,6.26353466161218
2.3443898396707294,1.677994759361452,26.781584240186476
3.000528377078131,1.3327622499091392,43.47279072275436
5.846015998064919,0.8552914627083509,43.07702666199922
3.9810039756738056,0.0,5.580529537423762
5.248070038904299,1.4432216808292473,21.565244131611905
4.066277874421596,0.4886419113141334,4.55491978573573
6.170877829141288,0.0,9.543389933972083
5.642402455831686,0.3623433160264917,31.01141106808864
2.506188102872862,2.290229351525876,9.510023956898154
1.4859323545451206,3.0712373558374155,7.816909654142808
3.9155589244491833,1.3696357744007712,14.139348368068896
2.6831308975174224,0.6208419202757324,1.6675216040506098
0.5811779668823768,5.839391165829371,30.032221391575767
4.588012605599958,5.096459826143738,9.684472431743696
3.8850811884631056,4.957147677523471,38.4103286440647
3.405486034797588,3.2771272828635363,6.682613317661124
4.483068831381898,0.19983122261175176,9.922758298892377
6.583463326730481,1.4658812312736607,63.437344089533276
3.062803989331734,3.9300210625144407,8.426373862265446
1.1014991810339465,5.073429148153679,11.539685016970633
0.870702516491533,3.8226954354237765,22.148540681735156
8.303926739287327,1.4236780283000898,29.536858609088867
6.155280576721189,2.50395645464135,48.70110227040014
10.255111358103461,3.8551102597264495,57.84955617852523
1.138985719383097,5.243132947796144,6.382118667179241
5.4298567756397,2.4773698256601713,45.268428778821956
1.5460696994031677,6.157837595888908,5.977353626620921
2.505222642457258,0.0,3.7363592181421215
2.2516537781383015,2.520010151625024,11.463542963805683
2.80009632884025,6.767296423474447,18.775157877324638
0.0,7.517151270372862,35.14532446861267
3.136368761736077,7.892557090653742e-07,8.706730641696952
2.2583169288158516,0.7414649244764212,9.1153117913304
3.770649879836689,0.0,3.92902937449143
2.4748780622650615,1.1964968889786158,8.031863576877262
3.5352373909747903,1.8539592339662492,6.567037697608277
3.5227566920939672,3.946060899267731,24.56638610332459
8.164289506787023,0.41936274905178306,63.209350908387705
4.184546260740659,0.0,39.26448486071902
0.24172404798185748,10.244869332364125,4.797313809990737
2.1822660459716743,5.45233799465487,7.651324423248255
5.119507759525198,2.0898659583863592,8.161990171203096
4.737870351838271,1.102472256275572,30.352221118103245
0.5060599751517847,5.097805232167968,5.603865207319752
6.6359691682771595,0.17598006671351685,16.544782402728046
7.683215952356412,3.7009390992568454e-06,7.683219653295511
4.818573634870952,7.857392097099801,25.508369645763327
4.2503420683683,2.0473478454258394,6.73522024605734
4.028326122413983,1.6831395832882676,42.619721111619164
3.7504168330716925,0.0,3.7504168330716925
3.821512457401553,0.0,6.889330510338317
4.4665472509045046,0.0,8.40152825905961
1.322648147418711,9.059843180082534e-07,11.004995725464228
1.709813715634398,1.0120194792397277,19.331565339412194
2.9702232315994386,0.0,8.404623124987472
0.7242560735448195,0.7854994168808729,11.784905508896644
6.877455987003739,0.11918279023893612,8.949926871442043
3.4405574708465645,0.0,6.66442374026755
2.282517722584781,1.6361183046390952,11.77245917732171
6.02391275544371,0.317233664803814,5.271162438238505
8.809077861925944,0.08397955474668217,49.45418602245134
4.3519247031924895,1.8183570081159497,30.31869110036858
0.0,3.322691826999685,3.322691826999685
2.9925288974311544,1.7397594467935802,17.52995949730667
3.1158732697129308,0.0,8.03954530388885
4.388607792225173,0.0,17.454845772552975
3.4175418268769837,2.8129292714642546,6.6467052655612955
2.2672903003056493,3.043197028094034,10.82070617453723
2.131549838938749,1.095934280229601,2.699077767273544
2.7304394319635596,3.986264581112132e-06,6.633736969977279
4.434349609959425,5.377521986183682e-06,6.975592118011133
2.5138767077574857,5.346181677599916,15.063673640245625
2.6951619288165785,2.5293027548287016e-06,2.6951763790482883
0.556545990910612,1.774573736008062e-06,2.930294715541477
0.07790065931306014,4.15724617408266,8.922903515786565
4.275812423054126,1.680740598886913e-06,20.127323525748167
4.078755884784056,0.0,24.576571019676713
4.399238890172791,4.066355717632862e-06,7.672161325356041
0.7450782769390134,3.871998223410524,4.245794923482575
1.7339879115710852,8.337545775589497e-07,3.1653127199069377
2.6946476860653634,6.412773068013118,126.01058266092222
5.413291865230516,0.6896306926269935,19.652035324954902
2.429171839995147,1.0542885044649417e-06,2.5056835979209944
2.7895596873547355,2.507131698080892,10.098027296038278
1.8770667012945426,4.300592912820662,6.177659614115204
2.0310097749946068,1.8397987549966217,42.68391914306218
2.209573344424224,1.8185713400779307e-06,2.611653686285673
6.679263167463538,0.0,11.388099226404668
2.7827079135580606,0.829478448931156,10.02951416665991
0.44368536721419166,0.0,0.44368536721419166
3.402717774004011,1.7267354079076858,49.251960001507626
3.9537908180039296,2.556701801334866,29.436935756178194
2.504907995809298,0.0,2.504907995809298
13.818784269717284,2.2634197307861488,39.427074438023624
2.332499926163055,9.006006657550689,22.691943883893156
2.829852482128278,0.0,6.460865721155059
3.559309544644725,1.585241287469561,5.402121841615315
2.4801155317607853,0.8094079920933994,6.9350259329504755
2.2718037743976716,0.9397444572181598,11.743019840688865
1.7859769242006394,0.0,3.039848062320039
5.495699321025039,3.1562452958028797,8.651944616827919
1.591756056133526,0.0,1.591756056133526
3.482195517210014,0.48542858430223623,20.233915401927895
6.0450423695100035,0.0,6.0450423695100035
1.3976480032318668,0.6101868637288304,4.036700771828712
1.421242578239777,0.0,nan
1.526867757555789,5.240020459727107,11.252417345965895
2.5548710807872967,2.7327824492201833e-06,6.016575968478179
6.35835753765642,0.0,10.406427194188392
3.4157302720486253,4.129676942648928,9.576182566980348
3.1357272100426936,2.654109137982764,5.7898363480254575
0.0,2.7387506686782905,2.7387506686782905
0.0,9.107931313103105,9.107931313103105
3.6064388905940943,2.755929505292779,60.99103544942771
5.370861832644547,2.8136770636966606,21.006484386054815
0.0,0.0,0.0
2.176592731652509,1.4195233103306064,7.198014841529504
3.9871866954363413,0.3894885380430364,25.804522093825852
5.748655464490008,1.9656615782063764,42.538620475499805
3.238621020963225,0.0717709845610343,79.28352167827215
1.207424271860387,0.8139072658454088,2.2683614775419363
5.983458043717571,0.4456734265223533,20.721879664320802
4.938958826397943,0.9632575151788361,21.998169836200276
4.642506942367396,1.819346716193692e-06,15.680767430831603
1.4234646475479853,3.538725605192042,3.342859948708931
3.9275587619812065,2.154968183061404,51.19636393622423
2.0813632749846724,1.2671483015749263,31.031577305909515
6.286098229690654,0.0,11.779204368299713
0.0,3.2019615173339844,3.2019615173339844
2.0111103639943053,3.090426108633574,16.216058345694506
4.176267662626543,0.41304961444561655,29.623264025223264
3.362656676686098,0.04160010948806964,19.596853179048892
5.337202165783181,4.600940274581546,9.938142440364729
6.511620880401111,4.697335438109198e-06,10.0688746604285
2.690347623171221,2.47439959403826e-06,5.248827498881855
7.130541486946057,0.0,7.130541486946057
2.2848167252132545,0.9214951578039767,7.4356373415154735
1.8252304703219122,0.6966376400675527,16.671480701457238
2.371161527254193,2.9331556532422907,5.304317180496484
9.557047430044925,0.0,9.557047430044925
2.3331889409421867,1.3388738907278295e-06,3.8270365830684288
0.0,0.0,0.0
10.264815871413049,2.798487996990434,13.063303868403484
6.11839378560846,1.9544603549177137e-06,17.68203411476477
4.895589553887244,2.779776379999767,31.74741395929886
1.051332595250858,0.7017774727856545,nan
1.7578944742332618,1.059590354839404,3.4296478039440004
2.49436631068088,0.0,0.0
8.730908363752093,1.023836546093399e-06,30.50653970240085
1.9023254493182384,1.3607931465128192e-06,8.016733448041544
5.707077808061186,2.430538575780328,22.3206250546484
0.0,2.6243682575273413,5.166733264923096
0.0,6.0017762990310395,6.0017762990310395
0.29186538823523317,1.847828647642156e-06,1.3073623885305525
4.385785669779771,0.0,22.292681639674875
3.1396078836285954,1.5031304897732818e-06,3.139615347223563
4.618433333942804,1.587366497229064,6.205799831171868
2.3065506795424016,0.900934863827665,23.034575406917767
8.655455516649836,0.0,14.942876895112535
1.0100821932186668,2.278966351396315,35.21200272184822
3.013535632410878,2.0692280037144273,5.082763636125305
6.608810119757872,4.122853433271219,50.11339640325068
0.0,2.055162191390991,2.055162191390991
7.216890430027655e-06,1.92151629073006,1.0712505175547968e-05
5.60721073604841,0.0,33.11333289257961
1.1710693391254883,0.0,1.1710693391254883
1.2805369794058157,4.3580582285816245,5.63859520798744
3.8256974151780527,2.8338627677178936,118.03934733619639
1.4046518729330266,0.0,3.320310040927371
9.070627091934254,0.21702888457469838,22.92547882734542
4.290842605639089,0.6996181637803187,10.095214052446726
10.489527231261242,0.3490731556325772,27.236004705804895
6.109676613492825,0.5108735985674555,42.39388319962576
5.289577739004236,0.0,11.571471272469779
1.6795760121453198,2.1854888015139703e-06,2.3652486654953355
6.913373763382479,1.5299116482179065e-06,11.382060390739667
0.6782023947687217,3.1578098035384414,62.62572942957784
5.0363307732896985,0.4396498138533092,18.40083044261537
1.2541784159915392,2.4564352395369715,8.849769915456793
3.791728493374788,0.0,10.000930053570276
5.797584923437244,0.40020015007800486,5.377047070122659
1.3728653314763608,1.3227888913248786,2.6956542228012395
4.3405152248972545,1.5438223412198973,18.3560306660655
1.7028283542061433,2.4975123845623894,15.41003193075736
1.089334983298399e-06,0.9586565634648783,3.255489119988586
4.05550689879777,0.8211869044970239,63.587406561074324
4.636257882272,0.11822727940282149,29.334410534302066
1.5135763534805569,0.0,6.539484945985214
1.2735960490630314,0.0,3.04281719416314
2.3687520692599535,2.3349175498718606e-06,21.93143091891388
0.8208968146895473,4.913700489951814e-06,2.0680396901116733
3.376499456637611,1.1103773919684738e-06,7.808232311090856
3.101804382043629,2.1587642776294262,20.92433627874815
0.4694772432377521,2.620338821871262,6.117060562782321
1.3224832036234477e-05,0.0,1.3224832036234477e-05
3.2854491864901254,4.51676482561798,18.811742292231713
2.240848252634783,0.0,10.049610153879177
0.21544818792072315,1.2139508198104705,1.3558320753877213
5.659461993351942,2.5370815014581415e-07,23.836239463419453
