id,S,S_plus,S_base,s_mn,s_tn,s_mtn
H0,0.39452419215138257,0.39452419215138257,1.7544858910058254,0.7573319491257591,0.9426201744422948,0.1578096768605529
H1,1.6310970957272485e-15,1.6310970957272485e-15,1.2241416270156669,0.602298545177435,0.9278784885921468,5.103302911388794e-16
H2,0.14449141617901376,0.14449141617901376,1.1450952374782115,0.318207730669707,0.9325470459542908,0.0577965664716053
H3,1.6310970957272485e-15,1.6310970957272485e-15,1.2600961394026142,0.7024848719407135,0.8726353023125527,5.103302911388794e-16
H4,0.1972611368745781,0.1972611368745781,1.368372189725478,0.5805322167984048,0.8833565992652201,0.0789044547498311
H5,1.1986675045447472,1.1986675045447472,2.480160240879922,0.8241761339640672,0.7776897864549015,0.4794670018178987
H6,0.3733748349009426,0.3733748349009426,1.5102284673125117,0.9325837186075197,0.4884833219069424,0.1493499339603768
H7,1.6310970957272485e-15,1.6310970957272485e-15,1.3117040749970277,0.8186527863800913,0.8209773073661912,5.103302911388794e-16
H8,1.6310970957272485e-15,1.6310970957272485e-15,1.4403452537807715,0.8482175269350254,0.9522140402909374,5.103302911388794e-16
H9,0.1378138808337734,0.1378138808337734,1.4003324455491577,0.77875511685563,0.7993930890386003,0.0551255523335093
H10,0.23293230254336136,0.23293230254336136,1.4839022598440923,0.6599873774013246,0.9037250692245896,0.0931729210173444
H11,0.1659436002829569,0.1659436002829569,1.171162582805743,0.388127922561763,0.8683958055917196,0.0663774401131827
H12,0.7752268015906257,0.7752268015906257,1.407977632291212,2.337182257721629e-16,0.7909385383757331,0.3100907206362501
H13,0.5706363186310116,0.5706363186310116,1.2843832001659692,2.337182257721629e-16,0.8921836019186972,0.2282545274524044
H14,0.2450534315327234,0.2450534315327234,1.4156303693920138,0.9203641794806342,0.5428569928434788,0.0980213726130893
H15,1.4534614117872234e-15,1.4534614117872234e-15,1.4784318639311325,0.8806086189960297,0.967431210917884,5.103302911388794e-16
H16,1.1412752001273878,1.1412752001273878,1.864863089558646,2.337182257721629e-16,0.9044848617890732,0.4565100800509549
H17,2.5354634855608854e-15,2.5354634855608854e-15,1.466867664092746,0.8970910178271329,0.936493562288797,7.654954367083192e-16
H18,1.8087327796672735e-15,1.8087327796672735e-15,1.4104841962175678,0.8093846960249366,0.9537205492470212,5.103302911388794e-16
H19,1.110028283772298,1.110028283772298,1.8082695372879984,4.674364515443258e-16,0.8728015668946254,0.444011313508919
H20,0.08297180014147894,0.08297180014147894,1.2447473304975467,0.5126274697517215,0.9395919431933634,0.0331887200565915
H21,8.155485478636242e-16,8.155485478636242e-16,1.2732917065676193,0.630323043509394,0.9612915897001292,2.551651455694397e-16
H22,1.6310970957272485e-15,1.6310970957272485e-15,1.3990291077051324,0.9461482956183824,0.8026380890130314,5.103302911388794e-16
H23,0.24891609412894497,0.24891609412894497,1.4390857364368057,0.5340058141897768,0.9537062386950492,0.0995664376515777
H24,0.3493984538150413,0.3493984538150413,1.520772072267362,0.5049938263237574,0.959223196741644,0.1397593815260163
H25,1.6310970957272485e-15,1.6310970957272485e-15,1.438904277041355,0.925682814466102,0.8729475318355897,5.103302911388794e-16
H26,1.6310970957272485e-15,1.6310970957272485e-15,1.2194624839366726,0.6251960594149747,0.8991320455058645,5.103302911388794e-16
H27,1.9863684636072987e-15,1.9863684636072987e-15,1.155782896872607,0.6712922075266669,0.7734364135640901,5.103302911388794e-16
H28,0.223089309209398,0.223089309209398,1.613027184851506,0.9328116229113088,0.8046107216413265,0.089235723683759
H29,1.2596377577136867e-15,1.2596377577136867e-15,1.2892375521409711,0.8826674710668617,0.7288794691093513,2.551651455694397e-16
H30,0.18384041457887584,0.18384041457887584,1.42514825305341,0.6754773736355371,0.8761574244576311,0.0735361658315501
H31,1.897550621637286e-15,1.897550621637286e-15,1.44568551949802,0.8542375541717894,0.952869345200734,5.103302911388794e-16
H32,0.6987969076300806,0.6987969076300806,1.5477087347065344,0.2083328409129817,0.8528069429325855,0.2795187630520321
H33,1.9863684636072987e-15,1.9863684636072987e-15,1.461275389894046,0.8764072986174906,0.9501869387500652,5.103302911388794e-16
H34,1.8087327796672735e-15,1.8087327796672735e-15,1.1911185023015705,0.5504852794426371,0.9384128484343242,5.103302911388794e-16
H35,0.2904015317300104,0.2904015317300104,1.2564964578823898,0.4138088719417998,0.7938097857486749,0.116160612692004
H36,1.8087327796672735e-15,1.8087327796672735e-15,1.0681572155797243,0.4117199929397381,0.9234765265349156,5.103302911388794e-16
H37,0.1315074245830525,0.1315074245830525,1.484330473488501,0.9201783304683844,0.7708504806634262,0.052602969833221
H38,1.2758257278471984e-15,1.2758257278471984e-15,1.3780796784728775,0.8481716509838376,0.8744279471072577,5.103302911388794e-16
H39,2.664535259100375e-16,2.664535259100375e-16,1.4036427757509948,0.8032825546966433,0.9512709149921,0.0
H40,0.9928389971992407,0.9928389971992407,2.086569206219856,0.449083196309415,0.918079564966355,0.3971355988796962
H41,1.4534614117872234e-15,1.4534614117872234e-15,1.0806649871496374,0.4084274992146937,0.9424037347223512,5.103302911388794e-16
H42,2.664535259100375e-16,2.664535259100375e-16,1.2913802456106058,0.7354969470068092,0.8787283600064478,0.0
H43,0.5015868934960905,0.5015868934960905,1.4569893563802525,0.4701964242767133,0.7240566543284888,0.2006347573984362
H44,1.6310970957272485e-15,1.6310970957272485e-15,1.4450655912372317,0.875174627923509,0.9311573611230288,5.103302911388794e-16
H45,1.9863684636072987e-15,1.9863684636072987e-15,1.1699265068726636,0.5887179867748811,0.8736901468159469,5.103302911388794e-16
H46,1.055082226338246,1.055082226338246,2.1636766490306787,0.6007085017463707,0.7850345266191701,0.4220328905352983
H47,1.9863684636072987e-15,1.9863684636072987e-15,1.481817815437541,0.9012870484414982,0.9509852208554264,5.103302911388794e-16
H48,0.2756277616675454,0.2756277616675454,1.4208846260304977,0.5531434843900723,0.8784275960636176,0.1102511046670181
H49,0.28898283235802535,0.28898283235802535,1.5775043726216418,0.7674703647954831,0.8431815605340374,0.11559313294321
H50,0.28898283235802574,0.28898283235802574,1.6337103293734907,0.7483638495678011,0.9325455217015306,0.11559313294321
H51,0.19265522157201742,0.19265522157201742,1.246043446038637,0.4383076845196568,0.8784275960636176,0.0770620886288069
H52,0.2889828323580256,0.2889828323580256,1.3560136156796532,0.5661371616408868,0.767651317511148,0.11559313294321
H53,9.931842318036493e-16,9.931842318036493e-16,1.4016184520424593,0.8189520606719187,0.9330710043811544,2.551651455694397e-16
H54,0.5038006745262827,0.5038006745262827,1.3187318237748378,0.3045684099319091,0.714095526628785,0.201520269810513
H55,2.664535259100375e-16,2.664535259100375e-16,1.4560370157663851,0.9770310742890508,0.8430151954189304,0.0
H56,1.6310970957272485e-15,1.6310970957272485e-15,1.1594707923935843,0.5559682381084725,0.8933702523835063,5.103302911388794e-16
H57,0.6028929081494331,0.6028929081494331,1.8263866803966116,0.6755912571502917,0.8537759581586811,0.2411571632597731
H58,0.5119322536311477,0.5119322536311477,1.382961512554192,0.8907818083153975,0.1980047653384077,0.204772901452459
H59,1.3735438350204523,1.3735438350204523,2.325199633292438,0.6284966062748678,0.5610731415651147,0.5494175340081808
H60,0.3493984538150415,0.3493984538150415,1.2938929020734726,0.4173373283815258,0.7632807319415138,0.1397593815260163
H61,1.6310970957272485e-15,1.6310970957272485e-15,1.1852998028574897,0.7627810290294761,0.7188437245423839,5.103302911388794e-16
H62,1.8087327796672735e-15,1.8087327796672735e-15,1.150414810846021,0.518983325182145,0.9190351883753796,5.103302911388794e-16
H63,0.07890445474983245,0.07890445474983245,1.0935627264348824,0.4671158221585249,0.8012070174477879,0.0315617818999328
H64,8.155485478636242e-16,8.155485478636242e-16,1.27539438668551,0.6430082215500523,0.9512347618068344,2.551651455694397e-16
H65,1.9602611567461072,1.9602611567461072,2.549032725681688,4.674364515443258e-16,0.735964461169476,0.7841044626984427
H66,0.19265522157201725,0.19265522157201725,1.6072046478834656,0.8170639552751675,0.9511228276141428,0.0770620886288069
H67,0.9535051571531814,0.9535051571531814,1.2987437393943382,4.674364515443258e-16,0.4315482278014457,0.3814020628612725
H68,1.8087327796672735e-15,1.8087327796672735e-15,1.1222429728423804,0.5098963605175022,0.8929073555354715,5.103302911388794e-16
H69,1.8087327796672735e-15,1.8087327796672735e-15,1.3933393546570665,0.8561828592184683,0.8854913341028628,5.103302911388794e-16
H70,0.7868173098573185,0.7868173098573185,1.82517815585335,0.9210863074856228,0.3768647500094171,0.3147269239429271
H71,0.19726113687457827,0.19726113687457827,1.297706610433346,0.4841105706843659,0.8914462712640945,0.0789044547498311
H72,0.4376724729160606,0.4376724729160606,1.648505774069837,0.5865638755971295,0.9269777508450914,0.175068989166424
H73,1.8087327796672735e-15,1.8087327796672735e-15,1.3605561659516088,0.9396376417563748,0.7610575656831347,5.103302911388794e-16
H74,0.17469922690752135,0.17469922690752135,1.352956207774731,0.7975348086149607,0.6752864174690515,0.0698796907630084
H75,0.5917846438806925,0.5917846438806925,1.7663072585620236,0.4956910726375061,0.972462195714158,0.2367138575522769
H76,1.4534614117872234e-15,1.4534614117872234e-15,1.428316600179676,0.8491250962505056,0.9362706539740876,5.103302911388794e-16
H77,0.2756277616675448,0.2756277616675448,1.5012022502584634,0.9225155386199864,0.6094525721186622,0.1102511046670178
H78,1.2596377577136867e-15,1.2596377577136867e-15,1.047219673319611,0.3614462824990936,0.9475783091504192,2.551651455694397e-16
H79,0.21447922472452924,0.21447922472452924,1.3967786783311578,0.5889987565690961,0.8888755604391892,0.0857916898898117
H80,0.8817246257408781,0.8817246257408781,1.5326585100565708,0.4417462031053168,0.3719211522892994,0.3526898502963511
H81,1.8087327796672735e-15,1.8087327796672735e-15,1.4056082631719482,0.7663449965147823,0.9906653324501512,5.103302911388794e-16
H82,0.473856154027258,0.473856154027258,1.2562365669545923,0.1429642264420001,0.8350112897171685,0.189542461610903
H83,0.10723961236226567,0.10723961236226567,1.2965553460740091,0.584364100447779,0.9022805666919004,0.0428958449449062
H84,1.8087327796672735e-15,1.8087327796672735e-15,1.3873985043919292,0.8003298331801751,0.9339182973097347,5.103302911388794e-16
H85,0.11812618357180606,0.11812618357180606,1.4587165050251414,0.8571473086484707,0.818590593168199,0.0472504734287221
H86,0.06222885010611028,0.06222885010611028,1.3720874251805648,0.764036903752243,0.8732863150908254,0.0248915400424439
H87,1.8087327796672735e-15,1.8087327796672735e-15,1.4411782251855427,0.8771964142811575,0.9242763672007692,5.103302911388794e-16
H88,1.6310970957272485e-15,1.6310970957272485e-15,1.3275018467188424,0.8529745991574071,0.8064027092411441,5.103302911388794e-16
H89,0.6901064440437247,0.6901064440437247,1.9899788172820665,0.7483836749153482,0.8764567916325791,0.2760425776174898
H90,0.3585995618090231,0.3585995618090231,1.049809085404768,0.2447724632952027,0.6192394411994788,0.1434398247236091
H91,0.7628400963163574,0.7628400963163574,1.6461827285795927,0.2447724632952027,0.859405827033842,0.3051360385265427
H92,0.7657356360115528,0.7657356360115528,1.5704532958687607,0.2119220423884162,0.7939750324330938,0.306294254404621
H93,2.664535259100375e-16,2.664535259100375e-16,1.1055572126490063,0.4264587934658108,0.9554877223454472,0.0
H94,1.4534614117872234e-15,1.4534614117872234e-15,1.1801581100398144,0.757188534750267,0.7180091027994991,5.103302911388794e-16
H95,1.8087327796672735e-15,1.8087327796672735e-15,1.0101522053502308,0.4142810242912271,0.8484092323965596,5.103302911388794e-16
H96,1.8087327796672735e-15,1.8087327796672735e-15,1.431261451270124,0.833762379367281,0.9553144347203724,5.103302911388794e-16
H97,0.3183040345186917,0.3183040345186917,1.4323574235131329,0.5805322167984048,0.8120345194446473,0.1273216138074764
H98,0.16594360028295566,0.16594360028295566,1.0844916125979855,0.5897247522187045,0.5584602631750828,0.0663774401131822
H99,1.6310970957272485e-15,1.6310970957272485e-15,1.3625869262223809,0.830847291296587,0.8723863664813873,5.103302911388794e-16
H100,1.8087327796672735e-15,1.8087327796672735e-15,1.461213309180719,0.9516290702913024,0.8748875661845942,5.103302911388794e-16
H101,1.4534614117872234e-15,1.4534614117872234e-15,1.260925860951662,0.7211478805356455,0.8550094456539303,5.103302911388794e-16
H102,0.6112019892938944,0.6112019892938944,2.114717763021064,0.92901788278548,0.9503768343734816,0.2444807957175576
H103,0.41344164250131754,0.41344164250131754,1.348179824709474,0.2603755635156381,0.9080471642445576,0.1653766570005269
H104,0.24891540042443489,0.24891540042443489,1.1447173956241803,0.1946826074517287,0.9250698865479534,0.0995661601697738
H105,0.8640557279512014,0.8640557279512014,1.931194828170412,0.6706385395996688,0.6632853356743441,0.3456222911804805
H106,1.4534614117872234e-15,1.4534614117872234e-15,1.4521187818387502,0.9355926890028976,0.8795557882955383,5.103302911388794e-16
H107,0.062228850106109436,0.062228850106109436,1.268095341458257,0.5578470829123827,0.9494860312778016,0.0248915400424437
H108,1.2758257278471984e-15,1.2758257278471984e-15,1.4386861838301814,0.8568265984081672,0.9415311313795576,5.103302911388794e-16
H109,0.4053343167640156,0.4053343167640156,1.5215532166772858,0.9424457567365894,0.4528278681549989,0.162133726705606
H110,1.6310970957272485e-15,1.6310970957272485e-15,0.9578571260042348,0.2369166537902287,0.9604047537150632,5.103302911388794e-16
H111,1.6310970957272485e-15,1.6310970957272485e-15,1.4112621793444933,0.8609258304528922,0.9031518937277226,5.103302911388794e-16
H112,1.6310970957272485e-15,1.6310970957272485e-15,1.2123577764285918,0.9170475965186148,0.5983996240171232,5.103302911388794e-16
H113,1.8087327796672735e-15,1.8087327796672735e-15,0.985612920038333,0.6336165260307914,0.5983996240171232,5.103302911388794e-16
H114,0.2889828323580256,0.2889828323580256,1.344156826474952,0.4383076845196568,0.8806598081265014,0.11559313294321
H115,1.7199149376972609e-15,1.7199149376972609e-15,1.3046855320938553,0.7618507729988321,0.8690061421184853,5.103302911388794e-16
H116,1.0606815492922572,1.0606815492922572,2.0159346429853526,0.5705329076722992,0.6235334594440708,0.4242726197169026
H117,0.6623596096451015,0.6623596096451015,1.4749615647736152,0.8674842837338694,0.1482681601767731,0.2649438438580404
H118,0.32172072551303155,0.32172072551303155,1.596756242770668,0.7089420136647362,0.8848523829073096,0.1286882902052125
H119,0.19726113687457847,0.19726113687457847,1.2459347423009222,0.3572764596596299,0.9535655471233004,0.0789044547498311
H120,1.5790637021401963,1.5790637021401963,2.0550426523994547,0.3742066971949963,0.2207669906290765,0.6316254808560785
H121,0.2889828323580256,0.2889828323580256,1.603031047172938,0.7056477598755068,0.9369125086431338,0.11559313294321
H122,0.21515973708541536,0.21515973708541536,1.114351040041761,0.791980239734428,0.3320088889610049,0.0860638948341659
H123,1.8087327796672735e-15,1.8087327796672735e-15,1.1431147243714852,0.6493802810534145,0.7795131244109403,5.103302911388794e-16
H124,0.7046144151014251,0.7046144151014251,1.3887157682819316,4.674364515443258e-16,0.8551266914756329,0.2818457660405699
H125,0.4148601568835841,0.4148601568835841,1.497884614909386,0.3956762451492693,0.9581043273829832,0.1659440627534335
H126,0.21447984135195153,0.21447984135195153,1.4928914509736504,0.7203402674279717,0.8776742445991521,0.0857919365407805
H127,1.7199149376972609e-15,1.7199149376972609e-15,1.3095837011622342,0.830576917211647,0.8064027092411441,5.103302911388794e-16
H128,0.17847144736751847,0.17847144736751847,1.0834479101626555,0.438105305908407,0.6931152725855151,0.0713885789470072
H129,1.8087327796672735e-15,1.8087327796672735e-15,1.4492201537363356,0.8596350977382198,0.951890094432198,5.103302911388794e-16
H130,0.7752303533806796,0.7752303533806796,2.0056423391647824,0.9158937933263506,0.6221211889037783,0.3100921413522716
H131,0.6434395240558543,0.6434395240558543,1.5787433122382284,0.3653240607063892,0.8038056745215786,0.2573758096223416
H132,1.8087327796672735e-15,1.8087327796672735e-15,1.4199744958022302,0.8322582379111446,0.9427098818416416,5.103302911388794e-16
H133,0.6778003685676534,0.6778003685676534,1.7983993541545955,0.8134388510564887,0.5873098809271902,0.2711201474270611
H134,0.32171976202792824,0.32171976202792824,1.2337123509547954,0.2089244728541827,0.9310662633044018,0.128687904811171
H135,2.5354634855608854e-15,2.5354634855608854e-15,1.483302782625229,0.8868998314284389,0.9672286468530948,7.654954367083192e-16
H136,0.6331007188779413,0.6331007188779413,1.933120142297268,0.7054508214756346,0.9195734577985244,0.2532402875511763
H137,0.13150742458305142,0.13150742458305142,1.5111500809959957,0.8486795744451535,0.8758737460710271,0.0526029698332205
H138,0.57560296548726,0.57560296548726,1.6670620862497834,0.6467511624731747,0.7175727384799798,0.2302411861949039
H139,0.19726113687457847,0.19726113687457847,1.3232571848215482,0.4671158221585249,0.9403792377751878,0.0789044547498311
H140,1.7199149376972609e-15,1.7199149376972609e-15,1.306193747948134,0.7131243356106975,0.9196178493244684,5.103302911388794e-16
H141,1.2758257278471984e-15,1.2758257278471984e-15,1.2528738440208675,0.7398550678167471,0.8262372372093357,5.103302911388794e-16
H142,0.29656107156206296,0.29656107156206296,1.6782147109029362,0.7848830755663126,0.9421839736097792,0.118624428624825
H143,1.6310970957272485e-15,1.6310970957272485e-15,1.1545031506663397,0.5174782959854083,0.9256506423475144,5.103302911388794e-16
H144,0.1972611368745781,0.1972611368745781,1.3057108037206415,0.4944619662871767,0.8911001172704033,0.0789044547498311
H145,0.8715579641666868,0.8715579641666868,2.0624388387948587,0.8026199985009739,0.685981094784241,0.3486231856666746
H146,0.9168029839408411,0.9168029839408411,1.6870352078001152,0.0502943802221712,0.912495899601922,0.3667211935763362
H147,1.9863684636072987e-15,1.9863684636072987e-15,1.1118921169802685,0.5479426349582343,0.8419225112670997,5.103302911388794e-16
H148,0.13150742458305267,0.13150742458305267,1.3010644553068011,0.5889987565690961,0.8729475318355897,0.052602969833221
H149,0.1972611368745781,0.1972611368745781,1.5579455903060306,0.9202914838351842,0.7805640829541315,0.0789044547498311
H150,0.20348771372924268,0.20348771372924268,1.404287554070777,0.6332340794422108,0.8677657209847078,0.0813950854916969
H151,1.8087327796672735e-15,1.8087327796672735e-15,1.4075471901265613,0.8888180171344705,0.8706159705237293,5.103302911388794e-16
H152,0.2756277616675461,0.2756277616675461,1.5663472199969246,0.7696451437020996,0.8437541792096236,0.1102511046670183
H153,1.9863684636072987e-15,1.9863684636072987e-15,1.2466271747065738,0.6050453142823411,0.9532386541008744,5.103302911388794e-16
H154,1.2596377577136867e-15,1.2596377577136867e-15,1.295089168040184,0.6460406533511588,0.9728208066990705,2.551651455694397e-16
H155,0.6725608987207982,0.6725608987207982,1.7453871208148954,0.5701822969541956,0.7708504806634262,0.2690243594883191
H156,1.2747172230415251,1.2747172230415251,1.956973167743928,4.674364515443258e-16,0.8528199308780031,0.50988688921661
H157,1.6310970957272485e-15,1.6310970957272485e-15,1.4103426612176306,0.9095762423145386,0.8533520842074979,5.103302911388794e-16
H158,0.43055518038702534,0.43055518038702534,1.324565295588381,0.2439675837196169,0.8735450602820781,0.17222207215481
H159,0.12445770021221837,0.12445770021221837,1.276178848935001,0.550546281807406,0.8891051540960729,0.0497830800848871
H160,0.5320978505768634,0.5320978505768634,1.6065463484819396,0.4669031979237144,0.8761574244576311,0.2128391402307452
H161,1.8087327796672735e-15,1.8087327796672735e-15,0.97469573397714,0.9871608346046562,0.2312088328667673,5.103302911388794e-16
H162,0.4556369153796033,0.4556369153796033,1.2057587975671145,0.0882307940801674,0.8494215586542221,0.1822547661518411
H163,1.3611585559318748,1.3611585559318748,2.25980541255627,0.8474077684060812,0.275900802374413,0.5444634223727498
H164,0.5015036166315725,0.5015036166315725,1.397903173399688,0.4329324551699793,0.6875669907901654,0.2006014466526289
H165,1.6310970957272485e-15,1.6310970957272485e-15,1.3964853714847725,0.8694492898983326,0.8761574244576311,5.103302911388794e-16
H166,1.7199149376972609e-15,1.7199149376972609e-15,1.321860668991934,0.7623499418335121,0.8899758944064036,5.103302911388794e-16
H167,1.4534614117872234e-15,1.4534614117872234e-15,1.4324878038290874,0.9311947167223436,0.859415038064014,5.103302911388794e-16
H168,1.8087327796672735e-15,1.8087327796672735e-15,1.376322929835367,0.767721683187639,0.952681979106568,5.103302911388794e-16
H169,1.9863684636072987e-15,1.9863684636072987e-15,1.4963709913110603,0.9469711625530848,0.9234925765857388,5.103302911388794e-16
H170,1.8087327796672735e-15,1.8087327796672735e-15,1.4197001262357891,0.8549266642563346,0.9196984935384,5.103302911388794e-16
H171,1.4534614117872234e-15,1.4534614117872234e-15,1.3078150900277357,0.7929950119361433,0.8417738505985243,5.103302911388794e-16
H172,0.7467496698018821,0.7467496698018821,1.6713531961719506,0.2224904621003771,0.9332639458622088,0.2986998679207526
H173,0.5169824924735604,0.5169824924735604,1.7336730276090246,0.7217455476394127,0.7991176212799178,0.206792996989424
H174,1.6310970957272485e-15,1.6310970957272485e-15,1.4021587397665527,0.8843026191164696,0.8683958055917196,5.103302911388794e-16
H175,1.6310970957272485e-15,1.6310970957272485e-15,1.3923456898927438,0.8706722637350747,0.8697598486308533,5.103302911388794e-16
H176,1.573636007123655,1.573636007123655,1.8383142207012544,0.3308477669719992,2.301052742623314e-16,0.6294544028494619
H177,0.0622288501061101,0.0622288501061101,1.0415731570343718,0.354420535029474,0.8697598486308533,0.0248915400424439
H178,1.8087327796672735e-15,1.8087327796672735e-15,1.373612461603812,0.9308278566767296,0.7861877203280335,5.103302911388794e-16
H179,0.23293230254336117,0.23293230254336117,1.2041430820199006,0.3603807044368254,0.8536327699088491,0.0931729210173444
H180,0.19726113687457758,0.19726113687457758,1.217790518643886,0.4326465317927054,0.8430151954189304,0.0789044547498308
H181,1.6310970957272485e-15,1.6310970957272485e-15,1.1803084817122669,0.6015499740293629,0.8738356281109686,5.103302911388794e-16
H182,0.611201989293894,0.611201989293894,1.8533145176848964,0.6543547700079789,0.8982858904807738,0.2444807957175576
H183,0.7245884597512098,0.7245884597512098,1.8719911545314896,0.8287636898246868,0.6054896786506637,0.2898353839004837
H184,0.3365886654374562,0.3365886654374562,1.482934929735799,0.5673752566453265,0.865557573727602,0.1346354661749824
H185,0.3667211935763375,0.3667211935763375,1.7714641163068328,0.8875328478214002,0.8683958055917196,0.1466884774305348
H186,1.2478005911218248,1.2478005911218248,2.012757206084924,0.0423913066548877,0.913804462048986,0.4991202364487299
H187,0.7467496698018821,0.7467496698018821,1.498980371673663,2.337182257721629e-16,0.9402883773397264,0.2986998679207526
H188,1.7199149376972609e-15,1.7199149376972609e-15,1.4892523384846963,0.892172735518202,0.9693926875876668,5.103302911388794e-16
H189,1.2596377577136867e-15,1.2596377577136867e-15,1.3793313814688095,0.8513626599413858,0.8728015668946254,2.551651455694397e-16
H190,0.45840149197042107,0.45840149197042107,1.7488436756562102,0.8024924972957904,0.8105602323114464,0.1833605967881683
H191,1.6310970957272485e-15,1.6310970957272485e-15,1.0339310984622332,0.3206286426017283,0.9717852304760614,5.103302911388794e-16
H192,1.8087327796672735e-15,1.8087327796672735e-15,1.279652027627605,0.6453080749373704,0.954256959597134,5.103302911388794e-16
H193,1.8087327796672735e-15,1.8087327796672735e-15,1.0092774937460485,0.3285258628014043,0.9330710043811544,5.103302911388794e-16
H194,0.7868164774022581,0.7868164774022581,1.443457962630207,0.2810052411735678,0.5397966153613694,0.314726590960903
H195,0.32171976202792807,0.32171976202792807,1.4877066282214346,0.5426113143791802,0.9148722683627032,0.128687904811171
H196,1.6310970957272485e-15,1.6310970957272485e-15,1.4809685838245414,0.8950529428752927,0.9561577869053824,5.103302911388794e-16
H197,1.2758257278471984e-15,1.2758257278471984e-15,1.387944151115622,0.9518796434183528,0.7830505454761729,5.103302911388794e-16
H198,0.9840791173109781,0.9840791173109781,1.5870089975567048,4.674364515443258e-16,0.7536623503071584,0.393631646924391
H199,1.8087327796672735e-15,1.8087327796672735e-15,1.4864986856068994,0.9616444812534498,0.8964788757551725,5.103302911388794e-16
H200,1.8087327796672735e-15,1.8087327796672735e-15,1.0388560614342828,0.7124949786534299,0.5860750981394218,5.103302911388794e-16
H201,1.1882271806512272,1.1882271806512272,1.855958296498465,0.3463339700997556,0.4883299247092927,0.4752908722604906
H202,1.4534614117872234e-15,1.4534614117872234e-15,1.42772166075112,0.873511040073169,0.9111410358657293,5.103302911388794e-16
H203,0.7752303533806796,0.7752303533806796,1.971864049866644,0.8982386689020261,0.5975534517054305,0.3100921413522716
H204,8.155485478636242e-16,8.155485478636242e-16,1.4503794594330517,0.9264925928928176,0.8864817313984961,2.551651455694397e-16
H205,1.6310970957272485e-15,1.6310970957272485e-15,1.3558208455924112,0.8211241329478318,0.8736519240426802,5.103302911388794e-16
H206,0.27562776166754555,0.27562776166754555,1.5095857784449256,0.8253806605034949,0.7170668604682305,0.1102511046670181
H207,1.8087327796672735e-15,1.8087327796672735e-15,1.3332922690257312,0.7939800339696096,0.8726353023125527,5.103302911388794e-16
H208,1.2874340747558977,1.2874340747558977,1.780017525844816,0.615729313861148,2.301052742623314e-16,0.5149736299023588
H209,0.04978308008488795,0.04978308008488795,1.1926709546753482,0.480968022666879,0.9476418205711964,0.019913232033955
H210,0.364440784205882,0.364440784205882,1.7042143869363686,0.8603558283795355,0.8143611750335725,0.1457763136823528
H211,0.39452227374915433,0.39452227374915433,1.0524072873512451,0.0,0.8223562670026143,0.1578089094996615
H212,0.5779656647160496,0.5779656647160496,1.332052317499698,2.337182257721629e-16,0.942608315979561,0.2311862658864196
H213,0.19726113687457827,0.19726113687457827,1.3697683006572536,0.5916739033672702,0.8739600513610744,0.0789044547498311
H214,0.06222885010611028,0.06222885010611028,1.504845498342277,0.8697015190564715,0.933569291238737,0.0248915400424439
H215,1.8087327796672735e-15,1.8087327796672735e-15,1.219291694911067,0.6543547700079789,0.8697598486308533,5.103302911388794e-16
H216,0.06222902353223744,0.06222902353223744,1.2454011213307348,0.6404235336463376,0.8385415886017845,0.0248916094128948
H217,0.1397593815260172,0.1397593815260172,1.3537336481338884,0.6490720276681199,0.8683958055917196,0.0559037526104067
H218,0.6145664594103636,0.6145664594103636,1.4346277514970416,0.2218087901250916,0.803267824983256,0.2458265837641453
H219,0.7752303533806797,0.7752303533806797,1.8451008864981544,0.6402509572820744,0.6970872091147698,0.3100921413522716
H220,2.5354634855608854e-15,2.5354634855608854e-15,1.3979086943619967,0.8457027364032793,0.901683131549214,7.654954367083192e-16
H221,1.2340210703513974,1.2340210703513974,2.1265984952202417,0.9373957592952272,0.1783260217908288,0.4936084281405588
H222,1.2910246082713563,1.2910246082713563,1.9486344987714777,0.1904516912417517,0.6315606718834006,0.5164098433085423
H223,0.836096153601303,0.836096153601303,1.6821153122038317,0.0882307940801674,0.969293154172993,0.3344384614405212
H224,0.3876151766903405,0.3876151766903405,1.3980691305208757,0.5133363458790831,0.7497310964090864,0.155046070676136
H225,0.892357236837588,0.892357236837588,1.2375958190787448,4.674364515443258e-16,0.4315482278014457,0.3569428947350351
H226,1.8087327796672735e-15,1.8087327796672735e-15,1.345467789844111,0.759191439344318,0.9226432979608188,5.103302911388794e-16
H227,0.4203503304652165,0.4203503304652165,1.2511278037634288,0.2069275459033578,0.8315442957194081,0.1681401321860864
H228,0.2870367869246834,0.2870367869246834,1.3937565161640184,0.4524633123817456,0.9309363491674232,0.1148147147698732
H229,1.2596377577136867e-15,1.2596377577136867e-15,1.3146391456223014,0.6951095794984415,0.9481893525294344,2.551651455694397e-16
H230,0.24891540042443505,0.24891540042443505,1.3779496880123332,0.480968022666879,0.9303248368179944,0.0995661601697738
H231,0.2889828323580256,0.2889828323580256,1.0666323045044257,0.4254072117306079,0.5466546284523924,0.11559313294321
H232,0.7467496698018821,0.7467496698018821,1.310190683260718,4.674364515443258e-16,0.704301266823545,0.2986998679207526
H233,0.8923572368375879,0.8923572368375879,1.3662323748981846,4.674364515443258e-16,0.5923439225757454,0.3569428947350351
H234,0.8467259897874603,0.8467259897874603,1.9884738985103532,0.7456880907541052,0.6814967951495117,0.3386903959149839
H235,0.4260671971869553,0.4260671971869553,1.5642662206255795,0.7357177919989794,0.6870309872993012,0.170426878874782
H236,0.49783218825788855,0.49783218825788855,1.6115556306576018,0.7051233157003404,0.6870309872993012,0.1991328753031553
H237,9.931842318036493e-16,9.931842318036493e-16,1.3846528053306384,0.7969683300215377,0.9338476766417596,2.551651455694397e-16
H238,1.7199149376972609e-15,1.7199149376972609e-15,1.521780148560195,0.9253352452470472,0.9768899404531948,5.103302911388794e-16
H239,1.4534614117872234e-15,1.4534614117872234e-15,1.5085058858828608,0.925250297991702,0.9603820593618724,5.103302911388794e-16
H240,0.39452227374915433,0.39452227374915433,1.4319322999995092,0.3543348209116751,0.9424277119012692,0.1578089094996615
H241,1.2758257278471984e-15,1.2758257278471984e-15,1.2268431602508438,0.5690068893158755,0.9645470609976776,5.103302911388794e-16
H242,0.1659436002829566,0.1659436002829566,1.4912492203871996,0.8252081255888727,0.8314238995414315,0.0663774401131825
H243,1.9863684636072987e-15,1.9863684636072987e-15,1.1721263126132313,0.5518327874945912,0.913325103271946,5.103302911388794e-16
H244,1.4534614117872234e-15,1.4534614117872234e-15,1.2563252526834234,0.6250115950727234,0.945394970781554,5.103302911388794e-16
H245,0.17222207215481145,0.17222207215481145,1.603079337784303,0.9188117334060112,0.8697598486308533,0.0688888288619244
H246,0.5828595390348926,0.5828595390348926,1.605388234818125,0.5104173157713389,0.7677435539577021,0.2331438156139569
H247,0.35459673379244894,0.35459673379244894,1.6443916160588583,0.7730366668566027,0.8392069359764096,0.1418386935169795
H248,0.28898283235802535,0.28898283235802535,1.4012468522964698,0.4393829836302372,0.9509470412928184,0.11559313294321
H249,1.9863684636072987e-15,1.9863684636072987e-15,1.5183614882862952,0.9504544423492062,0.9474974180086612,5.103302911388794e-16
H250,0.09863056843729003,0.09863056843729003,1.3112840803811605,0.7809996630933073,0.7348172268365313,0.0394522273749158
H251,0.2974524122791969,0.2974524122791969,1.381393837518079,0.4721277030910724,0.8827990784575303,0.1189809649116787
H252,0.7024244748593413,0.7024244748593413,1.7992892567843506,0.4163795504835625,0.9547014269226992,0.2809697899437364
H253,1.6310970957272485e-15,1.6310970957272485e-15,1.3392834723452829,0.7758184499508278,0.8982858904807738,5.103302911388794e-16
H254,0.19726113687457847,0.19726113687457847,1.5249440160156091,0.720547400158658,0.9390561987676308,0.0789044547498311
H255,0.3804239811836794,0.3804239811836794,1.6049608569052194,0.5961995244038025,0.9344715702481224,0.1521695924734717
H256,0.43237048519135557,0.43237048519135557,1.8509619189325608,0.9042864717292224,0.8689528204472842,0.1729481940765421
H257,1.8087327796672735e-15,1.8087327796672735e-15,1.3410787573408192,0.8213390010220919,0.8550094456539303,5.103302911388794e-16
H258,0.2756277616675461,0.2756277616675461,1.545662492498792,0.6322650237206364,0.9552783898184212,0.1102511046670183
H259,0.5168202355871192,0.5168202355871192,1.7211710584180326,0.7745269606937035,0.7309115678449384,0.2067280942348477
H260,0.19726113687457827,0.19726113687457827,1.48976975241549,0.7840914737067323,0.8315442957194081,0.0789044547498311
H261,1.7199149376972609e-15,1.7199149376972609e-15,1.4766455174841768,0.9570815407324622,0.888725356122757,5.103302911388794e-16
H262,1.150944845537646,1.150944845537646,2.2632268450809687,0.6639200835064855,0.7264324159226684,0.4603779382150583
H263,0.12445770021221828,0.12445770021221828,1.3657535868951534,0.7958740170177988,0.7557458413358704,0.0497830800848871
H264,1.4534614117872234e-15,1.4534614117872234e-15,1.483390043337433,0.8542375541717894,1.0,5.103302911388794e-16
H265,0.12445770021221846,0.12445770021221846,1.3637262401974006,0.8993560607257449,0.6497296142557334,0.0497830800848871
H266,1.6310970957272485e-15,1.6310970957272485e-15,1.1591151552897898,0.6069714328451359,0.8419225112670997,5.103302911388794e-16
H267,0.9168029839408411,0.9168029839408411,2.364933978853426,0.8738610625974008,0.9363026810433313,0.3667211935763362
H268,1.8087327796672735e-15,1.8087327796672735e-15,1.4012668751854576,0.8511283627745936,0.9004552312072267,5.103302911388794e-16
H269,1.7199149376972609e-15,1.7199149376972609e-15,1.3003710910569812,0.772656920888639,0.8528069429325855,5.103302911388794e-16
H270,0.24891655660062836,0.24891655660062836,1.2795049575588808,0.6578658237509417,0.630369677446874,0.0995666226402512
H271,0.5135744580148559,0.5135744580148559,1.592736511502577,0.5329926706354915,0.8159598962241601,0.2054297832059421
H272,1.8087327796672735e-15,1.8087327796672735e-15,1.5019065650777694,0.9613485209086132,0.9160346854385968,5.103302911388794e-16
H273,1.0726827656598745,1.0726827656598745,2.06787222989558,0.6226939332048876,0.6212928970897442,0.4290731062639497
H274,1.9863684636072987e-15,1.9863684636072987e-15,1.441794992681645,0.8556613447930951,0.9465823960589588,5.103302911388794e-16
H275,0.40008495316054793,0.40008495316054793,1.4110299714567245,0.388127922561763,0.8755533503084576,0.1600339812642191
H276,0.5979721801345663,0.5979721801345663,1.3670535064633884,0.3611433532508606,0.6002083046601672,0.2391888720538264
H277,1.3904731628165634,1.3904731628165634,2.008944087176104,0.7730886554494252,2.301052742623314e-16,0.5561892651266253
H278,0.8268832850026339,0.8268832850026339,1.5373525030965245,0.8880865226173631,2.301052742623314e-16,0.3307533140010534
H279,0.676899880162628,0.676899880162628,1.5654629357392045,0.3955399392416301,0.7151638802290903,0.2707599520650512
H280,1.7199149376972609e-15,1.7199149376972609e-15,1.3952568329207489,0.821459742286793,0.9226112988641412,5.103302911388794e-16
H281,0.6987989462867754,0.6987989462867754,2.1484628303912534,0.9235452489609848,0.8885346061696136,0.2795195785147099
H282,1.8087327796672735e-15,1.8087327796672735e-15,1.4097613125741877,0.8508376739799572,0.9113639667377756,5.103302911388794e-16
H283,0.3062066514905717,0.3062066514905717,1.6866146248411398,0.8851053259486347,0.8404046407395752,0.1224826605962286
H284,1.8087327796672735e-15,1.8087327796672735e-15,1.1994024627795437,0.735972346532914,0.7632807319415138,5.103302911388794e-16
H285,0.2920970926479206,0.2920970926479206,1.524499722830409,0.6522414533820897,0.8882618343460211,0.116838837059168
H286,1.9863684636072987e-15,1.9863684636072987e-15,1.483363910381046,0.9193082183544118,0.934896669621894,5.103302911388794e-16
H287,1.6310970957272485e-15,1.6310970957272485e-15,1.3890068302497385,0.8638721713307839,0.8723863664813873,5.103302911388794e-16
H288,1.8087327796672735e-15,1.8087327796672735e-15,1.4100412000258844,0.8999920384110375,0.8625594616213161,5.103302911388794e-16
H289,0.2489160941289446,0.2489160941289446,1.3333700850071335,0.6070027348215186,0.7485647537762176,0.0995664376515777
H290,0.3391461895487366,0.3391461895487366,1.630742819253225,0.6605728556080038,0.953922931522607,0.1356584758194945
H291,0.20672082125065916,0.20672082125065916,1.5543811832607357,0.767115153242926,0.9174602992696694,0.0826883285002636
H292,1.4534614117872234e-15,1.4534614117872234e-15,1.1951396186361174,0.7114839353445905,0.7824405879505545,5.103302911388794e-16
H293,1.6310970957272485e-15,1.6310970957272485e-15,1.4359380121112202,0.8891006459016597,0.905821869237364,5.103302911388794e-16
H294,0.615450804024408,0.615450804024408,1.6505147831424123,0.530383166640784,0.7634468072567219,0.2461803216097631
H295,0.3586927566442651,0.3586927566442651,1.4064496155710815,0.3917693836540959,0.9179266900044252,0.1434771026577059
H296,0.46586460508672084,0.46586460508672084,1.354531578596025,0.3101061041576867,0.8007276127289435,0.1863458420346882
H297,1.8087327796672735e-15,1.8087327796672735e-15,1.42812374059687,0.9184692590960624,0.8666854166500231,5.103302911388794e-16
H298,0.2889828323580256,0.2889828323580256,1.2636826239236638,0.3411005174533269,0.8772742220037213,0.11559313294321
H299,1.8087327796672735e-15,1.8087327796672735e-15,1.3455153665057549,0.7193702277440115,0.9625239803881804,5.103302911388794e-16
H300,1.8087327796672735e-15,1.8087327796672735e-15,1.3989425785475849,0.8802824175927598,0.8683958055917196,5.103302911388794e-16
H301,0.8550147155980511,0.8550147155980511,1.8723331661139229,0.5100599376022515,0.7615881255425881,0.3420058862392203
H302,9.931842318036493e-16,9.931842318036493e-16,1.247719411658856,0.5951500923163373,0.964499172257232,2.551651455694397e-16
H303,0.6623596096451015,0.6623596096451015,1.7969010486006138,0.8112935873471995,0.6068832113471917,0.2649438438580404
H304,1.8087327796672735e-15,1.8087327796672735e-15,1.3234546203797106,0.8642003846002428,0.7901178908743937,5.103302911388794e-16
H305,0.8886073445066371,0.8886073445066371,1.9035986254587365,0.6477836064370326,0.6209554947530921,0.3554429378026546
H306,0.9317312488301348,0.9317312488301348,2.240293184712007,0.7360395800640063,0.8996628397883343,0.3726924995320538
H307,0.27162435556164594,0.27162435556164594,1.5427152840734917,0.7039392097273999,0.8849244509124075,0.1086497422246583
H308,1.8087327796672735e-15,1.8087327796672735e-15,1.3925465443778065,0.8538572320701034,0.8868259484021529,5.103302911388794e-16
H309,9.931842318036493e-16,9.931842318036493e-16,1.3055245221426437,0.702970711782999,0.9289349408953048,2.551651455694397e-16
H310,1.8087327796672735e-15,1.8087327796672735e-15,1.4189916400693925,0.9144281170949866,0.8593114329917523,5.103302911388794e-16
H311,1.6310970957272485e-15,1.6310970957272485e-15,1.3532698903875784,0.8189520606719187,0.8726353023125527,5.103302911388794e-16
H312,1.4534614117872234e-15,1.4534614117872234e-15,1.4085843705889256,0.7963310499028575,0.9643994133332978,5.103302911388794e-16
H313,0.2974524122791969,0.2974524122791969,1.6104432967785811,0.8707373335500962,0.7705012720741342,0.1189809649116787
H314,0.6342282946687503,0.6342282946687503,1.81717672136923,0.8170639552751675,0.6616215781004318,0.2536913178675001
H315,1.9863684636072987e-15,1.9863684636072987e-15,1.4382922820763633,0.8670893076510533,0.930776044944399,5.103302911388794e-16
H316,2.664535259100375e-16,2.664535259100375e-16,1.44420017787957,0.8354533291814505,0.969796893168012,0.0
H317,1.6310970957272485e-15,1.6310970957272485e-15,1.2408095640624928,0.5916739033672702,0.959338051710844,5.103302911388794e-16
H318,1.2596377577136867e-15,1.2596377577136867e-15,1.1744372183958254,0.6902983121931808,0.7777482108015997,2.551651455694397e-16
H319,1.6310970957272485e-15,1.6310970957272485e-15,1.4048019105462992,0.9652830239457894,0.7907193642370829,5.103302911388794e-16
H320,1.6310970957272485e-15,1.6310970957272485e-15,0.9100209775500336,0.2651398554561532,0.8723863664813873,5.103302911388794e-16
H321,1.8087327796672735e-15,1.8087327796672735e-15,1.2843357713724377,0.660769023810172,0.9446506904053734,5.103302911388794e-16
H322,0.6739060864904797,0.6739060864904797,1.7032157706123014,0.65733453817304,0.6293025669792375,0.2695624345961918
H323,0.2853179858877596,0.2853179858877596,1.1923967427195612,0.5406776998414881,0.5931707461982644,0.1141271943551037
H324,1.6819681313444075,1.6819681313444075,2.1792083608340698,0.6215502868620781,2.301052742623314e-16,0.672787252537763
H325,0.4415730730967351,0.4415730730967351,1.5904702408808622,0.8397570750333724,0.5963643846967869,0.1766292292386939
H326,0.7752303533806796,0.7752303533806796,1.9492308067154984,0.8506772362391173,0.6168233304294065,0.3100921413522716
H327,0.29915727397199265,0.29915727397199265,1.2079274115601364,0.3724377335122417,0.7635249384729378,0.119662909588797
H328,0.0622288501061101,0.0622288501061101,0.9012216850525442,0.1946826074517287,0.854058436231314,0.0248915400424439
H329,0.06222885010611028,0.06222885010611028,1.2622581664664665,0.5578470829123827,0.9421895625380629,0.0248915400424439
H330,1.8087327796672735e-15,1.8087327796672735e-15,0.994315363466926,0.5288531080513075,0.7140410962823485,5.103302911388794e-16
H331,1.8087327796672735e-15,1.8087327796672735e-15,1.3777262992476005,0.8493563071648732,0.8728015668946254,5.103302911388794e-16
H332,0.3506076428914613,0.3506076428914613,1.5344416137947632,0.5405986121177163,0.9391938515114112,0.1402430571565844
H333,0.6557145405721253,0.6557145405721253,1.5614930660232762,0.2896692745522092,0.8425538822617296,0.26228581622885
H334,0.06575371229152668,0.06575371229152668,1.25540018007549,0.6192507557629636,0.8678073289669904,0.0263014849166106
H335,2.664535259100375e-16,2.664535259100375e-16,1.340280701451921,0.818511348036939,0.8568395287779621,0.0
H336,1.6310970957272485e-15,1.6310970957272485e-15,1.246627752623224,0.8182875212047478,0.7399971695742806,5.103302911388794e-16
H337,0.0963276107860085,0.0963276107860085,1.542087481347015,0.840464452027111,0.9667353861741468,0.0385310443144034
H338,1.8087327796672735e-15,1.8087327796672735e-15,1.4336614455930623,0.8440154177315478,0.9480613892597782,5.103302911388794e-16
H339,1.13248427964958,1.13248427964958,1.8997200820095348,0.9590447529499436,2.301052742623314e-16,0.4529937118598319
H340,0.3493984538150415,0.3493984538150415,1.432990806997471,0.4173373283815258,0.9371531130965122,0.1397593815260163
H341,0.3585995618090231,0.3585995618090231,1.374241950088814,0.3708837483285029,0.898669237021236,0.1434398247236091
H342,0.27785471150150254,0.27785471150150254,1.5285612633615593,0.7483836749153482,0.8149995149097234,0.1111418846006007
H343,0.19726113687457827,0.19726113687457827,1.3462516659293968,0.563602859005971,0.8726353023125527,0.0789044547498311
H344,1.7199149376972609e-15,1.7199149376972609e-15,1.2745949159465428,0.7264956231435318,0.866748021789645,5.103302911388794e-16
H345,0.07224570808950795,0.07224570808950795,1.19723252985654,0.5310402226477837,0.8751933045610067,0.028898283235803
H346,1.0174385686462069,1.0174385686462069,1.5570735588018645,2.337182257721629e-16,0.6745437376945719,0.4069754274584826
H347,9.931842318036493e-16,9.931842318036493e-16,1.368792419549531,0.7794954880589036,0.9314950363780092,2.551651455694397e-16
H348,1.1468370162562653,1.1468370162562653,1.8072546543564176,2.337182257721629e-16,0.8255220476251907,0.4587348065025059
H349,0.7467496698018818,0.7467496698018818,1.4803294188520697,0.9169746863127344,2.301052742623314e-16,0.2986998679207526
H350,0.691975833644811,0.691975833644811,1.8460209975719883,0.4889918505644289,0.9535646043445428,0.2767903334579243
H351,0.232932982095592,0.232932982095592,1.547581221414617,0.6833119425941243,0.9599983565546564,0.0931731928382368
H352,0.29824939033499115,0.29824939033499115,1.2273293229250903,0.515911531937961,0.6454383837996629,0.1192997561339964
H353,0.19726113687457847,0.19726113687457847,1.2842575885152807,0.5547498369929988,0.8039957275578797,0.0789044547498311
H354,0.12445804706447293,0.12445804706447293,1.0994851264456922,0.3687299196797545,0.8500539295467695,0.0497832188257891
H355,0.2904017629648468,0.2904017629648468,1.209126038581047,0.398485041912922,0.7499203026073283,0.1161607051859386
H356,0.33914618954873627,0.33914618954873627,1.3554881036905917,0.3935559427648044,0.8768714499125148,0.1356584758194945
H357,0.34598726593500284,0.34598726593500284,1.2600296586941382,0.276322004099811,0.8662309868491085,0.138394906374001
H358,0.15045480349476437,0.15045480349476437,1.1556763823263407,0.3284768498049391,0.9280501237345316,0.0601819213979055
H359,0.22308930920939785,0.22308930920939785,1.2141830000686422,0.3582073054475545,0.8806598081265014,0.089235723683759
H360,1.8087327796672735e-15,1.8087327796672735e-15,1.4391846908269796,0.8793630142092542,0.9196178493244684,5.103302911388794e-16
H361,0.8407025879006383,0.8407025879006383,1.8647918087950108,0.3851200396543803,0.8949914864635861,0.3362810351602551
H362,1.8087327796672735e-15,1.8087327796672735e-15,1.456339460700642,0.8898737119406397,0.930550613935161,5.103302911388794e-16
H363,1.8087327796672735e-15,1.8087327796672735e-15,1.4546431367552586,0.8740592129692093,0.9442447079748624,5.103302911388794e-16
H364,0.5189799739613709,0.5189799739613709,1.1032342667872037,0.0872922033072958,0.6430256627249954,0.2075919895845481
H365,0.5945844189698584,0.5945844189698584,1.879412380609768,0.6798799276640036,0.9261550243858834,0.2378337675879432
H366,0.3459872659350027,0.3459872659350027,1.4002536247838262,0.4300483526299147,0.8877845959311145,0.138394906374001
H367,0.6478145102708089,0.6478145102708089,1.8111104517855,0.5821087899706232,0.8720111369227405,0.2591258041083235
H368,0.32171976202792824,0.32171976202792824,1.4126147542155842,0.4493215459653442,0.9142971942692264,0.128687904811171
H369,0.2889828323580256,0.2889828323580256,1.3786331223631223,0.4814030543798702,0.8806598081265014,0.11559313294321
H370,1.8087327796672735e-15,1.8087327796672735e-15,1.4670044457025877,0.954199768832694,0.8795557882955383,5.103302911388794e-16
H371,1.8087327796672735e-15,1.8087327796672735e-15,1.0867439926695992,0.4900341852452777,0.8683958055917196,5.103302911388794e-16
H372,1.2458015999863814,1.2458015999863814,2.180381404156727,0.3746887864363304,0.793535968776602,0.4983206399945524
H373,0.21447984135195214,0.21447984135195214,1.1653453653506132,0.5552440972971424,0.6333378077011841,0.0857919365407808
H374,1.6310970957272485e-15,1.6310970957272485e-15,1.2720436088372007,0.6553790374489613,0.934675473597538,5.103302911388794e-16
H375,1.8087327796672735e-15,1.8087327796672735e-15,1.4428268856736608,0.9746497385318178,0.8288838685602563,5.103302911388794e-16
H376,1.6310970957272485e-15,1.6310970957272485e-15,1.3299965534843,0.8134388510564887,0.8490568407988848,5.103302911388794e-16
H377,1.1231347567860792,1.1231347567860792,1.8876149737415464,0.0324387219676455,0.9231615492266884,0.4492539027144315
H378,0.4823143265195464,0.4823143265195464,1.5054537242784614,0.304434060596665,0.9744901866019792,0.1929257306078184
H379,1.9863684636072987e-15,1.9863684636072987e-15,1.185577420702555,0.5445769481479833,0.9373948277302082,5.103302911388794e-16
H380,1.2758257278471984e-15,1.2758257278471984e-15,1.4873518436873476,0.900413972398922,0.9587758322102607,5.103302911388794e-16
H381,1.4534614117872234e-15,1.4534614117872234e-15,1.417733602024699,0.8551580064915243,0.9170089960393476,5.103302911388794e-16
H382,0.1315074245830525,0.1315074245830525,1.369261840009918,0.7260775650730754,0.8211154542105066,0.052602969833221
H383,0.08297180014147912,0.08297180014147912,1.4640039541217014,0.7979799648174608,0.9283102276578172,0.0331887200565915
H384,0.5779656647160494,0.5779656647160494,1.2824935112172504,2.337182257721629e-16,0.8806598081265014,0.2311862658864196
H385,1.8087327796672735e-15,1.8087327796672735e-15,1.3124511795487548,0.731338350248215,0.9092256241877266,5.103302911388794e-16
H386,1.0174385686462069,1.0174385686462069,1.454496256597145,2.337182257721629e-16,0.5463221099386731,0.4069754274584826
H387,1.4534614117872234e-15,1.4534614117872234e-15,1.536125466473234,1.0,0.9201568330915408,5.103302911388794e-16
H388,0.12445770021221811,0.12445770021221811,1.2393337186772009,0.4816212169084691,0.9119738061727592,0.0497830800848871
H389,0.24891540042443436,0.24891540042443436,1.217775594274602,0.2264188637768174,0.9846563785358928,0.0995661601697735
H390,1.6310970957272485e-15,1.6310970957272485e-15,1.3648032444960188,0.7727907989262391,0.9332132566937824,5.103302911388794e-16
H391,1.2758257278471984e-15,1.2758257278471984e-15,1.4353009034374762,0.9204991196837444,0.8736270096130992,5.103302911388794e-16
H392,0.13150742458305267,0.13150742458305267,1.339403130595713,0.634860326233473,0.8750093062823524,0.052602969833221
H393,0.2144792247245294,0.2144792247245294,1.157029273705256,0.3573001121303781,0.8208874490955298,0.0857916898898117
H394,1.8087327796672735e-15,1.8087327796672735e-15,1.2858242194770784,0.7952457549016988,0.8120345194446473,5.103302911388794e-16
H395,1.4947704245515498,1.4947704245515498,2.3995982233820814,0.1958034236853587,0.9352313248528062,0.5979081698206198
H396,1.6310970957272485e-15,1.6310970957272485e-15,1.2920929580082534,0.7427298310289274,0.8723863664813873,5.103302911388794e-16
H397,1.2758257278471984e-15,1.2758257278471984e-15,1.4199222678968564,0.8478599585761625,0.9270428762949062,5.103302911388794e-16
H398,0.24891540042443505,0.24891540042443505,1.3123499974471111,0.4105736231960022,0.9187196230823432,0.0995661601697738
H399,1.6310970957272485e-15,1.6310970957272485e-15,1.2564429065008562,0.7043630146070642,0.8661906185190044,5.103302911388794e-16
H400,0.19265522157201742,0.19265522157201742,1.4018489605736792,0.6828047811616769,0.8286873925904006,0.0770620886288069
H401,0.8747965135504528,0.8747965135504528,1.6916328845483202,0.4002508699491331,0.6207945937982018,0.3499186054201809
H402,1.8087327796672735e-15,1.8087327796672735e-15,1.1392654119773962,0.4637414623417678,0.9603403026299756,5.103302911388794e-16
H403,1.8087327796672735e-15,1.8087327796672735e-15,1.2426570179139187,0.6179250167823538,0.9353962556100428,5.103302911388794e-16
H404,0.12445770021221846,0.12445770021221846,1.3609111871371946,0.60287710718571,0.942689751470511,0.0497830800848871
H405,0.24891540042443505,0.24891540042443505,1.0720984650335443,0.0872922033072958,0.9416866274540916,0.0995661601697738
H406,1.6310970957272485e-15,1.6310970957272485e-15,1.0778695931697777,0.4871349000271331,0.8602020914350869,5.103302911388794e-16
H407,0.5871793040994034,0.5871793040994034,1.5175402229574,0.2664722728173233,0.8964788757551725,0.2348717216397613
H408,0.2450538169256074,0.2450538169256074,1.42875034630291,0.6536739170067274,0.8259467447149009,0.0980215267702429
H409,0.08297180014147912,0.08297180014147912,1.0197551861275589,0.280214187641532,0.8907650448410678,0.0331887200565915
H410,0.4267666486715342,0.4267666486715342,1.589401770288832,0.4941610976104316,0.9591328044111904,0.1707066594686136
H411,1.6310970957272485e-15,1.6310970957272485e-15,1.315572018886096,0.8113825504310529,0.8330824731765654,5.103302911388794e-16
H412,1.2782209214898577,1.2782209214898577,1.8301995779238147,4.674364515443258e-16,0.6899733205424468,0.5112883685959428
H413,1.2758257278471984e-15,1.2758257278471984e-15,1.1500095371043697,0.4628653982174558,0.9746465231630046,5.103302911388794e-16
H414,0.29358970686170016,0.29358970686170016,1.672283754349254,0.875754027229667,0.8476135321297751,0.11743588274468
H415,1.2596377577136867e-15,1.2596377577136867e-15,1.080791983128946,0.5413165895140947,0.8096733893970867,2.551651455694397e-16
H416,0.24891609412894486,0.24891609412894486,1.5917618394773023,0.8186527863800913,0.8599043953053559,0.0995664376515777
H417,1.6310970957272485e-15,1.6310970957272485e-15,1.224754766755619,0.5736957970307797,0.957247661413742,5.103302911388794e-16
H418,0.2775070709430742,0.2775070709430742,1.4303916726515364,0.6126525028807908,0.8284532492547868,0.1110028283772296
H419,0.0995664376515787,0.0995664376515787,1.4595089062924806,0.827292783488575,0.8726353023125527,0.0398265750606313
H420,0.4584014919704209,0.4584014919704209,1.9715688125259416,0.9590325024362136,0.9324266482581876,0.1833605967881683
H421,0.9784479073177943,0.9784479073177943,1.5793817045887515,4.674364515443258e-16,0.7511672465886964,0.3913791629271176
H422,0.2923109088937977,0.2923109088937977,1.3576603197497858,0.6118779667482499,0.7198087968217352,0.116924363557519
H423,0.9168029839408411,0.9168029839408411,2.08985792872187,0.5317371310998015,0.9345815498764856,0.3667211935763362
H424,0.6434395240558545,0.6434395240558545,1.6606862137285694,0.3144710545187055,0.9570873075721884,0.2573758096223416
H425,1.6310970957272485e-15,1.6310970957272485e-15,1.4413706528716306,0.8675767747721996,0.9341365413173368,5.103302911388794e-16
H426,1.8087327796672735e-15,1.8087327796672735e-15,1.093966251066551,0.5014705269739798,0.8659872868592073,5.103302911388794e-16
H427,0.8268832850026339,0.8268832850026339,1.5639551241388685,4.674364515443258e-16,0.9213397989202932,0.3307533140010534
H428,1.8087327796672735e-15,1.8087327796672735e-15,1.4158564527784805,0.8514109413033237,0.918409624669775,5.103302911388794e-16
H429,1.2596377577136867e-15,1.2596377577136867e-15,1.0938243788525983,0.3973877600121228,0.9698927135536242,2.551651455694397e-16
H430,0.7973900233987292,0.7973900233987292,1.234309730731726,0.0889898016166711,0.4571598325495754,0.3189560093594914
H431,0.7752303533806796,0.7752303533806796,2.0192410919995964,0.9411506399814938,0.6138627832921525,0.3100921413522716
H432,1.8087327796672735e-15,1.8087327796672735e-15,1.2351156845300924,0.5829045924160097,0.960990013246604,5.103302911388794e-16
H433,1.1415868362524046,1.1415868362524046,1.9232646146650048,0.046523723639933,0.9305734993758178,0.4566347345009617
H434,1.8087327796672735e-15,1.8087327796672735e-15,1.495612869815476,0.9607884872384104,0.9087276000309328,5.103302911388794e-16
H435,1.6310970957272485e-15,1.6310970957272485e-15,1.5256262743485725,0.9361561355855522,0.9708767073501616,5.103302911388794e-16
H436,1.8087327796672735e-15,1.8087327796672735e-15,1.379825233886248,0.7896807611738094,0.9351007811839992,5.103302911388794e-16
H437,0.4305551803870257,0.4305551803870257,1.4713311617035554,0.3762189010926272,0.9247510755530356,0.17222207215481
H438,0.12445770021221846,0.12445770021221846,1.1408102487206626,0.6584063634061764,0.6120343222293796,0.0497830800848871
H439,0.19265522157201742,0.19265522157201742,1.4669170638434064,0.7230674542083833,0.8697598486308533,0.0770620886288069
H440,0.5599005750938032,0.5599005750938032,1.7549888306476906,0.5955431433071169,0.8983171761352432,0.223960230037521
H441,0.892357236837588,0.892357236837588,1.6479392550718217,4.674364515443258e-16,0.9444775227927916,0.3569428947350351
H442,0.3945235070061167,0.3945235070061167,1.1191860118314374,0.0598562141062266,0.845971916925425,0.1578094028024464
H443,0.834291298503291,0.834291298503291,2.066644569365726,0.8036705437322487,0.736771044845795,0.3337165194013163
H444,1.6310970957272485e-15,1.6310970957272485e-15,1.1943419565777262,0.6375758616012238,0.8553515841209323,5.103302911388794e-16
H445,0.4738561540272578,0.4738561540272578,1.688066528587136,0.8160501803073097,0.7017127878925388,0.189542461610903
H446,0.4415730730967351,0.4415730730967351,1.6694568411136004,0.8210209866612098,0.7138337233598719,0.1766292292386939
H447,0.7307651703534792,0.7307651703534792,1.3245556167662844,4.674364515443258e-16,0.7422380580160063,0.2923060681413916
H448,0.625027234810932,0.625027234810932,1.5937815785394909,0.2603755635156381,0.9505673661450604,0.2500108939243727
H449,1.9863684636072987e-15,1.9863684636072987e-15,1.3217492715966994,0.7432755603664618,0.9089110291294108,5.103302911388794e-16
H450,0.5488377643326607,0.5488377643326607,1.91191227736278,0.9542127607049264,0.7496303805827221,0.2195351057330642
H451,1.4534614117872234e-15,1.4534614117872234e-15,1.4351884820361054,0.8628282414221011,0.9311573611230288,5.103302911388794e-16
H452,0.19726113687457827,0.19726113687457827,1.12714959767482,0.3817964930461712,0.7805640829541315,0.0789044547498311
H453,0.975039189795022,0.975039189795022,1.5295083235578255,4.674364515443258e-16,0.6930864172035043,0.3900156759180087
H454,0.11698883620267819,0.11698883620267819,1.295108685990943,0.9119275403788109,0.5607222718565203,0.0467955344810712
H455,1.4534614117872234e-15,1.4534614117872234e-15,1.4775045150681434,0.96845304777156,0.8784275960636176,5.103302911388794e-16
H456,1.3910378085190813,1.3910378085190813,2.2422425488692808,0.2930393744869163,0.7709665509508334,0.5564151234076324
H457,0.32171976202792824,0.32171976202792824,1.52888703138869,0.5499398400827282,0.9590192466182244,0.128687904811171
H458,1.6310970957272485e-15,1.6310970957272485e-15,1.1789465524590432,0.5908841121162719,0.8827990784575303,5.103302911388794e-16
H459,1.8087327796672735e-15,1.8087327796672735e-15,1.4523871976264682,0.8749137217056409,0.9405702753274426,5.103302911388794e-16
H460,0.5512254761577255,0.5512254761577255,1.514697122992326,0.2810100071939931,0.9233295513492582,0.22049019046309
H461,0.13150742458305267,0.13150742458305267,1.4883690633512738,0.9051385100845436,0.7909385383757331,0.052602969833221
H462,1.6310970957272485e-15,1.6310970957272485e-15,1.2248225677377786,0.6423028535494646,0.888725356122757,5.103302911388794e-16
H463,1.6310970957272485e-15,1.6310970957272485e-15,1.445643304990866,0.934667764757193,0.8723863664813873,5.103302911388794e-16
H464,0.5189815155309856,0.5189815155309856,1.6123194176928617,0.5182170825177164,0.8484552951846291,0.207592606212394
H465,0.8268832850026339,0.8268832850026339,1.8580951672395256,0.4163795504835625,0.8726353023125527,0.3307533140010534
H466,0.4640767191611958,0.4640767191611958,1.4937324001652643,0.66325282605621,0.6238167751988763,0.1856306876644782
H467,0.5168202355871201,0.5168202355871201,1.698132025899863,0.6772466488523284,0.7993930890386003,0.2067280942348479
H468,0.4461786184187948,0.4461786184187948,1.5601075131746494,0.4959322426896461,0.8964788757551725,0.1784714473675177
H469,1.4534614117872234e-15,1.4534614117872234e-15,1.2423205146065106,0.6404488749239903,0.9124517683341464,5.103302911388794e-16
H470,0.6434395240558543,0.6434395240558543,1.6338474232605826,0.3543348209116751,0.8836750530942353,0.2573758096223416
H471,0.2889828323580256,0.2889828323580256,1.2618706913465687,0.3411005174533269,0.8750093062823524,0.11559313294321
H472,0.5915319172067689,0.5915319172067689,1.747252847341123,0.8916371996011222,0.5530139630668208,0.2366127668827074
H473,1.2596377577136867e-15,1.2596377577136867e-15,1.0675720736448244,0.3786273083881785,0.9558377836678512,2.551651455694397e-16
H474,0.5168202355871201,0.5168202355871201,1.8274590068411596,0.9503024653406767,0.6879959987268724,0.2067280942348479
H475,0.1608594185433972,0.1608594185433972,1.1238790304779531,0.3145136428327518,0.8892608720854437,0.0643437674173587
H476,2.1801921176808354e-15,2.1801921176808354e-15,1.5482677156878546,0.9798257212634318,0.9555089233463836,7.654954367083192e-16
H477,0.6307379012618344,0.6307379012618344,1.917436895400744,0.9120177931108766,0.6963559495627605,0.2522951605047336
H478,1.6310970957272485e-15,1.6310970957272485e-15,1.282171125731464,0.6756921686669594,0.9270217384973688,5.103302911388794e-16
H479,8.155485478636242e-16,8.155485478636242e-16,1.40396949155263,0.9259504475538683,0.8290114168869184,2.551651455694397e-16
H480,0.6112019892938942,0.6112019892938942,1.6790273815984391,0.5980106955348863,0.736771044845795,0.2444807957175576
H481,1.8087327796672735e-15,1.8087327796672735e-15,1.0643364330180043,0.5288531080513075,0.8015674332211963,5.103302911388794e-16
H482,1.4910656426512485,1.4910656426512485,2.269069521362787,0.2823824766533436,0.6901223717360806,0.5964262570604991
H483,0.19265522157201762,0.19265522157201762,1.4618818770555728,0.6755912571502917,0.9109420622041526,0.0770620886288069
H484,1.4534614117872234e-15,1.4534614117872234e-15,1.0962772584249822,0.4816212169084691,0.888725356122757,5.103302911388794e-16
H485,0.9168029839408408,0.9168029839408408,2.355281556437206,0.9291453951731726,0.8689528204472842,0.3667211935763362
H486,1.0003835595551471,1.0003835595551471,1.571032336305743,7.011546773164887e-16,0.7133109709382446,0.4001534238220587
H487,1.8087327796672735e-15,1.8087327796672735e-15,1.069446246064139,0.4184391901373808,0.918368617442791,5.103302911388794e-16
H488,0.4959482087889336,0.4959482087889336,1.515844805679077,0.3430226814710657,0.9318480646416138,0.1983792835155733
H489,1.0820020737736617e-15,1.0820020737736617e-15,1.4535870096215198,0.8653664923106962,0.9516172697162024,2.551651455694397e-16
H490,1.4534614117872234e-15,1.4534614117872234e-15,1.5126671592233183,0.9253828860068136,0.965451063022333,5.103302911388794e-16
H491,0.21968817078710837,0.21968817078710837,1.5669596686890723,0.7972634239753021,0.8868259484021529,0.0878752683148432
H492,0.08297180014147894,0.08297180014147894,1.3612619732972224,0.7369795264298954,0.8608831900147841,0.0331887200565915
H493,0.3700094279240998,0.3700094279240998,1.4296696694941782,0.52372332390354,0.8008519780590583,0.1480037711696398
H494,0.24020018883726704,0.24020018883726704,1.4678074891731043,0.6557807654133496,0.8787283600064478,0.0960800755349065
H495,1.8336059678816805,1.8336059678816805,2.5591450682886823,4.674364515443258e-16,0.9069238755087524,0.733442387152672
H496,1.8087327796672735e-15,1.8087327796672735e-15,1.3974767923850828,0.792719793137435,0.9541261973439168,5.103302911388794e-16
H497,0.4118691821304629,0.4118691821304629,1.670762414144669,0.7613166737137433,0.8122998663040152,0.1647476728521849
H498,0.6112019892938937,0.6112019892938937,1.716563505125242,0.4953444535388641,0.8863574412503215,0.2444807957175574
H499,1.767233091441308,1.767233091441308,2.1844953175903674,2.337182257721629e-16,0.5215777826863249,0.7068932365765229
H500,0.3667211935763375,0.3667211935763375,1.5924360660276304,0.6695986957136306,0.862544894850486,0.1466884774305348
H501,0.5318014111207525,0.5318014111207525,1.6590858121300929,0.5349635072764394,0.8741419939852361,0.2127205644483009
H502,1.8087327796672735e-15,1.8087327796672735e-15,1.388358003404114,0.931641829733562,0.8038056745215786,5.103302911388794e-16
H503,0.1579524477466381,0.1579524477466381,1.333883880250732,0.6413973630640167,0.828516927566101,0.0631809790986551
H504,0.48624544914298956,0.48624544914298956,1.6708704842851296,0.8312985963672892,0.6494826975603863,0.1944981796571956
H505,0.2489154004244347,0.2489154004244347,1.0131503662823569,2.337182257721629e-16,0.9552937073224028,0.0995661601697738
H506,0.062228850106109436,0.062228850106109436,1.456422494328606,0.8832033980214591,0.8595386572566617,0.0248915400424437
H507,0.765735636011553,0.765735636011553,1.5610687579088005,0.280214187641532,0.7139522147300273,0.3062942544046211
H508,1.9863684636072987e-15,1.9863684636072987e-15,1.4420177743446958,0.8713405266241969,0.931181691306671,5.103302911388794e-16
H509,0.6589752346480765,0.6589752346480765,1.7738016329838422,0.6918202100271684,0.7017127878925388,0.2635900938592305
H510,0.12445770021221828,0.12445770021221828,1.2533619248512475,0.6553652690418639,0.7557650117569232,0.0497830800848871
H511,1.4534614117872234e-15,1.4534614117872234e-15,1.4024825472383684,0.8013482928637868,0.9517548911841718,5.103302911388794e-16
H512,0.5570320604077094,0.5570320604077094,1.5313798030850152,0.3572764596596299,0.8606582186870025,0.2228128241630836
H513,0.3840411275240561,0.3840411275240561,1.460030988003564,0.4412622563747957,0.9037250692245896,0.1536164510096222
H514,1.142922311666193,1.142922311666193,2.2901923701943225,0.8658273008846225,0.5682602722755393,0.4571689246664771
H515,0.39452227374915433,0.39452227374915433,1.1076792907604296,0.0,0.8914462712640945,0.1578089094996615
H516,1.6310970957272485e-15,1.6310970957272485e-15,1.1690166890242304,0.5817150729847479,0.8795557882955383,5.103302911388794e-16
H517,0.0622288501061101,0.0622288501061101,1.4146940041394664,0.7559890793893392,0.9345923631523564,0.0248915400424439
H518,0.4461786184187948,0.4461786184187948,1.535442093736696,0.5729494144535218,0.7886299296938551,0.1784714473675177
H519,0.9878924163204683,0.9878924163204683,1.858835034033227,0.3744895937726701,0.7141886783682779,0.3951569665281873
H520,0.8234851595020894,0.8234851595020894,1.8966625748096173,0.5661381862307024,0.7753335829037077,0.3293940638008357
H521,0.31009214135227237,0.31009214135227237,1.4788836580839215,0.6317908983736757,0.8291984975408865,0.1240368565409087
H522,1.8087327796672735e-15,1.8087327796672735e-15,1.4124547636243825,0.9014888991303702,0.8640795554001058,5.103302911388794e-16
H523,0.34939947314338854,0.34939947314338854,1.4135401027533026,0.6070027348215186,0.7231730521908744,0.1397597892573552
H524,1.6310970957272485e-15,1.6310970957272485e-15,1.3873293907191342,0.8513626599413858,0.8827990784575303,5.103302911388794e-16
H525,1.5504607067613567,1.5504607067613567,2.0223722470427328,0.5898894253517208,0.0,0.6201842827045425
H526,1.207308607357932,1.207308607357932,1.6754734691261297,4.674364515443258e-16,0.5852060772102465,0.4829234429431727
H527,0.19726113687457733,0.19726113687457733,1.421701866010934,0.5792368869591806,0.9513140244612652,0.0789044547498308
H528,1.4534614117872234e-15,1.4534614117872234e-15,1.359753251905047,0.7811751620690867,0.9185164028122204,5.103302911388794e-16
H529,0.4148609662090296,0.4148609662090296,1.1879059363651965,0.2222455855693609,0.7440606271258474,0.1659443864836118
H530,1.8087327796672735e-15,1.8087327796672735e-15,1.4805917333076333,0.9460444560979812,0.9046952105365584,5.103302911388794e-16
H531,1.9863684636072987e-15,1.9863684636072987e-15,1.0442984940020428,0.4354139873859969,0.8699591301165549,5.103302911388794e-16
H532,0.6936818821047308,0.6936818821047308,1.8025328750783447,0.4506208962576585,0.9354428449593594,0.2774727528418921
H533,1.6310970957272485e-15,1.6310970957272485e-15,1.375965880478072,0.8475709841162009,0.8723863664813873,5.103302911388794e-16
H534,0.21447984135195233,0.21447984135195233,1.4465212233108569,0.7112621298005035,0.8287895976481275,0.0857919365407808
H535,0.6110022313307172,0.6110022313307172,1.6696388998458571,0.3984702035458989,0.9248256320980268,0.2444008925322866
H536,0.7467496698018821,0.7467496698018821,1.4304507883121491,0.4783087166518927,0.3763176814859417,0.2986998679207526
H537,1.8087327796672735e-15,1.8087327796672735e-15,1.145371653752404,0.5567052609081511,0.8750093062823524,5.103302911388794e-16
H538,1.155934881221419,1.155934881221419,1.8670353295727709,4.674364515443258e-16,0.8888755604391892,0.4623739524885675
H539,1.2089632795151632,1.2089632795151632,1.869098779932868,4.674364515443258e-16,0.825169375522131,0.4835853118060652
H540,1.6310970957272485e-15,1.6310970957272485e-15,1.2543524654912606,0.6829220640916246,0.8850185177724494,5.103302911388794e-16
H541,0.47605534423913115,0.47605534423913115,1.5108525798584798,0.6741876639286304,0.6193088805955554,0.1904221376956524
H542,0.1972611368745781,0.1972611368745781,1.2394029053987436,0.3591698623729539,0.9435073482822532,0.0789044547498311
H543,0.282715382628247,0.282715382628247,1.5379106920796015,0.7156244095336082,0.8533697272805852,0.1130861530512987
H544,1.8087327796672735e-15,1.8087327796672735e-15,1.1614727217205851,0.5980106955348863,0.8538302066158434,5.103302911388794e-16
H545,1.6310970957272485e-15,1.6310970957272485e-15,1.4740589788616243,0.8694492898983326,0.973124433678696,5.103302911388794e-16
H546,1.4534614117872234e-15,1.4534614117872234e-15,1.1858015678364322,0.6098655933141512,0.8723863664813873,5.103302911388794e-16
H547,1.6819687479718297,1.6819687479718297,2.194407007923454,0.6405478249395304,0.0,0.6727874991887318
H548,2.664535259100375e-16,2.664535259100375e-16,1.460319413750598,0.9777664117294952,0.8476328554587526,0.0
H549,0.6623596096451018,0.6623596096451018,1.4647486425629828,0.5192247930899233,0.4837614980574284,0.2649438438580406
H550,1.8087327796672735e-15,1.8087327796672735e-15,1.451377141344576,0.9756424463670426,0.8385789803136757,5.103302911388794e-16
H551,1.9863684636072987e-15,1.9863684636072987e-15,1.25648984920009,0.642781162168426,0.9278311493316848,5.103302911388794e-16
H552,1.9863684636072987e-15,1.9863684636072987e-15,1.4500496051912355,0.8986437073163958,0.9139182991726468,5.103302911388794e-16
H553,0.30606110935087644,0.30606110935087644,1.56167666336248,0.8137736011786343,0.7557458413358704,0.1224244437403505
H554,0.7890470140122308,0.7890470140122308,1.4752344672018185,2.337182257721629e-16,0.8577343164869845,0.3156188056048922
H555,1.8087327796672735e-15,1.8087327796672735e-15,1.2918322054970486,0.7424038903899214,0.8723863664813873,5.103302911388794e-16
H556,0.1608598810139649,0.1608598810139649,1.6391852893605865,0.9192967755725114,0.9286099848607654,0.0643439524055859
H557,1.9863684636072987e-15,1.9863684636072987e-15,0.8531151034138327,0.4330560715661052,0.6333378077011841,5.103302911388794e-16
H558,1.1418581826031038,1.1418581826031038,1.4762025133772214,4.674364515443258e-16,0.4179304134676468,0.4567432730412414
H559,0.6941737894353716,0.6941737894353716,1.9922539835094948,0.7313106906546634,0.8912895519379903,0.2776695157741486
H560,1.6310970957272485e-15,1.6310970957272485e-15,1.2522030016043328,0.6774691560742999,0.8877845959311145,5.103302911388794e-16
H561,1.4534614117872234e-15,1.4534614117872234e-15,1.4258735493072816,0.8776467260975418,0.9046952105365584,5.103302911388794e-16
H562,0.42896029505198086,0.42896029505198086,1.5005826161887086,0.5120565157093985,0.8274713857115116,0.1715841180207922
H563,0.5245433470772742,0.5245433470772742,1.383399650469905,0.3217391584569161,0.7518312207838725,0.2098173388309097
H564,0.0951057062518726,0.0951057062518726,1.3384129089669443,0.8274777586519532,0.7266562447418865,0.0380422825007489
H565,1.9449848303927761,1.9449848303927761,1.944984830392776,4.674364515443258e-16,0.0,0.7779939321571103
H566,0.201551862748724,0.201551862748724,1.2318323072756077,0.4792431351522107,0.8086074205063939,0.0806207450994896
H567,0.7621036234739985,0.7621036234739985,1.5133337019041584,0.5075930696519306,0.4314445283857699,0.3048414493895992
H568,0.8123195868099761,0.8123195868099761,1.7786149401369666,0.5292684057598802,0.6786007858988581,0.3249278347239903
H569,0.48624544914298956,0.48624544914298956,1.4987115056440654,0.8440154177315478,0.4215671528947972,0.1944981796571956
H570,0.7817635522269815,0.7817635522269815,1.9496865766594185,0.6405810286904082,0.8193227518501376,0.3127054208907925
H571,1.8087327796672735e-15,1.8087327796672735e-15,1.147193537762534,0.5169829261638181,0.9170089960393476,5.103302911388794e-16
H572,1.0165211383867279,1.0165211383867279,2.121243392594762,0.6978103654783446,0.6830924522816978,0.406608455354691
H573,0.17847144736751847,0.17847144736751847,1.45185915422224,0.8847939674656118,0.7069406661027905,0.0713885789470072
H574,1.4534614117872234e-15,1.4534614117872234e-15,1.3372726643224049,0.7689187302519692,0.9026721001510348,5.103302911388794e-16
H575,0.02489154004244487,0.02489154004244487,1.146385687094812,0.5772202314338749,0.8246474523815844,0.0099566160169777
H576,0.8385278139959257,0.8385278139959257,1.6016192181805171,0.1202394501041138,0.8336248051266264,0.33541112559837
H577,1.8087327796672735e-15,1.8087327796672735e-15,1.3428390843935052,0.7968082493705926,0.8817406061212874,5.103302911388794e-16
H578,0.24891586289410816,0.24891586289410816,0.9306584456822532,0.2286573564373303,0.623520872047851,0.0995663451576432
H579,0.1535794911011192,0.1535794911011192,1.1893975364488427,0.4792431351522107,0.8155294215324438,0.0614317964404475
H580,0.5379005913874416,0.5379005913874416,1.6073395001640145,0.4631467119280364,0.8736519240426802,0.2151602365549764
H581,0.38517065541065915,0.38517065541065915,1.383414801149166,0.4326465317927054,0.8151586503804282,0.1540682621642636
H582,1.068469084974538,1.068469084974538,1.8082337118916696,0.2224904621003771,0.7022153215460378,0.427387633989815
H583,0.7467496698018821,0.7467496698018821,1.7753697172700271,0.90945737784924,0.3763176814859417,0.2986998679207526
H584,0.08297180014147912,0.08297180014147912,1.347355894968678,0.8354533291814505,0.7450267893525485,0.0331887200565915
H585,0.8065128569792555,0.8065128569792555,1.8843266856240235,0.6229092195736011,0.7243580662323589,0.3226051427917021
H586,1.6310970957272485e-15,1.6310970957272485e-15,0.7633289752703832,0.0502943802221712,0.9038668388658062,5.103302911388794e-16
H587,1.3247192192902015,1.3247192192902015,1.9155850466859283,0.7385822842446589,2.301052742623314e-16,0.5298876877160805
H588,0.31590410268483904,0.31590410268483904,1.5010288661069322,0.9085021208100816,0.5729038334675346,0.1263616410739356
H589,1.0641754001669823,1.0641754001669823,2.0533145170630367,0.544492799097279,0.6919310970227894,0.4256701600667927
H590,0.5168202355871201,0.5168202355871201,1.5864784540660315,0.5770019559560182,0.7600708171426213,0.2067280942348479
H591,1.6310970957272485e-15,1.6310970957272485e-15,1.4556205513657503,0.9497658405763332,0.8697598486308533,5.103302911388794e-16
H592,0.7752303533806797,0.7752303533806797,1.8574553326826344,0.7504186679453759,0.6023625561820685,0.3100921413522716
H593,0.7868161305469884,0.7868161305469884,1.2770004227993472,0.1564282657314824,0.4563020995839668,0.3147264522187951
H594,0.8923572368375883,0.8923572368375883,1.631140926078119,4.674364515443258e-16,0.9234796115506632,0.3569428947350351
H595,0.0622288501061101,0.0622288501061101,1.1992619536991171,0.4920622901789332,0.9292290893123258,0.0248915400424439
H596,1.6310970957272485e-15,1.6310970957272485e-15,1.1904029766995676,0.5580235763423884,0.9299801445320692,5.103302911388794e-16
H597,0.2889828323580256,0.2889828323580256,1.4476379188926476,0.5069055383385889,0.941413319829689,0.11559313294321
H598,0.5087192843231046,0.5087192843231046,1.295714221924432,0.4374215620629866,0.5463221099386731,0.2034877137292416
H599,0.5206303420765297,0.5206303420765297,1.3912829873887178,0.2319469400100405,0.8563688666301951,0.2082521368306118
H600,1.8087327796672735e-15,1.8087327796672735e-15,1.2668944967255698,0.8375199584582543,0.7460981624487063,5.103302911388794e-16
H601,2.027956219450717,2.027956219450717,2.3223600272600744,0.3680047597616969,0.0,0.8111824877802868
H602,1.8087327796672735e-15,1.8087327796672735e-15,1.4053441744003674,0.8094268702143226,0.9472533477861352,5.103302911388794e-16
H603,0.19965684179622284,0.19965684179622284,1.6559661532788588,0.9453464270442512,0.875040212309044,0.0798627367184889
H604,1.8087327796672735e-15,1.8087327796672735e-15,1.2087063176030597,0.5595639394689979,0.9513189575348248,5.103302911388794e-16
H605,1.788117749754002,1.788117749754002,2.254412033649342,0.5828678548691747,2.301052742623314e-16,0.7152470999016007
H606,1.1259914793736854,1.1259914793736854,1.826802144175197,4.674364515443258e-16,0.8760133310018892,0.4503965917494741
H607,1.2758257278471984e-15,1.2758257278471984e-15,1.4749652432386655,0.9097610454172002,0.9339455086311303,5.103302911388794e-16
H608,0.6714746440413915,0.6714746440413915,1.868334318908937,0.6234392912718791,0.8726353023125527,0.2685898576165565
H609,1.6310970957272485e-15,1.6310970957272485e-15,1.507750979610964,0.9530975751346192,0.9315911493790838,5.103302911388794e-16
H610,1.8087327796672735e-15,1.8087327796672735e-15,1.2304694158023146,0.5747546650565855,0.963332104696306,5.103302911388794e-16
H611,0.3945241921513824,0.3945241921513824,1.732420161422004,0.7999835951068894,0.8723863664813873,0.1578096768605529
H612,0.5954060284742226,0.5954060284742226,1.7761881932578796,0.585422078454632,0.8905556275249392,0.2381624113896889
H613,1.8087327796672735e-15,1.8087327796672735e-15,1.3100693300673227,0.7947719551834601,0.8428147074006915,5.103302911388794e-16
H614,1.6310970957272485e-15,1.6310970957272485e-15,1.465259679423808,0.8790506544185934,0.9525239448611648,5.103302911388794e-16
H615,1.6310970957272485e-15,1.6310970957272485e-15,1.0542616022146154,0.4451917004557147,0.8726353023125527,5.103302911388794e-16
H616,0.28898283235802535,0.28898283235802535,1.4323289355152142,0.4705371441358555,0.9586454848106306,0.11559313294321
H617,0.7890470140122308,0.7890470140122308,1.5231087671651613,2.337182257721629e-16,0.9175771914411632,0.3156188056048922
H618,1.1755850728484631,1.1755850728484631,1.5593561695281886,4.674364515443258e-16,0.4797138708496566,0.4702340291393851
H619,1.6310970957272485e-15,1.6310970957272485e-15,1.4570383779401157,0.882030747020168,0.9392672254049744,5.103302911388794e-16
H620,0.8119118338157868,0.8119118338157868,1.930989446290309,0.4476482112902552,0.9511988043028978,0.3247647335263146
H621,1.8087327796672735e-15,1.8087327796672735e-15,1.4595632332546704,0.8687314324137406,0.9557226091545956,5.103302911388794e-16
H622,1.8087327796672735e-15,1.8087327796672735e-15,1.4512572511756308,0.9175926882143642,0.8964788757551725,5.103302911388794e-16
H623,0.2230886155017615,0.2230886155017615,1.3157595275053924,0.4073767115225153,0.9584619284820238,0.0892354462007044
H624,1.9863684636072987e-15,1.9863684636072987e-15,1.2193135906249948,0.5719549736625187,0.9521870146187228,5.103302911388794e-16
H625,0.3189558798694131,0.3189558798694131,1.3541746569595514,0.6819891491332939,0.6120343222293796,0.127582351947765
H626,0.3241626461550688,0.3241626461550688,1.4307531089225738,0.4805659783083468,0.9026721001510348,0.1296650584620274
H627,1.2758257278471984e-15,1.2758257278471984e-15,1.5349379853809355,0.96967008939729,0.9490023923288778,5.103302911388794e-16
H628,1.6310970957272485e-15,1.6310970957272485e-15,1.368634131895961,0.8378451330343597,0.8729475318355897,5.103302911388794e-16
H629,1.8087327796672735e-15,1.8087327796672735e-15,1.2556556946854165,0.6018767261276521,0.9676928922291168,5.103302911388794e-16
H630,0.9027762313569395,0.9027762313569395,1.97247724122322,0.7068476117999202,0.6302786505329303,0.3611104925427756
H631,1.6310970957272485e-15,1.6310970957272485e-15,1.080685952759771,0.4682808920740862,0.8825765488756259,5.103302911388794e-16
H632,1.4534614117872234e-15,1.4534614117872234e-15,1.4936942518290115,0.9044562089855424,0.9626616058007202,5.103302911388794e-16
H633,0.4923460972511489,0.4923460972511489,1.4477218105974794,0.2728798427626204,0.9213397989202932,0.1969384389004593
H634,0.2889828323580258,0.2889828323580258,1.359516537552375,0.4595946285760212,0.878572502916916,0.11559313294321
H635,0.7752303533806796,0.7752303533806796,2.0752113748923664,0.8890708291842918,0.7359054477053175,0.3100921413522716
H636,0.24891540042443497,0.24891540042443497,1.352503109164595,0.4077294450624434,0.9717551908627572,0.0995661601697738
H637,0.19726113687457847,0.19726113687457847,1.2223682521418018,0.4622331772714154,0.8191507168126144,0.0789044547498311
H638,0.9923255012518026,0.9923255012518026,2.100488411121404,0.7670000884014587,0.6182035489355431,0.3969302005007208
H639,0.7024244748593418,0.7024244748593418,1.257899705510839,0.3623351493533672,0.3320088889610049,0.2809697899437365
H640,0.12445770021221828,0.12445770021221828,1.087787424490143,0.4557695961528602,0.7483925591945463,0.0497830800848871
H641,1.4534614117872234e-15,1.4534614117872234e-15,1.3466974511882648,0.7946075240467073,0.8887642899386218,5.103302911388794e-16
H642,1.8087327796672735e-15,1.8087327796672735e-15,1.3544075720579305,0.8323512463854086,0.8606582186870025,5.103302911388794e-16
H643,0.4738573432399116,0.4738573432399116,1.184542400487257,0.4622633793207593,0.4260929422384226,0.1895429372959645
H644,0.1378138808337734,0.1378138808337734,1.1592326090049156,0.4139031047020158,0.862870305511912,0.0551255523335093
H645,0.46586596419118265,0.46586596419118265,1.8427525774732176,0.8750666690868361,0.8460415975157077,0.186346385676473
H646,0.7890470140122309,0.7890470140122309,1.4888488070440515,4.674364515443258e-16,0.8747522412897755,0.3156188056048922
H647,0.39452227374915433,0.39452227374915433,1.124436597976109,4.674364515443258e-16,0.9123929052836935,0.1578089094996615
H648,1.6310970957272485e-15,1.6310970957272485e-15,1.3993398064049969,0.9451892194295928,0.8039855385766512,5.103302911388794e-16
H649,1.014280124769976,1.014280124769976,2.4494883085245043,0.8665827330455789,0.9274274966475822,0.4057120499079902
H650,0.207430078441792,0.207430078441792,1.2686339512446692,0.5822468618413615,0.7442579791622346,0.0829720313767168
H651,1.8087327796672735e-15,1.8087327796672735e-15,1.2584243702042497,0.7006440962739228,0.8723863664813873,5.103302911388794e-16
H652,1.6310970957272485e-15,1.6310970957272485e-15,1.4040716669825866,0.8827032172468439,0.8723863664813873,5.103302911388794e-16
H653,1.2758257278471984e-15,1.2758257278471984e-15,1.5024094040400708,0.9180865638202528,0.959925191229834,5.103302911388794e-16
H654,0.2144798413519525,0.2144798413519525,1.0521158509981658,0.2402059405990859,0.8068390714586805,0.085791936540781
H655,1.4534614117872234e-15,1.4534614117872234e-15,1.1742864017146422,0.6179250167823538,0.8499329853609472,5.103302911388794e-16
H656,1.0933223526176448,1.0933223526176448,1.8354421128177836,4.674364515443258e-16,0.927649700250173,0.4373289410470578
H657,0.13150742458305287,0.13150742458305287,1.1670912686830903,0.3430226814710657,0.9514571236539816,0.052602969833221
H658,1.8087327796672735e-15,1.8087327796672735e-15,1.2897859912746643,0.7398461226119412,0.8723863664813873,5.103302911388794e-16
H659,1.6310970957272485e-15,1.6310970957272485e-15,1.3502313473383718,0.7371952369473564,0.9505939472256064,5.103302911388794e-16
H660,1.4534614117872234e-15,1.4534614117872234e-15,0.9602116635712185,0.3956538578226948,0.8046107216413265,5.103302911388794e-16
H661,0.2442810377543812,0.2442810377543812,1.3212795181266872,0.4594221520632299,0.8868259484021529,0.0977124151017523
H662,1.8336059678816805,1.8336059678816805,2.368903287523049,4.674364515443258e-16,0.6691216495517106,0.7334423871526721
H663,0.15780940280244743,0.15780940280244743,1.5339759222280138,0.8806086189960297,0.8395995302859283,0.0631237611209788
H664,1.6310970957272485e-15,1.6310970957272485e-15,1.3132628739531769,0.673891086726682,0.9676875057147872,5.103302911388794e-16
H665,0.2756277616675454,0.2756277616675454,1.4770690250852911,0.6233739832085644,0.8784275960636176,0.1102511046670181
H666,0.6112019892938942,0.6112019892938942,1.9933982783204771,0.7734343318072533,0.9543110294759756,0.2444807957175576
H667,1.6310970957272485e-15,1.6310970957272485e-15,1.3125087455315785,0.7789742541973611,0.8616616777171104,5.103302911388794e-16
H668,0.3853116270738067,0.3853116270738067,1.7749538941089875,0.7814307819195075,0.9556220518744684,0.1541246508295226
H669,0.06222885010611028,0.06222885010611028,1.4738419681759325,0.8373816388928895,0.9271347586943884,0.0248915400424439
H670,0.26519242347925703,0.26519242347925703,1.5571969867157005,0.6985988288801068,0.9164068751654472,0.1060769693917027
H671,0.20759235956100197,0.20759235956100197,1.4132163526359578,0.5450322351633392,0.961997756180356,0.0830369438244006
H672,0.21447922472452924,0.21447922472452924,1.2266002997832766,0.3417426417952181,0.9234087020282156,0.0857916898898117
H673,0.8923572368375883,0.8923572368375883,1.6342041272153165,4.674364515443258e-16,0.9273086129721604,0.3569428947350351
H674,0.6986414113618744,0.6986414113618744,1.9126735669438373,0.7064012919299278,0.8111389025475267,0.2794565645447495
H675,1.3247192192902015,1.3247192192902015,2.0361732238179178,0.8893175056596452,2.301052742623314e-16,0.5298876877160805
H676,0.5550141418861498,0.5550141418861498,1.6317510913271744,0.7457128821411136,0.6002083046601672,0.2220056567544598
H677,1.4534614117872234e-15,1.4534614117872234e-15,1.41002525244716,0.8911580540242062,0.8713735115347421,5.103302911388794e-16
H678,1.4534614117872234e-15,1.4534614117872234e-15,1.487357443145766,0.8926325945583967,0.9665642093738088,5.103302911388794e-16
H679,0.31922446987335973,0.31922446987335973,1.3900477379735907,0.4539603277970687,0.8845687573282204,0.1276897879493437
H680,0.49783080084886827,0.49783080084886827,1.0234290491416564,0.2319469400100405,0.4250508703559453,0.1991323203395471
H681,0.26494384385804143,0.26494384385804143,1.4422348042103437,0.8263409151823033,0.6452727852580747,0.1059775375432164
H682,0.45840149197042107,0.45840149197042107,1.8640962276772468,0.8446666512993859,0.9124517683341464,0.1833605967881683
H683,0.08297180014147894,0.08297180014147894,1.5096204916170322,0.9355506488469116,0.8477602154975299,0.0331887200565915
H684,1.4534614117872234e-15,1.4534614117872234e-15,1.0936378694032611,0.4251159127163557,0.9419314240377188,5.103302911388794e-16
H685,0.20199130279272978,0.20199130279272978,1.269254734145517,0.3827204324549783,0.9513588567360056,0.0807965211170918
H686,7.993605777301124e-16,7.993605777301124e-16,1.08518376321805,0.4800229123899832,0.8764567916325791,0.0
H687,0.8550147155980508,0.8550147155980508,1.835506458883489,0.4985652423146073,0.7270494367921907,0.3420058862392202
H688,0.12445770021221846,0.12445770021221846,1.1745143129877829,0.354420535029474,0.9581502309399824,0.0497830800848871
H689,1.4534614117872234e-15,1.4534614117872234e-15,1.340536689402111,0.8311583506363426,0.8445125111162941,5.103302911388794e-16
H690,1.8087327796672735e-15,1.8087327796672735e-15,1.439951630305783,0.8721538720187612,0.9277856658634662,5.103302911388794e-16
H691,1.5504607067613567,1.5504607067613567,2.2381142971816037,0.8595669880253088,0.0,0.6201842827045425
H692,1.6310970957272485e-15,1.6310970957272485e-15,1.4951001898321636,0.9065569804112988,0.962318256878904,5.103302911388794e-16
H693,1.8087327796672735e-15,1.8087327796672735e-15,1.3001551843721402,0.7397026463623106,0.8854913341028628,5.103302911388794e-16
H694,1.6310970957272485e-15,1.6310970957272485e-15,1.3597820758644992,0.8089116225058923,0.8908159723247301,5.103302911388794e-16
H695,1.4534614117872234e-15,1.4534614117872234e-15,1.2273861311685803,0.6493802810534145,0.8848523829073096,5.103302911388794e-16
H696,0.7752303533806796,0.7752303533806796,2.001088731130584,0.9106829718958944,0.6216400002914861,0.3100921413522716
H697,0.08297180014147894,0.08297180014147894,1.2025345346645782,0.5126274697517215,0.8868259484021529,0.0331887200565915
H698,1.4534614117872234e-15,1.4534614117872234e-15,1.3126469373268903,0.7730429506739036,0.8677657209847078,5.103302911388794e-16
H699,0.08297180014147912,0.08297180014147912,1.3662622014323198,0.6474499048434263,0.956663096770125,0.0331887200565915
H700,0.987781778644799,0.987781778644799,2.132511410783477,0.5671146430790536,0.8637973970942954,0.3951127114579193
H701,0.4862454738084133,0.4862454738084133,1.422148614472839,0.3791595615934493,0.7907193642370829,0.1944981895233652
H702,0.4706536141317878,0.4706536141317878,1.2329687011225383,0.0249676543692735,0.9279262043691652,0.188261445652715
H703,0.1926552215720165,0.1926552215720165,1.2497388896926451,0.3809947115450806,0.9403598736057052,0.0770620886288066
H704,0.4978321882578884,0.4978321882578884,1.1085707215817713,0.0409477228484149,0.7224754438064387,0.1991328753031553
H705,0.12445770021221837,0.12445770021221837,1.1394530962438525,0.7673767578115588,0.5013674872279843,0.0497830800848871
H706,0.09863056843728986,0.09863056843728986,1.517633563661586,0.9138493487250142,0.8599043953053559,0.0394522273749158
H707,1.7199149376972609e-15,1.7199149376972609e-15,1.2401676734566585,0.8206094395192295,0.7296001523015919,5.103302911388794e-16
H708,1.9863684636072987e-15,1.9863684636072987e-15,1.2728630157107537,0.7420219288395558,0.8490568407988848,5.103302911388794e-16
H709,0.49783322882018094,0.49783322882018094,1.280543226232348,0.1072979928720114,0.8710895038931974,0.1991332915280723
H710,0.16594406275263116,0.16594406275263116,1.2683536548786942,0.4156411116588841,0.9623708784986946,0.0663776251010524
H711,0.924909039109893,0.924909039109893,1.7582378141948234,0.1304057388533911,0.911255230002772,0.3699636156439572
H712,0.3945222737491542,0.3945222737491542,1.1457702468062965,2.337182257721629e-16,0.939059966321428,0.1578089094996615
H713,0.32171976202792807,0.32171976202792807,1.3234557877107616,0.3839420833982409,0.8682279487053013,0.128687904811171
H714,0.7955772704377669,0.7955772704377669,1.476699613813619,0.0,0.8514029292198154,0.3182309081751066
H715,0.3945222737491545,0.3945222737491545,1.5787921586671727,0.6281675355231717,0.8521698206243519,0.1578089094996615
H716,0.12445770021221811,0.12445770021221811,1.3754755332075057,0.6519630714139513,0.9118092198301586,0.0497830800848871
H717,0.5189808989025049,0.5189808989025049,1.2831443133183864,2.337182257721629e-16,0.9552042680198524,0.2075923595610017
H718,1.6310970957272485e-15,1.6310970957272485e-15,1.3758000694121546,0.8348977038578821,0.8848523829073096,5.103302911388794e-16
H719,0.27562776166754555,0.27562776166754555,1.0864762162287036,0.2728798427626204,0.7406807254388273,0.1102511046670181
H720,1.9863684636072987e-15,1.9863684636072987e-15,1.4201251222304545,0.8588918402684136,0.9162645625196524,5.103302911388794e-16
H721,0.3945241921513825,0.3945241921513825,1.6703802130571836,0.6398848190825406,0.9549352070497108,0.1578096768605529
H722,0.03111442505305612,0.03111442505305612,1.377576280265126,0.7537912162269049,0.9292861027881832,0.0124457700212222
H723,1.8087327796672735e-15,1.8087327796672735e-15,1.2502249973171358,0.5951500923163373,0.9676311543300804,5.103302911388794e-16
H724,1.2788577541441908,1.2788577541441908,1.7540849329099115,2.337182257721629e-16,0.5940339734571514,0.5115431016576761
H725,0.5512545058966623,0.5512545058966623,1.594031388667943,0.4703886302875353,0.8330824731765654,0.2205018023586649
H726,1.0820020737736617e-15,1.0820020737736617e-15,1.5097282392601452,0.9197597086903572,0.9674005903848236,2.551651455694397e-16
H727,1.4458119434622547,1.4458119434622547,1.8871450530143428,0.5516663869401102,2.301052742623314e-16,0.5783247773849018
H728,0.6434414510260618,0.6434414510260618,1.807006567528964,0.5084708324124221,0.9459855632162064,0.2573765804104245
H729,0.3493984538150415,0.3493984538150415,1.5870426997025044,0.6692676582330482,0.8777876491262815,0.1397593815260163
H730,0.6987969076300808,0.6987969076300808,1.482752555248503,0.0283189749059183,0.95162558461711,0.2795187630520321
H731,0.2369286716199564,0.2369286716199564,1.4543388635285632,0.8049300960730383,0.71683264381272,0.0947714686479825
H732,0.25841011779356027,0.25841011779356027,1.5341714047424992,0.7587608047358132,0.8359408039503603,0.1033640471174241
H733,0.6019526990439821,0.6019526990439821,1.3042008762015185,2.337182257721629e-16,0.8778102214469201,0.2407810796175927
H734,0.2630156713374111,0.2630156713374111,1.5184531305565825,0.617671239406854,0.95162558461711,0.1052062685349643
H735,0.2302753948766335,0.2302753948766335,1.6193319158350687,0.8079058568567684,0.9284147943412758,0.0921101579506532
H736,1.12490647322285,1.12490647322285,1.7582905327773837,7.011546773164887e-16,0.7917300744431671,0.4499625892891398
H737,0.9887687762067897,0.9887687762067897,1.538132763115896,4.674364515443258e-16,0.6867049836363828,0.3955075104827157
H738,0.5325839964836948,0.5325839964836948,1.8768928271131269,0.7340874228641647,0.9462986154226256,0.2130335985934777
H739,1.5504607067613567,1.5504607067613567,1.8830104548260216,0.4156871850808314,2.301052742623314e-16,0.6201842827045425
H740,0.2671168376775628,0.2671168376775628,1.4095957630919138,0.8509946519352346,0.5771040048327045,0.106846735071025
H741,1.8087327796672735e-15,1.8087327796672735e-15,1.4741054612725402,0.9242457811212544,0.918386045469419,5.103302911388794e-16
H742,1.8336059678816805,1.8336059678816805,2.345411949146513,4.674364515443258e-16,0.6397574765810409,0.7334423871526721
H743,0.36758072538841036,0.36758072538841036,1.5217814975512662,0.561010359082283,0.8817406061212874,0.147032290155364
H744,0.2067202662851221,0.2067202662851221,1.5025223153290987,0.7431362158835417,0.8766163454214293,0.0826881065140487
H745,1.4534614117872234e-15,1.4534614117872234e-15,1.3262669252811872,0.7854472901200948,0.8723863664813873,5.103302911388794e-16
H746,1.8087327796672735e-15,1.8087327796672735e-15,1.3170633849801394,0.8272408226754052,0.8190884085497674,5.103302911388794e-16
H747,0.9583933086838528,0.9583933086838528,2.1113234351423964,0.8633213697712514,0.5778412883019284,0.3833573234735411
H748,0.24312272457149556,0.24312272457149556,1.617976807512194,0.9067023723172776,0.8118652313585957,0.097249089828598
H749,1.8954300808314344,1.8954300808314344,1.9812684751290432,0.1072979928720114,2.301052742623314e-16,0.7581720323325736
H750,0.32171976202792807,0.32171976202792807,1.4212377889462362,0.5118380720265694,0.8625594616213161,0.128687904811171
H751,1.2758257278471984e-15,1.2758257278471984e-15,1.4556506639923212,0.9353802824666876,0.8841830475237121,5.103302911388794e-16
H752,0.09863056843729003,0.09863056843729003,1.359440208762232,0.6914501815571761,0.884561868849002,0.0394522273749158
H753,2.5000000000000004,2.5000000000000004,2.786562228131537,0.3582027851644215,0.0,1.0
H754,0.530384846958512,0.530384846958512,1.4692193044457462,0.3009077695464903,0.8726353023125527,0.2121539387834047
H755,0.22370629217368065,0.22370629217368065,1.4090683364414331,0.613306749742971,0.8683958055917196,0.0894825168694722
H756,0.39452227374915433,0.39452227374915433,1.0823935147041213,4.674364515443258e-16,0.859839051193709,0.1578089094996615
H757,0.08297180014147912,0.08297180014147912,0.9749043849467648,0.2584554815219328,0.8564602494846748,0.0331887200565915
H758,0.35860039425829465,0.35860039425829465,1.513939758702198,0.6110183892907144,0.8331558162641644,0.1434401577033178
H759,0.6107025943859521,0.6107025943859521,1.5994970596686868,0.3183559560803553,0.9176371255230636,0.2442810377543806
H760,0.04978308008488813,0.04978308008488813,1.1334607605235312,0.4359756560628391,0.9186214444854648,0.019913232033955
H761,1.268456404346897,1.268456404346897,1.9453910114740227,4.674364515443258e-16,0.8461682589089068,0.5073825617387587
H762,0.27423729761686905,0.27423729761686905,1.4449352404581028,0.5829045924160097,0.8804678361355329,0.1096949190467475
H763,0.3070338598355104,0.3070338598355104,1.5190641500914115,0.8479866743028655,0.667051188517011,0.1228135439342041
H764,1.4534614117872234e-15,1.4534614117872234e-15,1.426803663407885,0.8531959945655908,0.9303085846942636,5.103302911388794e-16
H765,1.5504607067613567,1.5504607067613567,2.41573574389404,0.8608268057867781,0.2207669906290765,0.6201842827045425
H766,0.08297180014147926,0.08297180014147926,1.0463015244194047,0.4557695961528602,0.7483925591945463,0.0331887200565917
H767,1.8087327796672735e-15,1.8087327796672735e-15,1.0616874667434657,0.3973877600121228,0.9297215734172076,5.103302911388794e-16
H768,0.7752303533806796,0.7752303533806796,1.4851038544428616,0.2651398554561532,0.622202020871575,0.3100921413522716
H769,0.48163805393004133,0.48163805393004133,1.9304447162622875,0.877171527458491,0.9338368004568164,0.1926552215720164
H770,1.8087327796672735e-15,1.8087327796672735e-15,1.168066414906841,0.5421208302477111,0.9179621883858384,5.103302911388794e-16
H771,0.5730792027556945,0.5730792027556945,1.5560451865902225,0.2785316166139513,0.9501758631792082,0.2292316811022778
H772,0.19726113687457733,0.19726113687457733,1.2325984915014,0.3302829666048558,0.9638887266786728,0.0789044547498308
H773,1.6310970957272485e-15,1.6310970957272485e-15,1.3814820724368675,0.8586246418407817,0.8682279487053013,5.103302911388794e-16
H774,0.49357893844772843,0.49357893844772843,1.80584759542702,0.695984184714642,0.9443516365094726,0.1974315753790912
H775,1.8087327796672735e-15,1.8087327796672735e-15,1.4399684306131584,0.878881239658085,0.9210792986083614,5.103302911388794e-16
H776,0.6950940188432281,0.6950940188432281,1.6672600659039865,0.5697691750262857,0.6454383837996629,0.278037607537291
H777,0.5495552907004481,0.5495552907004481,1.515384207096239,0.3777475200031173,0.8295386254916219,0.2198221162801791
H778,1.0758011827748812,1.0758011827748812,1.8495421605083755,4.674364515443258e-16,0.9671762221668676,0.4303204731099523
H779,0.6613978776319478,0.6613978776319478,1.9226826481879264,0.6899981066189407,0.8866078565760325,0.2645591510527791
H780,0.5779656647160494,0.5779656647160494,1.5501438673964425,0.2837277169724821,0.9314950363780092,0.2311862658864196
H781,1.9863684636072987e-15,1.9863684636072987e-15,1.296381306301544,0.7537912162269049,0.8666854166500231,5.103302911388794e-16
H782,1.6310970957272485e-15,1.6310970957272485e-15,1.2933993583037653,0.7483533922879853,0.8683958055917196,5.103302911388794e-16
H783,0.9020553952553811,0.9020553952553811,1.9249638713954844,0.4642864091788405,0.8143491859962894,0.3608221581021522
H784,1.8087327796672735e-15,1.8087327796672735e-15,1.3012861237826088,0.7552341431935173,0.8713735115347421,5.103302911388794e-16
H785,0.49783218825788855,0.49783218825788855,1.2280498692486437,2.337182257721629e-16,0.912772101238444,0.1991328753031553
H786,0.6262205112647686,0.6262205112647686,1.3326319944974858,0.0308445334165449,0.8521698206243519,0.2504882045059073
H787,0.12445770021221846,0.12445770021221846,1.341522788727192,0.6277498155973859,0.893581545046332,0.0497830800848871
H788,0.3945222737491541,0.3945222737491541,1.4690870196369945,0.4197043905292696,0.923501541830531,0.1578089094996615
H789,1.3247192192902018,1.3247192192902018,1.851581958201309,0.6585784236388845,2.301052742623314e-16,0.5298876877160805
H790,0.9792696777809895,0.9792696777809895,1.8320856477759089,0.43078036923509,0.635239593258559,0.3917078711123958
H791,1.8087327796672735e-15,1.8087327796672735e-15,1.4343300425276055,0.8613649483538284,0.9315476048056768,5.103302911388794e-16
H792,1.2847275106798177,1.2847275106798177,1.9429989142392292,4.674364515443258e-16,0.8228392544492645,0.5138910042719269
H793,0.6434395240558541,0.6434395240558541,1.249190351856068,0.757188534750267,0.0,0.2573758096223416
H794,0.5087192843231042,0.5087192843231042,1.6325196203978485,0.4332502242828639,0.9715001958105672,0.2034877137292414
H795,1.6310970957272485e-15,1.6310970957272485e-15,1.3973369998306526,0.8638721713307839,0.8827990784575303,5.103302911388794e-16
H796,1.9863684636072987e-15,1.9863684636072987e-15,1.4932283395509234,0.9606022808931034,0.905933143545549,5.103302911388794e-16
H797,0.20856374009021217,0.20856374009021217,1.481965262035697,0.7110920943053547,0.8806598081265014,0.0834254960360848
H798,0.32171976202792807,0.32171976202792807,1.4880635400499986,0.5120606185772889,0.9458691039502998,0.128687904811171
H799,0.34598726593500356,0.34598726593500356,1.596763166134072,0.6193646766722879,0.9441051985765476,0.1383949063740013
H800,0.7245884597512098,0.7245884597512098,1.6913967381682775,0.5491982271046781,0.659312120916657,0.2898353839004837
H801,0.4584014919704213,0.4584014919704213,1.723948655179594,0.6613292246978568,0.9206047293136096,0.1833605967881683
H802,0.3078938135397028,0.3078938135397028,1.2988591246644337,0.4138088719417998,0.8248977669641139,0.123157525415881
H803,1.9863684636072987e-15,1.9863684636072987e-15,1.0372382854175246,0.7583846485785489,0.5381632081933553,5.103302911388794e-16
H804,0.5323636416488933,0.5323636416488933,1.7179242862002295,0.5618237264676318,0.9201270792215396,0.2129454566595571
H805,1.8087327796672735e-15,1.8087327796672735e-15,1.477404283320102,0.8998046437401834,0.9469507104099422,5.103302911388794e-16
H806,1.8087327796672735e-15,1.8087327796672735e-15,1.413491409508512,0.8360882169412392,0.930776044944399,5.103302911388794e-16
H807,0.32172072551303155,0.32172072551303155,1.6209292269828188,0.744454838541696,0.8795557882955383,0.1286882902052125
H808,0.20672082125065952,0.20672082125065952,1.450101688805734,0.6252082335236263,0.9290178509202172,0.0826883285002636
H809,0.611201989293894,0.611201989293894,1.783583069559377,0.5631946239991147,0.9022817263327388,0.2444807957175576
H810,0.2756277616675461,0.2756277616675461,1.1389101635389518,0.2247451905207798,0.8543578118184776,0.1102511046670183
H811,1.7199149376972609e-15,1.7199149376972609e-15,1.1279092409859364,0.5421208302477111,0.8677657209847078,5.103302911388794e-16
H812,1.6310970957272485e-15,1.6310970957272485e-15,1.3348705053372685,0.734572297580537,0.9340158340910468,5.103302911388794e-16
H813,0.2630148491661032,0.2630148491661032,1.3125723633539548,0.4335192966711966,0.8784275960636176,0.1052059396664412
H814,1.9863684636072987e-15,1.9863684636072987e-15,1.1483760492850443,0.4999619406411272,0.9355081209651764,5.103302911388794e-16
H815,1.0760725109956446,1.0760725109956446,1.6978980820989418,0.629013803702348,0.1482681601767731,0.4304290043982579
H816,0.9724908982859776,0.9724908982859776,1.6649844892167796,0.8656169886635029,2.301052742623314e-16,0.3889963593143908
H817,0.06575371229152668,0.06575371229152668,1.455592099799441,0.761575512040637,0.9757224723442558,0.0263014849166106
H818,0.749103358313408,0.749103358313408,1.9058617617930504,0.6998735656390822,0.7460744387104712,0.299641343325363
H819,1.8087327796672735e-15,1.8087327796672735e-15,1.378291219897302,0.7789742541973611,0.9438897706742648,5.103302911388794e-16
H820,0.24891540042443505,0.24891540042443505,1.552665267010726,0.6706385395996688,0.9590487936331954,0.0995661601697738
H821,0.19726113687457847,0.19726113687457847,1.344520736344682,0.4956910726375061,0.9383834267001242,0.0789044547498311
H822,0.9052149848448918,0.9052149848448918,1.8451303283575589,0.6318337185646365,0.5430604608261979,0.3620859939379565
H823,0.47364259230445815,0.47364259230445815,1.7739608400505211,0.9236728169837134,0.7017249926988657,0.1894570369217831
H824,1.9863684636072987e-15,1.9863684636072987e-15,1.5272317320478273,0.9457119099415204,0.9633277551182616,5.103302911388794e-16
H825,1.8087327796672735e-15,1.8087327796672735e-15,1.4488580678390846,0.8649342737996883,0.9461383109991656,5.103302911388794e-16
H826,0.3070338598355104,0.3070338598355104,1.6668458760434128,0.8202092319643396,0.8795557882955383,0.1228135439342041
H827,0.24891609412894536,0.24891609412894536,1.3789190847505295,0.5012485082742086,0.911255230002772,0.099566437651578
H828,0.35739000275557786,0.35739000275557786,1.553035087836947,0.6490720276681199,0.8454843286835916,0.142956001102231
H829,1.9863684636072987e-15,1.9863684636072987e-15,1.2156303604628256,0.965661918524919,0.5538760320536111,5.103302911388794e-16
H830,0.7098203803235278,0.7098203803235278,1.8661201825529292,0.6147361733331164,0.8306385794536361,0.2839281521294109
H831,1.8087327796672735e-15,1.8087327796672735e-15,1.4791749606687028,0.907742245459229,0.9412264553766478,5.103302911388794e-16
H832,0.9724909476168253,0.9724909476168253,1.855757694564046,0.2135278061590871,0.8905556275249392,0.3889963790467299
H833,1.8087327796672735e-15,1.8087327796672735e-15,0.9413406463146666,0.3371508236903327,0.839524984202999,5.103302911388794e-16
H834,1.205785816298865,1.205785816298865,2.1330513653720886,0.304434060596665,0.8546478757448648,0.4823143265195458
H835,1.80086813554194,1.80086813554194,2.333723383195144,0.3284768498049391,0.3375922097615657,0.7203472542167758
H836,1.6310970957272485e-15,1.6310970957272485e-15,1.4245195102903163,0.9080140855503412,0.8726353023125527,5.103302911388794e-16
H837,1.7199149376972609e-15,1.7199149376972609e-15,1.0897009887165918,0.4139031047020158,0.9482231311937224,5.103302911388794e-16
H838,0.4885628166983088,0.4885628166983088,1.4393265030262128,0.2580640480907044,0.9303905598191756,0.1954251266793234
H839,1.4534614117872234e-15,1.4534614117872234e-15,1.3810578881569748,0.9133258202030906,0.8129965399931262,5.103302911388794e-16
H840,1.029240896429919,1.029240896429919,1.6019237336793335,0.0,0.7158535465617692,0.4116963585719673
H841,0.40342551291205747,0.40342551291205747,1.5817980925423591,0.7625852539198541,0.7103804706180233,0.1613702051648228
H842,0.6331007188779411,0.6331007188779411,1.9203173678362813,0.6861364001749543,0.9228844110229716,0.2532402875511763
H843,0.4039820197881798,0.4039820197881798,1.600047622586059,0.5541475803321343,0.9409344231652153,0.1615928079152717
H844,0.28096978994373706,0.28096978994373706,1.6395076299980933,0.7736440128438841,0.9245282872240614,0.1123879159774947
H845,1.9863684636072987e-15,1.9863684636072987e-15,1.2114042788486423,0.5976879204566642,0.9165674281041368,5.103302911388794e-16
H846,0.3876151766903403,0.3876151766903403,1.5550132860809514,0.6143186683427584,0.8449289683955056,0.155046070676136
H847,0.19726113687457847,0.19726113687457847,1.086263252385632,0.1644992357793855,0.946753408609432,0.0789044547498311
H848,0.6490785952318316,0.6490785952318316,1.81159685381898,0.5102112397416314,0.9429365834923048,0.2596314380927324
H849,0.6476120905115322,0.6476120905115322,1.7665668809536683,0.7683536880306385,0.6303398000220322,0.2590448362046127
H850,0.7752303533806797,0.7752303533806797,1.7399399362432928,0.5866119414867037,0.6192750370915634,0.3100921413522716
H851,8.155485478636242e-16,8.155485478636242e-16,1.366531397711393,0.7557345071466266,0.9524297399926138,2.551651455694397e-16
H852,0.51682023558712,0.51682023558712,1.1770782489541918,0.4037553638140422,0.4215671528947972,0.2067280942348479
H853,1.2758257278471984e-15,1.2758257278471984e-15,1.3659283737342474,0.7623874702412392,0.9450229969265684,5.103302911388794e-16
H854,0.3547365446495508,0.3547365446495508,1.378802148494898,0.4208024247802113,0.8592795800264729,0.1418946178598202
H855,1.3301192612072226,1.3301192612072226,2.454356114854584,0.7202946839054305,0.6850013831537716,0.5320477044828889
H856,1.6310970957272485e-15,1.6310970957272485e-15,1.1595937286613942,0.7318380527294852,0.7176541080972558,5.103302911388794e-16
H857,0.6019539237399135,0.6019539237399135,1.873191803388771,0.7435630208774797,0.8454843286835916,0.2407815694959654
H858,0.04978308008488813,0.04978308008488813,1.3705898263761025,0.8249417342201587,0.8260666986438596,0.019913232033955
H859,0.19726113687457827,0.19726113687457827,1.2632161041131027,0.4335192966711966,0.8989244123769593,0.0789044547498311
H860,1.597253027162585,1.597253027162585,2.3939149542938907,0.4576642007207764,0.5381632081933553,0.638901210865034
H861,0.3713547069384732,0.3713547069384732,1.3712097433333272,0.6100613189125267,0.6397574765810409,0.1485418827753892
H862,1.8087327796672735e-15,1.8087327796672735e-15,1.1196221078002515,0.526580102914723,0.8729475318355897,5.103302911388794e-16
H863,1.2758257278471984e-15,1.2758257278471984e-15,1.487309567353332,0.909015519613118,0.9501214395785452,5.103302911388794e-16
H864,0.19021210621033813,0.19021210621033813,1.464795885026411,0.6473391508353463,0.9458905726847444,0.0760848424841351
H865,0.5824853531988055,0.5824853531988055,1.4891363486616884,0.372455657951853,0.7608580863767511,0.232994141279522
H866,0.4232797858730855,0.4232797858730855,1.6374814509831297,0.7805895226891642,0.7371625586983909,0.1693119143492342
H867,1.4534614117872234e-15,1.4534614117872234e-15,1.34583834390777,0.8214147398699269,0.8608831900147841,5.103302911388794e-16
H868,0.24756980462564943,0.24756980462564943,1.6031577962273726,0.8089936553992912,0.8854913341028628,0.0990279218502597
H869,0.9293969276749477,0.9293969276749477,1.9451381929757463,0.5523076691276837,0.7173689124983149,0.371758771069979
H870,0.4461786184187956,0.4461786184187956,1.4917284511106257,0.4916920438261944,0.8152452470385937,0.178471447367518
H871,1.1259914793736856,1.1259914793736856,1.808680192636717,4.674364515443258e-16,0.8533608915787896,0.4503965917494741
H872,0.29745201403975874,0.29745201403975874,1.453763193885958,0.6360804708601656,0.809308503947583,0.1189808056159035
H873,0.14872582074671542,0.14872582074671542,1.1886190592507178,0.4591968952074414,0.8406696529225614,0.0594903282986861
H874,1.8087327796672735e-15,1.8087327796672735e-15,1.4688860509847048,0.8932930022562757,0.9428145614746036,5.103302911388794e-16
H875,0.6987969076300808,0.6987969076300808,1.694923720688803,0.3133601256614797,0.9317983906619234,0.2795187630520321
H876,0.598314547943985,0.598314547943985,1.359987387742283,0.3101061041576867,0.6419849455901865,0.2393258191775937
H877,0.6307379012618346,0.6307379012618346,1.9262211014216368,0.8852444017506501,0.7341095984491032,0.2522951605047336
H878,0.23169789066257918,0.23169789066257918,1.5887543150004315,0.7314822706478259,0.9648382597744898,0.0926791562650316
H879,0.28898283235802535,0.28898283235802535,1.3754373119317722,0.5343593789406885,0.823708720526495,0.11559313294321
H880,1.012135282661736,1.012135282661736,1.6544101366953712,0.3145136428327518,0.4883299247092927,0.4048541130646942
H881,1.4534614117872234e-15,1.4534614117872234e-15,1.3254923343629852,0.7781262997283008,0.8787391182254289,5.103302911388794e-16
H882,9.931842318036493e-16,9.931842318036493e-16,1.4039822429150055,0.932621536641142,0.8223562670026143,2.551651455694397e-16
H883,0.5189803208136256,0.5189803208136256,1.4490092538423844,0.4446949798553845,0.7178411864305642,0.2075921283254501
H884,0.14449141617901376,0.14449141617901376,1.4115388673555684,0.709667319985458,0.8741419939852361,0.0577965664716053
H885,1.110028283772298,1.110028283772298,1.8274586225028044,4.674364515443258e-16,0.8967879234131333,0.444011313508919
H886,0.765735636011553,0.765735636011553,1.447448639364307,0.1230758120826071,0.7290654421083351,0.3062942544046211
H887,0.13892684835217245,0.13892684835217245,1.5250542441076864,0.7729563937258678,0.9597028509685248,0.0555707393408688
H888,8.155485478636242e-16,8.155485478636242e-16,1.499624148728482,0.9171109596525572,0.9574192262580448,2.551651455694397e-16
H889,1.6310970957272485e-15,1.6310970957272485e-15,1.4207250904377529,0.8468885121269722,0.9290178509202172,5.103302911388794e-16
H890,0.5779656647160494,0.5779656647160494,1.161056428536705,4.674364515443258e-16,0.7288634547758198,0.2311862658864196
H891,1.7199149376972609e-15,1.7199149376972609e-15,1.3821628217257875,0.899250277902446,0.8284532492547868,5.103302911388794e-16
H892,0.9168029839408408,0.9168029839408408,2.1860266590949493,0.6826515330413905,0.9038780609012452,0.3667211935763362
H893,0.24891609412894497,0.24891609412894497,1.5946750256430176,0.7392906152731149,0.942908049119476,0.0995664376515777
H894,1.8087327796672735e-15,1.8087327796672735e-15,1.1622393208136663,0.6265619138077456,0.8262372372093357,5.103302911388794e-16
H895,1.6310970957272485e-15,1.6310970957272485e-15,1.4490957695407525,0.951116181491086,0.8602535304348526,5.103302911388794e-16
H896,1.4534614117872234e-15,1.4534614117872234e-15,1.5028899688050856,0.962598524994239,0.9160139360121162,5.103302911388794e-16
H897,0.1315074245830525,0.1315074245830525,1.554403130319007,0.8262851574160243,0.9523344747539184,0.052602969833221
H898,0.8560593635416593,0.8560593635416593,1.6148044159946209,0.0787670696018358,0.8696642459643664,0.3424237454166636
H899,0.41344164250131776,0.41344164250131776,1.4657969683016117,0.4616681990916864,0.8537759581586811,0.1653766570005269
H900,0.36758072538841036,0.36758072538841036,1.4924327390564611,0.5301912710140367,0.8758737460710271,0.147032290155364
H901,0.08297180014147926,0.08297180014147926,1.5998512168611634,0.9572642392208917,0.9388350316787132,0.0331887200565917
H902,1.7597329923660407,1.7597329923660407,2.2963018705649736,0.6707110977486659,2.301052742623314e-16,0.7038931969464162
H903,9.931842318036493e-16,9.931842318036493e-16,1.5287977507992023,0.9596896779684804,0.951307510530522,2.551651455694397e-16
H904,0.04978308008488813,0.04978308008488813,1.2940931126431687,0.6474499048434263,0.907937635854425,0.019913232033955
H905,0.1972611368745781,0.1972611368745781,1.2444802808125996,0.3574354640702035,0.9515884658523236,0.0789044547498311
H906,0.9200357917743983,0.9200357917743983,1.5825015968491778,2.337182257721629e-16,0.8280822563434748,0.3680143167097591
H907,0.08734961345376163,0.08734961345376163,1.5303051391766114,0.935523329288484,0.8681710778650784,0.0349398453815044
H908,1.8087327796672735e-15,1.8087327796672735e-15,1.3947444920552226,0.875174627923509,0.8682559871455177,5.103302911388794e-16
H909,2.1939040847576243,2.1939040847576243,2.1939040847576243,2.337182257721629e-16,2.301052742623314e-16,0.8775616339030495
H910,0.51682023558712,0.51682023558712,1.1083793405655449,4.674364515443258e-16,0.7394488812230307,0.2067280942348479
H911,0.19726113687457847,0.19726113687457847,1.2185552310447678,0.4306457007873123,0.845971916925425,0.0789044547498311
H912,0.8038572108659104,0.8038572108659104,2.2769818564178217,0.9280807036679432,0.913325103271946,0.3215428843463642
H913,0.42830290856487235,0.42830290856487235,1.656106445421183,0.9495483438601424,0.5852060772102465,0.1713211634259487
H914,0.48637023434031484,0.48637023434031484,1.3978741750986063,0.4030064929754507,0.7363734329724143,0.1945480937361257
H915,1.175212904411307,1.175212904411307,2.144615647202318,0.7032670059729179,0.5084864225158457,0.4700851617645227
H916,1.587239863286467,1.587239863286467,2.143294941560291,0.6950688478422802,2.301052742623314e-16,0.6348959453145867
H917,0.2733305881544126,0.2733305881544126,1.623254015723163,0.8147689821483852,0.8726353023125527,0.1093322352617649
H918,0.3232671837009737,0.3232671837009737,1.5329658540668327,0.5538076555243782,0.958315682432946,0.1293068734803894
H919,1.5504607067613567,1.5504607067613567,2.2592219757535554,0.885951586240249,2.301052742623314e-16,0.6201842827045425
H920,0.9004073976596041,0.9004073976596041,1.890101586318048,0.5502839067484422,0.6868338290746128,0.3601629590638415
H921,0.6393947999518687,0.6393947999518687,2.0063374334462933,0.9833616511565104,0.725316640711521,0.2557579199807472
H922,0.7290749034263401,0.7290749034263401,1.7244275100344404,0.336432171903421,0.9077585863567048,0.2916299613705359
H923,0.3217197620279281,0.3217197620279281,1.479130103149491,0.5023635291622234,0.9443993972397308,0.128687904811171
H924,1.4534614117872234e-15,1.4534614117872234e-15,1.4623874873409723,0.8699233825997826,0.9580609765764312,5.103302911388794e-16
H925,0.2207865365483675,0.2207865365483675,1.366851570611846,0.7427298310289274,0.6898514615504204,0.088314614619347
H926,0.2489154004244341,0.2489154004244341,1.1147633914920887,0.1370419158250076,0.9452680730095608,0.0995661601697735
H927,0.09863056843728968,0.09863056843728968,1.1656439684750386,0.4156871850808314,0.918079564966355,0.0394522273749158
H928,0.8545555637250224,0.8545555637250224,1.92627364317372,0.8457027364032793,0.4939448629075926,0.3418222254900088
H929,8.155485478636242e-16,8.155485478636242e-16,1.1812958306900805,0.630184062551568,0.8464357258110319,2.551651455694397e-16
H930,1.8087327796672735e-15,1.8087327796672735e-15,1.0351177300473584,0.5750534380168124,0.7188437245423839,5.103302911388794e-16
H931,1.4534614117872234e-15,1.4534614117872234e-15,1.1713704639887903,0.5423938684433747,0.9218192115426116,5.103302911388794e-16
H932,0.5168202355871201,0.5168202355871201,1.715463064371694,0.8828422256975772,0.6154613102831402,0.2067280942348479
H933,8.155485478636242e-16,8.155485478636242e-16,1.4102178165984425,0.881693195866524,0.881079074881528,2.551651455694397e-16
H934,0.3441463917338061,0.3441463917338061,1.5360070667616037,0.6568471521927188,0.8329786915920286,0.1376585566935222
H935,0.3311783133495936,0.3311783133495936,1.3797318866192372,0.442296160995335,0.8683958055917196,0.1324713253398373
H936,1.5504607067613567,1.5504607067613567,2.182993511568574,0.7906660060090214,2.301052742623314e-16,0.6201842827045425
H937,1.6310970957272485e-15,1.6310970957272485e-15,1.4201474105399512,0.8563095048725102,0.9188747583024268,5.103302911388794e-16
H938,0.7045874957575835,0.7045874957575835,1.683074127797346,0.4764738061051735,0.7466344839445295,0.2818349983030334
H939,1.8087327796672735e-15,1.8087327796672735e-15,0.8444379037478396,0.2369166537902287,0.8186307258945691,5.103302911388794e-16
H940,0.530384846958512,0.530384846958512,1.4682610044492903,0.2985095687525044,0.8738356281109686,0.2121539387834047
H941,0.4978337491013278,0.4978337491013278,1.6507116394136745,0.5014705269739798,0.9396268359164536,0.199133499640531
H942,0.373374834900942,0.373374834900942,1.2125344541691745,0.5817150729847479,0.4672344511005432,0.1493499339603765
H943,1.0758011827748812,1.0758011827748812,1.8034213755582036,4.674364515443258e-16,0.9095252409791524,0.4303204731099523
H944,0.22519829587473827,0.22519829587473827,1.553051642746211,0.6959054901918597,0.9639111933974818,0.0900793183498952
H945,1.8087327796672735e-15,1.8087327796672735e-15,1.4118269522985476,0.8208758564444977,0.9439078339286852,5.103302911388794e-16
H946,0.5629957396868437,0.5629957396868437,1.8508839374717705,0.6862181983416706,0.9236420488894884,0.2251982958747372
H947,1.4534614117872234e-15,1.4534614117872234e-15,1.2044704720102968,0.6260323017173308,0.8795557882955383,5.103302911388794e-16
H948,0.8268832850026337,0.8268832850026337,1.5563031037563988,4.674364515443258e-16,0.911774773442206,0.3307533140010534
H949,1.2397293745906908,1.2397293745906908,2.420405585468448,0.7001209452185062,0.7757243183786908,0.4958917498362761
H950,1.044179816624163,1.044179816624163,1.9364233990183088,0.5194644172627548,0.5958400607299281,0.417671926649665
H951,1.2596377577136867e-15,1.2596377577136867e-15,1.3937194833302855,0.813578078799196,0.9285712753636604,2.551651455694397e-16
H952,0.27441888216633153,0.27441888216633153,1.583331013623671,0.882151410151455,0.7539887541702195,0.1097675528665325
H953,0.28547758916954624,0.28547758916954624,1.4563654698539443,0.7863143470802368,0.6772955037752605,0.1141910356678185
H954,0.4931534588149233,0.4931534588149233,1.517982114117644,0.487625152676863,0.7934106664515381,0.1972613835259691
H955,1.6310970957272485e-15,1.6310970957272485e-15,1.4141602729340987,0.8963268296328798,0.8713735115347421,5.103302911388794e-16
H956,1.8087327796672735e-15,1.8087327796672735e-15,1.4343400958860983,0.9041997637348642,0.888725356122757,5.103302911388794e-16
H957,1.8087327796672735e-15,1.8087327796672735e-15,1.3962841081700683,0.8308303721553149,0.914524763057269,5.103302911388794e-16
H958,0.19726113687457847,0.19726113687457847,1.6185937611839132,0.9030899122413516,0.8735758681453174,0.0789044547498311
H959,1.7649405481133074,1.7649405481133074,2.088798008550925,0.4048218255470224,0.0,0.7059762192453228
H960,2.664535259100375e-16,2.664535259100375e-16,1.3068866951736802,0.9293071021435552,0.704301266823545,0.0
H961,0.7024233649282663,0.7024233649282663,1.0424640612130225,2.337182257721629e-16,0.4250508703559453,0.2809693459713063
H962,1.3141544512307823,1.3141544512307823,1.7491296314656597,4.674364515443258e-16,0.5437189752935963,0.5256617804923128
H963,0.5073524494749831,0.5073524494749831,1.3385480413327049,0.5305080673063071,0.5084864225158457,0.202940979789993
H964,0.366721193576336,0.366721193576336,1.8927642397768245,0.9499782377875589,0.9575755699630516,0.1466884774305343
H965,0.22825438871020828,0.22825438871020828,1.580306753148232,0.733580064158519,0.9564853913890108,0.0913017554840832
H966,0.19726113687457733,0.19726113687457733,1.391084893749015,0.5278502770459025,0.9644294190471449,0.0789044547498308
H967,1.6310970957272485e-15,1.6310970957272485e-15,1.2624386743313418,0.7996467845129039,0.7784015584012716,5.103302911388794e-16
H968,1.6310970957272485e-15,1.6310970957272485e-15,1.3645555188858416,0.8151387710823608,0.8905556275249392,5.103302911388794e-16
H969,1.9863684636072987e-15,1.9863684636072987e-15,1.135790159250027,0.4637414623417678,0.955996236720764,5.103302911388794e-16
H970,1.8087327796672735e-15,1.8087327796672735e-15,1.2203994966066,0.597438379396823,0.928060991361425,5.103302911388794e-16
H971,0.32171976202792824,0.32171976202792824,1.3201913667079317,0.3740874215020081,0.8740020843479969,0.128687904811171
H972,0.5315489715259627,0.5315489715259627,1.47690315218073,0.5678198443197259,0.6138728814987336,0.212619588610385
H973,1.9863684636072987e-15,1.9863684636072987e-15,1.386539537268797,0.8141616408669352,0.9190127807190592,5.103302911388794e-16
H974,0.24891540042443489,0.24891540042443489,1.2499162432453164,0.3903678635113181,0.8608831900147841,0.0995661601697738
H975,0.4862454491429897,0.4862454491429897,1.5971480688017363,0.6833119425941243,0.7053163319793095,0.1944981796571956
H976,1.9863684636072987e-15,1.9863684636072987e-15,1.50851955610405,0.9461773507225794,0.9394720944074816,5.103302911388794e-16
H977,8.155485478636242e-16,8.155485478636242e-16,1.4271513861498355,0.803687348276172,0.9802518844111218,2.551651455694397e-16
H978,0.13150742458305287,0.13150742458305287,1.159009717815085,0.3772778248932056,0.9071000416468352,0.052602969833221
H979,1.4534614117872234e-15,1.4534614117872234e-15,1.334048147828042,0.7588653062926285,0.908694878492422,5.103302911388794e-16
H980,0.9956674982026533,0.9956674982026533,1.4739696340281416,0.4045164636325181,0.1933612061493425,0.3982669992810612
H981,1.8087327796672735e-15,1.8087327796672735e-15,1.3810867519675494,0.7904983498450581,0.9358600901143768,5.103302911388794e-16
H982,1.4534614117872234e-15,1.4534614117872234e-15,1.4762263241016145,0.9584569567248632,0.8868259484021529,5.103302911388794e-16
H983,0.5779656647160493,0.5779656647160493,1.2977986469484484,4.674364515443258e-16,0.8997912277904984,0.2311862658864196
H984,0.27380694046687815,0.27380694046687815,1.0929461999484815,0.2119220423884162,0.812002031963589,0.109522776186751
H985,0.2489160941289438,0.2489160941289438,1.2846821823278012,0.4129341869293421,0.8817734233192304,0.0995664376515772
H986,0.473856154027258,0.473856154027258,0.966197725783852,0.0283189749059183,0.5871079897898248,0.189542461610903
H987,1.6310970957272485e-15,1.6310970957272485e-15,1.4311071664724366,0.9127265336329128,0.8761574244576311,5.103302911388794e-16
H988,1.6464389813181282,1.6464389813181282,1.6464389813181284,4.674364515443258e-16,2.301052742623314e-16,0.6585755925272511
H989,0.2489154004244347,0.2489154004244347,0.983313470812688,0.9179975879853164,2.301052742623314e-16,0.0995661601697738
H990,1.0093722149774842,1.0093722149774842,1.906139392461181,0.5766357083170025,0.5443232635376185,0.4037488859909935
H991,1.8087327796672735e-15,1.8087327796672735e-15,1.3756636564587894,0.8327536221713322,0.8868259484021529,5.103302911388794e-16
H992,0.39452227374915394,0.39452227374915394,1.3851219956576453,0.2800740294667564,0.9581756229188576,0.1578089094996615
H993,1.8087327796672735e-15,1.8087327796672735e-15,1.3141500457365982,0.7245820285015783,0.9181055286691678,5.103302911388794e-16
H994,0.1659441783710539,0.1659441783710539,1.387560516330602,0.6556469109146931,0.8713735115347421,0.0663776713484215
H995,0.12445770021221846,0.12445770021221846,1.4976938640909587,0.891375829326295,0.825169375522131,0.0497830800848871
H996,0.7744950371443301,0.7744950371443301,1.5565856776526874,0.4442916054718555,0.5333216951635915,0.3097980148577319
H997,0.08297180014147912,0.08297180014147912,1.306817542587805,0.5765969953531921,0.9532101827047156,0.0331887200565915
H998,0.3905564340415786,0.3905564340415786,1.6289993598677404,0.6039485154381081,0.9441051418445942,0.1562225736166313
H999,0.8596203534153681,0.8596203534153681,1.5942569306115484,4.674364515443258e-16,0.9182957214952258,0.343848141366147
H1000,0.5779656647160494,0.5779656647160494,1.2760739065660915,2.337182257721629e-16,0.8726353023125527,0.2311862658864196
H1001,1.8087327796672735e-15,1.8087327796672735e-15,1.4068551772740432,0.8705499299944813,0.888019041598071,5.103302911388794e-16
H1002,0.6434395240558543,0.6434395240558543,1.35659654106713,4.674364515443258e-16,0.8914462712640945,0.2573758096223416
H1003,0.5379005913874417,0.5379005913874417,1.586794782315491,0.4683490473413578,0.8427686913187046,0.2151602365549764
H1004,0.12445770021221811,0.12445770021221811,1.4955954861365666,0.938588649501728,0.7753335829037077,0.0497830800848871
H1005,0.30375833668984503,0.30375833668984503,1.493453567100711,0.6062863831280361,0.8808326548855459,0.121503334675938
H1006,0.1972611368745781,0.1972611368745781,1.3995674910480755,0.5440159492301376,0.9588669934867344,0.0789044547498311
H1007,0.12445770021221828,0.12445770021221828,1.2824460489912035,0.4846587823390126,0.9628266536347196,0.0497830800848871
H1008,1.6310970957272485e-15,1.6310970957272485e-15,1.5110906373832522,0.9531837813451286,0.9356795153839348,5.103302911388794e-16
H1009,1.2758257278471984e-15,1.2758257278471984e-15,1.3279974133081986,0.8194093931958203,0.8405873734394265,5.103302911388794e-16
H1010,1.8087327796672735e-15,1.8087327796672735e-15,1.5003255998099936,0.9320796307298764,0.943327369032614,5.103302911388794e-16
H1011,0.7771460520465228,0.7771460520465228,1.833555951591301,0.3649179867995541,0.9555943876314184,0.3108584208186091
H1012,0.7453399210486614,0.7453399210486614,1.6815559584526396,0.2977806909428759,0.8724893558120969,0.2981359684194645
H1013,8.155485478636242e-16,8.155485478636242e-16,1.2844315452138424,0.753570972829565,0.8519684586877372,2.551651455694397e-16
H1014,0.32416363276199334,0.32416363276199334,1.4476012259184936,0.7148582413397321,0.6894387501058936,0.1296654531047972
H1015,1.6310970957272485e-15,1.6310970957272485e-15,1.368506829689608,0.8067554762107633,0.9038780609012452,5.103302911388794e-16
H1016,1.8087327796672735e-15,1.8087327796672735e-15,1.1510281366328643,0.516636224881505,0.922148945909574,5.103302911388794e-16
H1017,0.9168029839408414,0.9168029839408414,2.296821864171854,0.852637233807379,0.8723863664813873,0.3667211935763363
H1018,1.8087327796672735e-15,1.8087327796672735e-15,1.259602511494428,0.693843331241532,0.8806598081265014,5.103302911388794e-16
H1019,0.08297180014147894,0.08297180014147894,1.3000927867392664,0.6062863831280361,0.9151148501191986,0.0331887200565915
H1020,0.0622288501061101,0.0622288501061101,1.3303975792458826,0.7095038091822039,0.8757071022425119,0.0248915400424439
H1021,1.6310970957272485e-15,1.6310970957272485e-15,1.2279368458699231,0.6553652690418639,0.8795557882955383,5.103302911388794e-16
H1022,0.4116273039211498,0.4116273039211498,1.5612438517607554,0.7118678630893607,0.725152821710147,0.1646509215684597
H1023,0.41344164250131793,0.41344164250131793,1.6269230508607004,0.90404849691632,0.6128032635329085,0.1653766570005269
H1024,0.7955772704377667,0.7955772704377667,1.534903853076014,0.0,0.9241582282978096,0.3182309081751064
H1025,0.35121223742967134,0.35121223742967134,1.3699124466953192,0.5069055383385889,0.7664697232434712,0.1404848949718684
H1026,0.23282047979235304,0.23282047979235304,1.1973790950222076,0.4446949798553845,0.7610032891819346,0.0931281919169409
H1027,1.6310970957272485e-15,1.6310970957272485e-15,1.2880723480437075,0.6458990296394415,0.9641914054151912,5.103302911388794e-16
H1028,0.3826945899410544,0.3826945899410544,1.6584302030850742,0.6810563303020365,0.913613186127988,0.1530778359764217
H1029,1.4534614117872234e-15,1.4534614117872234e-15,1.0187432478121632,0.330021766550588,0.943407293214614,5.103302911388794e-16
H1030,0.1620818163809971,0.1620818163809971,1.4878020396851823,0.7301445007679825,0.9270057783622496,0.0648327265523987
H1031,0.4008296275376748,0.4008296275376748,1.6808186370412184,0.7766193525782308,0.8233669093011992,0.1603318510150698
H1032,1.065643631466984,1.065643631466984,2.1469456175145583,0.6683926510670729,0.6832348314923956,0.4262574525867933
H1033,2.664535259100375e-16,2.664535259100375e-16,1.0283542139169677,0.4628653982174558,0.8225773691787537,0.0
H1034,0.9477146864798225,0.9477146864798225,1.6352409962408725,0.8594078872013131,0.0,0.3790858745919288
H1035,0.5791303303086549,0.5791303303086549,1.680746591517149,0.6184024634141209,0.7586178630964965,0.2316521321234619
H1036,0.6987989462867749,0.6987989462867749,2.118147169954112,0.8776467260975418,0.8965385534866304,0.2795195785147097
H1037,0.364440784205882,0.364440784205882,1.6051217561360187,0.6705045661624032,0.8803466487502676,0.1457763136823528
H1038,1.6310970957272485e-15,1.6310970957272485e-15,1.4244311437921984,0.9196557397254622,0.8608831900147841,5.103302911388794e-16
H1039,1.4534614117872234e-15,1.4534614117872234e-15,1.45017667654589,0.8562107574132934,0.9565100882690672,5.103302911388794e-16
H1040,1.4534614117872234e-15,1.4534614117872234e-15,1.4417114533668849,0.8690917669584501,0.9330475497501538,5.103302911388794e-16
H1041,1.9863684636072987e-15,1.9863684636072987e-15,1.3882229056312512,0.8676381439564184,0.8676404880826436,5.103302911388794e-16
H1042,1.0760830875165024,1.0760830875165024,1.9653575430004773,0.4314255616143833,0.680167507740586,0.4304332350066008
H1043,1.1355292906018812,1.1355292906018812,2.2021530905391264,0.68758240254481,0.6456973473767472,0.4542117162407523
H1044,1.3975978925735482,1.3975978925735482,2.110918086843097,0.8916502428369365,2.301052742623314e-16,0.5590391570294191
H1045,0.041485900070740434,0.041485900070740434,1.3118455445183113,0.7133218292443756,0.8746277263150878,0.0165943600282961
H1046,0.2889828323580256,0.2889828323580256,1.6254709641901417,0.7741312890349729,0.8964788757551725,0.11559313294321
H1047,0.49783218825788855,0.49783218825788855,1.522474473846998,0.2993157381594422,0.981487118826945,0.1991328753031553
H1048,0.46575816256930413,0.46575816256930413,1.6875730807939229,0.7456880907541052,0.7815805570266686,0.1863032650277214
H1049,0.8360959069476552,0.8360959069476552,1.6793838356561812,0.0865433328710135,0.967566578014644,0.3344383627790621
H1050,0.2756277616675454,0.2756277616675454,1.41802102334145,0.5397297427463593,0.8882618343460211,0.1102511046670181
H1051,0.22224624008835786,0.22224624008835786,1.4034373498469503,0.732882505564344,0.7436063816338974,0.0888984960353429
H1052,1.9863684636072987e-15,1.9863684636072987e-15,1.2141283926193145,0.597438379396823,0.9202221113773182,5.103302911388794e-16
H1053,0.5893587639656938,0.5893587639656938,1.8708686510162624,0.7929697034748566,0.808917655338354,0.2357435055862774
H1054,0.09863056843728893,0.09863056843728893,1.168194635449883,0.3772778248932056,0.9596772588725364,0.0394522273749155
H1055,0.39452227374915433,0.39452227374915433,1.074540708056826,4.674364515443258e-16,0.8500230428845899,0.1578089094996615
H1056,0.3391461895487366,0.3391461895487366,1.3103716964645025,0.2579038108864106,0.9561280727582968,0.1356584758194945
H1057,2.1782808583441726,2.1782808583441726,2.363725742161957,0.2318061047722309,0.0,0.8713123433376688
H1058,0.12868753483471804,0.12868753483471804,1.2751758016414907,0.7757075616295744,0.6574027718788914,0.0514750139338871
H1059,0.19265522157201667,0.19265522157201667,1.4797018062171818,0.8512829578926164,0.7575252729138402,0.0770620886288066
H1060,0.4954081566231762,0.4954081566231762,1.4647228652074218,0.3432475801385879,0.8683958055917196,0.1981632626492703
H1061,0.3853116270738074,0.3853116270738074,1.5199921637054146,0.6484302487208817,0.7699204220686273,0.1541246508295229
H1062,0.2489165566006285,0.2489165566006285,1.2889914794602977,0.3727850406024259,0.9273086129721604,0.0995666226402514
H1063,1.0651679929673876,1.0651679929673876,2.239389506351248,0.5185786036892387,0.9491982880405868,0.4260671971869549
H1064,0.2889828323580256,0.2889828323580256,1.4858853231471745,0.5427213227967267,0.9534067906897092,0.11559313294321
H1065,0.049783080084887264,0.049783080084887264,1.4696199385029944,0.8369127160129045,0.9378833570097296,0.0199132320339548
H1066,1.2874411218751838,1.2874411218751838,1.7338043877352478,2.337182257721629e-16,0.55795408232508,0.5149764487500734
H1067,0.31009214135227237,0.31009214135227237,1.319992216653035,0.4251159127163557,0.8372591814095981,0.1240368565409087
H1068,1.6310970957272485e-15,1.6310970957272485e-15,1.1803049661342648,0.5595639394689979,0.9158172681988316,5.103302911388794e-16
H1069,1.005724263043047,1.005724263043047,1.6716052601513738,0.8323512463854086,0.0,0.4022897052172187
H1070,1.8087327796672735e-15,1.8087327796672735e-15,1.466174037357403,0.895219825769717,0.937497720927035,5.103302911388794e-16
H1071,0.1926552215720165,0.1926552215720165,1.507115700332323,0.6834222061553996,0.9596533922949834,0.0770620886288066
H1072,0.24891540042443505,0.24891540042443505,1.4230101180311685,0.4964529445567454,0.971165452451672,0.0995661601697738
H1073,1.6310970957272485e-15,1.6310970957272485e-15,1.461533462945916,0.9048086668276168,0.9221081618547764,5.103302911388794e-16
H1074,1.3975978925735482,1.3975978925735482,1.7909515276345034,0.4916920438261944,2.301052742623314e-16,0.5590391570294191
H1075,0.9583845388545914,0.9583845388545914,1.6631704296018996,2.337182257721629e-16,0.8809823634341356,0.3833538155418363
H1076,0.6541605722515895,0.6541605722515895,1.6973154164199762,0.7828055235301306,0.5211380316803527,0.2616642289006358
H1077,0.28149786984342257,0.28149786984342257,1.3821674010046898,0.4121727892209088,0.963664124730676,0.1125991479373688
H1078,1.8087327796672735e-15,1.8087327796672735e-15,1.5233263431765718,0.9505845824632972,0.953573346507416,5.103302911388794e-16
H1079,0.6794718420983666,0.6794718420983666,1.855723354672163,0.5300018134642871,0.9403125772529592,0.2717887368393464
H1080,1.8087327796672735e-15,1.8087327796672735e-15,1.424083741955978,0.8562271166904466,0.923877560754524,5.103302911388794e-16
H1081,2.664535259100375e-16,2.664535259100375e-16,1.192511055235217,0.6810913818465903,0.8095474371974307,0.0
H1082,1.4534614117872234e-15,1.4534614117872234e-15,1.091494739956821,0.4763493833479533,0.888019041598071,5.103302911388794e-16
H1083,0.04978308008488795,0.04978308008488795,1.457578172861827,0.8421266641581096,0.917617201813064,0.019913232033955
H1084,0.2974524122791969,0.2974524122791969,1.5462112105312968,0.6264566308008771,0.9344918670142478,0.1189809649116787
H1085,0.2711401297555906,0.2711401297555906,1.440196111512437,0.544492799097279,0.91682717809878,0.108456051902236
H1086,1.8087327796672735e-15,1.8087327796672735e-15,1.0145738906931507,0.3415558694069863,0.9266614939594504,5.103302911388794e-16
H1087,1.6310970957272485e-15,1.6310970957272485e-15,1.031223023849214,0.4129341869293421,0.8760945928821735,5.103302911388794e-16
H1088,1.6310970957272485e-15,1.6310970957272485e-15,1.1883179325512891,0.6245142256743257,0.8608831900147841,5.103302911388794e-16
H1089,0.19726113687457827,0.19726113687457827,1.46079769022953,0.7860100252421522,0.7934106664515381,0.0789044547498311
H1090,1.7289315991627645,1.7289315991627645,2.050242666808148,0.4016388345567303,0.0,0.6915726396651056
H1091,0.4305551803870257,0.4305551803870257,1.566370488008506,0.5029768359990869,0.9167922985277644,0.17222207215481
H1092,1.8087327796672735e-15,1.8087327796672735e-15,1.350039967313398,0.7550974372685708,0.932452521873175,5.103302911388794e-16
H1093,0.1659440627526301,0.1659440627526301,1.5072531317489677,0.8302006104343903,0.8464357258110319,0.0663776251010519
H1094,1.0820020737736617e-15,1.0820020737736617e-15,1.440526848972464,0.9111503158980714,0.8895082453175076,2.551651455694397e-16
H1095,0.4038409677083915,0.4038409677083915,1.4654236927434434,0.6002504047647917,0.7267280015290233,0.1615363870833565
H1096,0.19449817965719668,0.19449817965719668,1.0455039593837991,0.3817964930461712,0.681960731612082,0.0777992718628785
H1097,0.30061200992299675,0.30061200992299675,1.3744685741355342,0.5264672532159603,0.8158534520497117,0.1202448039691986
H1098,0.12445770021221837,0.12445770021221837,1.4932118558600969,0.7395517508804309,0.9713909436794176,0.0497830800848871
H1099,1.8087327796672735e-15,1.8087327796672735e-15,1.4603898932239916,0.9036216516901012,0.9218657148398864,5.103302911388794e-16
H1100,0.0995664376515787,0.0995664376515787,1.389451270355519,0.7316962327534243,0.8806598081265014,0.0398265750606313
H1101,1.8087327796672735e-15,1.8087327796672735e-15,1.394846584193311,0.8826750402268531,0.8608831900147841,5.103302911388794e-16
H1102,0.27951957851471004,0.27951957851471004,1.657730055450929,0.7618507729988321,0.9609123231714424,0.1118078314058839
H1103,1.6310970957272485e-15,1.6310970957272485e-15,1.2013743132907844,0.6423028535494646,0.859415038064014,5.103302911388794e-16
H1104,1.8087327796672735e-15,1.8087327796672735e-15,1.3245400149338271,0.807407523971234,0.8482674946960483,5.103302911388794e-16
H1105,1.8087327796672735e-15,1.8087327796672735e-15,1.2283315145827034,0.7285753217696972,0.8068390714586805,5.103302911388794e-16
H1106,1.4534614117872234e-15,1.4534614117872234e-15,1.099380785056152,0.51254888716839,0.8616770941517983,5.103302911388794e-16
H1107,1.6310970957272485e-15,1.6310970957272485e-15,1.111145876576815,0.6375758616012238,0.7513564841197932,5.103302911388794e-16
H1108,0.9601028188101397,0.9601028188101397,1.7538994532362526,0.0570073965410561,0.9352383964915858,0.3840411275240556
H1109,0.6434395240558545,0.6434395240558545,1.3864863346906062,4.674364515443258e-16,0.9288085132934396,0.2573758096223416
H1110,0.28898283235802574,0.28898283235802574,1.340836072380078,0.3968898600231408,0.9179266900044252,0.11559313294321
H1111,1.4534614117872234e-15,1.4534614117872234e-15,1.0764608332276446,0.4587500931324013,0.8868259484021529,5.103302911388794e-16
H1112,1.6310970957272485e-15,1.6310970957272485e-15,1.2758455738572754,0.6239831489327387,0.9708238183888536,5.103302911388794e-16
H1113,0.194498179657196,0.194498179657196,1.2211636136315762,0.6484393789243782,0.6348924135435972,0.0777992718628783
H1114,1.377353773694105,1.377353773694105,2.127776306628548,0.0428109649271343,0.8952172012409195,0.5509415094776419
H1115,0.3894229846231396,0.3894229846231396,1.6078501368449398,0.60287710718571,0.9201568330915408,0.1557691938492556
H1116,1.6310970957272485e-15,1.6310970957272485e-15,1.4539732205350349,0.9450801591874044,0.8723863664813873,5.103302911388794e-16
H1117,0.795577270437767,0.795577270437767,1.495991361370813,0.046523723639933,0.8289938900263745,0.3182309081751066
H1118,0.39080058267239126,0.39080058267239126,1.7132670809936428,0.7366095497751007,0.916473573126464,0.1563202330689564
H1119,1.4534614117872234e-15,1.4534614117872234e-15,1.0150430100244807,0.3561094740322068,0.9126942884983924,5.103302911388794e-16
H1120,0.18924504778827653,0.18924504778827653,1.4253075050175532,0.6118903980923402,0.9331876734442563,0.0756980191153103
H1121,0.49783374910132766,0.49783374910132766,1.4835304338482145,0.518079759651261,0.7140410962823485,0.1991334996405308
H1122,0.25535251446922685,0.25535251446922685,1.460231120218633,0.576202848220389,0.9298954089663696,0.1021410057876905
H1123,1.4534614117872234e-15,1.4534614117872234e-15,1.3461444158795322,0.7912342485853189,0.8914462712640945,5.103302911388794e-16
H1124,1.2868829020521222,1.2868829020521222,1.981465261016363,2.337182257721629e-16,0.8682279487053013,0.5147531608208487
H1125,1.2596377577136867e-15,1.2596377577136867e-15,1.4250508528465569,0.8343949284066015,0.9469186376515936,2.551651455694397e-16
H1126,2.037173499343664,2.037173499343664,2.6719251724946758,4.674364515443258e-16,0.7934395914387637,0.8148693997374655
H1127,0.32171976202792785,0.32171976202792785,1.1860978469762766,0.2069275459033578,0.8735450602820781,0.128687904811171
H1128,1.8087327796672735e-15,1.8087327796672735e-15,1.1621974045232168,0.5562678798988469,0.8964788757551725,5.103302911388794e-16
H1129,1.2758257278471984e-15,1.2758257278471984e-15,1.5152557212775948,0.931269261186206,0.9628003904107856,5.103302911388794e-16
H1130,0.6835063393641403,0.6835063393641403,1.184061342637927,0.5567052609081511,0.0689884931840824,0.273402535745656
H1131,0.366721193576338,0.366721193576338,1.8404640727160675,0.8929730564748716,0.94920554244979,0.1466884774305351
H1132,0.3493984538150413,0.3493984538150413,1.2603170692566774,0.2657007374664559,0.8729475318355897,0.1397593815260163
H1133,0.5800952052469851,0.5800952052469851,1.5899815201687262,0.6529053215335147,0.6094525721186622,0.2320380820987939
H1134,0.24891540042443489,0.24891540042443489,1.1464431088392488,0.2535138299267983,0.8683958055917196,0.0995661601697738
H1135,0.48896796784415214,0.48896796784415214,1.1753298278730009,0.372455657951853,0.4854966670842081,0.1955871871376606
H1136,0.8807689561491046,0.8807689561491046,1.5868191433862635,4.674364515443258e-16,0.8825627340464488,0.3523075824596416
H1137,0.3876151766903403,0.3876151766903403,1.739850638445333,0.8763103564251847,0.8139839707685562,0.155046070676136
H1138,0.6548425471707283,0.6548425471707283,1.41779062406153,0.2987309179842886,0.6549541781292141,0.2619370188682912
H1139,0.7113668312489151,0.7113668312489151,1.7279260859194907,0.6318337185646365,0.638865349773583,0.284546732499566
H1140,1.8087327796672735e-15,1.8087327796672735e-15,1.354880611700153,0.7559890793893392,0.9376116852358504,5.103302911388794e-16
H1141,0.6388324525755368,0.6388324525755368,1.494228236476942,0.2286573564373303,0.8405873734394265,0.2555329810302146
H1142,1.6310970957272485e-15,1.6310970957272485e-15,1.059509909921204,0.3712349800196669,0.9531524073818364,5.103302911388794e-16
H1143,0.1608598810139651,0.1608598810139651,1.3806947464356272,0.6360804708601656,0.8887131109169123,0.0643439524055859
H1144,1.8087327796672735e-15,1.8087327796672735e-15,1.0658684490160415,0.3712349800196669,0.9611005812503834,5.103302911388794e-16
H1145,1.9863684636072987e-15,1.9863684636072987e-15,1.4882161854109643,0.9196557397254622,0.9406144920382415,5.103302911388794e-16
H1146,1.6310970957272485e-15,1.6310970957272485e-15,1.5194269363138364,0.9441286095340276,0.9551550608582662,5.103302911388794e-16
H1147,0.031114425053055766,0.031114425053055766,1.477428951196865,0.849736003784976,0.9581571538947858,0.0124457700212222
H1148,1.4534614117872234e-15,1.4534614117872234e-15,1.351578280174765,0.8170864837370665,0.8723863664813873,5.103302911388794e-16
H1149,0.261943709697385,0.261943709697385,1.6332107838131324,0.7673767578115588,0.9467070848331262,0.1047774838789537
H1150,1.4534614117872234e-15,1.4534614117872234e-15,1.467979327977034,0.956546563907673,0.8784275960636176,5.103302911388794e-16
H1151,1.6310970957272485e-15,1.6310970957272485e-15,1.341353955840992,0.7513200477720597,0.9253723970291784,5.103302911388794e-16
H1152,1.7199149376972609e-15,1.7199149376972609e-15,1.1458646574151057,0.5661402032498761,0.8661906185190044,5.103302911388794e-16
H1153,0.5954096069601404,0.5954096069601404,1.4733850809949938,0.3862697269757405,0.7111996155678264,0.238163842784056
H1154,1.4534614117872234e-15,1.4534614117872234e-15,1.184821510164115,0.857506015657291,0.623520872047851,5.103302911388794e-16
H1155,1.9863684636072987e-15,1.9863684636072987e-15,1.308972660038925,0.7030287855843432,0.9331870394643116,5.103302911388794e-16
H1156,0.37000942792410035,0.37000942792410035,1.6636347101802793,0.7474670136395372,0.8695645891806867,0.14800377116964
H1157,0.5706363186310116,0.5706363186310116,1.582255223024502,0.3908717064491833,0.8736519240426802,0.2282545274524044
H1158,0.5629957396868437,0.5629957396868437,1.6121904968864018,0.3762621216466421,0.9352313248528062,0.2251982958747372
H1159,0.29915692711973807,0.29915692711973807,1.504626883049583,0.764036903752243,0.7428005411600638,0.119662770847895
H1160,0.8375722124543634,0.8375722124543634,1.914780775087658,0.6308004026932267,0.7157103005983919,0.3350288849817452
H1161,0.08297180014147912,0.08297180014147912,1.0941739296661674,0.4077294450624434,0.8562732168434174,0.0331887200565915
H1162,1.4534614117872234e-15,1.4534614117872234e-15,1.0838213542671806,0.4699243099266645,0.8848523829073096,5.103302911388794e-16
H1163,0.47342672849898515,0.47342672849898515,1.3761386385357095,0.734572297580537,0.3938175899653689,0.1893706913995939
H1164,1.4534614117872234e-15,1.4534614117872234e-15,1.2697404777909895,0.6553652690418639,0.9318103281968714,5.103302911388794e-16
H1165,8.155485478636242e-16,8.155485478636242e-16,1.4922698368819234,0.8867916759020935,0.9785456202003096,2.551651455694397e-16
H1166,0.4658659641911841,0.4658659641911841,1.8223921122782176,0.8496160875930845,0.8460415975157077,0.1863463856764735
H1167,0.24891609412894478,0.24891609412894478,1.4064061773245586,0.4979762593707439,0.9488863446237736,0.0995664376515777
H1168,0.3493984538150413,0.3493984538150413,1.3311569421655849,0.3535461863954995,0.8736519240426802,0.1397593815260163
H1169,0.08297180014147912,0.08297180014147912,1.2450296239157763,0.6405702477542832,0.812002031963589,0.0331887200565915
H1170,0.949738614547378,0.949738614547378,2.037501874692403,0.5524338331702715,0.8072702420110102,0.3798954458189512
H1171,0.5550141418861501,0.5550141418861501,1.5581397674502828,0.3711079534976361,0.8827990784575303,0.2220056567544598
H1172,0.12445770021221811,0.12445770021221811,1.1522979499366404,0.4964529445567454,0.7883473675987828,0.0497830800848871
H1173,0.6434395240558545,0.6434395240558545,1.402484901497761,0.0308445334165449,0.9179621883858384,0.2573758096223416
H1174,0.027657266713827428,0.027657266713827428,1.2995021865079857,0.7200463011118448,0.8697598486308533,0.0110629066855309
H1175,0.9583845388545914,0.9583845388545914,1.6937935668981008,2.337182257721629e-16,0.919261285054387,0.3833538155418363
H1176,1.8087327796672735e-15,1.8087327796672735e-15,1.4509882062221358,0.8863368093428874,0.9273984484347804,5.103302911388794e-16
H1177,0.6951654735518457,0.6951654735518457,1.678341949238138,0.5353610849279954,0.69360950967987,0.2780661894207382
H1178,0.5779674406107109,0.5779674406107109,1.717579424548603,0.6368663526336787,0.7876486272886867,0.2311869762442841
H1179,0.5321065928693525,0.5321065928693525,1.5329643601864626,0.5238185379079215,0.7272536712384667,0.2128426371477408
H1180,0.9086544015730895,0.9086544015730895,2.029946707505506,0.5130807762459069,0.8885346061696136,0.3634617606292358
H1181,0.681401217112568,0.681401217112568,1.7496156993059293,0.702998926789117,0.6322691759525846,0.2725604868450271
H1182,0.248916556600628,0.248916556600628,1.4318652112698262,0.5561953235424741,0.9224904947940236,0.0995666226402512
H1183,0.16594360028295652,0.16594360028295652,1.4541573278071538,0.6974950581668027,0.912772101238444,0.0663774401131825
H1184,0.13150742458305267,0.13150742458305267,1.5397417040161023,0.7778076595181166,0.9824851897731954,0.052602969833221
H1185,0.33188916606755237,0.33188916606755237,1.612967536384172,0.6630405359087791,0.9383074269869957,0.1327556664270208
H1186,1.7199149376972609e-15,1.7199149376972609e-15,1.3909491594492718,0.8625290248539569,0.8761574244576311,5.103302911388794e-16
H1187,1.4534614117872234e-15,1.4534614117872234e-15,1.04115862795721,0.3432670767465537,0.9581812081999572,5.103302911388794e-16
H1188,0.12148026140196218,0.12148026140196218,1.451371679302812,0.7775118894687525,0.8848523829073096,0.0485921045607848
H1189,0.39452227374915433,0.39452227374915433,1.0602870366283614,0.0420880627246156,0.7901178908743937,0.1578089094996615
H1190,0.49380206554431044,0.49380206554431044,1.5422695266939073,0.6195420647088067,0.6910422617281895,0.1975208262177241
H1191,0.5466611763088236,0.5466611763088236,1.7954518358467688,0.6426185994581805,0.9183697249642516,0.2186644705235292
H1192,1.8087327796672735e-15,1.8087327796672735e-15,1.5315219067070764,0.9547581600120372,0.9596442233718064,5.103302911388794e-16
H1193,0.2489154004244347,0.2489154004244347,1.3657740889100094,0.8376130974318857,0.5584602631750828,0.0995661601697738
H1194,0.4705923416574693,0.4705923416574693,1.7573464645601922,0.734607025517435,0.8738356281109686,0.1882369366629876
H1195,1.3884887672980688,1.3884887672980688,1.9193346505858015,7.011546773164887e-16,0.663557354109666,0.5553955069192273
H1196,0.49783218825788855,0.49783218825788855,0.9736345242572704,0.5947529199992276,0.0,0.1991328753031553
H1197,1.6310970957272485e-15,1.6310970957272485e-15,1.2677601834510432,0.8146935293787989,0.7700066999350036,5.103302911388794e-16
H1198,1.4534614117872234e-15,1.4534614117872234e-15,1.1538711035772535,0.4736000059497442,0.9687388735218212,5.103302911388794e-16
H1199,0.4556368806939556,0.4556368806939556,1.2203007893773476,0.2594739362914799,0.6963559495627605,0.1822547522775821
H1200,1.8087327796672735e-15,1.8087327796672735e-15,1.252986240928458,0.9113592856451556,0.6548735155154153,5.103302911388794e-16
H1201,0.42035129395031984,0.42035129395031984,1.6565157667605008,0.6551738673035885,0.8900317237091379,0.1681405175801278
H1202,0.4397567657052028,0.4397567657052028,1.5441893572315917,0.6538127378789629,0.7267280015290233,0.175902706282081
H1203,0.9238405431542694,0.9238405431542694,1.8999682602570105,0.627140706410325,0.5930189399681018,0.3695362172617076
H1204,0.16558990241127652,0.16558990241127652,1.521112900495371,0.9375906576876188,0.7568130899174992,0.0662359609645105
H1205,0.3719609804105788,0.3719609804105788,1.4512256030519617,0.460818943955708,0.8882618343460211,0.1487843921642314
H1206,0.1444914161790136,0.1444914161790136,1.1004841056840955,0.4513844802474557,0.7436063816338974,0.0577965664716053
H1207,0.0622288501061101,0.0622288501061101,1.357676159030792,0.7665813514336499,0.8527277847222023,0.0248915400424439
H1208,0.7339308873828558,0.7339308873828558,1.709485833127399,0.3762621216466421,0.8431815605340374,0.2935723549531422
H1209,0.1435183934623421,0.1435183934623421,1.5490706342664569,0.8872760550407771,0.8696642459643664,0.0574073573849367
H1210,0.755194010564964,0.755194010564964,1.4276975799080884,4.674364515443258e-16,0.8406294616789057,0.3020776042259854
H1211,1.2758257278471984e-15,1.2758257278471984e-15,1.136644471520148,0.48699417426156,0.9338114151386232,5.103302911388794e-16
H1212,0.42275252211994474,0.42275252211994474,1.5203653413143874,0.475537148237881,0.8964788757551725,0.1691010088479777
H1213,0.2630148491661028,0.2630148491661028,1.399638869240828,0.5268140835665763,0.8939659415268306,0.105205939666441
H1214,1.2868829020521222,1.2868829020521222,2.0421670155277973,2.337182257721629e-16,0.9441051418445942,0.5147531608208487
H1215,1.2596377577136867e-15,1.2596377577136867e-15,1.1798480398556854,0.5317371310998015,0.9430729187198046,2.551651455694397e-16
H1216,0.41344164250131754,0.41344164250131754,1.7744253967367132,0.912630935972082,0.7885987568221627,0.1653766570005269
H1217,1.8087327796672735e-15,1.8087327796672735e-15,1.320867613561807,0.772656920888639,0.8784275960636176,5.103302911388794e-16
H1218,1.6310970957272485e-15,1.6310970957272485e-15,1.3762367312071633,0.8630939886727147,0.8572019253362378,5.103302911388794e-16
H1219,1.8087327796672735e-15,1.8087327796672735e-15,1.441426646017523,0.9355926890028976,0.8661906185190044,5.103302911388794e-16
H1220,0.23293230254336136,0.23293230254336136,1.033052610908158,0.1237473663887826,0.8764030190672134,0.0931729210173444
H1221,1.9863684636072987e-15,1.9863684636072987e-15,1.4079935486583648,0.90763701100044,0.8523549248225142,5.103302911388794e-16
H1222,0.7059804211976807,0.7059804211976807,1.375833096534249,4.674364515443258e-16,0.8373158441707097,0.2823921684790721
H1223,0.2144798413519525,0.2144798413519525,1.3522558979294237,0.5140494984945727,0.908170572227266,0.085791936540781
H1224,0.3713555717953417,0.3713555717953417,1.4514873679693006,0.4673656667599186,0.8827990784575303,0.1485422287181365
H1225,1.8087327796672735e-15,1.8087327796672735e-15,1.4402722758012048,0.8170611942489706,0.9832791505025334,5.103302911388794e-16
H1226,1.6310970957272485e-15,1.6310970957272485e-15,1.3573413887715833,0.8429007778057963,0.8537759581586811,5.103302911388794e-16
H1227,0.1493495177364652,0.1493495177364652,1.4532265119749082,0.7392906152731149,0.8905556275249392,0.0597398070945859
H1228,1.9863684636072987e-15,1.9863684636072987e-15,1.4180635216916744,0.8270089889852963,0.9455704131292948,5.103302911388794e-16
H1229,1.9863684636072987e-15,1.9863684636072987e-15,1.1614790469526524,0.5312137156284248,0.9206350930623888,5.103302911388794e-16
H1230,0.3667211935763375,0.3667211935763375,1.7918024360905436,0.8811137684103891,0.9002377847323688,0.1466884774305348
H1231,0.7527849388415314,0.7527849388415314,1.6877708368340434,0.3680047597616969,0.8007276127289435,0.3011139755366123
H1232,0.44741258434736036,0.44741258434736036,1.6263467726845249,0.5108415576004639,0.962826177820992,0.178965033738944
H1233,0.1444914161790134,0.1444914161790134,1.3681684741058289,0.6325231892544747,0.8970731331540448,0.0577965664716053
H1234,1.4534614117872234e-15,1.4534614117872234e-15,1.4014354104308595,0.9137093720115638,0.8380848910270088,5.103302911388794e-16
H1235,0.5779656647160496,0.5779656647160496,1.4709813778240215,0.2823824766533436,0.8338871647316217,0.2311862658864196
H1236,1.2596377577136867e-15,1.2596377577136867e-15,1.2141840891647278,0.6276983877467709,0.8900317237091379,2.551651455694397e-16
H1237,0.26605329643467684,0.26605329643467684,1.5931938322284809,0.8525403556136921,0.8063853141285634,0.1064213185738705
H1238,0.11707875094018763,0.11707875094018763,1.3815402228458658,0.8480132908760999,0.7325635490059984,0.0468315003760748
H1239,0.6987969076300808,0.6987969076300808,1.817962867855255,0.4442916054718555,0.9546658448096128,0.2795187630520321
H1240,0.07467475886823312,0.07467475886823312,1.2064501277725717,0.562375298414938,0.8523439127154854,0.029869903547293
H1241,0.12445793144705493,0.12445793144705493,1.4405414350538663,0.7582784311063613,0.8868259484021529,0.0497831725788219
H1242,1.7199149376972609e-15,1.7199149376972609e-15,1.377997790176306,0.8584176823202746,0.8640795554001058,5.103302911388794e-16
H1243,1.6310970957272485e-15,1.6310970957272485e-15,1.2641453014166109,0.6453080749373704,0.9348735518333912,5.103302911388794e-16
H1244,0.4978337491013278,0.4978337491013278,1.7289340654250736,0.5719482715820152,0.9669271238226672,0.199133499640531
H1245,0.9513424420031256,0.9513424420031256,1.803733043547998,0.8871622301402621,0.1783260217908288,0.38053697680125
H1246,9.931842318036493e-16,9.931842318036493e-16,1.315181439540457,0.8323144927901965,0.8116623066353738,2.551651455694397e-16
H1247,0.28898283235802563,0.28898283235802563,1.2986706461344515,0.3683765214183201,0.8937332458022125,0.11559313294321
H1248,1.6310970957272485e-15,1.6310970957272485e-15,1.483640112506354,0.94563911150353,0.9089110291294108,5.103302911388794e-16
H1249,0.2785474743492144,0.2785474743492144,1.2070144763482888,0.3419530266042739,0.8186307258945691,0.1114189897396857
H1250,1.9863684636072987e-15,1.9863684636072987e-15,1.2411027417645064,0.6234523746422256,0.927926052563406,5.103302911388794e-16
H1251,1.6310970957272485e-15,1.6310970957272485e-15,1.4531418283187612,0.926778445567511,0.8896488398309388,5.103302911388794e-16
H1252,1.8087327796672735e-15,1.8087327796672735e-15,1.4621236176781425,0.8806086189960297,0.9470459031016464,5.103302911388794e-16
H1253,0.35860039425829465,0.35860039425829465,1.5887774294056265,0.6592936978705468,0.8784275960636176,0.1434401577033178
H1254,0.8079652111709162,0.8079652111709162,1.5801113042811812,4.674364515443258e-16,0.9651826163878312,0.3231860844683664
H1255,0.09863056843729003,0.09863056843729003,1.490721081676841,0.7876566608317284,0.9524564807177106,0.0394522273749158
H1256,0.2144804836753541,0.2144804836753541,1.6349073809146948,0.813721779579305,0.961811841969871,0.0857921934701415
H1257,0.7007246738675182,0.7007246738675182,1.466641648298504,0.4130473991420886,0.5443488188966439,0.2802898695470072
H1258,0.17847089240140984,0.17847089240140984,1.5057900633869974,0.7239872187995666,0.9351617449324184,0.0713883569605637
H1259,0.48624544914298956,0.48624544914298956,1.5306238621726895,0.6951095794984415,0.6103634367886838,0.1944981796571956
H1260,0.44224401335064406,0.44224401335064406,1.6580213403957278,0.6499618101755024,0.8697598486308533,0.1768976053402574
H1261,0.10723992067597694,0.10723992067597694,1.5769579888953256,0.9097514252203134,0.9273961600538724,0.0428959682703907
H1262,0.7752303533806797,0.7752303533806797,2.040283829705346,0.9152023577677164,0.6661144876381174,0.3100921413522716
H1263,0.5730801893626204,0.5730801893626204,1.5415113395087046,0.6851098804191054,0.5254290572634996,0.2292320757450481
H1264,0.9562336802283082,0.9562336802283082,1.640731984205194,0.2318061047722309,0.6238167751988763,0.3824934720913232
H1265,0.9364465107374127,0.9364465107374127,2.058816106250955,0.4725618854754341,0.9304001089164936,0.374578604294965
H1266,0.09863056843728986,0.09863056843728986,1.3197880783063545,0.6540605208549434,0.8723863664813873,0.0394522273749158
H1267,0.465865964191183,0.465865964191183,1.617326207441084,0.5394596368337143,0.8998656672286617,0.1863463856764732
H1268,1.9863684636072987e-15,1.9863684636072987e-15,1.4423487881495136,0.9071411207445148,0.8957948644423751,5.103302911388794e-16
H1269,1.2596377577136867e-15,1.2596377577136867e-15,1.0919795585630507,0.4872758374212978,0.8776986107825148,2.551651455694397e-16
H1270,1.897550621637286e-15,1.897550621637286e-15,1.4076138416637924,0.8447580268071504,0.9147592752725884,5.103302911388794e-16
H1271,1.6310970957272485e-15,1.6310970957272485e-15,1.1820465125396176,0.5937220696905899,0.8838360709839301,5.103302911388794e-16
H1272,0.5779656647160493,0.5779656647160493,1.1424209733926656,0.7055691358457701,2.301052742623314e-16,0.2311862658864196
H1273,0.2630148491661027,0.2630148491661027,1.4509914170981588,0.5994726171380591,0.8854980927770111,0.105205939666441
H1274,1.4534614117872234e-15,1.4534614117872234e-15,1.4839169742669711,0.9151055667996632,0.9397906510340488,5.103302911388794e-16
H1275,1.6310970957272485e-15,1.6310970957272485e-15,1.2195939820860262,0.6729511892962514,0.8515412883112796,5.103302911388794e-16
H1276,0.11559313294320976,0.11559313294320976,1.3726030118721562,0.6597708173125245,0.9114915313486586,0.0462372531772838
H1277,0.2864973076136182,0.2864973076136182,1.4626876594922162,0.5409512240423922,0.9292867158058558,0.1145989230454471
H1278,1.4534614117872234e-15,1.4534614117872234e-15,1.4550189009693044,0.8613649483538284,0.9574086778578006,5.103302911388794e-16
H1279,1.8087327796672735e-15,1.8087327796672735e-15,1.486617769181393,0.974331658631166,0.8839405528455734,5.103302911388794e-16
H1280,0.24891540042443497,0.24891540042443497,1.188903481353049,0.3741331231017098,0.8008519780590583,0.0995661601697738
H1281,1.8087327796672735e-15,1.8087327796672735e-15,1.3566250150868953,0.7382926819327714,0.9574885869258458,5.103302911388794e-16
H1282,1.9863684636072987e-15,1.9863684636072987e-15,1.2378893338390091,0.7269459787028696,0.8204156885958903,5.103302911388794e-16
H1283,1.8087327796672735e-15,1.8087327796672735e-15,1.261187554324272,0.7218365671604733,0.8546478757448648,5.103302911388794e-16
H1284,0.41344176736982785,0.41344176736982785,1.477125895338773,0.4100855240227485,0.9195196359384332,0.1653767069479309
H1285,0.4067258360777254,0.4067258360777254,1.3689142411431725,0.3316460024386118,0.8710895038931974,0.16269033443109
H1286,0.23932581917759418,0.23932581917759418,1.4683496963302682,0.6016982965643574,0.9345815498764856,0.0957303276710375
H1287,1.6310970957272485e-15,1.6310970957272485e-15,1.3977337350021788,0.8521756822891355,0.8949914864635861,5.103302911388794e-16
H1288,0.3493984538150413,0.3493984538150413,1.1791718213936313,0.2083328409129817,0.8288838685602563,0.1397593815260163
H1289,1.4534614117872234e-15,1.4534614117872234e-15,1.3265894390159714,0.829352930209706,0.8288838685602563,5.103302911388794e-16
H1290,0.4305551803870256,0.4305551803870256,1.6193094707247937,0.5458346949277292,0.940108167994481,0.17222207215481
H1291,1.3247192192902018,1.3247192192902018,2.076730824598436,0.9400145066352932,2.301052742623314e-16,0.5298876877160805
H1292,0.38857302602326177,0.38857302602326177,1.749108268128825,0.7474703199654784,0.9531987326664756,0.1554292104093047
H1293,1.6966273355305548,1.6966273355305548,1.9272496357401745,4.674364515443258e-16,0.2882778752620246,0.6786509342122218
H1294,0.13150742458305203,0.13150742458305203,1.2613398322451796,0.4345636137974034,0.9777268957802562,0.0526029698332207
H1295,0.1659440627526299,0.1659440627526299,1.4334007416891068,0.7070466266668749,0.8772742220037213,0.0663776251010519
H1296,0.0711188840368418,0.0711188840368418,1.230486938888498,0.5312137156284248,0.9179963529361465,0.0284475536147364
H1297,1.9863684636072987e-15,1.9863684636072987e-15,1.3894580068966311,0.8558401451866517,0.8809823634341356,5.103302911388794e-16
H1298,1.5504607067613565,1.5504607067613565,2.212883226401756,0.8280281495504991,2.301052742623314e-16,0.6201842827045425
H1299,0.6568701194658799,0.6568701194658799,1.4007182326269514,2.337182257721629e-16,0.9298101414513392,0.2627480477863518
H1300,1.4534614117872234e-15,1.4534614117872234e-15,1.4679293639098194,0.8934983850575835,0.941413319829689,5.103302911388794e-16
H1301,0.19726113687457827,0.19726113687457827,1.179197055325378,0.4277912821413441,0.7996286159221561,0.0789044547498311
H1302,1.8087327796672735e-15,1.8087327796672735e-15,1.3334888704373262,0.7689654819668357,0.8978956060798202,5.103302911388794e-16
H1303,1.6310970957272485e-15,1.6310970957272485e-15,1.1238053757126625,0.4680894369665377,0.9366672826742886,5.103302911388794e-16
H1304,1.6310970957272485e-15,1.6310970957272485e-15,1.2956546741148334,0.6591981294270518,0.960370213216488,5.103302911388794e-16
H1305,0.8990741249359299,0.8990741249359299,2.075537805493244,0.8053595848054595,0.6652200158911836,0.3596296499743717
H1306,0.24428103775438195,0.24428103775438195,1.3339725627923424,0.4805659783083468,0.881548427989104,0.0977124151017526
H1307,1.4534614117872234e-15,1.4534614117872234e-15,1.431982909836513,0.827292783488575,0.9626858538070648,5.103302911388794e-16
H1308,0.5779656647160496,0.5779656647160496,1.626628830610256,0.3683765214183201,0.942452435949438,0.2311862658864196
H1309,1.6749184069735734,1.6749184069735734,1.99511910293288,0.4002508699491331,2.301052742623314e-16,0.6699673627894291
H1310,0.19726175350305886,0.19726175350305886,1.4951750506618984,0.734607025517435,0.8877845959311145,0.0789047014012234
H1311,1.612689556867465,1.612689556867465,2.280636786500237,0.8349340370409646,2.301052742623314e-16,0.6450758227469858
H1312,0.7256831496093066,0.7256831496093066,1.7511901816997515,0.5504237390710336,0.7314600510420237,0.2902732598437224
H1313,0.12445770021221846,0.12445770021221846,1.1812914175553964,0.3658633003052613,0.955178846373712,0.0497830800848871
H1314,1.9517326866005826,1.9517326866005826,2.5317076559092664,4.674364515443258e-16,0.7249687116358554,0.7806930746402327
H1315,0.8923572368375879,0.8923572368375879,1.6182842155396324,4.674364515443258e-16,0.9074087233775552,0.3569428947350351
H1316,1.6310970957272485e-15,1.6310970957272485e-15,0.8774321595768285,0.3561094740322068,0.7406807254388273,5.103302911388794e-16
H1317,1.8087327796672735e-15,1.8087327796672735e-15,1.2800741516508074,0.7444011311768546,0.8556915583866529,5.103302911388794e-16
H1318,1.4534614117872234e-15,1.4534614117872234e-15,1.1046170539638909,0.5548245727399608,0.8259467447149009,5.103302911388794e-16
H1319,1.6310970957272485e-15,1.6310970957272485e-15,1.4557003850639716,0.8890286267550913,0.9305968545748716,5.103302911388794e-16
H1320,0.07890445474983211,0.07890445474983211,1.4431145925430238,0.8016021103102003,0.90366056193129,0.0315617818999326
H1321,0.9168029839408411,0.9168029839408411,1.9516921319104084,0.3558152005461406,0.9377962344158192,0.3667211935763362
H1322,0.6133566470999893,0.6133566470999893,1.4150764147536536,0.0570073965410561,0.9451423130260248,0.2453426588399956
H1323,1.9863684636072987e-15,1.9863684636072987e-15,1.3218373484390795,0.7196460684516696,0.9326506170971782,5.103302911388794e-16
H1324,0.7752303533806796,0.7752303533806796,1.9167565348378552,0.8241761339640672,0.6027315928574029,0.3100921413522716
H1325,1.8087327796672735e-15,1.8087327796672735e-15,1.3303158595110616,0.7664159486336526,0.8964788757551725,5.103302911388794e-16
H1326,1.8087327796672735e-15,1.8087327796672735e-15,1.0613094559787708,0.3786273083881785,0.9480095115852832,5.103302911388794e-16
H1327,1.6310970957272485e-15,1.6310970957272485e-15,1.3766821364075836,0.9413395460985372,0.7795131244109403,5.103302911388794e-16
H1328,1.4534614117872234e-15,1.4534614117872234e-15,1.4018729710721545,0.8697784797937422,0.8825627340464488,5.103302911388794e-16
H1329,0.09863056843728994,0.09863056843728994,1.4915416316941918,0.7836187720509231,0.9575200570202046,0.0394522273749158
H1330,1.161386137261593,1.161386137261593,2.3251063687184086,0.8363435849132163,0.6183067044078036,0.464554454904637
H1331,0.07890445474983211,0.07890445474983211,1.2298247696043505,0.7995104689953273,0.6391399245728215,0.0315617818999326
H1332,0.0622288501061101,0.0622288501061101,1.2182230908620393,0.5765969953531921,0.8683958055917196,0.0248915400424439
H1333,0.6365986018279319,0.6365986018279319,1.5883575818811533,0.3061114899512303,0.8835872351152966,0.2546394407311727
H1334,1.3057988793389042,1.3057988793389042,1.8812281203865209,0.331769543789279,0.3875170075202425,0.5223195517355614
H1335,1.6310970957272485e-15,1.6310970957272485e-15,1.3499275054518571,0.7618364192994076,0.925572962515412,5.103302911388794e-16
H1336,0.709466883882209,0.709466883882209,1.4139947303834102,4.674364515443258e-16,0.8806598081265014,0.2837867535528834
H1337,0.3733749216151354,0.3733749216151354,1.4243746068862395,0.5090335660878557,0.8047160405010244,0.1493499686460541
H1338,1.8087327796672735e-15,1.8087327796672735e-15,1.200302558512648,0.5690068893158755,0.9313713088249324,5.103302911388794e-16
H1339,0.6434395240558543,0.6434395240558543,1.7886628482193854,0.5708709365174113,0.8606582186870025,0.2573758096223416
H1340,0.6112019892938942,0.6112019892938942,2.0162560626189947,0.8946404975045773,0.8616770941517983,0.2444807957175576
H1341,0.26301567133741055,0.26301567133741055,1.6142978340975236,0.7931711431757194,0.8959315602744223,0.1052062685349641
H1342,0.44157307309673477,0.44157307309673477,1.5271337332650607,0.5504852794426371,0.8064655457677702,0.1766292292386939
H1343,0.32171976202792824,0.32171976202792824,1.287301223128399,0.276322004099811,0.930654822275778,0.128687904811171
H1344,1.2596377577136867e-15,1.2596377577136867e-15,1.5196487949622088,0.9239411221107716,0.9756198715919884,2.551651455694397e-16
H1345,0.5779656647160494,0.5779656647160494,1.26378724250713,2.337182257721629e-16,0.857276972238851,0.2311862658864196
H1346,0.4978321882578888,0.4978321882578888,1.1951818933635945,4.674364515443258e-16,0.8716871313821324,0.1991328753031553
H1347,1.8087327796672735e-15,1.8087327796672735e-15,0.7342230031650578,0.5794356756170512,0.3383430783392694,5.103302911388794e-16
H1348,1.228354793544027,1.228354793544027,1.6474076764043757,4.674364515443258e-16,0.5238161035754354,0.4913419174176107
H1349,0.6623596096451017,0.6623596096451017,1.597896293077294,0.6303608788951315,0.5390599753951095,0.2649438438580404
H1350,0.35351308133751125,0.35351308133751125,1.6536971559716365,0.8358995237916661,0.7893305695009907,0.1414052325350044
H1351,1.072173781187715,1.072173781187715,2.0698291342466426,0.3472508698826334,0.8998183214410267,0.4288695124750857
H1352,0.08297180014147894,0.08297180014147894,1.3610537363076134,0.7011235444524958,0.8964788757551725,0.0331887200565915
H1353,1.4534614117872234e-15,1.4534614117872234e-15,1.5193959601308706,0.9212520150568568,0.97799293510673,5.103302911388794e-16
H1354,0.7467496698018817,0.7467496698018817,1.4480274464438183,0.8765972208024206,2.301052742623314e-16,0.2986998679207526
H1355,0.6112019892938944,0.6112019892938944,1.6955498701771528,0.5098963605175022,0.8455384905865707,0.2444807957175576
H1356,1.2758257278471984e-15,1.2758257278471984e-15,1.300375178835207,0.7788825562986434,0.8465864172453633,5.103302911388794e-16
H1357,0.5917862882270738,0.5917862882270738,1.818515995319276,0.6607768315527008,0.8726353023125527,0.2367145152908293
H1358,1.8087327796672735e-15,1.8087327796672735e-15,1.5055855042569872,0.9418685645010016,0.9401133158202304,5.103302911388794e-16
H1359,1.6310970957272485e-15,1.6310970957272485e-15,1.2592814657402025,0.6945460438797131,0.8795557882955383,5.103302911388794e-16
H1360,1.8087327796672735e-15,1.8087327796672735e-15,1.4048689873631863,0.8216236310138645,0.9344626031901164,5.103302911388794e-16
H1361,0.6623596096451015,0.6623596096451015,1.6585607099331487,0.8595669880253088,0.3856843873347508,0.2649438438580404
H1362,0.7628389863852819,0.7628389863852819,1.556699266921597,0.3425957364146617,0.6497296142557334,0.3051355945541125
H1363,0.7752303533806794,0.7752303533806794,1.9744168772870112,0.8789399348176018,0.6200432200653132,0.3100921413522716
H1364,0.12974530180458405,0.12974530180458405,1.4631793692712023,0.9350518664084476,0.7317407179248251,0.0518981207218335
H1365,0.3876151766903403,0.3876151766903403,1.6316487173133023,0.8387447029442598,0.7162972228344429,0.155046070676136
H1366,0.23692867161995676,0.23692867161995676,1.3586592937207294,0.7075746110569382,0.6945886665690282,0.0947714686479825
H1367,0.9477146864798225,0.9477146864798225,1.5889963747279825,0.8016021103102003,0.0,0.3790858745919288
H1368,1.8087327796672735e-15,1.8087327796672735e-15,1.506746186852778,0.9220769995509353,0.9613557340150356,5.103302911388794e-16
H1369,1.6310970957272485e-15,1.6310970957272485e-15,1.477132283656415,0.9181688062948804,0.9282465482756366,5.103302911388794e-16
H1370,1.7199149376972609e-15,1.7199149376972609e-15,1.3122171119581334,0.7973590066321377,0.8429123833155273,5.103302911388794e-16
H1371,1.8087327796672735e-15,1.8087327796672735e-15,1.038335588142335,0.4451917004557147,0.8527277847222023,5.103302911388794e-16
H1372,1.8087327796672735e-15,1.8087327796672735e-15,1.4220153864923524,0.9170312779936431,0.8604879551217954,5.103302911388794e-16
H1373,0.24891609412894497,0.24891609412894497,1.3218280578654824,0.3862697269757405,0.9548702276949316,0.0995664376515777
H1374,1.9863684636072987e-15,1.9863684636072987e-15,1.2350335516982105,0.7703555260586707,0.7734364135640901,5.103302911388794e-16
H1375,1.8087327796672735e-15,1.8087327796672735e-15,0.7558748446787812,4.674364515443258e-16,0.9448435558484743,5.103302911388794e-16
H1376,0.08297180014147827,0.08297180014147827,1.328223620159937,0.6473391508353463,0.9092256241877266,0.0331887200565912
H1377,0.9583845388545912,0.9583845388545912,1.7009800845163916,2.337182257721629e-16,0.9282444320772508,0.3833538155418362
H1378,0.6623596096451017,0.6623596096451017,1.8501849447226029,0.8632645890760002,0.6215170797708767,0.2649438438580404
H1379,1.2596377577136867e-15,1.2596377577136867e-15,1.1600413169126251,0.5794356756170512,0.8706159705237293,2.551651455694397e-16
H1380,0.12445770021221686,0.12445770021221686,1.521452354859874,0.8685447075270566,0.8776986107825148,0.0497830800848866
H1381,0.041485900070740434,0.041485900070740434,1.4501578947480929,0.860534573500072,0.9003054198466186,0.0165943600282961
H1382,0.12445770021221828,0.12445770021221828,1.3629853335505655,0.6757731751915476,0.8723863664813873,0.0497830800848871
H1383,1.8087327796672735e-15,1.8087327796672735e-15,1.1635380219466378,0.5175411131864166,0.9368814142468788,5.103302911388794e-16
H1384,0.7890470140122308,0.7890470140122308,1.5011140957060938,4.674364515443258e-16,0.8900838521173284,0.3156188056048922
H1385,0.6145664594103636,0.6145664594103636,1.4499923978436335,0.2281244963135778,0.8161579267280098,0.2458265837641453
H1386,0.19726113687457827,0.19726113687457827,1.1040849761816756,0.3658784816227239,0.767651317511148,0.0789044547498311
H1387,1.4242856569417788,1.4242856569417788,1.8524586378381604,0.5352162261204774,2.301052742623314e-16,0.5697142627767113
H1388,1.0757998416032604,1.0757998416032604,1.5884461474029343,0.6408078822495928,2.301052742623314e-16,0.4303199366413041
H1389,0.32416264615506846,0.32416264615506846,1.4019658488481812,0.4117199929397381,0.9355340104266529,0.1296650584620274
H1390,0.5889447225201149,0.5889447225201149,1.86921183411632,0.8685931715704314,0.7317407179248251,0.2355778890080457
H1391,1.4534614117872234e-15,1.4534614117872234e-15,1.4890205985470062,0.9140357648921538,0.9472399832916024,5.103302911388794e-16
H1392,0.24891540042443525,0.24891540042443525,1.1660002298222212,0.4871349000271331,0.6592211367201002,0.0995661601697738
H1393,1.913738591770798e-15,1.913738591770798e-15,1.3540552949674205,0.8163699706679001,0.8761991480413727,7.654954367083192e-16
H1394,0.604617203214124,0.604617203214124,1.965455231766286,0.7313106906546634,0.9697368450355396,0.2418468812856495
H1395,0.26036428859129734,0.26036428859129734,1.4924957725425958,0.8094268702143226,0.7307374847248008,0.1041457154365187
H1396,0.7955772704377667,0.7955772704377667,1.520633923252726,0.0,0.9063208160186998,0.3182309081751064
H1397,0.7961152188998275,0.7961152188998275,1.39414450545806,4.674364515443258e-16,0.747536608197791,0.3184460875599308
H1398,0.18383959974706438,0.18383959974706438,1.276578453495512,0.48312448872803,0.8827990784575303,0.0735358398988255
H1399,0.23107386223462928,0.23107386223462928,1.0958237662632515,0.262125665736711,0.8188117142990673,0.0924295448938516
H1400,2.5354634855608854e-15,2.5354634855608854e-15,1.425048191698585,0.8962917218507792,0.8850185177724494,7.654954367083192e-16
H1401,0.35859928432464594,0.35859928432464594,1.3583380624641892,0.3411324036111686,0.9085410690632604,0.1434397137298583
H1402,0.12445770021221828,0.12445770021221828,1.3859129788570133,0.7680332935519972,0.8087858047539968,0.0497830800848871
H1403,0.24891540042443505,0.24891540042443505,1.4538684180958243,0.931284868313626,0.5749064037756113,0.0995661601697738
H1404,1.8488340363490785,1.8488340363490785,2.4367424180358603,0.7348854771084772,2.301052742623314e-16,0.7395336145396313
H1405,0.452980849677313,0.452980849677313,1.2674718518712886,0.2939594286970638,0.7241543240454057,0.1811923398709252
H1406,1.6310970957272485e-15,1.6310970957272485e-15,1.1450204153669674,0.8019729522294701,0.6293025669792375,5.103302911388794e-16
H1407,0.2974516414934302,0.2974516414934302,1.2139824300405335,0.6712922075266669,0.4743712781572122,0.118980656597372
H1408,0.5779656647160497,0.5779656647160497,1.785599981879732,0.609442454442813,0.9001004420117908,0.2311862658864196
H1409,0.42895004368244544,0.42895004368244544,1.7054192463517457,0.6386233991290756,0.9569631042075504,0.171580017472978
H1410,1.6310970957272485e-15,1.6310970957272485e-15,1.3978320813076126,0.8634540306505838,0.8838360709839301,5.103302911388794e-16
H1411,0.12445770021221846,0.12445770021221846,1.1630578531658455,0.5539922120298002,0.7442579791622346,0.0497830800848871
H1412,1.8087327796672735e-15,1.8087327796672735e-15,1.390899008308483,0.8777405703708178,0.8608831900147841,5.103302911388794e-16
H1413,0.1444914161790136,0.1444914161790136,1.3513243581712342,0.6278813693637749,0.8806598081265014,0.0577965664716053
H1414,1.6310970957272485e-15,1.6310970957272485e-15,1.13479076906044,0.5423938684433747,0.8760945928821735,5.103302911388794e-16
H1415,1.8087327796672735e-15,1.8087327796672735e-15,1.3134238602456871,0.8265345782685134,0.8152452470385937,5.103302911388794e-16
H1416,0.248915862894108,0.248915862894108,1.3185850416863265,0.562375298414938,0.7747111750753349,0.0995663451576432
H1417,1.2596377577136867e-15,1.2596377577136867e-15,1.132548502573244,0.4622633793207593,0.953422248895795,2.551651455694397e-16
H1418,1.4534614117872234e-15,1.4534614117872234e-15,1.2291254861105918,0.5992064202395895,0.9372004373986484,5.103302911388794e-16
H1419,1.0893409720711145,1.0893409720711145,1.966314321218933,0.4744467930131185,0.6217698934216553,0.4357363888284455
H1420,0.8596203534153681,0.8596203534153681,1.6095912995875934,4.674364515443258e-16,0.937463682715282,0.343848141366147
H1421,1.8087327796672735e-15,1.8087327796672735e-15,1.372308222623088,0.7845363498868123,0.930848928392046,5.103302911388794e-16
H1422,0.1315074245830525,0.1315074245830525,1.5460647089717374,0.8020384248862569,0.9661581805995992,0.052602969833221
H1423,0.9168029839408411,0.9168029839408411,2.2634326678995924,0.7578038862338513,0.9254832187145886,0.3667211935763362
H1424,0.09191966773908487,0.09191966773908487,1.2890972554960662,0.7589071645580815,0.7375648201381458,0.0367678670956337
H1425,1.3247192192902018,1.3247192192902018,2.028047395415216,0.8791602201562674,2.301052742623314e-16,0.5298876877160805
H1426,0.8359853934856407,0.8359853934856407,1.47972795418369,4.674364515443258e-16,0.8046782008725614,0.3343941573942561
H1427,0.12445770021221811,0.12445770021221811,1.3048892617753227,0.5491254907463698,0.9264139612075112,0.0497830800848871
H1428,0.6921163493419068,0.6921163493419068,1.6085235241297682,0.6340707809767867,0.5114381875080404,0.2768465397367626
H1429,0.08297180014147894,0.08297180014147894,1.5483687780003257,0.9533186262599406,0.8784275960636176,0.0331887200565915
H1430,0.7158733397025306,0.7158733397025306,1.70045278656221,0.4219385038206032,0.8087858047539968,0.286349335881012
H1431,1.593770459423674,1.593770459423674,2.0895514131349344,4.674364515443258e-16,0.6197261921390761,0.6375081837694693
H1432,0.06575371229152668,0.06575371229152668,1.3276239676966912,0.7089420136647362,0.8683958055917196,0.0263014849166106
H1433,0.9724908982859773,0.9724908982859773,1.718128363180296,0.9320468311178982,2.301052742623314e-16,0.3889963593143908
H1434,0.24891609412894536,0.24891609412894536,1.296121023540972,0.4407025318756989,0.8683036298893347,0.099566437651578
H1435,1.6310970957272485e-15,1.6310970957272485e-15,1.3852849665489535,0.8050304917068185,0.926575716479372,5.103302911388794e-16
H1436,0.6043635839908837,0.6043635839908837,1.2093246234887274,0.2385056330844968,0.5176956662878078,0.2417454335963534
H1437,0.4584014919704213,0.4584014919704213,1.703725175202995,0.6251960594149747,0.9314585446257426,0.1833605967881683
H1438,0.39764230026846725,0.39764230026846725,1.319293616823339,0.5373233546502605,0.6147407910433287,0.1590569201073869
H1439,0.9548979027418978,0.9548979027418978,1.6300648946427647,0.0423913066548877,0.8015674332211963,0.381959161096759
H1440,0.3753304931245626,0.3753304931245626,1.638267112628463,0.6843387593718846,0.8943320150079908,0.150132197249825
H1441,1.8087327796672735e-15,1.8087327796672735e-15,1.3092426649857636,0.8754613139789669,0.7610920172532359,5.103302911388794e-16
H1442,1.4534614117872234e-15,1.4534614117872234e-15,1.2150285134200278,0.6305238074290118,0.8882618343460211,5.103302911388794e-16
H1443,0.4978321882578884,0.4978321882578884,1.2264857242770235,2.337182257721629e-16,0.9108169200239185,0.1991328753031553
H1444,0.09567892897489542,0.09567892897489542,1.510826259965546,0.8939248574559611,0.8750093062823524,0.0382715715899581
H1445,0.1608598810139651,0.1608598810139651,1.5079907426449708,0.8089042707564049,0.8750093062823524,0.0643439524055859
H1446,0.5206303420765303,0.5206303420765303,1.6957410193280802,0.5054559669947066,0.9634323795697308,0.208252136830612
H1447,0.17929978090451137,0.17929978090451137,1.4431829625628734,0.6352059344231805,0.9446480426497722,0.0717199123618044
H1448,8.155485478636242e-16,8.155485478636242e-16,1.3165782205541487,0.7420219288395558,0.9037008468531296,2.551651455694397e-16
H1449,1.4534614117872234e-15,1.4534614117872234e-15,1.4331654952756074,0.9031950347484862,0.8882618343460211,5.103302911388794e-16
H1450,0.3700094279240995,0.3700094279240995,1.385081581761199,0.6139666767809588,0.6548735155154153,0.1480037711696398
H1451,0.08297180014147926,0.08297180014147926,1.1719043235614288,0.8145110258225442,0.5466546284523924,0.0331887200565917
H1452,0.915206416493696,0.915206416493696,1.947692680244653,0.6708887830534441,0.6197190466352523,0.3660825665974783
H1453,1.8087327796672735e-15,1.8087327796672735e-15,1.4024333480900946,0.8375199584582543,0.9155217266543622,5.103302911388794e-16
H1454,0.39452227374915394,0.39452227374915394,1.1443337847175796,0.9372643887105322,0.0,0.1578089094996615
H1455,1.8087327796672735e-15,1.8087327796672735e-15,1.2359412351569756,0.7354636910905578,0.8094628528556602,5.103302911388794e-16
H1456,1.5504607067613565,1.5504607067613565,2.1407937112679103,0.7379162556331926,0.0,0.6201842827045425
H1457,1.8087327796672735e-15,1.8087327796672735e-15,1.417489311396312,0.8880255682614582,0.8838360709839301,5.103302911388794e-16
H1458,1.8087327796672735e-15,1.8087327796672735e-15,1.4850639068413551,0.9243281312191232,0.9320017523325692,5.103302911388794e-16
H1459,0.0995664376515787,0.0995664376515787,1.1790110141774508,0.4587500931324013,0.8905556275249392,0.0398265750606313
H1460,1.4534614117872234e-15,1.4534614117872234e-15,1.133100229136767,0.543739984108404,0.8726353023125527,5.103302911388794e-16
H1461,0.8662186894021596,0.8662186894021596,1.7257598837289887,0.3133601256614797,0.761066367247057,0.3464874757608637
H1462,0.7890470140122311,0.7890470140122311,1.535219055035207,2.337182257721629e-16,0.93271505127872,0.3156188056048922
H1463,1.2758257278471984e-15,1.2758257278471984e-15,1.353989385703238,0.8637863367241261,0.8287003954049197,5.103302911388794e-16
H1464,0.7235326739225134,0.7235326739225134,1.5837945845954664,0.2594739362914799,0.8158534520497117,0.2894130695690051
H1465,1.9863684636072987e-15,1.9863684636072987e-15,1.4381858953429774,0.868723844868454,0.9290085243102658,5.103302911388794e-16
H1466,1.6310970957272485e-15,1.6310970957272485e-15,1.4540595906637033,0.8900887698698118,0.9274857184598154,5.103302911388794e-16
H1467,1.4534614117872234e-15,1.4534614117872234e-15,1.437990244474285,0.9251014391114672,0.8723863664813873,5.103302911388794e-16
H1468,1.6310970957272485e-15,1.6310970957272485e-15,1.3415064612152956,0.8479992079588615,0.8288838685602563,5.103302911388794e-16
H1469,0.5120728769025573,0.5120728769025573,1.3573843387123934,0.2222455855693609,0.8343937416929348,0.2048291507610227
H1470,1.9863684636072987e-15,1.9863684636072987e-15,1.2325768227745812,0.6305238074290118,0.9101972210392127,5.103302911388794e-16
H1471,0.45700711784062653,0.45700711784062653,1.6782547849581722,0.5696815843867298,0.9568779995102026,0.1828028471362504
H1472,0.6536447103234381,0.6536447103234381,1.6762276711627089,0.628789600451144,0.649439100597945,0.261457884129375
H1473,0.43055518038702556,0.43055518038702556,1.4081879529576844,0.3049960304187651,0.9170449352945588,0.17222207215481
H1474,0.7890470140122311,0.7890470140122311,1.5126349034434896,4.674364515443258e-16,0.9044848617890732,0.3156188056048922
H1475,0.4862457451276285,0.4862457451276285,1.1939457190875142,0.4908073774844883,0.3938175899653689,0.1944982980510513
H1476,0.8353529342988916,0.8353529342988916,1.4402003663509468,0.3742066971949963,0.3818525928700731,0.3341411737195565
H1477,0.12445770021221811,0.12445770021221811,1.1063341862758285,0.3741331231017098,0.8532124844778035,0.0497830800848871
H1478,9.931842318036493e-16,9.931842318036493e-16,1.472936868001702,0.9337240716556108,0.907447013346516,2.551651455694397e-16
H1479,0.6541605722515895,0.6541605722515895,1.6112474930593392,0.6833368261401148,0.5130218248695723,0.2616642289006358
H1480,0.8768381175331423,0.8768381175331423,1.983078542509738,0.6131410880542035,0.7696594431665413,0.3507352470132568
H1481,1.6310970957272485e-15,1.6310970957272485e-15,1.3154368208401124,0.7665083769238571,0.8777876491262815,5.103302911388794e-16
H1482,0.9168029839408411,0.9168029839408411,2.2746891359768964,0.7226657784863781,0.974691911558691,0.3667211935763363
H1483,1.4718171258269892,1.4718171258269892,2.2236152682223977,4.674364515443258e-16,0.9397476779942604,0.5887268503307955
H1484,0.24891655660062725,0.24891655660062725,1.424174791928309,0.8558401451866517,0.6132326489729502,0.0995666226402509
H1485,1.9863684636072987e-15,1.9863684636072987e-15,1.432917661466243,0.887280237966996,0.9038668388658062,5.103302911388794e-16
H1486,0.23293230254335978,0.23293230254335978,1.5848048604281295,0.7709659390535356,0.9188747583024268,0.0931729210173438
H1487,0.3070338598355104,0.3070338598355104,1.6040610080263216,0.7384848567809835,0.8827990784575303,0.1228135439342041
H1488,1.4534614117872234e-15,1.4534614117872234e-15,1.4995462989547068,0.9495933325420336,0.924839541151348,5.103302911388794e-16
H1489,0.21447984135195214,0.21447984135195214,1.5086535544971045,0.8374560864352104,0.78026105499623,0.0857919365407808
H1490,0.41344164250131776,0.41344164250131776,1.671947688755757,0.7032168296843349,0.8699157281337144,0.1653766570005269
H1491,0.19913259782135237,0.19913259782135237,1.2207982151818917,0.3631637225280275,0.9139182991726468,0.0796530391285407
H1492,1.8087327796672735e-15,1.8087327796672735e-15,1.4090152982950197,0.8249417342201587,0.9363273886486142,5.103302911388794e-16
H1493,0.5787850936939755,0.5787850936939755,1.5803642983854176,0.3309532254999179,0.9210207803643846,0.2315140374775901
H1494,0.9400148155238797,0.9400148155238797,1.9085807882579613,0.3049960304187651,0.9057114354988376,0.3760059262095517
H1495,0.1926552215720165,0.1926552215720165,1.467917275394644,0.6496691052114364,0.9444084620668476,0.0770620886288066
H1496,0.8535332973430676,0.8535332973430676,1.6349853580075593,0.1159318858158312,0.8608831900147841,0.3414133189372268
H1497,8.155485478636242e-16,8.155485478636242e-16,1.4142295801583116,0.7947678472007719,0.9730191279971168,2.551651455694397e-16
H1498,0.40713518625059664,0.40713518625059664,1.2838734445034703,0.38139596434228,0.714526858473812,0.1628540745002386
H1499,1.2758257278471984e-15,1.2758257278471984e-15,1.4274018080910014,0.8323144927901965,0.9519377673235536,5.103302911388794e-16
H1500,1.8087327796672735e-15,1.8087327796672735e-15,1.4366951221508997,0.9024986503051164,0.8933702523835063,5.103302911388794e-16
H1501,1.9863684636072987e-15,1.9863684636072987e-15,1.4473805259084127,0.8491704368136155,0.9600552205718988,5.103302911388794e-16
H1502,1.6310970957272485e-15,1.6310970957272485e-15,1.3562834567778277,0.7835121454522638,0.9118421755200188,5.103302911388794e-16
H1503,0.17222207215481145,0.17222207215481145,1.6177730311877148,0.9343033964785766,0.8726353023125527,0.0688888288619244
H1504,0.6987989462867751,0.6987989462867751,2.172696229582267,0.9426579864415504,0.8997136176778151,0.2795195785147099
H1505,0.14449141617901376,0.14449141617901376,1.1311400776538951,0.2837277169724821,0.9495831098711204,0.0577965664716053
H1506,1.6310970957272485e-15,1.6310970957272485e-15,1.3897631012209015,0.8661143726329279,0.8710895038931974,5.103302911388794e-16
H1507,1.9863684636072987e-15,1.9863684636072987e-15,1.3100997342970466,0.715499019946641,0.9221256479246656,5.103302911388794e-16
H1508,1.6310970957272485e-15,1.6310970957272485e-15,1.2024779632089058,0.531458785715813,0.9716386682953176,5.103302911388794e-16
H1509,0.19726113687457847,0.19726113687457847,0.9762611488037652,0.0420880627246156,0.9316619521868684,0.0789044547498311
H1510,1.6310970957272485e-15,1.6310970957272485e-15,0.9246174888068546,0.243458765134746,0.9123130958738204,5.103302911388794e-16
H1511,0.4461772310035218,0.4461772310035218,1.2523277838354472,0.0409477228484149,0.9667404681914918,0.1784708924014086
H1512,0.2958931441135378,0.2958931441135378,1.712910917714787,0.8252081255888727,0.9460640914126895,0.1183572576454149
H1513,1.4534614117872234e-15,1.4534614117872234e-15,1.0920999092093555,0.6837873665887811,0.6813375199229116,5.103302911388794e-16
H1514,0.6476912499055076,0.6476912499055076,1.5533771743571978,0.2584554815219328,0.8736519240426802,0.2590764999622029
H1515,0.13892684835217206,0.13892684835217206,1.3568999931978236,0.7131243356106975,0.8093420954463675,0.0555707393408685
H1516,1.1180098815729917,1.1180098815729917,2.038923147590324,0.2977806909428759,0.8533608915787896,0.4472039526291965
H1517,1.6310970957272485e-15,1.6310970957272485e-15,1.3816668457809231,0.7665813514336499,0.960502205792502,5.103302911388794e-16
H1518,0.1659440627526299,0.1659440627526299,1.5398426289253893,0.8863368093428874,0.8310363983730619,0.0663776251010519
H1519,0.6987989462867749,0.6987989462867749,2.066622577305842,0.8925113542022578,0.8172681845715768,0.2795195785147097
H1520,0.19265522157201742,0.19265522157201742,1.3742617283267264,0.5985805373797689,0.8784275960636176,0.0770620886288069
H1521,0.28898283235802574,0.28898283235802574,1.399257275798227,0.46452783556124,0.9233152187390118,0.11559313294321
H1522,0.4556715506478285,0.4556715506478285,1.3914119191840773,0.6483477028791166,0.5213277577911942,0.1822686202591313
H1523,0.2889828323580256,0.2889828323580256,1.325920232932462,0.5386010480676844,0.7575707026503615,0.11559313294321
H1524,1.6310970957272485e-15,1.6310970957272485e-15,1.0464523022787675,0.4330560715661052,0.8750093062823524,5.103302911388794e-16
H1525,1.0161128704552784,1.0161128704552784,2.0197039152287783,0.5598891869883936,0.6945996189784814,0.4064451481821113
H1526,1.8087327796672735e-15,1.8087327796672735e-15,1.2589870627543711,0.6405702477542832,0.9331635806886792,5.103302911388794e-16
H1527,0.37337379434116136,0.37337379434116136,1.158110533250837,0.1873849548604927,0.793535968776602,0.1493495177364644
H1528,1.4534614117872234e-15,1.4534614117872234e-15,1.3141493671604354,0.7539613528277855,0.888725356122757,5.103302911388794e-16
H1529,1.6310970957272485e-15,1.6310970957272485e-15,1.45610077743184,0.8669731533325622,0.953152818457236,5.103302911388794e-16
H1530,0.24891540042443489,0.24891540042443489,0.9478944039407996,2.337182257721629e-16,0.873723754395456,0.0995661601697738
H1531,0.049783080084888694,0.049783080084888694,1.1710918292343022,0.5292495699553798,0.8723863664813873,0.0199132320339553
H1532,0.07890445474983245,0.07890445474983245,1.297242850078912,0.6540605208549434,0.8688624733064063,0.0315617818999328
H1533,1.4534614117872234e-15,1.4534614117872234e-15,1.1299426266609778,0.5431914106755668,0.8692368726506536,5.103302911388794e-16
H1534,1.1889822261407312,1.1889822261407312,2.1377182451460413,0.4609171894983465,0.7250028342582907,0.4755928904562925
H1535,0.3851278760509059,0.3851278760509059,1.3397542386143624,0.5502572904793256,0.6430256627249954,0.1540511504203622
H1536,1.8087327796672735e-15,1.8087327796672735e-15,0.899040758286794,0.536692958068666,0.5871079897898248,5.103302911388794e-16
H1537,1.415538762419242,1.415538762419242,1.957894726053817,0.6779449545432196,2.301052742623314e-16,0.5662155049676966
H1538,0.1315074245830525,0.1315074245830525,1.3253253986577025,0.5986909225469803,0.893581545046332,0.052602969833221
H1539,0.09956643765157837,0.09956643765157837,1.2489931988808884,0.4736000059497442,0.9631834455868942,0.0398265750606311
H1540,0.6434395240558545,0.6434395240558545,1.3220535198126933,4.674364515443258e-16,0.8482674946960483,0.2573758096223416
H1541,0.3876151766903403,0.3876151766903403,1.799299307163053,0.9126966722236282,0.8519084908672626,0.155046070676136
H1542,1.6310970957272485e-15,1.6310970957272485e-15,1.3569735490109451,0.8177893402000619,0.8784275960636176,5.103302911388794e-16
H1543,1.0241457538051126,1.0241457538051126,1.635152809997274,0.1429642264420001,0.6207945937982018,0.4096583015220449
H1544,0.5898097992817655,0.5898097992817655,1.312204660724379,0.4715490484174977,0.4314445283857699,0.2359239197127059
H1545,1.2596377577136867e-15,1.2596377577136867e-15,1.368849351887217,0.8037231306127129,0.9073385592463072,2.551651455694397e-16
H1546,0.11559313294321119,0.11559313294321119,1.511079418578372,0.8782500968212374,0.8661077602227137,0.0462372531772843
H1547,0.09191966773908455,0.09191966773908455,1.2635737702741947,0.6529053215335147,0.8116623066353738,0.0367678670956335
H1548,0.9648380689191561,0.9648380689191561,1.5472409158439309,4.674364515443258e-16,0.7280035586559688,0.3859352275676622
H1549,0.364304911091197,0.364304911091197,1.606132475322817,0.7716322304674621,0.7806522248220625,0.1457219644364788
H1550,0.1620818163809971,0.1620818163809971,1.406041775489023,0.7398461226119412,0.8151038262730922,0.0648327265523987
H1551,0.520081478322301,0.520081478322301,1.761724209692773,0.7245820285015783,0.8274713857115116,0.2080325913289204
H1552,1.1486051882816197,1.1486051882816197,2.043869253681042,0.4974400814577925,0.621640000291486,0.4594420753126476
H1553,1.6310970957272485e-15,1.6310970957272485e-15,1.3247302137220096,0.7189772542199245,0.9369355129325856,5.103302911388794e-16
H1554,1.4534614117872234e-15,1.4534614117872234e-15,1.384837360396591,0.818703168917402,0.9123435315783356,5.103302911388794e-16
H1555,0.12445770021221846,0.12445770021221846,0.8967106209126462,0.1370419158250076,0.8282742350505277,0.0497830800848871
H1556,1.2573692571940915,1.2573692571940915,1.818749251353184,4.674364515443258e-16,0.7017249926988657,0.5029477028776365
H1557,0.19265522157201762,0.19265522157201762,1.5313193560895904,0.7317745699747807,0.9415555981721856,0.0770620886288069
H1558,0.5154214831048525,0.5154214831048525,1.7892641752472915,0.6334397398279257,0.9588636253501234,0.2061685932419408
H1559,1.2758257278471984e-15,1.2758257278471984e-15,1.4516175440090833,0.8859564117498399,0.9285655182615123,5.103302911388794e-16
H1560,0.511527490881572,0.511527490881572,1.73192242216967,0.5805724282758632,0.9449212358342596,0.2046109963526286
H1561,0.3876151766903405,0.3876151766903405,1.72607713238955,0.7930477615072313,0.8800296831167809,0.155046070676136
H1562,1.2693684538074221,1.2693684538074221,1.9401597979317493,4.674364515443258e-16,0.8384891801554096,0.5077473815229686
H1563,0.2968836376111488,0.2968836376111488,1.530126679575742,0.7504186679453759,0.7911351345103657,0.1187534550444594
H1564,1.3629816023596346,1.3629816023596346,2.226970556659636,0.1152257415535631,0.9647604513214388,0.5451926409438537
H1565,0.22308890454620095,0.22308890454620095,1.569317049266133,0.9309539601160428,0.7518312207838725,0.0892355618184802
H1566,0.3382282458337104,0.3382282458337104,1.3699221231748189,0.6281675355231717,0.6614498111532136,0.1352912983334841
H1567,1.4534614117872234e-15,1.4534614117872234e-15,1.348679580642456,0.7565440405105652,0.929305435292503,5.103302911388794e-16
H1568,1.6310970957272485e-15,1.6310970957272485e-15,1.429955466129985,0.8447580268071504,0.9426863058553292,5.103302911388794e-16
H1569,0.17469922690752135,0.17469922690752135,1.4840056188628483,0.7231025663876934,0.9135304235564654,0.0698796907630084
H1570,1.2596377577136867e-15,1.2596377577136867e-15,1.4733434352963015,0.9150311034468656,0.9266481906735108,2.551651455694397e-16
H1571,0.5245443876395675,0.5245443876395675,1.3626534656265537,0.1748347805891071,0.8728015668946254,0.2098177550558269
H1572,1.8087327796672735e-15,1.8087327796672735e-15,1.4151882604844612,0.8518292051795596,0.917156120426015,5.103302911388794e-16
H1573,0.10336041062533044,0.10336041062533044,1.3433899186608584,0.8034739672975394,0.746562917746871,0.041344164250132
H1574,1.8336059678816805,1.8336059678816805,2.6023153954309057,4.674364515443258e-16,0.9608867844365312,0.7334423871526721
H1575,0.8664262571005541,0.8664262571005541,2.0080287493413547,0.5972142463286694,0.8297888689723313,0.3465705028402215
H1576,1.0929125007907192,1.0929125007907192,1.3492896720592245,0.320471464085632,2.301052742623314e-16,0.4371650003162875
H1577,0.09863056843728893,0.09863056843728893,1.3710453401672782,0.6422702324043128,0.9482482322581736,0.0394522273749155
H1578,0.7890470140122309,0.7890470140122309,1.5238641383559282,4.674364515443258e-16,0.9185214054296214,0.3156188056048922
H1579,1.4534614117872234e-15,1.4534614117872234e-15,1.3187211683542333,0.761575512040637,0.8868259484021529,5.103302911388794e-16
H1580,0.6117517499040618,0.6117517499040618,1.6771993705964283,0.6303608788951315,0.7014486469703276,0.2447006999616245
H1581,1.6310970957272485e-15,1.6310970957272485e-15,1.3290086750544754,0.8806086189960297,0.7806522248220625,5.103302911388794e-16
H1582,8.155485478636242e-16,8.155485478636242e-16,1.492731478643637,0.9364591903819234,0.9294551579226216,2.551651455694397e-16
H1583,0.7678983804467214,0.7678983804467214,1.5005546233628064,0.7486658916711189,0.1671544119739879,0.3071593521786883
H1584,0.611201989293894,0.611201989293894,1.6646987412612002,0.6976314987596536,0.6192394411994788,0.2444807957175576
H1585,0.24891540042443489,0.24891540042443489,0.8205368872034845,4.674364515443258e-16,0.714526858473812,0.0995661601697738
H1586,1.6310970957272485e-15,1.6310970957272485e-15,1.1611223607610004,0.6118779667482499,0.839524984202999,5.103302911388794e-16
H1587,1.8087327796672735e-15,1.8087327796672735e-15,1.185471899047025,0.8505838006931632,0.6312560731156163,5.103302911388794e-16
H1588,1.8087327796672735e-15,1.8087327796672735e-15,1.504921592263894,0.9530878730848256,0.92806411724504,5.103302911388794e-16
H1589,1.6310970957272485e-15,1.6310970957272485e-15,1.449470712976872,0.93228260292555,0.8795557882955383,5.103302911388794e-16
H1590,0.9168029839408414,0.9168029839408414,1.886146884295048,0.3630398986311519,0.848639976811607,0.3667211935763363
H1591,0.7752303533806796,0.7752303533806796,1.6081431303498723,0.425233982628948,0.6159069885825436,0.3100921413522716
H1592,0.9724908982859772,0.9724908982859772,1.9365062274347975,0.4003031209350011,0.8047160405010244,0.3889963593143908
H1593,0.5844892692760504,0.5844892692760504,1.6389245427934036,0.3388835402774565,0.9791605516192352,0.23379570771042
H1594,0.28898283235802574,0.28898283235802574,1.3948810378992953,0.4497221398294093,0.9326506170971782,0.11559313294321
H1595,0.7321236136783371,0.7321236136783371,1.839546790069158,0.5158831648968071,0.8683958055917196,0.2928494454713347
H1596,0.19726113687457827,0.19726113687457827,1.362660808376106,0.5994726171380591,0.857276972238851,0.0789044547498311
H1597,0.7820401119600247,0.7820401119600247,2.0117316057658705,0.8115850899644734,0.7255292772928351,0.3128160447840096
H1598,1.9863684636072987e-15,1.9863684636072987e-15,1.2644198018463286,0.7093122859006327,0.8712124664072761,5.103302911388794e-16
H1599,0.6623596096451015,0.6623596096451015,1.702992559050772,0.8569877586596255,0.4438034280974628,0.2649438438580404
H1600,0.6434414510260618,0.6434414510260618,1.488913792193009,0.1884446208669648,0.8683958055917196,0.2573765804104245
H1601,1.6310970957272485e-15,1.6310970957272485e-15,0.9735926649136092,0.3432670767465537,0.873723754395456,5.103302911388794e-16
H1602,1.8087327796672735e-15,1.8087327796672735e-15,1.037813692123695,0.3761915675690767,0.92107554758554,5.103302911388794e-16
H1603,1.7199149376972609e-15,1.7199149376972609e-15,1.3070969854105967,0.764111383132391,0.8697598486308533,5.103302911388794e-16
H1604,1.8087327796672735e-15,1.8087327796672735e-15,1.2841838551627125,0.7193702277440115,0.8858595912093772,5.103302911388794e-16
H1605,1.6310970957272485e-15,1.6310970957272485e-15,1.517236612366114,0.932461406437874,0.9640843590197666,5.103302911388794e-16
H1606,0.39452227374915433,0.39452227374915433,1.1449070574138882,0.937980979580918,0.0,0.1578089094996615
H1607,1.4534614117872234e-15,1.4534614117872234e-15,1.413411708859042,0.881226280949512,0.8855383551242889,5.103302911388794e-16
H1608,0.7752303533806794,0.7752303533806794,1.959698695442865,0.8651866109558458,0.6153988166218866,0.3100921413522716
H1609,1.374906879798119,1.374906879798119,1.95949686757796,4.674364515443258e-16,0.7307374847248008,0.5499627519192474
H1610,1.8336059678816803,1.8336059678816803,2.5026116573337207,4.674364515443258e-16,0.8362571118150504,0.7334423871526721
H1611,0.2889828323580256,0.2889828323580256,1.5171701534749709,0.7639967378396098,0.7712374135565722,0.11559313294321
H1612,1.4534614117872234e-15,1.4534614117872234e-15,1.3553868828643625,0.8286760298528493,0.865557573727602,5.103302911388794e-16
H1613,8.155485478636242e-16,8.155485478636242e-16,1.3824380512079208,0.81591738609716,0.91213017791274,2.551651455694397e-16
H1614,0.6028589806531539,0.6028589806531539,1.6691582375096157,0.4906268360845853,0.8422472349859922,0.2411435922612613
H1615,0.14872582074671561,0.14872582074671561,1.3964196503313864,0.6316152216824085,0.92800206529843,0.0594903282986861
H1616,0.5484750577043038,0.5484750577043038,1.83096297153495,0.858341010611478,0.7447688816768299,0.2193900230817214
H1617,1.8087327796672735e-15,1.8087327796672735e-15,1.3801265682022306,0.7924571646806728,0.9327010455721136,5.103302911388794e-16
H1618,0.06575371229152686,0.06575371229152686,1.146839703354519,0.4354139873859969,0.9159435014427436,0.0263014849166106
H1619,0.4978321882578884,0.4978321882578884,1.346097214702338,0.1159318858158312,0.9443993972397308,0.1991328753031553
H1620,1.493672764361929,1.493672764361929,2.3900110054395034,0.4987278786516462,0.6216949226953221,0.5974691057447714
H1621,1.4718171258269894,1.4718171258269894,2.214785663393311,4.674364515443258e-16,0.9287106719579024,0.5887268503307955
H1622,1.2596377577136867e-15,1.2596377577136867e-15,1.1372544414206218,0.4997275345312298,0.9218405172445466,2.551651455694397e-16
H1623,0.2756277616675452,0.2756277616675452,1.3154966449739791,0.680039518777647,0.6197965853553955,0.1102511046670181
H1624,1.6310970957272485e-15,1.6310970957272485e-15,1.25096458194474,0.6534979986188353,0.910207728812088,5.103302911388794e-16
H1625,0.7924479972546637,0.7924479972546637,1.962681162864763,0.9184681934750056,0.5443232635376185,0.3169791989018654
H1626,1.6851915926199392,1.6851915926199392,2.23067118347182,0.6818494885648507,2.301052742623314e-16,0.6740766370479755
H1627,1.9863684636072987e-15,1.9863684636072987e-15,1.2726917281633103,0.6496691052114364,0.9411955549926996,5.103302911388794e-16
H1628,1.7199149376972609e-15,1.7199149376972609e-15,1.388356213199306,0.8035665045100584,0.9318787619890724,5.103302911388794e-16
H1629,0.921101579506529,0.921101579506529,1.6296445688239265,2.337182257721629e-16,0.8856787366467466,0.3684406318026115
H1630,1.1329815824968588,1.1329815824968588,2.1047526992452936,0.2955367585050757,0.9191771374304684,0.4531926329987433
H1631,1.5859001436417735,1.5859001436417735,1.6410909381890395,4.674364515443258e-16,0.0689884931840824,0.6343600574567093
H1632,0.19726113687457827,0.19726113687457827,1.4552672568770535,0.7027478013722415,0.8697598486308533,0.0789044547498311
H1633,1.6310970957272485e-15,1.6310970957272485e-15,1.4265590548866212,0.8521899322027563,0.9310088864055184,5.103302911388794e-16
H1634,0.19726113687457827,0.19726113687457827,1.2160454158249383,0.4197043905292696,0.8537759581586811,0.0789044547498311
H1635,1.140288136625864,1.140288136625864,2.344447521328835,0.8305824895964312,0.6746167412822829,0.4561152546503454
H1636,0.19265522157201742,0.19265522157201742,1.2010956214445123,0.3809947115450806,0.8795557882955383,0.0770620886288069
H1637,1.2589354752397008,1.2589354752397008,2.292861898536936,0.8137932915502383,0.4786147375713055,0.5035741900958802
H1638,2.1801921176808354e-15,2.1801921176808354e-15,1.148102391735612,0.4693010874794922,0.96582690219002,7.654954367083192e-16
H1639,1.4534614117872234e-15,1.4534614117872234e-15,1.3078286811899835,0.7722263898661615,0.8625594616213161,5.103302911388794e-16
H1640,0.3934075103079562,0.3934075103079562,1.452309684921072,0.4076419493467815,0.9159857689196136,0.1573630041231823
H1641,1.7199149376972609e-15,1.7199149376972609e-15,1.428676793582465,0.8355077612548074,0.950338230723272,5.103302911388794e-16
H1642,1.6310970957272485e-15,1.6310970957272485e-15,1.5302623730122489,0.9462312440160529,0.9665967222492564,5.103302911388794e-16
H1643,1.9863684636072987e-15,1.9863684636072987e-15,1.225677923668115,0.6413973630640167,0.8907000415211254,5.103302911388794e-16
H1644,0.4632930914754991,0.4632930914754991,1.652641172726633,0.6347166428761803,0.8519684586877372,0.1853172365901995
H1645,1.6310970957272485e-15,1.6310970957272485e-15,1.2407955466822094,0.7787548990951983,0.7722395342575615,5.103302911388794e-16
H1646,1.6310970957272485e-15,1.6310970957272485e-15,1.4031057284760615,0.8074331620828041,0.9464489985122712,5.103302911388794e-16
H1647,1.4534614117872234e-15,1.4534614117872234e-15,1.323335910459691,0.8078547532222622,0.8463151348523494,5.103302911388794e-16
H1648,0.2067202662851216,0.2067202662851216,1.4806913387413971,0.6308004026932267,0.961663437877118,0.0826881065140485
H1649,0.7955772704377667,0.7955772704377667,1.5332777887774989,0.0,0.9221256479246656,0.3182309081751064
H1650,0.16085988101396526,0.16085988101396526,1.157079098445638,0.3144710545187055,0.9308029672708862,0.0643439524055859
H1651,7.993605777301124e-16,7.993605777301124e-16,1.2852870907322869,0.7636964800998312,0.8429123833155273,0.0
H1652,0.07890445474983226,0.07890445474983226,1.2122127780164818,0.4765210778807245,0.9401143262025872,0.0315617818999328
H1653,1.5504607067613567,1.5504607067613567,2.280740395149203,0.9128496104848084,0.0,0.6201842827045425
H1654,1.6310970957272485e-15,1.6310970957272485e-15,1.3854868678193717,0.8624744182787166,0.8693841664954961,5.103302911388794e-16
H1655,1.6310970957272485e-15,1.6310970957272485e-15,1.2114042788486423,0.5976879204566642,0.9165674281041368,5.103302911388794e-16
H1656,0.22920074598521137,0.22920074598521137,1.4244637367310184,0.5989311407169832,0.8951475977152763,0.0916802983940843
H1657,1.3635828922129076,1.3635828922129076,2.1604614665961908,0.4350250764139899,0.5610731415651147,0.5454331568851629
H1658,0.7752303533806796,0.7752303533806796,1.9773998931461203,0.8927549191524046,0.6099570055543971,0.3100921413522716
H1659,0.2584101177935598,0.2584101177935598,1.5797692423744447,0.7618481377416139,0.8898507679844925,0.1033640471174238
H1660,0.18668741745047152,0.18668741745047152,1.3309626537192187,0.4948592315830453,0.9354848137528892,0.0746749669801884
H1661,1.2758257278471984e-15,1.2758257278471984e-15,1.145092505100336,0.512041593875052,0.9193240375003664,5.103302911388794e-16
H1662,1.8087327796672735e-15,1.8087327796672735e-15,1.3546032459566777,0.7439614024813893,0.949292654964456,5.103302911388794e-16
H1663,1.4534614117872234e-15,1.4534614117872234e-15,1.482929584883574,0.882030747020168,0.9716312340842974,5.103302911388794e-16
H1664,0.7972962401794207,0.7972962401794207,1.7907026965429234,0.4100859561602252,0.8316721142941532,0.3189184960717682
H1665,0.6090014984736825,0.6090014984736825,1.5652260823787816,0.4463545236739998,0.7489262062073743,0.2436005993894729
H1666,0.777146052046523,0.777146052046523,1.8946914804858055,0.5360485955343195,0.8608831900147841,0.3108584208186091
H1667,0.7653891798821073,0.7653891798821073,1.8198056534414384,0.6305798589586389,0.6874407329905255,0.3061556719528427
H1668,0.373374834900942,0.373374834900942,1.546720847148238,0.8984222430335811,0.5682602722755393,0.1493499339603765
H1669,1.4534614117872234e-15,1.4534614117872234e-15,0.9898936313588158,0.2665308263437058,0.9708362128548124,5.103302911388794e-16
H1670,0.5818814301313134,0.5818814301313134,1.6887825200448885,0.5547424938317126,0.8288838685602563,0.2327525720525252
H1671,0.209272105753868,0.209272105753868,1.5133807868506053,0.6896680832350679,0.940467768135854,0.0837088423015471
H1672,0.13150742458305287,0.13150742458305287,1.2439431916644477,0.7124949786534299,0.6780497301983139,0.052602969833221
H1673,0.8268832850026341,0.8268832850026341,1.530663500942464,2.337182257721629e-16,0.879725269924788,0.3307533140010534
H1674,1.6310970957272485e-15,1.6310970957272485e-15,1.2453190149204825,0.907252701529914,0.6493960671206874,5.103302911388794e-16
H1675,1.4534614117872234e-15,1.4534614117872234e-15,1.207287749531582,0.6580048770985978,0.8511048098158779,5.103302911388794e-16
H1676,1.6310970957272485e-15,1.6310970957272485e-15,1.4149153783686388,0.925682814466102,0.8429614084946946,5.103302911388794e-16
H1677,0.39452227374915433,0.39452227374915433,1.4744501994082628,0.4109117456153949,0.9389981614584912,0.1578089094996615
H1678,1.9863684636072987e-15,1.9863684636072987e-15,1.1265890716908693,0.5330401217364207,0.8751962178771644,5.103302911388794e-16
H1679,1.7199149376972609e-15,1.7199149376972609e-15,1.2439065633770858,0.7113348890391438,0.8435483151822116,5.103302911388794e-16
H1680,0.8268832850026341,0.8268832850026341,1.5658151681650023,2.337182257721629e-16,0.9236648539529608,0.3307533140010534
H1681,0.7752303533806797,0.7752303533806797,2.0221647428421927,0.8729866342924801,0.6856813525344116,0.3100921413522716
H1682,0.16594360028295624,0.16594360028295624,1.3263681859790175,0.5973314134821172,0.8531993186379591,0.0663774401131825
H1683,1.6310970957272485e-15,1.6310970957272485e-15,1.3685850730716247,0.7868349138496739,0.9238964274898552,5.103302911388794e-16
H1684,0.9713747011816456,0.9713747011816456,1.7493531368777444,4.674364515443258e-16,0.9724730446201232,0.3885498804726581
H1685,1.3399784955532352,1.3399784955532352,2.063937044297802,0.2294578897674115,0.6754902961632974,0.5359913982212939
H1686,1.8087327796672735e-15,1.8087327796672735e-15,1.2090692853578613,0.6168540175323981,0.8944825891649268,5.103302911388794e-16
H1687,0.13150742458305267,0.13150742458305267,1.2567425642334278,0.5341575580815816,0.8723863664813873,0.052602969833221
H1688,1.6310970957272485e-15,1.6310970957272485e-15,1.4025937474962142,0.7707804245318088,0.982461759838457,5.103302911388794e-16
H1689,2.131931367647723,2.131931367647723,2.629169366543752,4.674364515443258e-16,0.6215474986200358,0.852772547059089
H1690,0.38269458994105454,0.38269458994105454,1.61020634651763,0.6753914030741355,0.8589982926465844,0.1530778359764217
H1691,1.9863684636072987e-15,1.9863684636072987e-15,1.3930940997344854,0.8855152274090752,0.8558523972590297,5.103302911388794e-16
H1692,0.08297180014147912,0.08297180014147912,1.531117363929987,0.949973098694063,0.8602088560415725,0.0331887200565915
H1693,1.3113264909469557,1.3113264909469557,1.8904631953571376,4.674364515443258e-16,0.7239208805127275,0.5245305963787821
H1694,0.38269458994105454,0.38269458994105454,1.5797930371644542,0.6157132509027483,0.8806598081265014,0.1530778359764217
H1695,0.22308930920939785,0.22308930920939785,1.4826292690787255,0.8674842837338694,0.7069406661027905,0.089235723683759
H1696,0.9357841491027098,0.9357841491027098,1.9418036546835535,0.5717838006145554,0.6857405813615,0.3743136596410837
H1697,0.5206305155026569,0.5206305155026569,1.7947657545784763,0.8648391961259567,0.727829852718818,0.2082522062010626
H1698,1.4534614117872234e-15,1.4534614117872234e-15,1.4934269514500578,0.9201298908397222,0.946653798472848,5.103302911388794e-16
H1699,0.3589094896052807,0.3589094896052807,1.603802047136828,0.9431976200249824,0.6129180768894523,0.1435637958421121
H1700,1.6310970957272485e-15,1.6310970957272485e-15,1.4198314971529478,0.8571473086484707,0.9176420627927122,5.103302911388794e-16
H1701,0.8257051282548012,0.8257051282548012,2.005562619699273,0.5990565046343049,0.8757653596712848,0.3302820513019204
H1702,0.3993760428226744,0.3993760428226744,1.6462185866738488,0.7161928092880756,0.8423603705258924,0.1597504171290697
H1703,0.609002115101105,0.609002115101105,1.798419672955324,0.8694258344826539,0.6173461128351202,0.2436008460404419
H1704,0.9168029839408414,0.9168029839408414,2.153592730297694,0.5916956687677398,0.9542915141783264,0.3667211935763363
H1705,0.2302753948766335,0.2302753948766335,1.5017891125640157,0.8560389216761319,0.7333532254330959,0.0921101579506532
H1706,1.8087327796672735e-15,1.8087327796672735e-15,1.3994072891027485,0.8685993032519321,0.8806598081265014,5.103302911388794e-16
H1707,1.6310970957272485e-15,1.6310970957272485e-15,1.1949257637027884,0.6129973965019824,0.8806598081265014,5.103302911388794e-16
H1708,0.2489154004244347,0.2489154004244347,1.3092175153714718,0.3625044689604617,0.9628731747233348,0.0995661601697738
H1709,1.8087327796672735e-15,1.8087327796672735e-15,1.345882840007738,0.8020884497448161,0.8802651002648547,5.103302911388794e-16
H1710,0.2144798413519525,0.2144798413519525,1.6164058857707246,0.9355485326275824,0.8168590228958825,0.085791936540781
H1711,2.664535259100375e-16,2.664535259100375e-16,1.418421225060769,0.8163634345558362,0.956663096770125,0.0
H1712,0.4834302834944852,0.4834302834944852,1.497208774638097,0.5945216175138017,0.6727014964157132,0.193372113397794
H1713,0.3137908049922654,0.3137908049922654,1.53834884321052,0.6496139535891363,0.8810835941836824,0.125516321996906
H1714,0.06222885010611028,0.06222885010611028,1.2180871177562318,0.6962580807864346,0.7485647537762176,0.0248915400424439
H1715,1.5602425079966937,1.5602425079966937,2.160009397374896,0.5825541997487657,0.1671544119739879,0.6240970031986773
H1716,1.8336059678816805,1.8336059678816805,2.516626734408625,4.674364515443258e-16,0.8537759581586811,0.7334423871526721
H1717,0.6277487448009365,0.6277487448009365,1.352517897725056,4.674364515443258e-16,0.9059614411551494,0.2510994979203744
H1718,2.5354634855608854e-15,2.5354634855608854e-15,0.9560802489313954,0.5652271694461579,0.6298731417180838,7.654954367083192e-16
H1719,0.5168202355871201,0.5168202355871201,1.8003966729852277,0.8163634345558362,0.7881071121917983,0.2067280942348479
H1720,1.9863684636072987e-15,1.9863684636072987e-15,1.5076795258094209,0.952621281768203,0.931978125493571,5.103302911388794e-16
H1721,0.9956674982026533,0.9956674982026533,1.6403164715056238,0.0949643992807544,0.7108468173479591,0.3982669992810612
H1722,1.4534614117872234e-15,1.4534614117872234e-15,1.4510571920378252,0.8411560466573893,0.9726654433898906,5.103302911388794e-16
H1723,1.4534614117872234e-15,1.4534614117872234e-15,1.4115201412756848,0.8946403279637511,0.8697598486308533,5.103302911388794e-16
H1724,1.155004240542274,1.155004240542274,1.84771493204901,0.1725327865128376,0.693355577870583,0.4620016962169094
H1725,1.8087327796672735e-15,1.8087327796672735e-15,1.102210104677491,0.5341575580815816,0.8436050727652806,5.103302911388794e-16
H1726,1.1959443602691309,1.1959443602691309,1.9124223441263812,0.0,0.8955974798215641,0.478377744107652
H1727,0.9098553163789485,0.9098553163789485,1.454925332317278,2.337182257721629e-16,0.6813375199229116,0.3639421265515793
H1728,1.1959443602691306,1.1959443602691306,1.8609159182719184,0.0,0.8312144475034847,0.4783777441076521
H1729,1.8087327796672735e-15,1.8087327796672735e-15,1.2110431635400052,0.6389163882404104,0.8748875661845942,5.103302911388794e-16
H1730,0.08297180014147827,0.08297180014147827,1.2913737144935211,0.6072343974135356,0.9032679955265184,0.0331887200565912
H1731,1.4534614117872234e-15,1.4534614117872234e-15,1.2431518088375166,0.6528723908267594,0.9010673702201346,5.103302911388794e-16
H1732,1.6821921638229465,1.6821921638229465,2.5412355472926693,0.1932010095180698,0.8806032198190841,0.6728768655291784
H1733,1.8087327796672735e-15,1.8087327796672735e-15,1.504693750420217,0.911943778764892,0.9689234092603772,5.103302911388794e-16
H1734,0.385060126702675,0.385060126702675,1.5967789760429147,0.6462527560835805,0.8683958055917196,0.1540240506810698
H1735,1.8087327796672735e-15,1.8087327796672735e-15,1.2457602729849415,0.6602415706666354,0.8969587705645398,5.103302911388794e-16
H1736,0.5550133430689148,0.5550133430689148,1.649497151854521,0.7947265789401522,0.5733781820418556,0.2220053372275658
H1737,0.611201989293894,0.611201989293894,1.8664982393090752,0.6168540175323981,0.952266294986578,0.2444807957175576
H1738,0.19726113687457827,0.19726113687457827,1.469912417119394,0.8387447029442598,0.7520693973617604,0.0789044547498311
H1739,0.30615567195284304,0.30615567195284304,1.634866325378425,0.7052961984215312,0.9555921183604464,0.1224622687811371
H1740,1.6310970957272485e-15,1.6310970957272485e-15,1.4574930559964234,0.9492310176829748,0.8726353023125527,5.103302911388794e-16
H1741,1.6310970957272485e-15,1.6310970957272485e-15,1.2038595366572309,0.6475474485826854,0.857276972238851,5.103302911388794e-16
H1742,0.1608598810139651,0.1608598810139651,1.481345547839493,0.7904049920968234,0.8602020914350869,0.0643439524055859
H1743,0.9985015533558229,0.9985015533558229,2.147826312351761,0.6171070103915861,0.8195489383533369,0.399400621342329
H1744,0.5932312533962161,0.5932312533962161,1.6458373984958343,0.499093622118522,0.8166640592560007,0.2372925013584863
H1745,1.6310970957272485e-15,1.6310970957272485e-15,1.1843241839673195,0.6008494416636094,0.8795557882955383,5.103302911388794e-16
H1746,0.08297180014147894,0.08297180014147894,1.3966707943667325,0.7211029624171823,0.9210207803643846,0.0331887200565915
H1747,1.9863684636072987e-15,1.9863684636072987e-15,1.4269097162271271,0.8364803087006749,0.9471568365832322,5.103302911388794e-16
H1748,0.7653891798821078,0.7653891798821078,2.0904702855100217,0.7483505533959013,0.9080008286389916,0.3061556719528428
H1749,0.32171976202792824,0.32171976202792824,1.5174156000076429,0.7903953256723499,0.7042244718022936,0.128687904811171
H1750,1.9863684636072987e-15,1.9863684636072987e-15,1.3987985509427023,0.906724338079852,0.8417738505985243,5.103302911388794e-16
H1751,1.6310970957272485e-15,1.6310970957272485e-15,1.3157527197054175,0.7257581660966838,0.9189327335350868,5.103302911388794e-16
H1752,1.6310970957272485e-15,1.6310970957272485e-15,1.1704228962158658,0.5880193139874781,0.8750093062823524,5.103302911388794e-16
H1753,0.7972962401794207,0.7972962401794207,1.6212422318021862,0.2808332254382862,0.7490992640901708,0.3189184960717682
H1754,0.4978321882578888,0.4978321882578888,1.4832110991698046,0.3717322598403855,0.8599913787995097,0.1991328753031553
H1755,0.2489165566006285,0.2489165566006285,1.4653638996737235,0.5870613212915947,0.933497857549774,0.0995666226402514
H1756,1.9760482308767324,1.9760482308767324,2.5115278287874108,0.6693494973883484,0.0,0.7904192923506929
H1757,0.2870367869246832,0.2870367869246832,1.632213470430819,0.7383391403464074,0.9431317140362626,0.1148147147698732
H1758,0.7961363018137865,0.7961363018137865,1.7397538596842632,0.4123985007134539,0.7671234466246422,0.3184545207255144
H1759,0.6046172032141243,0.6046172032141243,1.977726014454873,0.8676515593419327,0.8487344547090038,0.2418468812856495
H1760,1.6310970957272485e-15,1.6310970957272485e-15,1.402288901951938,0.8530725095414294,0.8997886178984915,5.103302911388794e-16
H1761,0.1722220721548111,0.1722220721548111,1.5004665459042057,0.7600437854311286,0.9002618067556148,0.0688888288619242
H1762,1.8087327796672735e-15,1.8087327796672735e-15,1.3858625223300598,0.8714449628977889,0.8608831900147841,5.103302911388794e-16
H1763,0.18668741745047135,0.18668741745047135,1.0860038524812476,0.4311610569028494,0.6929844868856214,0.0746749669801884
H1764,0.7467496698018818,0.7467496698018818,1.638181150458623,0.6635427153720015,0.4507466354489252,0.2986998679207526
H1765,0.7653891798821074,0.7653891798821074,1.7053045780347411,0.2311787373584617,0.9437155103323316,0.3061556719528427
H1766,0.13150742458305267,0.13150742458305267,1.5775462178797388,0.868075047562337,0.9394734440585206,0.052602969833221
H1767,1.1873027410143466,1.1873027410143466,1.9467081779713509,0.3663881144900777,0.5828686817061777,0.4749210964057385
H1768,0.6728768655291801,0.6728768655291801,1.668212777378604,0.5445625228969965,0.6996073669147841,0.2691507462116718
H1769,1.4534614117872234e-15,1.4534614117872234e-15,1.1387391261189586,0.5947235122437767,0.8287003954049197,5.103302911388794e-16
H1770,0.6523532872531115,0.6523532872531115,1.68632374184688,0.5366980564852876,0.7557650117569232,0.2609413149012445
H1771,0.5325839964836948,0.5325839964836948,1.5448041185048726,0.5547424938317126,0.71053265869476,0.2130335985934777
H1772,0.9168029839408414,0.9168029839408414,2.369996115914819,0.9225574622362468,0.8939339527312259,0.3667211935763363
H1773,1.9863684636072987e-15,1.9863684636072987e-15,1.1545115967421622,0.4739710736377356,0.9691684222899654,5.103302911388794e-16
H1774,0.2775070709430756,0.2775070709430756,1.6443764365273843,0.7308436629560542,0.977743044024332,0.1110028283772301
H1775,1.6310970957272485e-15,1.6310970957272485e-15,1.5037987985259669,0.990099658326518,0.8896488398309388,5.103302911388794e-16
H1776,1.45814980685268,1.45814980685268,2.00674227194188,4.674364515443258e-16,0.6857405813615,0.5832599227410717
H1777,0.3061556719528434,0.3061556719528434,1.6802275914425004,0.8676996411459302,0.8498902582161416,0.1224622687811371
H1778,0.3853116270738074,0.3853116270738074,1.6850181991357305,0.768664738968292,0.8559684761091115,0.1541246508295229
H1779,0.510259453254738,0.510259453254738,1.785313450956047,0.6575484052829366,0.9362690918437002,0.2041037813018952
H1780,0.39452227374915433,0.39452227374915433,1.1878386154333644,0.7271098186711673,0.2645356084340959,0.1578089094996615
H1781,0.5779656647160494,0.5779656647160494,1.3194431672286873,2.337182257721629e-16,0.9268468781407974,0.2311862658864196
H1782,0.13150742458305287,0.13150742458305287,1.116564914143023,0.8688300280406566,0.3624918339093064,0.052602969833221
H1783,1.8087327796672735e-15,1.8087327796672735e-15,1.3133766991159228,0.7656262810127284,0.8760945928821735,5.103302911388794e-16
H1784,1.6310970957272485e-15,1.6310970957272485e-15,1.3767438187352838,0.8343949284066015,0.8865348450125013,5.103302911388794e-16
H1785,1.5307783597642126,1.5307783597642126,2.275398456442705,2.337182257721629e-16,0.930775120848116,0.6123113439056849
H1786,0.481325158378343,0.481325158378343,1.419751093631993,0.4159919361355634,0.7570404829314998,0.192530063351337
H1787,0.1315074245830525,0.1315074245830525,1.3854350301942169,0.6802303232291957,0.8871791837847596,0.052602969833221
H1788,0.5993810114022825,0.5993810114022825,1.359451945814702,0.5985128249036862,0.351575843111838,0.2397524045609129
H1789,0.5979721801345657,0.5979721801345657,1.7280766071318916,0.4902166563880167,0.9224138773586408,0.2391888720538262
H1790,1.6310970957272485e-15,1.6310970957272485e-15,1.2857159872683226,0.7345096817728488,0.8726353023125527,5.103302911388794e-16
H1791,1.032737659324952,1.032737659324952,2.010269779474547,0.3035465327442035,0.918368617442791,0.4130950637299806
H1792,0.41344164250131793,0.41344164250131793,1.6981182586032393,0.6810118140701801,0.924833956057222,0.1653766570005269
H1793,0.669484866416474,0.669484866416474,1.478558568678607,0.3217391584569161,0.6896029693707506,0.2677939465665893
H1794,0.08297203137631594,0.08297203137631594,1.4422646002720485,0.835875899994962,0.8632398111247035,0.0331888125505263
H1795,0.06575371229152686,0.06575371229152686,1.4303834369720665,0.8272146529337584,0.878572502916916,0.0263014849166106
H1796,0.13150742458305287,0.13150742458305287,1.4685865774535751,0.7364912051221123,0.9348577359660412,0.052602969833221
H1797,1.4534614117872234e-15,1.4534614117872234e-15,1.452763588517366,0.8454605307497443,0.9704939548969616,5.103302911388794e-16
H1798,2.3351437772938777,2.3351437772938777,3.0551256692612925,4.674364515443258e-16,0.8999773649592686,0.9340575109175508
H1799,1.9863684636072987e-15,1.9863684636072987e-15,1.492353701421961,0.9328950808231588,0.9325470459542908,5.103302911388794e-16
H1800,0.09863056843729003,0.09863056843729003,1.4286714335908752,0.933687626666162,0.7288634547758198,0.0394522273749158
H1801,1.6310970957272485e-15,1.6310970957272485e-15,1.1661128579834734,0.5692966898702544,0.8883443826090855,5.103302911388794e-16
H1802,1.6310970957272485e-15,1.6310970957272485e-15,1.3485966592855712,0.7974839897609411,0.8882618343460211,5.103302911388794e-16
H1803,1.9816179316744202,1.9816179316744202,2.2595199002450097,0.3473774607132373,0.0,0.792647172669768
H1804,0.08297180014147894,0.08297180014147894,1.1403279138767468,0.7113348890391438,0.6103602531299411,0.0331887200565915
H1805,0.698798946286775,0.698798946286775,2.1856401841592885,0.959082172588022,0.8994693747526205,0.2795195785147097
H1806,1.9863684636072987e-15,1.9863684636072987e-15,1.4064423373902604,0.8167165868000085,0.941336334937815,5.103302911388794e-16
H1807,1.4534614117872234e-15,1.4534614117872234e-15,1.1631620204551334,0.5652271694461579,0.888725356122757,5.103302911388794e-16
H1808,0.7290749034263411,0.7290749034263411,1.7234590469874194,0.4140963108910923,0.8288838685602563,0.2916299613705362
H1809,0.9467947589858656,0.9467947589858656,1.6123998340616414,0.487439134513089,0.3445672093316313,0.378717903594346
H1810,0.6526878893646335,0.6526878893646335,1.8925683675357967,0.8807289481622435,0.6691216495517106,0.2610751557458533
H1811,0.3733748349009418,0.3733748349009418,1.5177281988941702,0.56517888225289,0.865262822738646,0.1493499339603765
H1812,0.51682023558712,0.51682023558712,1.754077014116416,0.8221399994868236,0.7244309736747963,0.2067280942348479
H1813,1.0632369361538099,1.0632369361538099,2.2257606987118628,0.7877102539380839,0.665444449259482,0.4252947744615238
H1814,1.8336059678816805,1.8336059678816805,2.597877988884896,4.674364515443258e-16,0.9553400262540196,0.7334423871526721
H1815,1.8087327796672735e-15,1.8087327796672735e-15,1.3401608562875094,0.7152956225118869,0.959905447847498,5.103302911388794e-16
H1816,0.6112019892938939,0.6112019892938939,1.6762208150112377,0.6099154335316541,0.7213580986150255,0.2444807957175575
H1817,0.9905401991996493,0.9905401991996493,1.5505262869835903,4.674364515443258e-16,0.6999826097299261,0.3962160796798596
H1818,0.28703678692468376,0.28703678692468376,1.4531369538983654,0.5606664381525623,0.8969587705645398,0.1148147147698735
H1819,1.4534614117872234e-15,1.4534614117872234e-15,1.4715632658897884,0.8861273070463535,0.9533267753158804,5.103302911388794e-16
H1820,0.12445770021221846,0.12445770021221846,1.0933314340146043,0.4980480173473913,0.7130441499055922,0.0497830800848871
H1821,0.5779656647160496,0.5779656647160496,1.2569532284832523,2.337182257721629e-16,0.8487344547090038,0.2311862658864196
H1822,1.1784725540925698,1.1784725540925698,1.6713874444523178,0.3440484150017086,0.2720951979479767,0.4713890216370278
H1823,0.5808055492428054,0.5808055492428054,1.5761868805406103,0.3592644506241746,0.8849622134980822,0.232322219697122
H1824,1.9863684636072987e-15,1.9863684636072987e-15,1.4856592638293715,0.9287538889015649,0.928320190885148,5.103302911388794e-16
H1825,0.611201989293894,0.611201989293894,1.9954132358735504,0.8089192118192856,0.9213448464052846,0.2444807957175576
H1826,1.4534614117872234e-15,1.4534614117872234e-15,1.43303760655452,0.91174121989761,0.8795557882955383,5.103302911388794e-16
H1827,1.6310970957272485e-15,1.6310970957272485e-15,1.123032964569961,0.5975879299014322,0.8062032758110175,5.103302911388794e-16
H1828,1.4534614117872234e-15,1.4534614117872234e-15,1.0743272760522151,0.4997275345312298,0.8431815605340374,5.103302911388794e-16
H1829,0.43912739101627263,0.43912739101627263,1.305037509768871,0.3658633003052613,0.716524348135486,0.175650956406509
H1830,1.2758257278471984e-15,1.2758257278471984e-15,1.3495488397699051,0.7385379426332516,0.9483981070791282,5.103302911388794e-16
H1831,0.24891655660062761,0.24891655660062761,1.1194808060161896,0.4739710736377356,0.614234238131717,0.0995666226402509
H1832,1.4534614117872234e-15,1.4534614117872234e-15,1.474749312523397,0.875174627923509,0.9682620127307358,5.103302911388794e-16
H1833,1.6310970957272485e-15,1.6310970957272485e-15,1.3602694282293812,0.7868349138496739,0.913501871437051,5.103302911388794e-16
H1834,1.8087327796672735e-15,1.8087327796672735e-15,1.294024042275676,0.8119498957728277,0.8055801570717658,5.103302911388794e-16
H1835,0.46487262446923794,0.46487262446923794,1.7560917351358771,0.7639967378396098,0.8500271504936899,0.185949049787695
H1836,1.9944658488956437,1.9944658488956437,2.6907908927592503,4.674364515443258e-16,0.8704063048295086,0.7977863395582573
H1837,0.5693820073915242,0.5693820073915242,1.7337459310164158,0.5405529207255056,0.9149019838056094,0.2277528029566095
H1838,1.9863684636072987e-15,1.9863684636072987e-15,1.5288319047654504,0.9457800526011068,0.9652598283557046,5.103302911388794e-16
H1839,0.6112019892938942,0.6112019892938942,1.4800980132595862,0.7974839897609411,0.2886360401961739,0.2444807957175576
H1840,0.382694589941054,0.382694589941054,1.571585081359686,0.5880193139874781,0.8980938002858123,0.1530778359764214
H1841,1.1959443602691306,1.1959443602691306,1.9371445805123928,0.0,0.9265002753040784,0.4783777441076521
H1842,0.3061556719528432,0.3061556719528432,1.6532634602227414,0.7397974444025011,0.944087290934872,0.1224622687811371
H1843,1.2758257278471984e-15,1.2758257278471984e-15,1.5309169606700903,0.9319494289817022,0.9816967718559092,5.103302911388794e-16
H1844,1.9863684636072987e-15,1.9863684636072987e-15,1.1384783901021716,0.48252771230027,0.9405702753274426,5.103302911388794e-16
H1845,1.8087327796672735e-15,1.8087327796672735e-15,1.4188749838100834,0.8418187834664828,0.9317749462961198,5.103302911388794e-16
H1846,0.08297180014147894,0.08297180014147894,1.159899109724964,0.473772770497969,0.8723863664813873,0.0331887200565915
H1847,0.5779656647160497,0.5779656647160497,1.5096483934890783,0.4557976756005911,0.7088057353656952,0.2311862658864196
H1848,0.49783374910132766,0.49783374910132766,1.5459126346989176,0.3810982457925727,0.9290003612044156,0.1991334996405308
H1849,0.4030781354760829,0.4030781354760829,1.5718173681033525,0.5770019559560182,0.8839220848280691,0.1612312541904331
H1850,1.4718171258269892,1.4718171258269892,2.380834504327624,0.1810847701218076,0.9551869530039864,0.5887268503307955
H1851,0.1902119905918396,0.1902119905918396,1.532455544010816,0.961280093638235,0.716524348135486,0.0760847962367357
H1852,0.6815609790760655,0.6815609790760655,1.9595783294130664,0.7368634692342487,0.8606582186870025,0.2726243916304261
H1853,1.4534614117872234e-15,1.4534614117872234e-15,1.0579755996072784,0.4644598503822914,0.8580096491268049,5.103302911388794e-16
H1854,0.2689491163912303,0.2689491163912303,1.2259924900397872,0.555636358398879,0.6406678586618174,0.1075796465564919
H1855,1.2092344064282465,1.2092344064282465,1.9581838896982824,4.674364515443258e-16,0.936186854087545,0.4836937625712984
H1856,1.8087327796672735e-15,1.8087327796672735e-15,1.228955203099683,0.6789170316357513,0.857276972238851,5.103302911388794e-16
H1857,1.7502518903768922,1.7502518903768922,2.4698649792241323,0.0,0.899516361059051,0.7001007561507566
H1858,0.11559313294321026,0.11559313294321026,1.1469647389097273,0.5316270231784316,0.7575874842797146,0.046237253177284
H1859,0.2889828323580256,0.2889828323580256,1.3213851969124772,0.3737603603250124,0.9167425953680524,0.11559313294321
H1860,1.8087327796672735e-15,1.8087327796672735e-15,1.4363726507528003,0.9266033401345924,0.8688624733064063,5.103302911388794e-16
H1861,2.1801921176808354e-15,2.1801921176808354e-15,1.307961182082002,0.7489575557839669,0.885993921818533,7.654954367083192e-16
H1862,0.7654184408253297,0.7654184408253297,1.9817815376789876,0.7708234904843502,0.7496303805827221,0.3061673763301318
H1863,1.4534614117872234e-15,1.4534614117872234e-15,1.39571387765878,0.8540867195485339,0.8905556275249392,5.103302911388794e-16
H1864,1.542279253757236e-15,1.542279253757236e-15,1.5721527957620405,0.9677995426119278,0.9973914520906206,5.103302911388794e-16
H1865,0.2282543887102081,0.2282543887102081,1.3447205423181927,0.7542631882760195,0.641319503733962,0.091301755484083
H1866,1.4534614117872234e-15,1.4534614117872234e-15,1.1363499569644118,0.6363740592410333,0.7840633869644795,5.103302911388794e-16
H1867,1.8087327796672735e-15,1.8087327796672735e-15,1.4818941857419656,0.936846005523093,0.9155217266543622,5.103302911388794e-16
H1868,0.8441342918372539,0.8441342918372539,2.100102996426356,0.6223065707754016,0.9476543099609748,0.3376537167349015
H1869,0.1972611368745781,0.1972611368745781,1.2796761156566423,0.5750655832282459,0.7779531402493348,0.0789044547498311
H1870,1.1953112422733911,1.1953112422733911,2.312030526483256,0.6389163882404104,0.7569827170219203,0.4781244969093565
H1871,1.4534614117872234e-15,1.4534614117872234e-15,1.073921892054042,0.5108175705719243,0.8315847944956265,5.103302911388794e-16
H1872,0.2889828323580256,0.2889828323580256,1.742970163712424,0.873624669722174,0.9438594944708244,0.11559313294321
H1873,0.41344164250131776,0.41344164250131776,1.502280131534466,0.5079177506246,0.8531303606668358,0.1653766570005269
H1874,1.1339171448381427,1.1339171448381427,1.6654809490199949,4.674364515443258e-16,0.6644547552273149,0.453566857935257
H1875,1.5307783597642126,1.5307783597642126,2.255468979531533,2.337182257721629e-16,0.9058632747091512,0.6123113439056849
H1876,1.6310970957272485e-15,1.6310970957272485e-15,1.3988323646747316,0.8020884497448161,0.9464520060985968,5.103302911388794e-16
H1877,0.06222885010611028,0.06222885010611028,1.3238409438617351,0.714046286699481,0.8629688304950508,0.0248915400424439
H1878,0.9168029839408415,0.9168029839408415,2.009271845869169,0.4526766903349956,0.9129093870754142,0.3667211935763363
H1879,0.10723992067597694,0.10723992067597694,0.9829137889268664,0.3903678635113181,0.7042244718022936,0.0428959682703907
H1880,0.6709154137012671,0.6709154137012671,1.8638234960164664,0.542326332839454,0.9488087700545452,0.2683661654805067
H1881,0.9177349188234017,0.9177349188234017,1.614146852699755,2.337182257721629e-16,0.8705149173454418,0.3670939675293605
H1882,0.11559313294321119,0.11559313294321119,1.548539176092304,0.8430753957361757,0.9481071582001902,0.0462372531772843
H1883,1.112730788755504,1.112730788755504,2.344633515118653,0.639901042994668,0.8999773649592686,0.4450923155022014
H1884,1.2596377577136867e-15,1.2596377577136867e-15,1.2840604501928423,0.7307579697875805,0.8743175929534716,2.551651455694397e-16
H1885,0.7653891798821074,0.7653891798821074,1.9432692999287164,0.5960307907819881,0.876319359276274,0.3061556719528427
H1886,0.35459673379244894,0.35459673379244894,1.669906830345879,0.7166519022319724,0.9274857184598154,0.1418386935169795
H1887,0.5168202355871192,0.5168202355871192,1.515712084907062,0.4916712800727547,0.7569435315771738,0.2067280942348477
H1888,0.7868166855163851,0.7868166855163851,1.7277030239226348,0.2586337150634474,0.9174742079443654,0.3147266742065538
H1889,0.08297203137631486,0.08297203137631486,1.4426607070272088,0.8550439637308735,0.844566880832744,0.0331888125505258
H1890,0.921101579506529,0.921101579506529,1.656787128277411,0.9196069359636024,0.0,0.3684406318026115
H1891,1.8087327796672735e-15,1.8087327796672735e-15,1.379722847588345,0.8359282033626725,0.888725356122757,5.103302911388794e-16
H1892,0.7433215652622789,0.7433215652622789,1.9752368443367367,0.6236247450337995,0.916269353809274,0.2973286261049113
H1893,1.3440609217676402,1.3440609217676402,2.0384593073716246,0.2294578897674115,0.6385400922375694,0.537624368707056
H1894,8.155485478636242e-16,8.155485478636242e-16,1.4226762518436822,0.8295382466044109,0.948807068200191,2.551651455694397e-16
H1895,0.19726113687457655,0.19726113687457655,1.305806355878101,0.4463545236739998,0.9393270000804064,0.0789044547498303
H1896,0.41344164250131776,0.41344164250131776,1.517025431840938,0.4526821007587792,0.9267976359157464,0.1653766570005269
H1897,0.5550141418861502,0.5550141418861502,1.6001150220671518,0.5955292828782935,0.7108468173479591,0.2220056567544598
H1898,0.5779656647160496,0.5779656647160496,1.2413572439660727,2.337182257721629e-16,0.8292394740625291,0.2311862658864196
H1899,0.569382007391524,0.569382007391524,1.6673227308902077,0.4105188897307458,0.9619070146426087,0.2277528029566095
H1900,0.8229389436835908,0.8229389436835908,1.875356965660804,0.6003703480148099,0.7151521794567074,0.3291755774734362
H1901,2.5354634855608854e-15,2.5354634855608854e-15,1.4638979499318048,0.892172735518202,0.9376997018965514,7.654954367083192e-16
H1902,1.195944360269131,1.195944360269131,1.9373192419241736,0.0,0.926718602068804,0.4783777441076522
H1903,1.4534614117872234e-15,1.4534614117872234e-15,1.2658428717342252,0.7027478013722415,0.8795557882955383,5.103302911388794e-16
H1904,8.155485478636242e-16,8.155485478636242e-16,0.948568229853596,0.243458765134746,0.9422515221822478,2.551651455694397e-16
H1905,0.8669224758282863,0.8669224758282863,1.8232636966398437,0.2639213033057382,0.9315052227087088,0.3467689903313143
H1906,0.9877431660165968,0.9877431660165968,1.3928607851979362,4.674364515443258e-16,0.5063970239766737,0.3950972664066386
H1907,0.08297180014147894,0.08297180014147894,1.4817080644249057,0.7855895452773922,0.9628307850768912,0.0331887200565915
H1908,1.4534614117872234e-15,1.4534614117872234e-15,1.305930183022796,0.7587608047358132,0.8736519240426802,5.103302911388794e-16
H1909,1.2092344064282465,1.2092344064282465,1.8444144323747211,4.674364515443258e-16,0.7939750324330938,0.4836937625712984
H1910,1.8087327796672735e-15,1.8087327796672735e-15,1.519882258641211,0.9618508323615534,0.9380019909399586,5.103302911388794e-16
H1911,1.9863684636072987e-15,1.9863684636072987e-15,1.4627275464340168,0.8732843734922184,0.9551250595503006,5.103302911388794e-16
H1912,0.6277276780680292,0.6277276780680292,1.755367932036123,0.5038354279841599,0.905714889475958,0.2510910712272114
H1913,0.1493499339603777,0.1493499339603777,1.140939831634848,0.6363740592410333,0.6031133128520552,0.0597399735841509
H1914,0.24891540042443489,0.24891540042443489,1.411061798506874,0.5973314134821172,0.8553515841209323,0.0995661601697738
H1915,1.6310970957272485e-15,1.6310970957272485e-15,1.3468601345708549,0.7917730481248131,0.8918021200887539,5.103302911388794e-16
H1916,1.8087327796672735e-15,1.8087327796672735e-15,1.4476036403429728,0.8707373335500962,0.9387672168786182,5.103302911388794e-16
H1917,0.45784830044155433,0.45784830044155433,1.6994566051190327,0.8216236310138645,0.7303867498329836,0.1831393201766216
H1918,1.8087327796672735e-15,1.8087327796672735e-15,0.744259869454397,2.337182257721629e-16,0.9303248368179944,5.103302911388794e-16
H1919,1.4534614117872234e-15,1.4534614117872234e-15,1.218894048077334,0.619169596253894,0.9044479638427718,5.103302911388794e-16
H1920,1.79937610718579,1.79937610718579,2.4204154668268067,0.7762991995512711,0.0,0.7197504428743159
H1921,0.757323138719309,0.757323138719309,1.3059410951337496,0.6857724455180512,0.0,0.3029292554877235
H1922,1.6310970957272485e-15,1.6310970957272485e-15,1.4871839444812998,0.9023224153822949,0.9566575152193282,5.103302911388794e-16
H1923,2.664535259100375e-16,2.664535259100375e-16,1.250395931475606,0.7456059116707375,0.8173890026737702,0.0
H1924,1.8087327796672735e-15,1.8087327796672735e-15,1.0156579713697675,0.3236069852907656,0.9459654789214422,5.103302911388794e-16
H1925,1.8087327796672735e-15,1.8087327796672735e-15,1.4156017764780406,0.8639872911219193,0.9055149294756296,5.103302911388794e-16
H1926,0.36443972712641237,0.36443972712641237,1.7382038983221988,0.8445699116821805,0.8726353023125527,0.1457758908505649
H1927,0.3747668110556456,0.3747668110556456,1.1053323275671838,0.4526766903349956,0.4605302053044278,0.149906724422258
H1928,1.6310970957272485e-15,1.6310970957272485e-15,1.027555330376461,0.5518455103375413,0.7325986526330333,5.103302911388794e-16
H1929,0.4682829832395608,0.4682829832395608,1.7572604828982306,0.8896091144833715,0.7216127600899656,0.1873131932958242
H1930,0.5779656647160494,0.5779656647160494,1.3470099795634858,4.674364515443258e-16,0.9613053935592952,0.2311862658864196
H1931,1.8087327796672735e-15,1.8087327796672735e-15,1.447852909223605,0.8811280290485314,0.9286881074809732,5.103302911388794e-16
H1932,0.5932312533962157,0.5932312533962157,1.787736265072725,0.6226607891407009,0.8704704754549357,0.2372925013584863
H1933,1.3531960180967273,1.3531960180967273,2.099813898517205,0.320471464085632,0.6128008864399658,0.5412784072386907
H1934,1.3916955765847887,1.3916955765847887,1.7312970153519738,0.4245017984589817,2.301052742623314e-16,0.5566782306339153
H1935,0.510259453254739,0.510259453254739,1.606556983717927,0.5108175705719243,0.8595543425070611,0.2041037813018955
H1936,0.887299045202481,0.887299045202481,1.8280744454760625,0.2770428915354038,0.8989263588065731,0.3549196180809922
H1937,1.8087327796672735e-15,1.8087327796672735e-15,1.3823971921227067,0.7707804245318088,0.9572160656215728,5.103302911388794e-16
H1938,0.33046873242876385,0.33046873242876385,1.4368844558103255,0.579462179437376,0.8035574747895762,0.1321874929715054
H1939,1.8336059678816805,1.8336059678816805,2.578744882113956,4.674364515443258e-16,0.931423642790344,0.7334423871526721
H1940,0.36788728710785534,0.36788728710785534,1.3705323923007633,0.5161438227927448,0.7371625586983909,0.1471549148431419
H1941,0.11812618357180663,0.11812618357180663,1.4119609686755186,0.7411988884974673,0.8760945928821735,0.0472504734287224
H1942,1.6310970957272485e-15,1.6310970957272485e-15,1.1750798350088112,0.6129973965019824,0.8558523972590297,5.103302911388794e-16
H1943,9.931842318036493e-16,9.931842318036493e-16,1.206400349641976,0.557888133267614,0.9501123037848552,2.551651455694397e-16
H1944,0.8591717442935618,0.8591717442935618,1.756583908660989,0.318207730669707,0.8035574747895762,0.3436686977174247
H1945,1.3971458330738302,1.3971458330738302,2.3802664735711296,0.2684161859063961,0.9604846147152292,0.5588583332295318
H1946,1.4534614117872234e-15,1.4534614117872234e-15,1.075612131303938,0.4814904153249612,0.8630247488049594,5.103302911388794e-16
H1947,0.23293298209559185,0.23293298209559185,1.656644686233144,0.9092008254195112,0.8704388047524291,0.0931731928382366
H1948,1.6310970957272485e-15,1.6310970957272485e-15,1.4327837917984434,0.9307776483129656,0.8602020914350869,5.103302911388794e-16
H1949,0.24891687455066477,0.24891687455066477,1.4571392186527063,0.5821996036276031,0.9280783264999491,0.0995667498202657
H1950,1.1959443602691306,1.1959443602691306,1.9427534138715197,0.0,0.9335113170029864,0.4783777441076521
H1951,0.8268832850026342,0.8268832850026342,1.6041366739287,2.337182257721629e-16,0.9715667361575824,0.3307533140010535
H1952,0.8238540954226288,0.8238540954226288,1.7260582733071774,0.499403136852509,0.6283520855031771,0.3295416381690514
H1953,1.8087327796672735e-15,1.8087327796672735e-15,1.5105515092549586,0.924289826576335,0.9638995599923617,5.103302911388794e-16
H1954,0.6987969076300808,0.6987969076300808,1.3464348573880254,4.674364515443258e-16,0.8095474371974307,0.2795187630520321
H1955,1.6310970957272485e-15,1.6310970957272485e-15,1.2229890199250888,0.7385379426332516,0.7901983322731077,5.103302911388794e-16
H1956,1.2758257278471984e-15,1.2758257278471984e-15,1.3166152393441652,0.8034694447694111,0.8422996044107937,5.103302911388794e-16
H1957,1.8087327796672735e-15,1.8087327796672735e-15,1.3540495533633654,0.7955467433690263,0.8970151983351786,5.103302911388794e-16
H1958,0.9168029839408414,0.9168029839408414,2.2479958409865093,0.804679638315333,0.8593114329917523,0.3667211935763363
H1959,1.8087327796672735e-15,1.8087327796672735e-15,1.3830794428280218,0.8420233551328727,0.8868259484021529,5.103302911388794e-16
H1960,0.24891540042443489,0.24891540042443489,0.9678368400414428,0.8986517995212601,2.301052742623314e-16,0.0995661601697738
H1961,0.2889828323580256,0.2889828323580256,1.444253339119627,0.4647101190247366,0.9793780144272656,0.11559313294321
H1962,0.5779656647160493,0.5779656647160493,1.3492066263772156,2.337182257721629e-16,0.9640512020764576,0.2311862658864196
H1963,1.8087327796672735e-15,1.8087327796672735e-15,1.2110044646732363,0.6528723908267594,0.8608831900147841,5.103302911388794e-16
H1964,0.9168029839408411,0.9168029839408411,2.153538111741726,0.8282648016538506,0.7176541080972558,0.3667211935763362
H1965,0.46339659065060324,0.46339659065060324,1.4237372681947258,0.5830797340950328,0.6173461128351202,0.1853586362602413
H1966,1.4146367330421672,1.4146367330421672,2.2160178314343346,0.0949643992807544,0.9067619737094552,0.5658546932168667
H1967,1.4534614117872234e-15,1.4534614117872234e-15,1.2168198451923573,0.6382257280329147,0.8827990784575303,5.103302911388794e-16
H1968,1.9863684636072987e-15,1.9863684636072987e-15,1.4637395016881036,0.8835147934297457,0.946159583680382,5.103302911388794e-16
H1969,0.43055518038702556,0.43055518038702556,1.7223786242076855,0.7465513560705246,0.8682279487053013,0.17222207215481
H1970,1.0822000660217979,1.0822000660217979,1.8952360762407856,0.1725327865128376,0.8437622262608974,0.432880026408719
H1971,1.4534614117872234e-15,1.4534614117872234e-15,1.1907811135925943,0.693769080923038,0.794707311067703,5.103302911388794e-16
H1972,1.2758257278471984e-15,1.2758257278471984e-15,1.433352145643524,0.9169379407646276,0.8747522412897755,5.103302911388794e-16
H1973,0.757248514348004,0.757248514348004,1.8861585879250915,0.4949478635872018,0.9161897283841578,0.3028994057392015
H1974,0.30615567195284393,0.30615567195284393,1.519307194982203,0.5954186234223146,0.9210207803643846,0.1224622687811374
H1975,1.6310970957272485e-15,1.6310970957272485e-15,1.3646491804718108,0.7539613528277855,0.9518501227619764,5.103302911388794e-16
H1976,0.9055936683536441,0.9055936683536441,2.091690219574885,0.7332986860909303,0.7493220029356216,0.3622374673414575
H1977,1.4534614117872234e-15,1.4534614117872234e-15,1.3854648968449128,0.8806086189960297,0.8512225020601096,5.103302911388794e-16
H1978,0.22817291285873792,0.22817291285873792,1.4904757358304224,0.6929163152165234,0.8849622134980822,0.0912691651434951
H1979,1.6310970957272485e-15,1.6310970957272485e-15,1.443034096014903,0.9342280308379404,0.8695645891806867,5.103302911388794e-16
H1980,0.6434395240558541,0.6434395240558541,1.4035293670837388,4.674364515443258e-16,0.9501123037848552,0.2573758096223416
H1981,1.6310970957272485e-15,1.6310970957272485e-15,1.4652607859183495,0.8759228528592607,0.9556531295386748,5.103302911388794e-16
H1982,1.8087327796672735e-15,1.8087327796672735e-15,1.4031723047622922,0.8803134569101831,0.8736519240426802,5.103302911388794e-16
H1983,0.4134416425013178,0.4134416425013178,1.630703179290344,0.5422392866348921,0.9793376343513912,0.1653766570005269
H1984,1.9863684636072987e-15,1.9863684636072987e-15,1.4929299623290124,0.9380983356662238,0.92806411724504,5.103302911388794e-16
H1985,1.5504607067613567,1.5504607067613567,1.8093462949939687,0.3236069852907656,0.0,0.6201842827045425
H1986,1.6310970957272485e-15,1.6310970957272485e-15,1.292906043221654,0.8510503677157244,0.7650821863113416,5.103302911388794e-16
H1987,1.8087327796672735e-15,1.8087327796672735e-15,1.0431393645873162,0.4814904153249612,0.8224337904091821,5.103302911388794e-16
H1988,0.30615567195284393,0.30615567195284393,1.625388762126576,0.7662422842596354,0.8827990784575303,0.1224622687811374
H1989,0.5577399939441567,0.5577399939441567,1.4944010354521704,0.3447596032411574,0.8260666986438596,0.2230959975776626
H1990,0.18668741745047043,0.18668741745047043,1.4881384256456298,0.9507692903685948,0.6760444698753542,0.0746749669801881
H1991,1.9165777680231584,1.9165777680231584,2.6653402026634323,4.674364515443258e-16,0.935953043300342,0.7666311072092633
H1992,1.6310970957272485e-15,1.6310970957272485e-15,1.4921202494871704,0.9146724154317804,0.9504778964271808,5.103302911388794e-16
H1993,0.9168029839408414,0.9168029839408414,2.1907046974790467,0.7199907754413696,0.8723863664813873,0.3667211935763363
H1994,1.5504607067613565,1.5504607067613565,2.163536703973182,0.7663449965147823,0.0,0.6201842827045425
H1995,0.5464573666367959,0.5464573666367959,1.7528495665756396,0.5531200222286238,0.9548702276949316,0.2185829466547181
H1996,0.2795195785147109,0.2795195785147109,1.449493352029116,0.7022038702879434,0.7602633466050636,0.1118078314058841
H1997,0.0622288501061101,0.0622288501061101,1.3920651528450916,0.8167165868000085,0.8455787916237186,0.0248915400424439
H1998,0.7890470140122307,0.7890470140122307,1.5690154218952612,2.337182257721629e-16,0.9749605098537883,0.3156188056048921
H1999,0.9674904159503199,0.9674904159503199,2.0048979987664723,0.48110546685846,0.8156540116617305,0.3869961663801279
H2000,1.4534614117872234e-15,1.4534614117872234e-15,1.3162024630702964,0.9582569924116708,0.6869960864261978,5.103302911388794e-16
H2001,1.4534614117872234e-15,1.4534614117872234e-15,1.247943506938094,0.8729332972464178,0.6869960864261978,5.103302911388794e-16
H2002,0.6112019892938942,0.6112019892938942,2.1115395946434354,0.8940660738393245,0.9813559328476016,0.2444807957175576
H2003,0.7653891798821073,0.7653891798821073,1.6632788219439958,0.2766301399512931,0.8457319126260682,0.3061556719528427
H2004,1.8087327796672735e-15,1.8087327796672735e-15,1.326601808601648,0.9512636596713016,0.7069886010807568,5.103302911388794e-16
H2005,0.5378989264869694,0.5378989264869694,1.5025266454248043,0.3425957364146617,0.8631889122576323,0.2151595705947876
H2006,1.6310970957272485e-15,1.6310970957272485e-15,1.1776776481500102,0.7120262430448897,0.7600708171426213,5.103302911388794e-16
H2007,1.8087327796672735e-15,1.8087327796672735e-15,1.344335707418593,0.7249107109268558,0.9555089233463836,5.103302911388794e-16
H2008,0.11559313294321137,0.11559313294321137,1.2569166860774568,0.5302807062805318,0.8963737351372754,0.0462372531772843
H2009,0.4556708929094269,0.4556708929094269,1.5624964771156806,0.5242205472660649,0.8593114329917523,0.1822683571637707
H2010,0.04978308008488813,0.04978308008488813,1.404349432367853,0.7951141400678942,0.8980938002858123,0.019913232033955
H2011,1.9405944736929617,1.9405944736929617,2.6209545488558863,2.337182257721629e-16,0.8504500939536561,0.7762377894771845
H2012,0.12445770021221846,0.12445770021221846,1.3382910557478425,0.6301965407466448,0.8870951536728859,0.0497830800848871
H2013,0.9653267175019756,0.9653267175019756,1.7413002474965174,0.1866690502334576,0.7832978622597194,0.3861306870007902
H2014,1.8087327796672735e-15,1.8087327796672735e-15,1.1266414481046527,0.4644598503822914,0.9438419597485228,5.103302911388794e-16
H2015,0.46055078975326524,0.46055078975326524,1.5591981409939932,0.8110571256276299,0.5622520634232805,0.1842203159013059
H2016,1.1591799289998177,1.1591799289998177,2.23692462848166,0.7323990559214448,0.6147818184308587,0.4636719715999269
H2017,1.9863684636072987e-15,1.9863684636072987e-15,1.2156562887171165,0.6905764708700195,0.8289938900263745,5.103302911388794e-16
H2018,0.8410960819114743,0.8410960819114743,1.8241213023753435,0.5291741586650526,0.6996073669147841,0.3364384327645895
H2019,0.7653891798821063,0.7653891798821063,1.9166374683512288,0.6207933553277485,0.8182670052586545,0.3061556719528424
H2020,1.0758011827748812,1.0758011827748812,2.056841192945911,0.2684161859063961,0.9578838268073916,0.4303204731099523
H2021,1.2092344064282465,1.2092344064282465,1.9749876818075545,4.674364515443258e-16,0.9571915942241348,0.4836937625712984
H2022,0.2489154004244347,0.2489154004244347,0.7614496873538887,4.674364515443258e-16,0.6406678586618174,0.0995661601697738
H2023,1.4534614117872234e-15,1.4534614117872234e-15,1.5339943941763037,0.9406929407207444,0.9768000519996332,5.103302911388794e-16
H2024,0.9211015795065293,0.9211015795065293,1.606359180320327,0.8565720010172475,0.0,0.3684406318026115
H2025,1.8087327796672735e-15,1.8087327796672735e-15,1.2552746313616794,0.9271083436119107,0.6419849455901865,5.103302911388794e-16
H2026,1.6310970957272485e-15,1.6310970957272485e-15,1.2054338825058617,0.557888133267614,0.9489042198647112,5.103302911388794e-16
H2027,1.6310970957272485e-15,1.6310970957272485e-15,1.441519761426914,0.8341369738647556,0.9677627279188848,5.103302911388794e-16
H2028,1.2596377577136867e-15,1.2596377577136867e-15,1.367378456384775,0.7345096817728488,0.9747133887081192,2.551651455694397e-16
H2029,0.3945222737491541,0.3945222737491541,1.4957140171482683,0.4100696538206883,0.9664200254282048,0.1578089094996615
H2030,8.155485478636242e-16,8.155485478636242e-16,1.2793287073016089,0.6475474485826854,0.9516134355443248,2.551651455694397e-16
H2031,0.39452227374915433,0.39452227374915433,1.0422609852668234,2.337182257721629e-16,0.8096733893970867,0.1578089094996615
H2032,1.9863684636072987e-15,1.9863684636072987e-15,1.5025474636386826,0.923364292546942,0.9548200370014096,5.103302911388794e-16
H2033,1.8087327796672735e-15,1.8087327796672735e-15,1.4549006425656483,0.8712225412991946,0.9474032619078644,5.103302911388794e-16
H2034,0.6941737894353719,0.6941737894353719,1.9681740471771445,0.6766830539783845,0.9158172681988316,0.2776695157741486
H2035,1.2789161604106085,1.2789161604106085,2.006336920503632,0.0,0.90927595011628,0.5115664641642432
H2036,0.14794616097017427,0.14794616097017427,1.5645813941354598,0.8195085475064827,0.951285493950124,0.0591784643880696
H2037,8.155485478636242e-16,8.155485478636242e-16,0.8420145479462443,0.1825590548162496,0.8699591301165549,2.551651455694397e-16
H2038,0.19071002407909043,0.19071002407909043,1.4551801446123385,0.6635427153720015,0.9170449352945588,0.076284009631636
H2039,0.7752303533806796,0.7752303533806796,1.9476104168907853,0.8452881935978588,0.6201868857897743,0.3100921413522716
H2040,0.8669224758282863,0.8669224758282863,1.862007790813326,0.3581764029529831,0.8856802407783171,0.3467689903313143
H2041,1.8087327796672735e-15,1.8087327796672735e-15,1.4060172100944297,0.8672316819243734,0.8902898306936617,5.103302911388794e-16
H2042,1.8336059678816805,1.8336059678816805,2.574482818039436,4.674364515443258e-16,0.926096062697194,0.7334423871526721
H2043,0.5878540596254703,0.5878540596254703,1.4334821691754325,0.3194703167993069,0.7375648201381458,0.235141623850188
H2044,0.06575371229152668,0.06575371229152668,1.384681964908996,0.8997341095644621,0.7489262062073743,0.0263014849166106
H2045,0.7075205901293149,0.7075205901293149,1.5690681543829172,0.8123988468829071,0.2645356084340959,0.2830082360517258
H2046,1.3398118114762865,1.3398118114762865,2.053719012152456,0.0733599502667847,0.8190240505784279,0.5359247245905144
H2047,0.7094661901776985,0.7094661901776985,1.2022923075586582,0.6160326467261998,2.301052742623314e-16,0.2837864760710792
H2048,0.4738573432399118,0.4738573432399118,1.4987375420883802,0.7762991995512711,0.5048010490093147,0.1895429372959645
H2049,1.8087327796672735e-15,1.8087327796672735e-15,1.057238105552185,0.3687299196797545,0.9528177122604748,5.103302911388794e-16
H2050,0.8268832850026341,0.8268832850026341,1.5949275791937112,2.337182257721629e-16,0.9600553677388468,0.3307533140010534
H2051,0.49783218825788855,0.49783218825788855,1.2084416557347055,4.674364515443258e-16,0.8882618343460211,0.1991328753031553
H2052,0.465865964191183,0.465865964191183,1.5493154354081815,0.424280884814272,0.9300309542069756,0.1863463856764732
H2053,0.41344164250131776,0.41344164250131776,1.4731692400974463,0.4473852749914401,0.8772742220037213,0.1653766570005269
H2054,1.5504607067613567,1.5504607067613567,2.220429720627352,0.8374612673324944,0.0,0.6201842827045425
H2055,0.19265522157201742,0.19265522157201742,1.4185131635673136,0.6099154335316541,0.9224069939624664,0.0770620886288069
H2056,0.12445770021221828,0.12445770021221828,1.0823099897467818,0.336432171903421,0.8608831900147841,0.0497830800848871
H2057,0.36839195842700206,0.36839195842700206,1.2488659497545334,0.6498458537104891,0.4507466354489252,0.1473567833708007
H2058,1.8087327796672735e-15,1.8087327796672735e-15,0.9480919345492226,0.5747546650565855,0.6103602531299411,5.103302911388794e-16
H2059,0.38269458994105454,0.38269458994105454,1.6507327562000076,0.7166519022319724,0.8683958055917196,0.1530778359764217
H2060,0.6602016608841282,0.6602016608841282,1.7591118251022255,0.4852933226635366,0.8883443826090855,0.2640806643536512
H2061,0.06575371229152686,0.06575371229152686,1.342600225615868,0.6679509703898121,0.9281071712656144,0.0263014849166106
H2062,0.3493984538150411,0.3493984538150411,1.8483971126604128,0.9302382691110692,0.9435100544456452,0.1397593815260163
H2063,0.3975525099067089,0.3975525099067089,1.563047871937852,0.489780585291135,0.9670886172477948,0.1590210039626832
H2064,1.6310970957272485e-15,1.6310970957272485e-15,0.9132321061008478,0.2665308263437058,0.8750093062823524,5.103302911388794e-16
H2065,0.3733748349009418,0.3733748349009418,1.3282604787500851,0.4357156655875716,0.757891389223858,0.1493499339603765
H2066,1.6310970957272485e-15,1.6310970957272485e-15,1.315195026871996,0.8749137217056409,0.7690800618843524,5.103302911388794e-16
H2067,0.5779656647160496,0.5779656647160496,1.61323400369974,0.3623351493533672,0.931750274376246,0.2311862658864196
H2068,1.8087327796672735e-15,1.8087327796672735e-15,0.9863817559582106,0.424280884814272,0.8086963101334896,5.103302911388794e-16
H2069,0.6046172032141244,0.6046172032141244,2.052139480970273,0.8791996849723897,0.9302031622227964,0.2418468812856495
H2070,1.8087327796672735e-15,1.8087327796672735e-15,1.46057063061634,0.9472856922068056,0.8784275960636176,5.103302911388794e-16
H2071,7.993605777301124e-16,7.993605777301124e-16,1.2929060432216528,0.8510503677157244,0.7650821863113416,0.0
H2072,0.5102594532547388,0.5102594532547388,1.505720343549834,0.550970534998286,0.693355577870583,0.2041037813018955
H2073,1.7199149376972609e-15,1.7199149376972609e-15,1.495991369678188,0.9284580807181756,0.9415311313795576,5.103302911388794e-16
H2074,0.45840149197042107,0.45840149197042107,1.876664678626378,0.892169175193445,0.8806598081265014,0.1833605967881683
H2075,1.0820020737736617e-15,1.0820020737736617e-15,1.0342281974166494,0.3219490339159984,0.9708362128548124,2.551651455694397e-16
H2076,1.6310970957272485e-15,1.6310970957272485e-15,1.4205603058370673,0.9411561217531164,0.834544260543216,5.103302911388794e-16
H2077,0.12445770021221789,0.12445770021221789,1.5029360230061746,0.7819441848059648,0.9411537186864816,0.0497830800848869
H2078,0.9455196231225174,0.9455196231225174,1.9544244541708409,0.3460161886912061,0.9151148501191986,0.3782078492490068
H2079,0.44157131570096064,0.44157131570096064,1.6608334897405157,0.704699513154694,0.8193782043947501,0.1766285262803841
H2080,1.0780298463702551,1.0780298463702551,1.6450744346628112,2.337182257721629e-16,0.7088057353656952,0.4312119385481019
H2081,1.8087327796672735e-15,1.8087327796672735e-15,1.4640261316818806,0.9472335861448188,0.8827990784575303,5.103302911388794e-16
H2082,0.41344164250131754,0.41344164250131754,1.6675731307994044,0.6402575926986109,0.9274067676739978,0.1653766570005269
H2083,0.6987969076300806,0.6987969076300806,1.907628646815354,0.9381358405140574,0.5729038334675346,0.2795187630520321
H2084,1.0671045944384487,1.0671045944384487,2.1310560187529983,0.3714777649045178,0.9584615154886696,0.4268418377753792
H2085,0.6609374648575272,0.6609374648575272,1.4208184569217033,4.674364515443258e-16,0.94985124008022,0.2643749859430108
H2086,1.6310970957272485e-15,1.6310970957272485e-15,1.3821765317105823,0.8749137217056409,0.8528069429325855,5.103302911388794e-16
H2087,0.19726113687457827,0.19726113687457827,1.5630741403380486,0.8479866743028655,0.8592795800264729,0.0789044547498311
H2088,0.4000847219257123,0.4000847219257123,1.5711520016949023,0.5615676933745115,0.9022664063369767,0.1600338887702848
H2089,1.9863684636072987e-15,1.9863684636072987e-15,1.4924166013335405,0.9419106603846276,0.923610091282296,5.103302911388794e-16
H2090,1.8087327796672735e-15,1.8087327796672735e-15,1.3208190944376654,0.8221399994868236,0.8288838685602563,5.103302911388794e-16
H2091,0.18668741745047152,0.18668741745047152,1.229084054808648,0.4273879250626565,0.8756078716350647,0.0746749669801884
H2092,2.350410587621711,2.350410587621711,2.350410587621711,2.337182257721629e-16,2.301052742623314e-16,0.9401642350486842
H2093,0.5779656647160496,0.5779656647160496,1.3423723817520683,4.674364515443258e-16,0.9555083962950236,0.2311862658864196
H2094,0.035559342917778125,0.035559342917778125,1.291997220383055,0.6428497212115757,0.927697625620021,0.014223737167111
H2095,1.8087327796672735e-15,1.8087327796672735e-15,1.336847628364925,0.9384608828231216,0.7325986526330333,5.103302911388794e-16
H2096,1.0929147332735898,1.0929147332735898,1.8746441304576589,0.0733599502667847,0.9038017962133024,0.4371658933094357
H2097,0.7972962401794207,0.7972962401794207,1.3134525781747213,0.3565593822979518,0.2886360401961739,0.3189184960717682
H2098,1.2758257278471984e-15,1.2758257278471984e-15,1.5225078549561393,0.9559448248897766,0.9471899938053958,5.103302911388794e-16
H2099,0.6987969076300805,0.6987969076300805,1.6268465056412875,0.3092110223569941,0.8508509751570147,0.2795187630520321
H2100,1.7199149376972609e-15,1.7199149376972609e-15,1.480662725218563,0.9243281312191232,0.9265002753040784,5.103302911388794e-16
H2101,0.4633965906506022,0.4633965906506022,1.4007292389168635,0.3161048591865117,0.8555609511463151,0.1853586362602408
H2102,1.1464283466618073,1.1464283466618073,1.8189365178681407,0.1573045616014807,0.6833306524064372,0.4585713386647227
H2103,1.6310970957272485e-15,1.6310970957272485e-15,1.2269088346454031,0.7105144429727291,0.8231216003340233,5.103302911388794e-16
H2104,1.4534614117872234e-15,1.4534614117872234e-15,1.2898220717890942,0.8220792574632585,0.7901983322731077,5.103302911388794e-16
H2105,0.5245443876395672,0.5245443876395672,1.530349321068092,0.388343936986223,0.8689122297994325,0.2098177550558269
H2106,1.6310970957272485e-15,1.6310970957272485e-15,1.069951652090492,0.6008494416636094,0.7365901234495038,5.103302911388794e-16
H2107,1.6310970957272485e-15,1.6310970957272485e-15,1.4299892241195025,0.9266033401345924,0.8608831900147841,5.103302911388794e-16
H2108,0.3466669951778395,0.3466669951778395,1.6772851496086454,0.7697315743480639,0.8935411186904438,0.1386667980711357
H2109,0.9168029839408414,0.9168029839408414,2.179388606986943,0.6998044327440098,0.8784275960636176,0.3667211935763363
H2110,0.24891609412894478,0.24891609412894478,1.2322626831246806,0.3377369649805754,0.8914462712640945,0.0995664376515777
H2111,1.4534614117872234e-15,1.4534614117872234e-15,1.2778410148607795,0.6411549963766406,0.9561462721993323,5.103302911388794e-16
H2112,1.7199149376972609e-15,1.7199149376972609e-15,1.409683842129574,0.9430163941121984,0.8190884085497674,5.103302911388794e-16
H2113,0.5779656647160496,0.5779656647160496,1.4053538987694083,0.6896680832350679,0.3445672093316313,0.2311862658864196
H2114,0.12445770021221828,0.12445770021221828,1.3923113329579324,0.7949172937020247,0.7898997472301186,0.0497830800848871
H2115,1.4534614117872234e-15,1.4534614117872234e-15,1.3804886318313738,0.7936310199760728,0.9319797698131428,5.103302911388794e-16
H2116,1.6310970957272485e-15,1.6310970957272485e-15,1.331021836476297,0.7781262997283008,0.8856509958670684,5.103302911388794e-16
H2117,1.4534614117872234e-15,1.4534614117872234e-15,1.4435050916375487,0.8575758174692537,0.9468055470776804,5.103302911388794e-16
H2118,0.5818807641711242,0.5818807641711242,1.6754190304574488,0.4873670445623677,0.8795557882955383,0.2327523056684495
H2119,1.8566163787141992,1.8566163787141992,2.355781327773824,0.6239561863245316,0.0,0.7426465514856795
H2120,0.30703385983551057,0.30703385983551057,1.3819228743392733,0.7778633846413795,0.5657478834883238,0.1228135439342041
H2121,1.8087327796672735e-15,1.8087327796672735e-15,1.4467734926845923,0.9267262597344512,0.8817406061212874,5.103302911388794e-16
H2122,0.5345855600591343,0.5345855600591343,1.5832139236294052,0.4109117456153949,0.8998737088474439,0.2138342240236536
H2123,0.2067208212506587,0.2067208212506587,1.2795735523233709,0.4916712800727547,0.849394633768136,0.0826883285002633
H2124,1.0820020737736617e-15,1.0820020737736617e-15,1.4551452863359524,0.9009589985622456,0.917972609357694,2.551651455694397e-16
H2125,1.9863684636072987e-15,1.9863684636072987e-15,1.260798473969017,0.7602614435976285,0.8157366488636411,5.103302911388794e-16
H2126,1.8087327796672735e-15,1.8087327796672735e-15,1.269620166430316,0.6580048770985978,0.9290203309392956,5.103302911388794e-16
H2127,0.7467496698018821,0.7467496698018821,1.8216040358714445,0.4105188897307458,0.9330490678562076,0.2986998679207526
H2128,0.29040286133409016,0.29040286133409016,1.415552462888512,0.5177116458202703,0.888725356122757,0.116161144533636
H2129,0.4409798953309137,0.4409798953309137,1.600924149552396,0.5772950154643008,0.8726353023125527,0.1763919581323653
H2130,1.6310970957272485e-15,1.6310970957272485e-15,1.4228561533036044,0.8990144033339654,0.8795557882955383,5.103302911388794e-16
H2131,1.4534614117872234e-15,1.4534614117872234e-15,1.4465392225985492,0.8592581958951677,0.9489158323530168,5.103302911388794e-16
H2132,0.9790318340469495,0.9790318340469495,2.415611500062086,0.8454270739655386,0.950297508553383,0.3916127336187796
H2133,1.8087327796672735e-15,1.8087327796672735e-15,1.3841667444827168,0.7975348086149607,0.9326736219884332,5.103302911388794e-16
H2134,1.8336059678816805,1.8336059678816805,2.5795494342466254,4.674364515443258e-16,0.932429332956181,0.7334423871526721
H2135,0.06575371229152611,0.06575371229152611,1.5596213855953025,0.9717671245075508,0.8955674671221697,0.0263014849166103
H2136,1.6310970957272485e-15,1.6310970957272485e-15,1.3234813097083895,0.7656262810127284,0.888725356122757,5.103302911388794e-16
H2137,0.26301567133741044,0.26301567133741044,1.3975564540587704,0.6116105026322238,0.806565475769476,0.1052062685349641
H2138,0.16594406275262974,0.16594406275262974,1.494386301548528,0.7314087641745315,0.9291440343203412,0.0663776251010519
H2139,0.8601661953518664,0.8601661953518664,1.4784169636814908,2.337182257721629e-16,0.7728134604120306,0.3440664781407463
H2140,1.8087327796672735e-15,1.8087327796672735e-15,1.4233427892073016,0.8511283627745936,0.9280501237345316,5.103302911388794e-16
H2141,0.4813251583783428,0.4813251583783428,1.6374423812714978,0.4744229644426176,0.9707235641738264,0.192530063351337
H2142,0.6098258909063152,0.6098258909063152,1.7760560907030554,0.6384095453511751,0.8193782043947501,0.243930356362526
H2143,1.8087327796672735e-15,1.8087327796672735e-15,1.3897066171962749,0.9025890109521256,0.834544260543216,5.103302911388794e-16
H2144,0.7467496698018817,0.7467496698018817,1.7402336232018911,0.2810052411735678,0.9608497005764444,0.2986998679207526
H2145,0.9168029839408411,0.9168029839408411,2.401216416811049,0.897995645326759,0.9575211457610024,0.3667211935763362
H2146,0.2795195785147109,0.2795195785147109,1.7281146865910544,0.9124065271864612,0.8983373579089688,0.1118078314058841
H2147,0.747949139054252,0.747949139054252,1.833021572138497,0.7069444742346196,0.6493960671206874,0.2991796556217006
H2148,0.6602016608841286,0.6602016608841286,1.658118788264749,0.6645277275195982,0.5828686817061777,0.2640806643536513
H2149,1.4534614117872234e-15,1.4534614117872234e-15,1.373713588381471,0.8322896025695277,0.8848523829073096,5.103302911388794e-16
H2150,0.1972611368745781,0.1972611368745781,1.297425624766804,0.4214261647976006,0.953779445067682,0.0789044547498311
H2151,1.8087327796672735e-15,1.8087327796672735e-15,1.3778263557601031,0.8592581958951677,0.8630247488049594,5.103302911388794e-16
H2152,1.8087327796672735e-15,1.8087327796672735e-15,1.4533143756170384,0.946146941570122,0.8704960279511743,5.103302911388794e-16
H2153,1.1214614425486316,1.1214614425486316,2.228065084174889,0.6958138190422969,0.6874407329905255,0.4485845770194525
H2154,0.5779656647160494,0.5779656647160494,1.2666722167278768,4.674364515443258e-16,0.8608831900147841,0.2311862658864196
H2155,1.6310970957272485e-15,1.6310970957272485e-15,1.3576482343011351,0.8056140216123227,0.8914462712640945,5.103302911388794e-16
H2156,0.6987969076300808,0.6987969076300808,1.4617842347950374,4.674364515443258e-16,0.9537341589561958,0.2795187630520321
H2157,0.9124865175619281,0.9124865175619281,1.883399711405314,0.7006196674346604,0.5130218248695723,0.3649946070247711
H2158,1.0820020737736617e-15,1.0820020737736617e-15,1.4049547925580643,0.8643913706088258,0.8918021200887539,2.551651455694397e-16
H2159,1.6310970957272485e-15,1.6310970957272485e-15,1.384277385236122,0.8530725095414294,0.8772742220037213,5.103302911388794e-16
H2160,1.2758257278471984e-15,1.2758257278471984e-15,1.235260524232835,0.6050307828380178,0.939044872453024,5.103302911388794e-16
H2161,0.7653891798821074,0.7653891798821074,1.695606338578953,0.2766301399512931,0.8861413084197648,0.3061556719528427
H2162,0.6112019892938942,0.6112019892938942,2.072223609668557,0.8622758555737393,0.9640011698945894,0.2444807957175576
H2163,0.7752303533806794,0.7752303533806794,1.908329769355216,0.7963310499028575,0.6200432200653132,0.3100921413522716
H2164,0.3853116270738074,0.3853116270738074,1.609128253831967,0.6571354811351464,0.8726353023125527,0.1541246508295229
R0,1.600000000000001,1.600000000000001,0.4264269574325345,0.5330336967906669,2.5631257517603564e-16,3.207098136765695e-16
R1,1.600000000000001,1.600000000000001,1.1568582134160676,0.7283135806380948,0.7177591861319887,3.207098136765695e-16
R2,1.600000000000001,1.600000000000001,1.5213152988750298,0.9529531098778572,0.948691013715929,3.207098136765695e-16
R3,1.853923360225247,1.853923360225247,1.7728793282642163,0.6175648713639876,0.703779819495098,0.286321430230779
R4,1.6865211522772094,1.6865211522772094,2.013756373335404,0.8243086169180787,0.5991368497511755,0.3500000000000002
R5,2.6261517967150696,2.6261517967150696,2.491213388065084,2.609714233344349e-16,0.8313269891875184,0.7304607186860277
R6,1.600000000000001,1.600000000000001,1.2072907733418534,0.5947500700006557,0.91436339667666,3.207098136765695e-16
R7,1.600000000000001,1.600000000000001,1.274593747157946,0.8024500679813479,0.7907921159660835,3.207098136765695e-16
R8,1.600000000000001,1.600000000000001,0.4937476616091072,0.6171845770113827,2.5631257517603564e-16,3.207098136765695e-16
R9,1.600000000000001,1.600000000000001,1.3069524795624747,0.7621119381983632,0.871578661254729,3.207098136765695e-16
R10,1.600000000000001,1.600000000000001,1.2536075346864062,0.8355883016935304,0.7314211166644762,3.207098136765695e-16
R11,1.8984013676289104,1.8984013676289104,1.7204891276818166,0.6298204878956475,0.7395409217066221,0.2500000000000003
R12,1.3091077662648256,1.3091077662648256,1.6433778269323367,0.7481208547107493,0.9626099399370922,0.1099172764856253
R13,1.600000000000001,1.600000000000001,0.1573530703779748,0.1966913379724673,2.5631257517603564e-16,3.207098136765695e-16
R14,1.6,1.6,1.0945623396564792,0.8075373600308324,0.5606655645397663,0.0
R15,1.6000000000000005,1.6000000000000005,1.2368861471281218,0.7537673751883942,0.7923403087217575,1.6035490683828475e-16
R16,1.600000000000001,1.600000000000001,1.3978263865669804,0.8062109018184332,0.941072081390291,3.207098136765695e-16
R17,1.600000000000001,1.600000000000001,1.29302506863388,0.893525243737252,0.7227560920550966,3.207098136765695e-16
R18,1.600000000000001,1.600000000000001,1.1389509143646692,0.7280293421252212,0.6956593008306142,3.207098136765695e-16
R19,1.9032138896664756,1.9032138896664756,1.9133993065908992,0.80139612466061,0.7113356464949193,0.2812855558665902
R20,1.5032138896664757,1.5032138896664757,1.648179272675774,0.2523537770413173,0.9288529517203056,0.2812855558665902
R21,1.011143782456279,1.011143782456279,1.2300495524578443,0.3649335809412869,0.90869863156067,0.0844575129825115
R22,1.600000000000001,1.600000000000001,1.225206538874645,0.6675642456391967,0.8639439279541083,3.207098136765695e-16
R23,1.600000000000001,1.600000000000001,0.9930802110724642,0.5359577142375785,0.7053925496030007,3.207098136765695e-16
R24,1.226047413903447,1.226047413903447,1.7966298367911833,0.1533670079775111,0.8527542394456123,0.3966931355410738
R25,1.600000000000001,1.600000000000001,1.1512521320814657,0.7695783920593604,0.6694867730424703,3.207098136765695e-16
R26,1.6593145750507627,1.6593145750507627,1.394189150809835,0.0133693284883988,0.948117110023894,0.2500000000000002
R27,1.600000000000001,1.600000000000001,1.2549677758719058,0.6327294149224946,0.9359803049173864,3.207098136765695e-16
R28,1.600000000000001,1.600000000000001,1.203583240838114,0.8191205575261039,0.6853584935215371,3.207098136765695e-16
R29,1.600000000000001,1.600000000000001,1.3737907603332569,0.8884109598025641,0.8288274906140058,3.207098136765695e-16
R30,1.600000000000001,1.600000000000001,1.3560570790449855,0.7031262012035506,0.9919451476026804,3.207098136765695e-16
R31,1.6000000000000005,1.6000000000000005,1.1211560472935904,0.5884986142236579,0.8129464448933295,1.6035490683828475e-16
R32,1.8709806644835885,1.8709806644835885,2.419630055035804,0.3075194888535849,0.9700439588728218,0.5590317187418715
R33,1.600000000000001,1.600000000000001,1.3271560072878563,0.9505497099343672,0.7083952991754523,3.207098136765695e-16
R34,1.600000000000001,1.600000000000001,0.93736683550801,0.4712455327440189,0.7004630116409927,3.207098136765695e-16
R35,1.600000000000001,1.600000000000001,1.0502828949516465,0.7155522533093941,0.5973013653801627,3.207098136765695e-16
R36,1.7130758983575354,1.7130758983575354,2.1015519884851206,0.645806233120809,0.8397888795386727,0.365230359343014
R37,1.600000000000001,1.600000000000001,1.3067802061063452,0.7070704375578956,0.9264048200750348,3.207098136765695e-16
R38,2.2843145750507627,2.2843145750507627,1.7494276671393043,0.3634898754790774,0.2607947084450531,0.5000000000000001
R39,2.6261517967150696,2.6261517967150696,2.5576679022544795,2.609714233344349e-16,0.914395131924262,0.7304607186860277
R40,2.3098215203664023,2.3098215203664023,2.0741649003123146,2.609714233344349e-16,0.7054292249323906,0.6039286081465608
R41,1.600000000000001,1.600000000000001,1.349165282775575,0.7803789153559255,0.906077688113542,3.207098136765695e-16
R42,1.6593145750507623,1.6593145750507623,1.8689328507040328,0.6837061579804289,0.8712099053996117,0.25
R43,1.600000000000001,1.600000000000001,1.1324989817375122,0.7641635186525915,0.6514602085192975,3.207098136765695e-16
R44,2.3098215203664023,2.3098215203664023,2.171216246071077,2.609714233344349e-16,0.8267434071308443,0.6039286081465608
R45,1.600000000000001,1.600000000000001,1.0656686975778356,0.5412762846387431,0.79080958733355,3.207098136765695e-16
R46,1.5549107601832015,1.5549107601832015,1.5893146690133586,0.1454786562684938,0.8975262297692028,0.3019643040732805
R47,1.600000000000001,1.600000000000001,1.205917752830823,0.8020046414355269,0.7053925496030007,3.207098136765695e-16
R48,1.600000000000001,1.600000000000001,0.9820033382779004,0.7837985983593959,0.4437055744879786,3.207098136765695e-16
R49,1.600000000000001,1.600000000000001,1.226671152394928,0.7348079929287727,0.7985309475648859,3.207098136765695e-16
R50,1.7541056397418269,1.7541056397418269,2.1307779846976214,0.4708404311947435,2.5631257517603564e-16,0.7016422558967306
R51,1.600000000000001,1.600000000000001,0.9444068031115572,0.4967570738450457,0.6837514300443996,3.207098136765695e-16
R52,1.9314826437923407,1.9314826437923407,2.0759172923763183,0.711051071914317,0.8028255721489878,0.3459263908502696
R53,1.600000000000001,1.600000000000001,1.269359211034358,0.7675499484226931,0.8191490653702532,3.207098136765695e-16
R54,1.825102762683458,1.825102762683458,1.8684275965227837,0.7827812280548668,0.6940245450546643,0.2747931912140633
R55,1.600000000000001,1.600000000000001,1.1591742648102643,0.4887759844531394,0.96019184655969,3.207098136765695e-16
R56,1.600000000000001,1.600000000000001,1.2081952065377104,0.8150036339429414,0.6952403742291956,3.207098136765695e-16
R57,1.600000000000001,1.600000000000001,1.3100431464415656,0.7876352059423068,0.8499187271096489,3.207098136765695e-16
R58,1.600000000000001,1.600000000000001,1.3702881523561192,0.7921878065408097,0.920672383904338,3.207098136765695e-16
R59,2.0500000000000007,2.0500000000000007,1.9686530272322875,2.609714233344349e-16,0.8983162840403587,0.5000000000000001
R60,1.5260901045142634,1.5260901045142634,1.5611833276508582,0.1554612288352394,0.8884053000855043,0.2904360418057052
R61,1.600000000000001,1.600000000000001,1.147447839868971,0.6106838100566194,0.823625989779593,3.207098136765695e-16
R62,2.062886003622191,2.062886003622191,2.064117568088405,2.609714233344349e-16,0.7944326743962205,0.5714285714285715
R63,1.600000000000001,1.600000000000001,1.1719750896634913,0.6308784442932025,0.8340904177861604,3.207098136765695e-16
R64,2.716730561555937,2.716730561555937,3.034508452474568,0.6732259514472014,0.6389251580053131,0.7939150259650226
R65,1.600000000000001,1.600000000000001,1.4107118960629996,0.7732848991745579,0.9901049709041904,3.207098136765695e-16
R66,1.6593145750507627,1.6593145750507627,1.759032294150218,0.75882283856367,0.6587175291241016,0.2500000000000002
R67,1.600000000000001,1.600000000000001,1.1840469121928672,0.5827102017145817,0.897348438526501,3.207098136765695e-16
R68,1.600000000000001,1.600000000000001,1.0366360739687817,0.5757083162920283,0.7200867761689477,3.207098136765695e-16
R69,1.600000000000001,1.600000000000001,1.2501430237071738,0.619869866437693,0.9428089131962728,3.207098136765695e-16
R70,1.5808576752123362,1.5808576752123362,1.7838084045957128,0.7277573723205418,0.9485807702190532,0.1770951562256147
R71,1.600000000000001,1.600000000000001,1.3286821353626177,0.8191205575261039,0.8417321116771667,3.207098136765695e-16
R72,1.600000000000001,1.600000000000001,1.3058264904808998,0.9719684034062458,0.6603147096948777,3.207098136765695e-16
R73,1.600000000000001,1.600000000000001,1.2422600323517647,0.7446372692828778,0.8081877711568268,3.207098136765695e-16
R74,2.5080266285427895,2.5080266285427895,2.548625681132285,0.6262396125918994,0.757842536478303,0.5765439847504491
R75,1.600000000000001,1.600000000000001,1.2073543502338224,0.5906184055750786,0.918574532217198,3.207098136765695e-16
R76,1.600000000000001,1.600000000000001,1.3711938799335364,0.7744629140013528,0.9395294359155664,3.207098136765695e-16
R77,1.600000000000001,1.600000000000001,1.4059970093714913,0.8467566815590223,0.9107395801553406,3.207098136765695e-16
R78,1.5549107601832015,1.5549107601832015,1.8204102341189716,0.4730439590719971,0.8588303833477154,0.3019643040732805
R79,1.6190598923241502,1.6190598923241502,1.5885404239361658,0.8703154885151121,0.8028600414050946,0.1000000000000002
R80,1.600000000000001,1.600000000000001,1.296245263868851,0.6961795915908138,0.9241269882452492,3.207098136765695e-16
R81,1.600000000000001,1.600000000000001,1.166461565364687,0.6323200020153613,0.8257569546904963,3.207098136765695e-16
R82,1.6166666666666671,1.6166666666666671,1.539545924487094,0.6054520348143195,0.7981470374612138,0.1666666666666668
R83,1.6000000000000005,1.6000000000000005,1.2784897268150597,0.702886480853468,0.8952256776653559,1.6035490683828475e-16
R84,1.600000000000001,1.600000000000001,1.5562720706614848,1.0,0.9453400883268548,3.207098136765695e-16
R85,1.600000000000001,1.600000000000001,1.049387069871833,0.4887759844531394,0.8229578528866506,3.207098136765695e-16
R86,1.600000000000001,1.600000000000001,1.2290723641492391,0.6786149351151745,0.8577255200713735,3.207098136765695e-16
R87,2.4509946113183507,2.4509946113183507,2.591649846263616,0.4614812893011173,0.7143377543804641,0.6603978445273402
R88,1.0500000000000007,1.0500000000000007,1.1836128972316344,0.6885454722360036,0.4784706493035385,0.1000000000000002
R89,1.6788679929737902,1.6788679929737902,1.6302681082465544,0.6885454722360036,0.5435978906684046,0.2578213671692111
R90,1.600000000000001,1.600000000000001,1.0714734983762069,0.4984653860238243,0.8408764869464331,3.207098136765695e-16
R91,1.600000000000001,1.600000000000001,1.204854791410697,0.7960071110934255,0.7100613781699446,3.207098136765695e-16
R92,1.3608868261230103,1.3608868261230103,1.5945574547323575,0.8957003541658921,0.689281150409245,0.1306289004288992
R93,1.600000000000001,1.600000000000001,1.259109211105578,0.8134192538905014,0.7604672599914696,3.207098136765695e-16
R94,1.2688092597776506,1.2688092597776506,1.3302364381235297,0.2783965802420709,0.7983873926902783,0.1875237039110601
R95,1.2877938870776149,1.2877938870776149,1.6632002992679809,0.2160790326124084,0.6758287134359233,0.3798696409717261
R96,2.6016150393210182,2.6016150393210182,2.5140248691552367,0.786016837221138,0.6962471596077723,0.5312854686768435
R97,1.600000000000001,1.600000000000001,1.2779095217480867,0.8509006919290218,0.7464862102560852,3.207098136765695e-16
R98,1.600000000000001,1.600000000000001,1.27065615667743,0.8782588176768416,0.7100613781699446,3.207098136765695e-16
R99,1.600000000000001,1.600000000000001,1.1515329331343418,0.6804371013939553,0.7589790650239706,3.207098136765695e-16
R100,1.600000000000001,1.600000000000001,1.46976133648732,0.9372203485273746,0.8999813220817742,3.207098136765695e-16
R101,2.45,2.45,2.200238520442937,0.347596102949033,0.8402020476046379,0.5000000000000001
R102,1.817244874292324,1.817244874292324,2.015072878252566,0.6242095613876708,0.9159686623760848,0.3131721196966247
R103,1.600000000000001,1.600000000000001,0.888345865362714,0.6119331840534392,0.4984991476499522,3.207098136765695e-16
R104,1.0812855558665913,1.0812855558665913,1.6732424149380336,0.8177510607435476,0.9221950130957552,0.1125142223466364
R105,1.6900680342955765,1.6900680342955765,1.5175324467137374,0.4136131379755114,0.9624690870833268,0.1666666666666667
R106,1.600000000000001,1.600000000000001,1.3032228075113317,0.907597145072256,0.7214313643169075,3.207098136765695e-16
R107,1.5859013676289102,1.5859013676289102,1.6621180537313534,0.7795649937400217,0.9074575734241692,0.1250000000000002
R108,1.7212975530859205,1.7212975530859205,1.733184897088309,0.3906037950841834,0.9171486037322552,0.2747931912140633
R109,1.600000000000001,1.600000000000001,1.3383628555582543,0.7861843285749547,0.886769240872862,3.207098136765695e-16
R110,1.4087172655716906,1.4087172655716906,1.6158656158087965,0.4287689260636562,0.8301665117327262,0.2434869062286761
R111,1.2631197846483,1.2631197846483,1.255692612397013,0.7129027538552722,0.7004630116409927,0.0500000000000002
R112,1.844316680383941,1.844316680383941,1.620802253716008,0.3065709067114577,0.8366857907640001,0.2824787582942566
R113,1.983883053487693,1.983883053487693,1.751045757467801,0.3752445211809651,0.8337088587941698,0.3135532213950771
R114,1.600000000000001,1.600000000000001,1.3524474234667907,0.9943121197257152,0.6962471596077723,3.207098136765695e-16
R115,2.483842678072004,2.483842678072004,2.468865049681891,0.3719634835606301,0.7928179000240031,0.6148159771256738
R116,1.5547864513149665,1.5547864513149665,1.6716963990282008,0.6545824285531204,0.9142047368987968,0.1666666666666668
R117,1.7631197846483002,1.7631197846483002,1.1156778396806064,0.613347299600757,2.5631257517603564e-16,0.2500000000000002
R118,2.3098215203664023,2.3098215203664023,2.055014138672771,2.609714233344349e-16,0.6814907728829607,0.6039286081465608
R119,1.600000000000001,1.600000000000001,1.282543319530911,0.7927969805870164,0.8103821688266211,3.207098136765695e-16
R120,1.600000000000001,1.600000000000001,1.20121296245985,0.8010531914338185,0.7004630116409927,3.207098136765695e-16
R121,1.050000000000001,1.050000000000001,1.4762946173716602,0.6466076561527938,0.8862606155617804,0.1000000000000003
R122,1.600000000000001,1.600000000000001,1.3194034039113438,0.7039178163236534,0.9453364385655252,3.207098136765695e-16
R123,1.600000000000001,1.600000000000001,1.4189584743917163,0.8935637087158653,0.8801343842737789,3.207098136765695e-16
R124,1.3206360052815416,1.3206360052815416,0.7355503978269182,0.5615362094951734,2.5631257517603564e-16,0.1145285720923117
R125,1.3922163628392363,1.3922163628392363,1.4068401975681888,0.5137481467568075,0.7974248654678359,0.1431607151153896
R126,1.600000000000001,1.600000000000001,1.2411661194984254,0.7200250088812972,0.8314326404917334,3.207098136765695e-16
R127,1.2166666666666672,1.2166666666666672,1.4314745924774237,0.4452294705888865,0.8232804366745587,0.1666666666666668
R128,2.0925951061718404,2.0925951061718404,2.64596979502289,0.5018434311733913,0.7756613675173272,0.6495863824281264
R129,1.600000000000001,1.600000000000001,1.433453071379496,0.8890086808798334,0.9028076583445352,3.207098136765695e-16
R130,1.600000000000001,1.600000000000001,1.2979441819138096,0.6584570089686411,0.9639732184236196,3.207098136765695e-16
R131,1.600000000000001,1.600000000000001,1.0058498580158717,0.7054119062681657,0.5519004162516724,3.207098136765695e-16
R132,1.600000000000001,1.600000000000001,1.1295099205138062,0.6805577747765894,0.7313296258656671,3.207098136765695e-16
R133,1.8062072924885226,1.8062072924885226,1.140321594252501,0.3511462962772466,2.5631257517603564e-16,0.3437618228922813
R134,1.600000000000001,1.600000000000001,1.408684596027471,0.9184918473383132,0.8423638976960242,3.207098136765695e-16
R135,2.3881197846482998,2.3881197846482998,2.049356393477268,2.609714233344349e-16,0.999195491846584,0.5000000000000001
R136,1.5808576752123362,1.5808576752123362,1.4406177159022164,0.3978664816059235,0.8494833000668012,0.1770951562256147
R137,1.600000000000001,1.600000000000001,1.370246997446,0.7374930112882455,0.9753157355192532,3.207098136765695e-16
R138,1.3679119067589098,1.3679119067589098,1.5744183907664333,0.7479653145625575,0.8030610092602997,0.133438932683259
R139,1.600000000000001,1.600000000000001,1.1966909695394825,0.8744084662564019,0.62145524566795,3.207098136765695e-16
R140,1.825102762683458,1.825102762683458,2.056589720247553,0.8785027827834102,0.8335056449820826,0.2747931912140633
R141,1.600000000000001,1.600000000000001,1.2565553577040662,0.8810085253382173,0.6896856717918644,3.207098136765695e-16
R142,2.2064277793329508,2.2064277793329508,2.0261326909953974,0.0,0.774631139578058,0.5625711117331803
R143,1.3286351995012886,1.3286351995012886,1.7741374521328312,0.5568778157894285,2.5631257517603564e-16,0.5314540798005153
R144,1.600000000000001,1.600000000000001,0.5979583114060966,2.609714233344349e-16,0.7474478892576194,3.207098136765695e-16
R145,2.2843145750507627,2.2843145750507627,2.267287997008953,0.4268962009153649,0.8447137953458259,0.5000000000000001
R146,1.600000000000001,1.600000000000001,1.5048364491891408,0.97854007455023,0.9025054869361948,3.207098136765695e-16
R147,1.5859013676289102,1.5859013676289102,1.5160367116660076,0.6667482816874508,0.8376726078950579,0.1250000000000002
R148,1.600000000000001,1.600000000000001,1.3470084584465996,0.846053001207419,0.8377075718508291,3.207098136765695e-16
R149,1.600000000000001,1.600000000000001,1.2181710940702564,0.8270545667572051,0.6956593008306142,3.207098136765695e-16
R150,1.600000000000001,1.600000000000001,1.34209072130307,0.7322401224834186,0.9453732791454176,3.207098136765695e-16
R151,1.600000000000001,1.600000000000001,1.2163019525084224,0.5789161920343455,0.9414612486011812,3.207098136765695e-16
R152,1.600000000000001,1.600000000000001,1.330340165876417,0.7636665534845319,0.8992586538609878,3.207098136765695e-16
R153,1.75011815062771,1.75011815062771,1.6213084730621603,0.2274537767299789,0.9044273451265372,0.286321430230779
R154,1.600000000000001,1.600000000000001,1.3602295297899496,0.7740374878251115,0.9262494244123244,3.207098136765695e-16
R155,1.7142950882592853,1.7142950882592853,1.5551250232155784,0.5491765225490326,0.8738964231371064,0.1666666666666668
R156,1.1744831717908584,1.1744831717908584,1.5530011588125776,0.4731474837771492,1.0,0.1497932687163432
R157,1.600000000000001,1.600000000000001,0.9613044584676156,0.2576604887881893,0.9439700842963292,3.207098136765695e-16
R158,2.45,2.45,2.610803814485757,0.9491924586947664,0.7518123094124296,0.5000000000000001
R159,2.2979326871634305,2.2979326871634305,2.257227419373792,2.609714233344349e-16,0.9491184152629524,0.5991730748653721
R160,1.600000000000001,1.600000000000001,1.4535904948680398,0.9173690380426492,0.8996190805423994,3.207098136765695e-16
R161,1.6900680342955767,1.6900680342955767,1.6767131284191457,0.9204145726206596,0.6546435045699383,0.1666666666666668
R162,1.600000000000001,1.600000000000001,1.2743511168824502,0.9040307475126252,0.6889081485904365,3.207098136765695e-16
R163,1.600000000000001,1.600000000000001,1.335153860657338,0.8229594937950182,0.8459828320266531,3.207098136765695e-16
R164,2.811878355705886,2.811878355705886,3.039817265545879,2.609714233344349e-16,0.9962485027051776,0.8971273853526944
R165,1.600000000000001,1.600000000000001,1.185962872395677,0.7455924035258705,0.7368611869687247,3.207098136765695e-16
R166,1.3630500865500759,1.3630500865500759,1.5279054501909857,0.7803001263961659,0.4257690781549713,0.2252200346200303
R167,1.600000000000001,1.600000000000001,1.2991772151342125,0.7350525361024278,0.8889189828153364,3.207098136765695e-16
R168,1.600000000000001,1.600000000000001,1.1499125831544377,0.7317141847407675,0.7056765442022782,3.207098136765695e-16
R169,1.600000000000001,1.600000000000001,1.3487980281298648,0.743105209470566,0.9428923256917638,3.207098136765695e-16
R170,1.600000000000001,1.600000000000001,1.3454638886368944,0.8792763005138095,0.8025535602823073,3.207098136765695e-16
R171,1.600000000000001,1.600000000000001,1.4559151542878306,0.924946196496597,0.8949477463631901,3.207098136765695e-16
R172,1.6900680342955767,1.6900680342955767,1.6200118826852563,0.8060645782477135,0.698116941775523,0.1666666666666668
R173,1.081285555866591,1.081285555866591,1.3425418891795562,0.5677815686059247,0.7587888480352821,0.1125142223466363
R174,2.3098215203664023,2.3098215203664023,2.063083012478725,2.609714233344349e-16,0.6915768651404035,0.6039286081465608
R175,1.8449488730813228,1.8449488730813228,1.625186800036012,0.3532381924236943,0.7053925496030007,0.3113128825658624
R176,1.600000000000001,1.600000000000001,1.0909817051253548,0.8245292187238715,0.5391979126828208,3.207098136765695e-16
R177,1.600000000000001,1.600000000000001,1.1646738061053865,0.6239245922558299,0.831917665375902,3.207098136765695e-16
R178,2.2846421049500543,2.2846421049500543,1.862160268574775,0.471897704530901,0.0,0.5938568419800216
R179,1.644575129825114,1.644575129825114,1.8771123103265053,0.5709216591360456,0.7197498164906939,0.3378300519300455
R180,1.1125000000000007,1.1125000000000007,1.1249019565660927,0.3198431448770009,0.6956593008306142,0.1250000000000002
R181,1.600000000000001,1.600000000000001,1.1674635154786803,0.7608402369369062,0.6984891574114429,3.207098136765695e-16
R182,1.600000000000001,1.600000000000001,0.7184491807897051,0.89806147598713,2.5631257517603564e-16,3.207098136765695e-16
R183,2.059698507289119,2.059698507289119,1.9731727211711787,0.4890766853354129,0.6956593008306142,0.4101535728953427
R184,1.600000000000001,1.600000000000001,1.0877730083254449,0.6673567908053587,0.6923594696014459,3.207098136765695e-16
R185,1.600000000000001,1.600000000000001,1.186285090201697,0.645254057936239,0.8376023048158812,3.207098136765695e-16
R186,1.1308723258068152,1.1308723258068152,1.4152042013855808,0.6726651545258043,0.6827496899476526,0.132348930322726
R187,1.600000000000001,1.600000000000001,0.8956861676396651,0.4696723979245266,0.6499353116250538,3.207098136765695e-16
R188,1.600000000000001,1.600000000000001,1.0667935236782915,0.5054997973885887,0.8279921072092747,3.207098136765695e-16
R189,2.5279052622576863,2.5279052622576863,2.3533285456761237,0.1242535312077024,0.9504187918787969,0.5974362748827695
R190,1.600000000000001,1.600000000000001,1.269724757867534,0.8010760613061946,0.7860798860282221,3.207098136765695e-16
R191,1.600000000000001,1.600000000000001,0.2901975739421267,0.3627469674276571,2.5631257517603564e-16,3.207098136765695e-16
R192,2.52340136762891,2.52340136762891,2.238594689302232,0.3075194888535849,0.928223872774205,0.5000000000000001
R193,1.600000000000001,1.600000000000001,0.559732950204366,0.6996661877554562,2.5631257517603564e-16,3.207098136765695e-16
R194,1.4509812417174293,1.4509812417174293,1.6366099468610018,0.6381514121091921,0.8867776881337259,0.1666666666666668
R195,1.600000000000001,1.600000000000001,1.0147857453977955,0.5680191701062506,0.7004630116409927,3.207098136765695e-16
R196,1.5938267123961147,1.5938267123961147,1.697352604100694,0.7867641897922285,0.8081206910136468,0.1685778797823974
R197,1.600000000000001,1.600000000000001,1.40094438492267,0.8092579283021526,0.9419225528511836,3.207098136765695e-16
R198,1.7375284647172378,1.7375284647172378,1.444694322665153,0.6592536432610017,0.2675968979873447,0.2812855558665902
R199,1.6588957902667008,1.6588957902667008,1.6474902996960636,0.6430905648007317,0.8954389764860137,0.1666666666666668
R200,1.600000000000001,1.600000000000001,1.1052403022403334,0.6961795915908138,0.6853707862096019,3.207098136765695e-16
R201,2.6027865536121055,2.6027865536121055,2.157787712215149,0.2432884366128117,0.7004630116409927,0.5611146214448421
R202,1.4863214302307795,1.4863214302307795,1.2545430075177906,0.795870185965857,0.4144067856429069,0.1145285720923117
R203,1.600000000000001,1.600000000000001,0.8978170160402706,0.4306944049099337,0.6915768651404035,3.207098136765695e-16
R204,1.600000000000001,1.600000000000001,1.2941493702277458,0.7827490226905506,0.8349376900941305,3.207098136765695e-16
R205,2.132805924859613,2.132805924859613,1.8877290547535888,0.575344243733662,0.7100613781699446,0.3437618228922813
R206,2.5371824904500504,2.5371824904500504,2.258788290825267,0.652007250469021,0.0,0.6948729961800201
R207,1.1825986518261669,1.1825986518261669,1.4392686205703231,0.6354789674086586,0.6853584935215371,0.1530394607304666
R208,2.2846421049500543,2.2846421049500543,2.066660740024415,2.609714233344349e-16,0.7275232938429506,0.5938568419800216
R209,1.8310852959371953,1.8310852959371953,1.8333334546891724,0.6000441164228099,0.6956593008306142,0.3187082883545732
R210,1.3530228634053356,1.3530228634053356,1.243146371426945,0.3689026682189615,0.786644935621503,0.1274833153418293
R211,2.5371824904500504,2.5371824904500504,2.3151118121408203,0.7224116521134628,0.0,0.6948729961800201
R212,1.600000000000001,1.600000000000001,1.4671443673634912,0.942874512128072,0.8910559470762907,3.207098136765695e-16
R213,1.600000000000001,1.600000000000001,0.9284121018109418,0.2940968476175639,0.8664182796461123,3.207098136765695e-16
R214,1.600000000000001,1.600000000000001,1.1519521100996866,0.6131638256528553,0.8267763119717516,3.207098136765695e-16
R215,1.6772023837179653,1.6772023837179653,1.1605646253597113,0.2575673286332406,0.5966354734189421,0.190880953487186
R216,1.600000000000001,1.600000000000001,1.2481068024211992,0.6822425016442349,0.8778910013822626,3.207098136765695e-16
R217,1.5600421531186255,1.5600421531186255,0.9721870441876528,0.5580743326497365,2.5631257517603564e-16,0.2102910312271453
R218,1.600000000000001,1.600000000000001,1.2350551435602497,0.8389285483225015,0.7048903811278091,3.207098136765695e-16
R219,1.600000000000001,1.600000000000001,1.2361622493733029,0.8398102621136266,0.7053925496030007,3.207098136765695e-16
R220,2.5371824904500504,2.5371824904500504,2.454628241921281,0.8968071893390386,0.0,0.6948729961800201
R221,1.600000000000001,1.600000000000001,1.1534732523445017,0.5074544265457851,0.9343871388848404,3.207098136765695e-16
R222,1.600000000000001,1.600000000000001,1.4713158827682005,0.9264616777964954,0.912683175663754,3.207098136765695e-16
R223,1.9711172061320055,1.9711172061320055,2.6996188595914674,2.609714233344349e-16,0.9106270668243276,0.788446882452802
R224,1.4129129758623633,1.4129129758623633,1.6004870474044235,0.6985850740524309,0.9585322461855186,0.1099172764856255
R225,1.600000000000001,1.600000000000001,1.149247324803158,0.5984270195732179,0.8381321364307284,3.207098136765695e-16
R226,1.600000000000001,1.600000000000001,1.266732478144598,0.8780230480777456,0.7053925496030007,3.207098136765695e-16
R227,1.8559914890175797,1.8559914890175797,0.7942862688917331,0.1728684748426917,2.5631257517603564e-16,0.2623965956070318
R228,1.600000000000001,1.600000000000001,0.9625911904064108,0.5298865237402086,0.6733524642678037,3.207098136765695e-16
R229,2.5119829780351584,2.5119829780351584,2.2475524886062948,0.4535345050738303,0.7159273831400907,0.5247931912140633
R230,1.600000000000001,1.600000000000001,1.0461088960603897,0.5979891694236067,0.7096469506518792,3.207098136765695e-16
R231,1.600000000000001,1.600000000000001,0.9937985511611596,0.5119647143846776,0.7302834745667709,3.207098136765695e-16
R232,1.717502554913999,1.717502554913999,2.0514630895604995,0.5072520048977293,0.4959851010373016,0.4995493619249899
R233,1.600000000000001,1.600000000000001,1.463687736835832,0.938123569596872,0.891486101447917,3.207098136765695e-16
R234,1.600000000000001,1.600000000000001,1.22304633522901,0.6000914314631819,0.9287164875730796,3.207098136765695e-16
R235,2.583333333333334,2.583333333333334,2.318875490919571,0.7880207219167489,0.5480736417327144,0.5000000000000001
R236,2.489150259650226,2.489150259650226,2.297678857355213,0.7606607471312334,2.5631257517603564e-16,0.6756601038600903
R237,1.4236821172729517,1.4236821172729517,2.0386552084339877,0.4739746115396944,0.9411883618183264,0.3626099318990282
R238,1.4923032270742016,1.4923032270742016,1.3974807448194553,0.2735727204140751,0.9007923955809446,0.1831954608093757
R239,1.645833333333333,1.645833333333333,1.4075238365565,0.5672097632677738,0.8015700324278513,0.1249999999999998
R240,1.600000000000001,1.600000000000001,1.460419975374642,0.9561528768602852,0.869372092358016,3.207098136765695e-16
R241,1.600000000000001,1.600000000000001,1.1445217759085646,0.8347672449621993,0.5958849749235052,3.207098136765695e-16
R242,1.5032138896664757,1.5032138896664757,1.1245486025473,0.52666839110103,2.5631257517603564e-16,0.2812855558665902
R243,1.5032138896664757,1.5032138896664757,0.949981408620176,0.3084593986921251,2.5631257517603564e-16,0.2812855558665902
R244,1.600000000000001,1.600000000000001,1.2960737016227806,0.9131157729007744,0.7069763541277003,3.207098136765695e-16
R245,1.600000000000001,1.600000000000001,1.1543643140048538,0.5261968259329994,0.9167585665730668,3.207098136765695e-16
R246,1.600000000000001,1.600000000000001,1.4502027089439735,0.9259276171035145,0.8868257690764513,3.207098136765695e-16
R247,1.8250000000000006,1.8250000000000006,1.8268416737555668,0.7125025394434887,0.7897995527509692,0.2500000000000002
R248,2.4142253352339633,2.4142253352339633,2.1822316652917806,0.0966218449339402,0.9062792864517842,0.5519643040732805
R249,1.6166666666666671,1.6166666666666671,1.6649802068317687,0.7508683978299596,0.8095235273764174,0.1666666666666668
R250,1.6,1.6,1.3338795447823086,0.8548307878382791,0.8125186431396063,0.0
R251,1.4624690215363367,1.4624690215363367,1.62963124297252,0.2369343506984107,0.8173178877175666,0.3144917808958952
R252,2.5445475639812503,2.5445475639812503,2.511934335184904,0.810383951193235,0.5714992436217065,0.5625711117331803
R253,1.600000000000001,1.600000000000001,1.2716654958470135,0.704129161752308,0.8854527080564577,3.207098136765695e-16
R254,1.5347872446213557,1.5347872446213557,1.9226691664865427,0.508306201864697,0.9765462004667872,0.2939148978485422
R255,1.600000000000001,1.600000000000001,1.365012297286249,0.8677976234701075,0.8384677481377029,3.207098136765695e-16
R256,1.4087172655716906,1.4087172655716906,1.80429704414392,0.8730194775473369,0.62145524566795,0.2434869062286761
R257,2.398790744196151,2.398790744196151,2.230323580736811,2.609714233344349e-16,0.789416045675825,0.6395162976784602
R258,1.4250000000000007,1.4250000000000007,1.56868712967575,0.2652137801704245,0.914395131924262,0.2500000000000002
R259,1.973314874656031,1.973314874656031,2.787990566249525,0.7596439266640306,0.9253673544945048,0.5759926165290788
R260,3.176543698650796,3.176543698650796,3.276193600458198,0.5276859129618374,0.4425560876109102,1.0
R261,1.600000000000001,1.600000000000001,1.209993559214373,0.8704987223924573,0.6419932266255078,3.207098136765695e-16
R262,1.5897023837179654,1.5897023837179654,2.1278564365520234,0.7752115928582011,0.897480973184372,0.315880953487186
R263,2.408280531121078,2.408280531121078,2.2348947483354715,0.2150829659836266,0.861078024347818,0.5495863824281264
R264,1.600000000000001,1.600000000000001,1.1440006884986555,0.589625329465843,0.8403755311574753,3.207098136765695e-16
R265,1.600000000000001,1.600000000000001,1.2604664937121002,0.8112915085631955,0.7642916085769286,3.207098136765695e-16
R266,1.600000000000001,1.600000000000001,0.9855359998236348,0.5175362284743941,0.7143837713051485,3.207098136765695e-16
R267,1.600000000000001,1.600000000000001,0.6130349076490449,0.7662936345613048,2.5631257517603564e-16,3.207098136765695e-16
R268,2.3098215203664023,2.3098215203664023,2.2637704002348764,2.609714233344349e-16,0.9424360998355926,0.6039286081465608
R269,1.600000000000001,1.600000000000001,1.2017922286344995,0.8115774129047617,0.6906628728883614,3.207098136765695e-16
R270,1.0156428069955352,1.0156428069955352,2.0754816650859587,0.801469484483364,0.5233290881296658,0.4062571227982139
R271,1.840416938030315,1.840416938030315,2.3252237691376765,0.6863733296623735,0.712528428035281,0.482440945191821
R272,2.45,2.45,2.248159878955371,0.5287165234499899,0.7189833252442231,0.5000000000000001
R273,1.5549107601832017,1.5549107601832017,1.5088511470703416,0.3371258117999956,0.6052996718089294,0.3019643040732806
R274,1.6000000000000005,1.6000000000000005,1.5076122687557003,0.9031240811294786,0.9813912548151464,1.6035490683828475e-16
R275,1.600000000000001,1.600000000000001,1.4698100387644604,0.8824415362748211,0.9548210121807532,3.207098136765695e-16
R276,2.483842678072004,2.483842678072004,2.4001918129648487,0.3719634835606301,0.7069763541277003,0.6148159771256737
R277,2.483842678072004,2.483842678072004,2.416807122250303,0.3719634835606301,0.7277454907345182,0.6148159771256737
R278,1.600000000000001,1.600000000000001,1.187621139425814,0.640622936093796,0.8439034881884704,3.207098136765695e-16
R279,2.6261517967150696,2.6261517967150696,2.5698372811377066,2.609714233344349e-16,0.9296068555282964,0.7304607186860277
R280,1.5651973036523321,1.5651973036523321,1.6812769220842945,0.4263778262870135,0.7187216967529395,0.3060789214609328
R281,2.4218996765998435,2.4218996765998435,1.6218996765998437,0.0,2.5631257517603564e-16,0.6487598706399373
R282,1.600000000000001,1.600000000000001,1.3172603448665037,0.746263149525313,0.9003122815578154,3.207098136765695e-16
R283,1.2329364526074824,1.2329364526074824,2.168633562702356,0.6860319682883295,0.7764826381437147,0.399448751022688
R284,1.610949838299922,1.610949838299922,1.9466614526237287,0.6141004308229998,0.8055390870817584,0.3243799353199688
R285,1.2240593852924924,1.2240593852924924,1.4909153399344877,0.8369664646626569,0.7894966974532902,0.075897924096692
R286,1.600000000000001,1.600000000000001,1.2707160083774864,0.7641635186525915,0.8242314918192652,3.207098136765695e-16
R287,1.4213689452820186,1.4213689452820186,1.6934785253427111,0.8913984204650589,0.9487385546108068,0.0885475781128074
R288,1.600000000000001,1.600000000000001,0.7224777121881384,0.9030971402351716,2.5631257517603564e-16,3.207098136765695e-16
R289,1.600000000000001,1.600000000000001,1.2912638041201812,0.7803789153559255,0.8337008397942998,3.207098136765695e-16
R290,1.600000000000001,1.600000000000001,1.4724455143618584,0.9254831317180862,0.915073761234236,3.207098136765695e-16
R291,1.600000000000001,1.600000000000001,0.6243031322847414,0.7803789153559255,2.5631257517603564e-16,3.207098136765695e-16
R292,1.600000000000001,1.600000000000001,0.6459793661104198,2.609714233344349e-16,0.8074742076380235,3.207098136765695e-16
R293,1.600000000000001,1.600000000000001,1.3382956101282464,0.830256254660448,0.8426132579998588,3.207098136765695e-16
R294,1.600000000000001,1.600000000000001,1.105970811515404,0.6786836948991557,0.703779819495098,3.207098136765695e-16
R295,1.600000000000001,1.600000000000001,1.407097142125052,0.965470676324934,0.79340075133138,3.207098136765695e-16
R296,1.600000000000001,1.600000000000001,1.2779095217480867,0.8509006919290218,0.7464862102560852,3.207098136765695e-16
R297,1.5516069448332381,1.5516069448332381,0.7364854976416324,0.4810981910104926,2.5631257517603564e-16,0.1406427779332952
R298,2.2846421049500543,2.2846421049500543,1.862160268574775,0.471897704530901,0.0,0.5938568419800216
R299,1.644575129825114,1.644575129825114,1.8771123103265053,0.5709216591360456,0.7197498164906939,0.3378300519300455
R300,1.7153227066649117,1.7153227066649117,1.6844003678245068,0.4251889061983704,0.7196615893233975,0.3074079885628369
R301,2.408280531121078,2.408280531121078,2.2442270238256183,0.2489580224883044,0.8388683122058236,0.5495863824281264
R302,1.7857265589908167,1.7857265589908167,1.8455535653469324,0.8777037981371494,0.908404825213182,0.1666666666666668
R303,2.567157287525381,2.567157287525381,2.4081093735664,0.6529704105609584,0.7946663063970413,0.5000000000000001
R304,2.03689931089404,2.03689931089404,2.207365808797489,0.58937410130647,0.9166022398862936,0.401033894337311
R305,1.222287564912557,1.222287564912557,1.803588968418255,0.8300357148131612,0.8965910395689611,0.1689150259650227
R306,2.2521802090285252,2.2521802090285252,1.6491909303379424,2.609714233344349e-16,0.2462634016367712,0.5808720836114101
R307,1.600000000000001,1.600000000000001,0.7938450439178723,0.2167146471936768,0.7755916577036623,3.207098136765695e-16
R308,2.5120857407186152,2.5120857407186152,2.1264170809935847,2.609714233344349e-16,0.9405639061540856,0.5495863824281264
R309,1.600000000000001,1.600000000000001,1.3137423181705072,0.9212877139842076,0.7208901837289253,3.207098136765695e-16
R310,1.610949838299922,1.610949838299922,1.6695164350939946,0.4416796397163278,0.6315286062762627,0.3243799353199688
R311,1.600000000000001,1.600000000000001,1.515113524279363,0.9285997938210616,0.965292111528141,3.207098136765695e-16
R312,1.600000000000001,1.600000000000001,0.6371694615234064,0.7964618269042567,2.5631257517603564e-16,3.207098136765695e-16
R313,1.600000000000001,1.600000000000001,1.2436597748558973,0.638385043503044,0.9161896750668266,3.207098136765695e-16
R314,1.600000000000001,1.600000000000001,1.3737390332844854,0.7612859148402012,0.9558878767654044,3.207098136765695e-16
R315,1.600000000000001,1.600000000000001,1.279501039851319,0.667369064080462,0.9320072357336852,3.207098136765695e-16
R316,1.600000000000001,1.600000000000001,1.3265553454332242,0.9563336846986238,0.7018604970929051,3.207098136765695e-16
R317,1.600000000000001,1.600000000000001,1.3724296046579303,0.7752598863900148,0.9402771194323968,3.207098136765695e-16
R318,1.600000000000001,1.600000000000001,1.2694409617953362,0.8845905041740196,0.7022106980701494,3.207098136765695e-16
R319,2.033333333333334,2.033333333333334,1.4063867938488768,0.7163168256444284,2.5631257517603564e-16,0.3333333333333335
R320,1.600000000000001,1.600000000000001,1.453871446421178,0.9443363358039016,0.8730029722225694,3.207098136765695e-16
R321,1.600000000000001,1.600000000000001,1.359742122510726,0.7871637174025533,0.9125139357358528,3.207098136765695e-16
R322,1.600000000000001,1.600000000000001,1.142269545497396,0.5928992417776132,0.8349376900941305,3.207098136765695e-16
R323,1.600000000000001,1.600000000000001,0.9851903571478692,0.5962787927957806,0.6352091536390548,3.207098136765695e-16
R324,1.2054749191499616,1.2054749191499616,1.6199759642803233,0.7878070482337028,0.7303192581792496,0.1621899676599845
R325,1.600000000000001,1.600000000000001,1.232295035179438,0.6202733611979163,0.92009543277638,3.207098136765695e-16
R326,1.0703166127666413,1.0703166127666413,1.5277395845009,0.7527145900835565,0.8190641245842673,0.1081266451066564
R327,1.600000000000001,1.600000000000001,1.4559151542878306,0.924946196496597,0.8949477463631901,3.207098136765695e-16
R328,1.3406332255332818,1.3406332255332818,1.749927385538676,0.6571935702787783,0.8544241297279646,0.2162532902133126
R329,2.1093145750507625,2.1093145750507625,2.616262111561509,0.5597882205777733,0.3667894188741132,0.7500000000000001
R330,1.600000000000001,1.600000000000001,0.7473516747687929,2.609714233344349e-16,0.9341895934609898,3.207098136765695e-16
