An Empirical Analysis of Search in GSAT,"We describe an extensive study of search in GSAT, an approximation procedure
for propositional satisfiability. GSAT performs greedy hill-climbing on the
number of satisfied clauses in a truth assignment. Our experiments provide a
more complete picture of GSAT's search than previous accounts. We describe in
detail the two phases of search: rapid hill-climbing followed by a long plateau
search. We demonstrate that when applied to randomly generated 3SAT problems,
there is a very simple scaling with problem size for both the mean number of
satisfied clauses and the mean branching rate. Our results allow us to make
detailed numerical conjectures about the length of the hill-climbing phase, the
average gradient of this phase, and to conjecture that both the average score
and average branching rate decay exponentially during plateau search. We end by
showing how these results can be used to direct future theoretical analysis.
This work provides a case study of how computer experiments can be used to
improve understanding of the theoretical properties of algorithms.",GSAT - 0.00,propositional satisfiability - 0.00,GSAT - propositional satisfiability - 0.00,"{'CumulativeMethodScore': 0.4296809076804205, 'CumulativeTaskScore': 0.44375447054421435, 'CumulativeMethodTaskPairScore': 0.440570890551996}"
Substructure Discovery Using Minimum Description Length and Background Knowledge,"The ability to identify interesting and repetitive substructures is an
essential component to discovering knowledge in structural data. We describe a
new version of our SUBDUE substructure discovery system based on the minimum
description length principle. The SUBDUE system discovers substructures that
compress the original data and represent structural concepts in the data. By
replacing previously-discovered substructures in the data, multiple passes of
SUBDUE produce a hierarchical description of the structural regularities in the
data. SUBDUE uses a computationally-bounded inexact graph match that identifies
similar, but not identical, instances of a substructure and finds an
approximate measure of closeness of two substructures when under computational
constraints. In addition to the minimum description length principle, other
background knowledge can be used by SUBDUE to guide the search towards more
appropriate substructures. Experiments in a variety of domains demonstrate
SUBDUE's ability to find substructures capable of compressing the original data
and to discover structural concepts important to the domain. Description of
Online Appendix: This is a compressed tar file containing the SUBDUE discovery
system, written in C. The program accepts as input databases represented in
graph form, and will output discovered substructures with their corresponding
value.",ĊSUBDUE - 4.43; SUBDUE - 0.00,substructure discovery - 0.00; Substructure - 0.00,SUBDUE - substructure discovery - 0.00,"{'CumulativeMethodScore': 0.6583946797644464, 'CumulativeTaskScore': 0.44375447054421435, 'CumulativeMethodTaskPairScore': 0.4405709141632031}"
Bias-Driven Revision of Logical Domain Theories,"The theory revision problem is the problem of how best to go about revising a
deficient domain theory using information contained in examples that expose
inaccuracies. In this paper we present our approach to the theory revision
problem for propositional domain theories. The approach described here, called
PTR, uses probabilities associated with domain theory elements to numerically
track the ``flow'' of proof through the theory. This allows us to measure the
precise role of a clause or literal in allowing or preventing a (desired or
undesired) derivation for a given example. This information is used to
efficiently locate and repair flawed elements of the theory. PTR is proved to
converge to a theory which correctly classifies all examples, and shown
experimentally to be fast and accurate even for deep theories.",. PTR - 4.74; ĊPTR - 1.68,theory revision - 0.00,. PTR - theory revision - 6.88; ĊPTR - theory revision - 2.47,"{'CumulativeMethodScore': 0.7463776036383454, 'CumulativeTaskScore': 0.44375447054421435, 'CumulativeMethodTaskPairScore': 0.5221252298829137}"
Wrap-Up: a Trainable Discourse Module for Information Extraction,"The vast amounts of on-line text now available have led to renewed interest
in information extraction (IE) systems that analyze unrestricted text,
producing a structured representation of selected information from the text.
This paper presents a novel approach that uses machine learning to acquire
knowledge for some of the higher level IE processing. Wrap-Up is a trainable IE
discourse component that makes intersentential inferences and identifies
logical relations among information extracted from the text. Previous
corpus-based approaches were limited to lower level processing such as
part-of-speech tagging, lexical disambiguation, and dictionary construction.
Wrap-Up is fully trainable, and not only automatically decides what classifiers
are needed, but even derives the feature set for each classifier automatically.
Performance equals that of a partially trainable discourse module requiring
manual customization for each domain.",Wrap-Up - 1.95,information extraction - 0.00; Ċpart-of-speech tagging - 2.38; lexical disambiguation - 1.19; IE - 0.00,Wrap-Up - IE - 7.01,"{'CumulativeMethodScore': 0.5326321183147188, 'CumulativeTaskScore': 0.6991463390918542, 'CumulativeMethodTaskPairScore': 0.501612125663295}"
Cost-Sensitive Classification: Empirical Evaluation of a Hybrid Genetic Decision Tree Induction Algorithm,"This paper introduces ICET, a new algorithm for cost-sensitive
classification. ICET uses a genetic algorithm to evolve a population of biases
for a decision tree induction algorithm. The fitness function of the genetic
algorithm is the average cost of classification when using the decision tree,
including both the costs of tests (features, measurements) and the costs of
classification errors. ICET is compared here with three other algorithms for
cost-sensitive classification - EG2, CS-ID3, and IDX - and also with C4.5,
which classifies without regard to cost. The five algorithms are evaluated
empirically on five real-world medical datasets. Three sets of experiments are
performed. The first set examines the baseline performance of the five
algorithms on the five datasets and establishes that ICET performs
significantly better than its competitors. The second set tests the robustness
of ICET under a variety of conditions and shows that ICET maintains its
advantage. The third set looks at ICET's search in bias space and discovers a
way to improve the search.",ICET - 0.00; C4.5 - 0.00; EG2 - 0.00; CS-ID3 - 0.00; IDX - 0.00,Ċclassification - 0.75; cost-sensitive - 1.20,ICET - cost-sensitive - 5.86; C4.5 - cost-sensitive - 2.11,"{'CumulativeMethodScore': 0.4296809076804205, 'CumulativeTaskScore': 0.5888917608920886, 'CumulativeMethodTaskPairScore': 0.5099993297599031}"
FLECS: Planning with a Flexible Commitment Strategy,"There has been evidence that least-commitment planners can efficiently handle
planning problems that involve difficult goal interactions. This evidence has
led to the common belief that delayed-commitment is the ""best"" possible
planning strategy. However, we recently found evidence that eager-commitment
planners can handle a variety of planning problems more efficiently, in
particular those with difficult operator choices. Resigned to the futility of
trying to find a universally successful planning strategy, we devised a planner
that can be used to study which domains and problems are best for which
planning strategies. In this article we introduce this new planning algorithm,
FLECS, which uses a FLExible Commitment Strategy with respect to plan-step
orderings. It is able to use any strategy from delayed-commitment to
eager-commitment. The combination of delayed and eager operator-ordering
commitments allows FLECS to take advantage of the benefits of explicitly using
a simulated execution state and reasoning about planning constraints. FLECS can
vary its commitment strategy across different problems and domains, and also
during the course of a single planning problem. FLECS represents a novel
contribution to planning in that it explicitly provides the choice of which
commitment strategy to use while planning. FLECS provides a framework to
investigate the mapping from planning domains and problems to efficient
planning strategies.",ĊFLECSx Commitment - 6.84; FLECS - 3.27,Ċ - 0.00,FLECS - Ċ - 9.90,"{'CumulativeMethodScore': 0.865509236871612, 'CumulativeTaskScore': 0.44375447054421435, 'CumulativeMethodTaskPairScore': 0.52690860646297}"
Induction of First-Order Decision Lists: Results on Learning the Past Tense of English Verbs,"This paper presents a method for inducing logic programs from examples that
learns a new class of concepts called first-order decision lists, defined as
ordered lists of clauses each ending in a cut. The method, called FOIDL, is
based on FOIL (Quinlan, 1990) but employs intensional background knowledge and
avoids the need for explicit negative examples. It is particularly useful for
problems that involve rules with specific exceptions, such as learning the
past-tense of English verbs, a task widely studied in the context of the
symbolic/connectionist debate. FOIDL is able to learn concise, accurate
programs for this problem from significantly fewer examples than previous
methods (both connectionist and symbolic).",first-order decision lists - 0.00; FOIL - 2.17; FOIDL - 2.07,learning theĊpast-ense - 5.33,FOIL - learning theĊpast-ense - 14.50,"{'CumulativeMethodScore': 0.6496683894037146, 'CumulativeTaskScore': 0.7982597757013467, 'CumulativeMethodTaskPairScore': 0.5668345945023577}"
Building and Refining Abstract Planning Cases by Change of Representation Language,"ion is one of the most promising approaches to improve the performance of
problem solvers. In several domains abstraction by dropping sentences of a
domain description -- as used in most hierarchical planners -- has proven
useful. In this paper we present examples which illustrate significant
drawbacks of abstraction by dropping sentences. To overcome these drawbacks, we
propose a more general view of abstraction involving the change of
representation language. We have developed a new abstraction methodology and a
related sound and complete learning algorithm that allows the complete change
of representation language of planning cases from concrete to abstract.
However, to achieve a powerful change of the representation language, the
abstract language itself as well as rules which describe admissible ways of
abstracting states must be provided in the domain model. This new abstraction
approach is the core of Paris (Plan Abstraction and Refinement in an Integrated
System), a system in which abstract planning cases are automatically learned
from given concrete cases. An empirical study in the domain of process planning
in mechanical engineering shows significant advantages of the proposed
reasoning from abstract cases over classical hierarchical planning.",Paris - 0.43; Plan Abstraction and Refinement - 4.62,process planning - 0.80,Paris - process planning - 3.19; Plan Abstraction and Refinement - process planning - 6.57,"{'CumulativeMethodScore': 0.6875146028893631, 'CumulativeTaskScore': 0.5036763142778168, 'CumulativeMethodTaskPairScore': 0.5256220365517441}"
OPUS: An Efficient Admissible Algorithm for Unordered Search,"OPUS is a branch and bound search algorithm that enables efficient admissible
search through spaces for which the order of search operator application is not
significant. The algorithm's search efficiency is demonstrated with respect to
very large machine learning search spaces. The use of admissible search is of
potential value to the machine learning community as it means that the exact
learning biases to be employed for complex learning tasks can be precisely
specified and manipulated. OPUS also has potential for application in other
areas of artificial intelligence, notably, truth maintenance.",OPUS - 0.00,truth maintenance - 0.00,OPUS - truth maintenance - 0.00,"{'CumulativeMethodScore': 0.42968139461031524, 'CumulativeTaskScore': 0.443754891236026, 'CumulativeMethodTaskPairScore': 0.4405710203570936}"
Translating between Horn Representations and their Characteristic Models,"Characteristic models are an alternative, model based, representation for
Horn expressions. It has been shown that these two representations are
incomparable and each has its advantages over the other. It is therefore
natural to ask what is the cost of translating, back and forth, between these
representations. Interestingly, the same translation questions arise in
database theory, where it has applications to the design of relational
databases. This paper studies the computational complexity of these problems.
Our main result is that the two translation problems are equivalent under
polynomial reductions, and that they are equivalent to the corresponding
decision problem. Namely, translating is equivalent to deciding whether a given
set of models is the set of characteristic models for a given Horn expression.
We also relate these problems to the hypergraph transversal problem, a well
known problem which is related to other applications in AI and for which no
polynomial time algorithm is known. It is shown that in general our translation
problems are at least as hard as the hypergraph transversal problem, and in a
special case they are equivalent to it.",Characteristic models - 0.96,hypergraph transversal - 0.00; translating - 0.00,Characteristic models - translating - 1.82,"{'CumulativeMethodScore': 0.47988760615936504, 'CumulativeTaskScore': 0.44375447054421435, 'CumulativeMethodTaskPairScore': 0.45634181483080566}"
A Formal Framework for Speedup Learning from Problems and Solutions,"Speedup learning seeks to improve the computational efficiency of problem
solving with experience. In this paper, we develop a formal framework for
learning efficient problem solving from random problems and their solutions. We
apply this framework to two different representations of learned knowledge,
namely control rules and macro-operators, and prove theorems that identify
sufficient conditions for learning in each representation. Our proofs are
constructive in that they are accompanied with learning algorithms. Our
framework captures both empirical and explanation-based speedup learning in a
unified fashion. We illustrate our framework with implementations in two
domains: symbolic integration and Eight Puzzle. This work integrates many
strands of experimental and theoretical work in machine learning, including
empirical learning of control rules, macro-operator learning, Explanation-Based
Learning (EBL), and Probably Approximately Correct (PAC) Learning.",EBL Learning - 2.36,symbolic integration - 1.09; Speedup learning - 1.24; Explanation-BasedĊLearning - 4.00,EBL Learning - Speedup learning - 8.08,"{'CumulativeMethodScore': 0.5539900430733568, 'CumulativeTaskScore': 0.8422478915214378, 'CumulativeMethodTaskPairScore': 0.5110107622203859}"
Cue Phrase Classification Using Machine Learning,"Cue phrases may be used in a discourse sense to explicitly signal discourse
structure, but also in a sentential sense to convey semantic rather than
structural information. Correctly classifying cue phrases as discourse or
sentential is critical in natural language processing systems that exploit
discourse structure, e.g., for performing tasks such as anaphora resolution and
plan recognition. This paper explores the use of machine learning for
classifying cue phrases as discourse or sentential. Two machine learning
programs (Cgrendel and C4.5) are used to induce classification models from sets
of pre-classified cue phrases and their features in text and speech. Machine
learning is shown to be an effective technique for not only automating the
generation of classification models, but also for improving upon previous
results. When compared to manually derived classification models already in the
literature, the learned models often perform with higher accuracy and contain
new linguistic insights into the data. In addition, the ability to
automatically construct classification models makes it easier to comparatively
analyze the utility of alternative feature representations of the data.
Finally, the ease of retraining makes the learning approach more scalable and
flexible than manual methods.",C4.5 - 0.00; Cgrendel - 0.43,Ċplan recognitionential - 0.76; anaphora resolution - 0.00; Cue Phrase Classification - 0.00,C4.5 - anaphora resolution - 0.00; Cgrendel - anaphora resolution - 1.51,"{'CumulativeMethodScore': 0.4523106091525794, 'CumulativeTaskScore': 0.5008007297086123, 'CumulativeMethodTaskPairScore': 0.45366510168003044}"
MUSE CSP: An Extension to the Constraint Satisfaction Problem,"This paper describes an extension to the constraint satisfaction problem
(CSP) called MUSE CSP (MUltiply SEgmented Constraint Satisfaction Problem).
This extension is especially useful for those problems which segment into
multiple sets of partially shared variables. Such problems arise naturally in
signal processing applications including computer vision, speech processing,
and handwriting recognition. For these applications, it is often difficult to
segment the data in only one way given the low-level information utilized by
the segmentation algorithms. MUSE CSP can be used to compactly represent
several similar instances of the constraint satisfaction problem. If multiple
instances of a CSP have some common variables which have the same domains and
constraints, then they can be combined into a single instance of a MUSE CSP,
reducing the work required to apply the constraints. We introduce the concepts
of MUSE node consistency, MUSE arc consistency, and MUSE path consistency. We
then demonstrate how MUSE CSP can be used to compactly represent lexically
ambiguous sentences and the multiple sentence hypotheses that are often
generated by speech recognition algorithms so that grammar constraints can be
used to provide parses for all syntactically correct sentences. Algorithms for
MUSE arc and path consistency are provided. Finally, we discuss how to create a
MUSE CSP from a set of CSPs which are labeled to indicate when the same
variable is shared by more than a single CSP.",ĊMUSE CSP - 1.38; MUSE - 0.55; MUSE CSP - 1.09; MUltiply SEgmented Constraint Satisfaction Problem - 1.32,speech recognitionMUSE - 0.81; constraint satisfaction problem - 1.21; handwriting recognition - 0.00; CSP - 0.00; speech processing - 0.00,MUSE - constraint satisfaction problem - 10.85; MUSE CSP - speech recognitionMUSE - 8.78; MUSE CSP - constraint satisfaction problem - 10.94; MUSE CSP - handwriting recognition - 6.65; ĊMUSE CSP - constraint satisfaction problem - 12.38; ĊMUSE CSP - CSP - 9.10; MUltiply SEgmented Constraint Satisfaction Problem - constraint satisfaction problem - 5.44,"{'CumulativeMethodScore': 0.6547162772876394, 'CumulativeTaskScore': 0.593997055246911, 'CumulativeMethodTaskPairScore': 0.8814424273901968}"
Exploiting Causal Independence in Bayesian Network Inference,"A new method is proposed for exploiting causal independencies in exact
Bayesian network inference. A Bayesian network can be viewed as representing a
factorization of a joint probability into the multiplication of a set of
conditional probabilities. We present a notion of causal independence that
enables one to further factorize the conditional probabilities into a
combination of even smaller factors and consequently obtain a finer-grain
factorization of the joint probability. The new formulation of causal
independence lets us specify the conditional probability of a variable given
its parents in terms of an associative and commutative operator, such as
``or'', ``sum'' or ``max'', on the contribution of each parent. We start with a
simple algorithm VE for Bayesian network inference that, given evidence and a
query variable, uses the factorization to find the posterior distribution of
the query. We show how this algorithm can be extended to exploit causal
independence. Empirical studies, based on the CPCS networks for medical
diagnosis, show that this method is more efficient than previous methods and
allows for inference in larger networks than previous algorithms.",VE - 0.00,Bayesian network inference - 0.00,VE - Bayesian network inference - 0.00,"{'CumulativeMethodScore': 0.4296809076804205, 'CumulativeTaskScore': 0.4437550450718903, 'CumulativeMethodTaskPairScore': 0.4405709574616741}"
Flaw Selection Strategies for Partial-Order Planning,"Several recent studies have compared the relative efficiency of alternative
flaw selection strategies for partial-order causal link (POCL) planning. We
review this literature, and present new experimental results that generalize
the earlier work and explain some of the discrepancies in it. In particular, we
describe the Least-Cost Flaw Repair (LCFR) strategy developed and analyzed by
Joslin and Pollack (1994), and compare it with other strategies, including
Gerevini and Schubert's (1996) ZLIFO strategy. LCFR and ZLIFO make very
different, and apparently conflicting claims about the most effective way to
reduce search-space size in POCL planning. We resolve this conflict, arguing
that much of the benefit that Gerevini and Schubert ascribe to the LIFO
component of their ZLIFO strategy is better attributed to other causes. We show
that for many problems, a strategy that combines least-cost flaw selection with
the delay of separable threats will be effective in reducing search-space size,
and will do so without excessive computational overhead. Although such a
strategy thus provides a good default, we also show that certain domain
characteristics may reduce its effectiveness.",Least-Cost Flaw Repair - 0.00; ZLIFO-space size - 0.00; LCFR - 0.00; LIFO - 1.02; ZLIFO - 0.00,POCL - 0.24; Partial - 0.00; partial-order causal link - 0.00; POCL planning - 0.00,LIFO - POCL planning - 5.39; LIFO - partial-order causal link - 4.36; LIFO - POCL - 8.33; LCFR - POCL planning - 0.00; LCFR - partial-order causal link - 0.00; LCFR - POCL - 1.87; ZLIFO - POCL planning - 0.00; ZLIFO - partial-order causal link - 0.00; ZLIFO - POCL - 1.35; Least-Cost Flaw Repair - POCL planning - 0.00; Least-Cost Flaw Repair - partial-order causal link - 0.00; Least-Cost Flaw Repair - POCL - 0.81; ZLIFO-space size - POCL planning - 0.00; ZLIFO-space size - partial-order causal link - 0.00; ZLIFO-space size - POCL - 0.94,"{'CumulativeMethodScore': 0.48317429784176374, 'CumulativeTaskScore': 0.46125119215774457, 'CumulativeMethodTaskPairScore': 0.6382700087740619}"
Cached Sufficient Statistics for Efficient Machine Learning with Large Datasets,"This paper introduces new algorithms and data structures for quick counting
for machine learning datasets. We focus on the counting task of constructing
contingency tables, but our approach is also applicable to counting the number
of records in a dataset that match conjunctive queries. Subject to certain
assumptions, the costs of these operations can be shown to be independent of
the number of records in the dataset and loglinear in the number of non-zero
entries in the contingency table. We provide a very sparse data structure, the
ADtree, to minimize memory use. We provide analytical worst-case bounds for
this structure for several models of data distribution. We empirically
demonstrate that tractably-sized data structures can be produced for large
real-world datasets by (a) using a sparse tree structure that never allocates
memory for counts of zero, (b) never allocating memory for counts that can be
deduced from other counts, and (c) not bothering to expand the tree fully near
its leaves. We show how the ADtree can be used to accelerate Bayes net
structure finding algorithms, rule learning algorithms, and feature selection
algorithms, and we provide a number of empirical results comparing ADtree
methods against traditional direct counting approaches. We also discuss the
possible uses of ADtrees in other machine learning methods, and discuss the
merits of ADtrees in comparison with alternative representations such as
kd-trees, R-trees and Frequent Sets.",Ċkd-trees - 2.98; ĊADtree - 0.79; ADtrees - 0.00; ADtree - 0.00; ADt - 0.76; R-treesent - 0.72,rule learning - 0.00; constructingĊcont - 1.24; counting - 0.10,Ċkd-trees - counting - 12.98; ĊADtree - counting - 5.58; ADt - rule learning - 4.71; ADt - counting - 6.40; R-treesent - counting - 3.52; ADtrees - counting - 0.55; ADtree - rule learning - 0.00; ADtree - counting - 0.64,"{'CumulativeMethodScore': 0.6962344451315374, 'CumulativeTaskScore': 0.5437674166809447, 'CumulativeMethodTaskPairScore': 0.72404524870124}"
Model-Based Diagnosis using Structured System Descriptions,"This paper presents a comprehensive approach for model-based diagnosis which
includes proposals for characterizing and computing preferred diagnoses,
assuming that the system description is augmented with a system structure (a
directed graph explicating the interconnections between system components).
Specifically, we first introduce the notion of a consequence, which is a
syntactically unconstrained propositional sentence that characterizes all
consistency-based diagnoses and show that standard characterizations of
diagnoses, such as minimal conflicts, correspond to syntactic variations on a
consequence. Second, we propose a new syntactic variation on the consequence
known as negation normal form (NNF) and discuss its merits compared to standard
variations. Third, we introduce a basic algorithm for computing consequences in
NNF given a structured system description. We show that if the system structure
does not contain cycles, then there is always a linear-size consequence in NNF
which can be computed in linear time. For arbitrary system structures, we show
a precise connection between the complexity of computing consequences and the
topology of the underlying system structure. Finally, we present an algorithm
that enumerates the preferred diagnoses characterized by a consequence. The
algorithm is shown to take linear time in the size of the consequence if the
preference criterion satisfies some general conditions.",negation normal formF - 3.28; ĊNN - 0.79,model-based diagnosis - 1.62,negation normal formF - model-based diagnosis - 5.43; ĊNN - model-based diagnosis - 4.93,"{'CumulativeMethodScore': 0.6410218634039208, 'CumulativeTaskScore': 0.5650479526880755, 'CumulativeMethodTaskPairScore': 0.5309721427635379}"
A reusable iterative optimization software library to solve combinatorial problems with approximate reasoning,"Real world combinatorial optimization problems such as scheduling are
typically too complex to solve with exact methods. Additionally, the problems
often have to observe vaguely specified constraints of different importance,
the available data may be uncertain, and compromises between antagonistic
criteria may be necessary. We present a combination of approximate reasoning
based constraints and iterative optimization based heuristics that help to
model and solve such problems in a framework of C++ software libraries called
StarFLIP++. While initially developed to schedule continuous caster units in
steel plants, we present in this paper results from reusing the library
components in a shift scheduling system for the workforce of an industrial
production plant.",ĊStarFLIP++ - 3.64,shift scheduling - 2.24,ĊStarFLIP++ - shift scheduling - 5.87,"{'CumulativeMethodScore': 0.6197529278239203, 'CumulativeTaskScore': 0.6095978967130342, 'CumulativeMethodTaskPairScore': 0.4917036172955524}"
Iterative Deepening Branch and Bound,"In tree search problem the best-first search algorithm needs too much of
space . To remove such drawbacks of these algorithms the IDA* was developed
which is both space and time cost efficient. But again IDA* can give an optimal
solution for real valued problems like Flow shop scheduling, Travelling
Salesman and 0/1 Knapsack due to their real valued cost estimates. Thus further
modifications are done on it and the Iterative Deepening Branch and Bound
Search Algorithms is developed which meets the requirements. We have tried
using this algorithm for the Flow Shop Scheduling Problem and have found that
it is quite effective.",IDA* - 1.50,Flow shop - 1.52; Flow Shop Scheduling - 3.51,IDA* - Flow shop - 5.01; IDA* - Flow Shop Scheduling - 6.52,"{'CumulativeMethodScore': 0.5086600887990022, 'CumulativeTaskScore': 0.7832721192824874, 'CumulativeMethodTaskPairScore': 0.5411678172892243}"
On the accuracy and running time of GSAT,"Randomized algorithms for deciding satisfiability were shown to be effective
in solving problems with thousands of variables. However, these algorithms are
not complete. That is, they provide no guarantee that a satisfying assignment,
if one exists, will be found. Thus, when studying randomized algorithms, there
are two important characteristics that need to be considered: the running time
and, even more importantly, the accuracy --- a measure of likelihood that a
satisfying assignment will be found, provided one exists. In fact, we argue
that without a reference to the accuracy, the notion of the running time for
randomized algorithms is not well-defined. In this paper, we introduce a formal
notion of accuracy. We use it to define a concept of the running time. We use
both notions to study the random walk strategy GSAT algorithm. We investigate
the dependence of accuracy on properties of input formulas such as
clause-to-variable ratio and the number of satisfying assignments. We
demonstrate that the running time of GSAT grows exponentially in the number of
variables of the input formula for randomly generated 3-CNF formulas and for
the formulas encoding 3- and 4-colorability of graphs.",GSAT - 0.00; of - 0.00,deciding satisfiability - 5.49,GSAT - deciding satisfiability - 6.67,"{'CumulativeMethodScore': 0.4296809076804205, 'CumulativeTaskScore': 0.8057886299037896, 'CumulativeMethodTaskPairScore': 0.49866859742903263}"
ACLP: Integrating Abduction and Constraint Solving,"ACLP is a system which combines abductive reasoning and constraint solving by
integrating the frameworks of Abductive Logic Programming (ALP) and Constraint
Logic Programming (CLP). It forms a general high-level knowledge representation
environment for abductive problems in Artificial Intelligence and other areas.
In ACLP, the task of abduction is supported and enhanced by its non-trivial
integration with constraint solving facilitating its application to complex
problems. The ACLP system is currently implemented on top of the CLP language
of ECLiPSe as a meta-interpreter exploiting its underlying constraint solver
for finite domains. It has been applied to the problems of planning and
scheduling in order to test its computational effectiveness compared with the
direct use of the (lower level) constraint solving framework of CLP on which it
is built. These experiments provide evidence that the abductive framework of
ACLP does not compromise significantly the computational efficiency of the
solutions. Other experiments show the natural ability of ACLP to accommodate
easily and in a robust way new or changing requirements of the original
problem.",ECLiPSe - 0.88; of CLP - 0.93; ĊACLP - 0.80; CLP - 0.00; ConstraintĊLogic Programming - 0.96; Abductive Logic Programming - 0.50; ALP - 0.00; ACLP - 0.60,planning - 0.00; Ċscheduling - 0.90,ECLiPSe - planning - 4.42; of CLP - planning - 5.80; ĊACLP - planning - 6.26; CLP - planning - 0.00; CLP - Ċscheduling - 5.66; ConstraintĊLogic Programming - planning - 3.94; Abductive Logic Programming - planning - 2.16; ALP - planning - 0.00; ACLP - planning - 4.88,"{'CumulativeMethodScore': 0.6699943579569685, 'CumulativeTaskScore': 0.5109983488105838, 'CumulativeMethodTaskPairScore': 0.7152243519404902}"
Probabilistic Default Reasoning with Conditional Constraints,"We propose a combination of probabilistic reasoning from conditional
constraints with approaches to default reasoning from conditional knowledge
bases. In detail, we generalize the notions of Pearl's entailment in system Z,
Lehmann's lexicographic entailment, and Geffner's conditional entailment to
conditional constraints. We give some examples that show that the new notions
of z-, lexicographic, and conditional entailment have similar properties like
their classical counterparts. Moreover, we show that the new notions of z-,
lexicographic, and conditional entailment are proper generalizations of both
their classical counterparts and the classical notion of logical entailment for
conditional constraints.",conditional entailment - 0.43; Pearlment system Z - 1.15; conditionalment - 0.45; z - 0.10; Ċ - 0.00; lexicographic - 0.81; Ċlexicographic - 0.74; lexicographic entailmentff - 0.72,Probabilistic Default Reasoning - 0.00; default reasoning - 0.29,Pearlment system Z - default reasoning - 5.39; conditionalment - default reasoning - 4.71; z - default reasoning - 2.99; Ċ - default reasoning - 3.24; Ċlexicographic - default reasoning - 5.97; lexicographic entailmentff - default reasoning - 3.89,"{'CumulativeMethodScore': 0.6565407344171316, 'CumulativeTaskScore': 0.4655359987840178, 'CumulativeMethodTaskPairScore': 0.6633043838338475}"
Planning with Incomplete Information,"Planning is a natural domain of application for frameworks of reasoning about
actions and change. In this paper we study how one such framework, the Language
E, can form the basis for planning under (possibly) incomplete information. We
define two types of plans: weak and safe plans, and propose a planner, called
the E-Planner, which is often able to extend an initial weak plan into a safe
plan even though the (explicit) information available is incomplete, e.g. for
cases where the initial state is not completely known. The E-Planner is based
upon a reformulation of the Language E in argumentation terms and a natural
proof theory resulting from the reformulation. It uses an extension of this
proof theory by means of abduction for the generation of plans and adopts
argumentation-based techniques for extending weak plans into safe plans. We
provide representative examples illustrating the behaviour of the E-Planner, in
particular for cases where the status of fluents is incompletely known.",LanguageĊE - 4.38; Language E - 3.39; E-Planner - 3.68,Planning - 0.15,LanguageĊE - Planning - 12.06; Language E - Planning - 9.40; E-Planner - Planning - 7.80,"{'CumulativeMethodScore': 0.8954656569882068, 'CumulativeTaskScore': 0.4551739830207315, 'CumulativeMethodTaskPairScore': 0.6868922204579433}"
SATEN: An Object-Oriented Web-Based Revision and Extraction Engine,"SATEN is an object-oriented web-based extraction and belief revision engine.
It runs on any computer via a Java 1.1 enabled browser such as Netscape 4.
SATEN performs belief revision based on the AGM approach. The extraction and
belief revision reasoning engines operate on a user specified ranking of
information. One of the features of SATEN is that it can be used to integrate
mutually inconsistent commensuate rankings into a consistent ranking.",SATEN - 2.14,extraction - 0.21; Revision andraction - 5.24; belief revision - 0.00; belief - 0.19,SATEN - Revision andraction - 13.47; SATEN - belief revision - 4.95; SATEN - belief - 7.28,"{'CumulativeMethodScore': 0.5423736205420018, 'CumulativeTaskScore': 0.8125999854021282, 'CumulativeMethodTaskPairScore': 0.6595067233340243}"
DATALOG with constraints - an answer-set programming system,"Answer-set programming (ASP) has emerged recently as a viable programming
paradigm well attuned to search problems in AI, constraint satisfaction and
combinatorics. Propositional logic is, arguably, the simplest ASP system with
an intuitive semantics supporting direct modeling of problem constraints.
However, for some applications, especially those requiring that transitive
closure be computed, it requires additional variables and results in large
theories. Consequently, it may not be a practical computational tool for such
problems. On the other hand, ASP systems based on nonmonotonic logics, such as
stable logic programming, can handle transitive closure computation efficiently
and, in general, yield very concise theories as problem representations. Their
semantics is, however, more complex. Searching for the middle ground, in this
paper we introduce a new nonmonotonic logic, DATALOG with constraints or DC.
Informally, DC theories consist of propositional clauses (constraints) and of
Horn rules. The semantics is a simple and natural extension of the semantics of
the propositional logic. However, thanks to the presence of Horn rules in the
system, modeling of transitive closure becomes straightforward. We describe the
syntax and semantics of DC, and study its properties. We discuss an
implementation of DC and present results of experimental study of the
effectiveness of DC, comparing it with CSAT, a satisfiability checker and
SMODELS implementation of stable logic programming. Our results show that DC is
competitive with the other two approaches, in case of many search problems,
often yielding much more efficient solutions.",DC - 0.00; stable logic programming - 1.10; with CSATSMODELS - 2.69; DATALOG - 2.71; DATALOG with constraints - 4.73,ASP - 0.00; Answer-set programming - 1.10,with CSATSMODELS - Answer-set programming - 9.83,"{'CumulativeMethodScore': 0.8906748928373857, 'CumulativeTaskScore': 0.5258652980489742, 'CumulativeMethodTaskPairScore': 0.5263474705864131}"
Brainstorm/J: a Java Framework for Intelligent Agents,"Despite the effort of many researchers in the area of multi-agent systems
(MAS) for designing and programming agents, a few years ago the research
community began to take into account that common features among different MAS
exists. Based on these common features, several tools have tackled the problem
of agent development on specific application domains or specific types of
agents. As a consequence, their scope is restricted to a subset of the huge
application domain of MAS. In this paper we propose a generic infrastructure
for programming agents whose name is Brainstorm/J. The infrastructure has been
implemented as an object oriented framework. As a consequence, our approach
supports a broader scope of MAS applications than previous efforts, being
flexible and reusable.",Brainstorm/J - 4.06,MAS - 0.20; multi-agent systems - 4.00,Brainstorm/J - MAS - 7.62,"{'CumulativeMethodScore': 0.64046511417471, 'CumulativeTaskScore': 0.737986460990456, 'CumulativeMethodTaskPairScore': 0.5069494088232481}"
Searching for Plannable Domains can Speed up Reinforcement Learning,"Reinforcement learning (RL) involves sequential decision making in uncertain
environments. The aim of the decision-making agent is to maximize the benefit
of acting in its environment over an extended period of time. Finding an
optimal policy in RL may be very slow. To speed up learning, one often used
solution is the integration of planning, for example, Sutton's Dyna algorithm,
or various other methods using macro-actions.
  Here we suggest to separate plannable, i.e., close to deterministic parts of
the world, and focus planning efforts in this domain. A novel reinforcement
learning method called plannable RL (pRL) is proposed here. pRL builds a simple
model, which is used to search for macro actions. The simplicity of the model
makes planning computationally inexpensive. It is shown that pRL finds an
optimal policy, and that plannable macro actions found by pRL are near-optimal.
In turn, it is unnecessary to try large numbers of macro actions, which enables
fast learning. The utility of pRL is demonstrated by computer simulations.",pRL - 1.73; plannable RL - 4.64,Reinforcement learning - 0.00; RLa - 0.00,pRL - Reinforcement learning - 3.41; plannable RL - Reinforcement learning - 5.70,"{'CumulativeMethodScore': 0.7443946558726586, 'CumulativeTaskScore': 0.44375447054421435, 'CumulativeMethodTaskPairScore': 0.5199698675166451}"
A Framework for Searching AND/OR Graphs with Cycles,"Search in cyclic AND/OR graphs was traditionally known to be an unsolved
problem. In the recent past several important studies have been reported in
this domain. In this paper, we have taken a fresh look at the problem. First, a
new and comprehensive theoretical framework for cyclic AND/OR graphs has been
presented, which was found missing in the recent literature. Based on this
framework, two best-first search algorithms, S1 and S2, have been developed. S1
does uninformed search and is a simple modification of the Bottom-up algorithm
by Martelli and Montanari. S2 performs a heuristically guided search and
replicates the modification in Bottom-up's successors, namely HS and AO*. Both
S1 and S2 solve the problem of searching AND/OR graphs in presence of cycles.
We then present a detailed analysis for the correctness and complexity results
of S1 and S2, using the proposed framework. We have observed through
experiments that S1 and S2 output correct results in all cases.",AO*.1 - 2.50; S2 - 0.77; S1 - 0.86; HS - 0.00; S12 - 0.67; Bottom-up - 1.95,searching AND/OR graphs - 3.58,HS - searching AND/OR graphs - 10.32; Bottom-up - searching AND/OR graphs - 12.43; AO*.1 - searching AND/OR graphs - 11.93; S2 - searching AND/OR graphs - 11.40; S1 - searching AND/OR graphs - 11.63; S12 - searching AND/OR graphs - 12.67,"{'CumulativeMethodScore': 0.7591848824055262, 'CumulativeTaskScore': 0.7000964360202013, 'CumulativeMethodTaskPairScore': 0.902487131124617}"
Pruning Isomorphic Structural Sub-problems in Configuration,"Configuring consists in simulating the realization of a complex product from
a catalog of component parts, using known relations between types, and picking
values for object attributes. This highly combinatorial problem in the field of
constraint programming has been addressed with a variety of approaches since
the foundation system R1(McDermott82). An inherent difficulty in solving
configuration problems is the existence of many isomorphisms among
interpretations. We describe a formalism independent approach to improve the
detection of isomorphisms by configurators, which does not require to adapt the
problem model. To achieve this, we exploit the properties of a characteristic
subset of configuration problems, called the structural sub-problem, which
canonical solutions can be produced or tested at a limited cost. In this paper
we present an algorithm for testing the canonicity of configurations, that can
be added as a symmetry breaking constraint to any configurator. The cost and
efficiency of this canonicity test are given.",R1 - 5.29,Configuring - 3.62,R1 - Configuring - 8.91,"{'CumulativeMethodScore': 0.698370664943371, 'CumulativeTaskScore': 0.7026294650143885, 'CumulativeMethodTaskPairScore': 0.5182547347327048}"
"Probabilistic Reasoning as Information Compression by Multiple Alignment, Unification and Search: An Introduction and Overview","This article introduces the idea that probabilistic reasoning (PR) may be
understood as ""information compression by multiple alignment, unification and
search"" (ICMAUS). In this context, multiple alignment has a meaning which is
similar to but distinct from its meaning in bio-informatics, while unification
means a simple merging of matching patterns, a meaning which is related to but
simpler than the meaning of that term in logic.
  A software model, SP61, has been developed for the discovery and formation of
'good' multiple alignments, evaluated in terms of information compression. The
model is described in outline.
  Using examples from the SP61 model, this article describes in outline how the
ICMAUS framework can model various kinds of PR including: PR in best-match
pattern recognition and information retrieval; one-step 'deductive' and
'abductive' PR; inheritance of attributes in a class hierarchy; chains of
reasoning (probabilistic decision networks and decision trees, and PR with
'rules'); geometric analogy problems; nonmonotonic reasoning and reasoning with
default values; modelling the function of a Bayesian network.",SP61 - 1.22; ICMAUS - 0.48; ĊICMAUS - 1.08,probabilistic reasoning - 0.65; PR - 0.19; information analogy - 0.61,SP61 - probabilistic reasoning - 4.26; SP61 - PR - 5.73; SP61 - information analogy - 6.81; ICMAUS - probabilistic reasoning - 2.64; ICMAUS - PR - 2.85; ICMAUS - information analogy - 4.26; ĊICMAUS - probabilistic reasoning - 3.48,"{'CumulativeMethodScore': 0.5763258862375208, 'CumulativeTaskScore': 0.5519804801112185, 'CumulativeMethodTaskPairScore': 0.6926779679939523}"
Parametric Connectives in Disjunctive Logic Programming,"Disjunctive Logic Programming (\DLP) is an advanced formalism for Knowledge
Representation and Reasoning (KRR). \DLP is very expressive in a precise
mathematical sense: it allows to express every property of finite structures
that is decidable in the complexity class $\SigmaP{2}$ ($\NP^{\NP}$).
Importantly, the \DLP encodings are often simple and natural.
  In this paper, we single out some limitations of \DLP for KRR, which cannot
naturally express problems where the size of the disjunction is not known ``a
priori'' (like N-Coloring), but it is part of the input. To overcome these
limitations, we further enhance the knowledge modelling abilities of \DLP, by
extending this language by {\em Parametric Connectives (OR and AND)}. These
connectives allow us to represent compactly the disjunction/conjunction of a
set of atoms having a given property. We formally define the semantics of the
new language, named $DLP^{\bigvee,\bigwedge}$ and we show the usefulness of the
new constructs on relevant knowledge-based problems. We address implementation
issues and discuss related works.",\ - 0.00; \DLP - 1.33; $DLP - 1.79; Disjunctive Logic Programming - 1.66,KnowledgeĊRepresentation and Reasoning - 2.15; N-Coloring - 2.47; KRR - 0.46,\ - KRR - 3.52; \DLP - KRR - 8.83; $DLP - KRR - 10.55; Disjunctive Logic Programming - KRR - 7.12,"{'CumulativeMethodScore': 0.6749547663411485, 'CumulativeTaskScore': 0.7856148476994278, 'CumulativeMethodTaskPairScore': 0.6925624959469908}"
Logic-Based Specification Languages for Intelligent Software Agents,"The research field of Agent-Oriented Software Engineering (AOSE) aims to find
abstractions, languages, methodologies and toolkits for modeling, verifying,
validating and prototyping complex applications conceptualized as Multiagent
Systems (MASs). A very lively research sub-field studies how formal methods can
be used for AOSE. This paper presents a detailed survey of six logic-based
executable agent specification languages that have been chosen for their
potential to be integrated in our ARPEGGIO project, an open framework for
specifying and prototyping a MAS. The six languages are ConGoLog, Agent-0, the
IMPACT agent programming language, DyLog, Concurrent METATEM and Ehhf. For each
executable language, the logic foundations are described and an example of use
is shown. A comparison of the six languages and a survey of similar approaches
complete the paper, together with considerations of the advantages of using
logic-based languages in MAS modeling and prototyping.",ĊIMPACT - 1.00; Ehh - 0.34; Concurrent METATEM - 1.79; ARPEGGIO - 0.00; Agent-0 - 1.97; ConGoLog - 0.58; DyLog - 0.48,AOSE - 0.00; Agent-Oriented Software Engineering - 0.00,ĊIMPACT - AOSE - 5.72; Concurrent METATEM - AOSE - 7.86; ARPEGGIO - AOSE - 0.00; Agent-0 - AOSE - 11.03; Ehh - AOSE - 2.43; DyLog - AOSE - 3.18; ConGoLog - AOSE - 3.28,"{'CumulativeMethodScore': 0.7362371241512349, 'CumulativeTaskScore': 0.4437545456261459, 'CumulativeMethodTaskPairScore': 0.7177760669403646}"
Modeling Object Oriented Constraint Programs in Z,"Object oriented constraint programs (OOCPs) emerge as a leading evolution of
constraint programming and artificial intelligence, first applied to a range of
industrial applications called configuration problems. The rich variety of
technical approaches to solving configuration problems (CLP(FD), CC(FD), DCSP,
Terminological systems, constraint programs with set variables ...) is a source
of difficulty. No universally accepted formal language exists for communicating
about OOCPs, which makes the comparison of systems difficult. We present here a
Z based specification of OOCPs which avoids the falltrap of hidden object
semantics. The object system is part of the specification, and captures all of
the most advanced notions from the object oriented modeling standard UML. The
paper illustrates these issues and the conciseness and precision of Z by the
specification of a working OOCP that solves an historical AI problem : parsing
a context free grammar. Being written in Z, an OOCP specification also supports
formal proofs. The whole builds the foundation of an adaptative and evolving
framework for communicating about constrained object models and programs.",CC(FD - 1.28; OOCP - 0.25; ĊTerminological systems - 0.86; OOCPs - 0.62; constraint programs - 1.34; Object oriented constraint programsOCPs - 4.01; CLP(FD - 1.40; U - 0.00; DCSP - 0.26,parsing - 0.00,OOCP - parsing - 1.62; ĊTerminological systems - parsing - 5.05; OOCPs - parsing - 4.22; constraint programs - parsing - 9.37; Object oriented constraint programsOCPs - parsing - 13.81; U - parsing - 0.00,"{'CumulativeMethodScore': 0.862949785921187, 'CumulativeTaskScore': 0.44375453530479336, 'CumulativeMethodTaskPairScore': 0.721887175452725}"
Data Mining Approach for Analyzing Call Center Performance,"The aim of our research was to apply well-known data mining techniques (such
as linear neural networks, multi-layered perceptrons, probabilistic neural
networks, classification and regression trees, support vector machines and
finally a hybrid decision tree neural network approach) to the problem of
predicting the quality of service in call centers; based on the performance
data actually collected in a call center of a large insurance company. Our aim
was two-fold. First, to compare the performance of models built using the
above-mentioned techniques and, second, to analyze the characteristics of the
input sensitivity in order to better understand the relationship between the
perform-ance evaluation process and the actual performance and in this way help
improve the performance of call centers. In this paper we summarize our
findings.",probabilistic neuralĊnetworks - 0.88; multi-layered perceptrons - 0.66; classification trees - 0.61; support vector machines - 0.35,predicting the quality of service - 2.48,probabilistic neuralĊnetworks - predicting the quality of service - 6.85; multi-layered perceptrons - predicting the quality of service - 6.44; classification trees - predicting the quality of service - 9.02; support vector machines - predicting the quality of service - 7.86,"{'CumulativeMethodScore': 0.5614324964005536, 'CumulativeTaskScore': 0.626455570559272, 'CumulativeMethodTaskPairScore': 0.693655851528737}"
A Concurrent Fuzzy-Neural Network Approach for Decision Support Systems,"Decision-making is a process of choosing among alternative courses of action
for solving complicated problems where multi-criteria objectives are involved.
The past few years have witnessed a growing recognition of Soft Computing
technologies that underlie the conception, design and utilization of
intelligent systems. Several works have been done where engineers and
scientists have applied intelligent techniques and heuristics to obtain optimal
decisions from imprecise information. In this paper, we present a concurrent
fuzzy-neural network approach combining unsupervised and supervised learning
techniques to develop the Tactical Air Combat Decision Support System (TACDSS).
Experiment results clearly demonstrate the efficiency of the proposed
technique.",TACDSS - 1.04,Tactical Air Combat Decision Support System - 3.29; Decision-making - 2.57,TACDSS - Decision-making - 7.94,"{'CumulativeMethodScore': 0.48425404193297616, 'CumulativeTaskScore': 0.8224846654600778, 'CumulativeMethodTaskPairScore': 0.5097684331161886}"
Business Intelligence from Web Usage Mining,"The rapid e-commerce growth has made both business community and customers
face a new situation. Due to intense competition on one hand and the customer's
option to choose from several alternatives business community has realized the
necessity of intelligent marketing strategies and relationship management. Web
usage mining attempts to discover useful knowledge from the secondary data
obtained from the interactions of the users with the Web. Web usage mining has
become very critical for effective Web site management, creating adaptive Web
sites, business and support services, personalization, network traffic flow
analysis and so on. In this paper, we present the important concepts of Web
usage mining and its various practical applications. We further present a novel
approach 'intelligent-miner' (i-Miner) to optimize the concurrent architecture
of a fuzzy clustering algorithm (to discover web data clusters) and a fuzzy
inference system to analyze the Web site visitor trends. A hybrid evolutionary
fuzzy clustering algorithm is proposed in this paper to optimally segregate
similar user interests. The clustered data is then used to analyze the trends
using a Takagi-Sugeno fuzzy inference system learned using a combination of
evolutionary algorithm and neural network learning. Proposed approach is
compared with self-organizing maps (to discover patterns) and several function
approximation techniques like neural networks, linear genetic programming and
Takagi-Sugeno fuzzy inference system (to analyze the clusters). The results are
graphically illustrated and the practical significance is discussed in detail.
Empirical results clearly show that the proposed Web usage-mining framework is
efficient.",i-MinerS - 1.32,Web usage mining - 0.00; WebĊusage mining - 1.58; Web usage-mining - 1.43; WebĊusage miningelligent-miner - 4.50,i-MinerS - Web usage mining - 4.30,"{'CumulativeMethodScore': 0.4990278801343971, 'CumulativeTaskScore': 0.8837985065145991, 'CumulativeMethodTaskPairScore': 0.47793284656761764}"
Regression with respect to sensing actions and partial states,"In this paper, we present a state-based regression function for planning
domains where an agent does not have complete information and may have sensing
actions. We consider binary domains and employ the 0-approximation [Son & Baral
2001] to define the regression function. In binary domains, the use of
0-approximation means using 3-valued states. Although planning using this
approach is incomplete with respect to the full semantics, we adopt it to have
a lower complexity. We prove the soundness and completeness of our regression
formulation with respect to the definition of progression. More specifically,
we show that (i) a plan obtained through regression for a planning problem is
indeed a progression solution of that planning problem, and that (ii) for each
plan found through progression, using regression one obtains that plan or an
equivalent one. We then develop a conditional planner that utilizes our
regression function. We prove the soundness and completeness of our planning
algorithm and present experimental results with respect to several well known
planning problems in the literature.",regression - 1.77,Ċ - 0.00; Regression - 8.31,regression - Ċ - 4.15,"{'CumulativeMethodScore': 0.5233486467538088, 'CumulativeTaskScore': 0.906225792318062, 'CumulativeMethodTaskPairScore': 0.4766232125803371}"
Decomposition Based Search - A theoretical and experimental evaluation,"In this paper we present and evaluate a search strategy called Decomposition
Based Search (DBS) which is based on two steps: subproblem generation and
subproblem solution. The generation of subproblems is done through value
ranking and domain splitting. Subdomains are explored so as to generate,
according to the heuristic chosen, promising subproblems first.
  We show that two well known search strategies, Limited Discrepancy Search
(LDS) and Iterative Broadening (IB), can be seen as special cases of DBS. First
we present a tuning of DBS that visits the same search nodes as IB, but avoids
restarts. Then we compare both theoretically and computationally DBS and LDS
using the same heuristic. We prove that DBS has a higher probability of being
successful than LDS on a comparable number of nodes, under realistic
assumptions. Experiments on a constraint satisfaction problem and an
optimization problem show that DBS is indeed very effective if compared to LDS.",DBS - 0.82; LDS - 0.11; Limited Discrepancy SearchĊ - 2.29; Iterative Broadening - 1.11; DecompositionĊBased Search - 2.70; IB - 0.00,Ċoptimization - 0.29; constraint satisfaction - 0.62,LDS - constraint satisfaction - 5.12; IB - constraint satisfaction - 4.47; DBS - constraint satisfaction - 8.41,"{'CumulativeMethodScore': 0.7699247656407355, 'CumulativeTaskScore': 0.5113116092468359, 'CumulativeMethodTaskPairScore': 0.596620296635452}"
Proportional Conflict Redistribution Rules for Information Fusion,"In this paper we propose five versions of a Proportional Conflict
Redistribution rule (PCR) for information fusion together with several
examples. From PCR1 to PCR2, PCR3, PCR4, PCR5 one increases the complexity of
the rules and also the exactitude of the redistribution of conflicting masses.
PCR1 restricted from the hyper-power set to the power set and without
degenerate cases gives the same result as the Weighted Average Operator (WAO)
proposed recently by J{\o}sang, Daniel and Vannoorenberghe but does not satisfy
the neutrality property of vacuous belief assignment. That's why improved PCR
rules are proposed in this paper. PCR4 is an improvement of minC and Dempster's
rules. The PCR rules redistribute the conflicting mass, after the conjunctive
rule has been applied, proportionally with some functions depending on the
masses assigned to their corresponding columns in the mass matrix. There are
infinitely many ways these functions (weighting factors) can be chosen
depending on the complexity one wants to deal with in specific applications and
fusion systems. Any fusion combination rule is at some degree ad-hoc.",PCR5 - 0.00; Dem - 0.12; PCR - 0.00; Proportional ConflictĊRedistribution rule - 1.20; minC - 0.00; PCR1 - 0.00; Weighted Average Operator - 0.00; WAO - 0.00; PCR4 - 0.00; PCR3 - 0.00; ĊPCR1 - 0.64; PCR2 - 0.00,information - 0.00,PCR5 - information - 0.00; Dem - information - 1.78; PCR - information - 0.00; Proportional ConflictĊRedistribution rule - information - 4.02; minC - information - 0.00; PCR1 - information - 0.00; Weighted Average Operator - information - 0.00; WAO - information - 0.00; PCR4 - information - 0.00; PCR3 - information - 0.00; ĊPCR1 - information - 5.08; PCR2 - information - 0.00,"{'CumulativeMethodScore': 0.5331371281681133, 'CumulativeTaskScore': 0.44375447054421435, 'CumulativeMethodTaskPairScore': 0.5354882716087535}"
Planning with Preferences using Logic Programming,"We present a declarative language, PP, for the high-level specification of
preferences between possible solutions (or trajectories) of a planning problem.
This novel language allows users to elegantly express non-trivial,
multi-dimensional preferences and priorities over such preferences. The
semantics of PP allows the identification of most preferred trajectories for a
given goal. We also provide an answer set programming implementation of
planning problems with PP preferences.",PP - 1.79,Ċ - 0.00,PP - Ċ - 1.79,"{'CumulativeMethodScore': 0.5240058185496372, 'CumulativeTaskScore': 0.44375447054421435, 'CumulativeMethodTaskPairScore': 0.4560473275683643}"
K-Histograms: An Efficient Clustering Algorithm for Categorical Dataset,"Clustering categorical data is an integral part of data mining and has
attracted much attention recently. In this paper, we present k-histogram, a new
efficient algorithm for clustering categorical data. The k-histogram algorithm
extends the k-means algorithm to categorical domain by replacing the means of
clusters with histograms, and dynamically updates histograms in the clustering
process. Experimental results on real datasets show that k-histogram algorithm
can produce better clustering results than k-modes algorithm, the one related
with our work most closely.",k-histogram - 2.63; k-means - 0.00; K-Histograms - 3.42; k-modes - 1.69,clustering - 0.00,k-histogram - clustering - 8.13; k-means - clustering - 0.00; k-modes - clustering - 5.20,"{'CumulativeMethodScore': 0.7955675174828207, 'CumulativeTaskScore': 0.4437546146576788, 'CumulativeMethodTaskPairScore': 0.5567457347779536}"
"An efficient memetic, permutation-based evolutionary algorithm for real-world train timetabling","Train timetabling is a difficult and very tightly constrained combinatorial
problem that deals with the construction of train schedules. We focus on the
particular problem of local reconstruction of the schedule following a small
perturbation, seeking minimisation of the total accumulated delay by adapting
times of departure and arrival for each train and allocation of resources
(tracks, routing nodes, etc.). We describe a permutation-based evolutionary
algorithm that relies on a semi-greedy heuristic to gradually reconstruct the
schedule by inserting trains one after the other following the permutation.
This algorithm can be hybridised with ILOG commercial MIP programming tool
CPLEX in a coarse-grained manner: the evolutionary part is used to quickly
obtain a good but suboptimal solution and this intermediate solution is refined
using CPLEX. Experimental results are presented on a large real-world case
involving more than one million variables and 2 million constraints. Results
are surprisingly good as the evolutionary algorithm, alone or hybridised,
produces excellent solutions much faster than CPLEX alone.",ĊCPLEX - 2.89; CPLEX - 1.93,Train timetabling - 7.06,ĊCPLEX - Train timetabling - 14.71; CPLEX - Train timetabling - 12.60,"{'CumulativeMethodScore': 0.6765193468604074, 'CumulativeTaskScore': 0.8692728363337971, 'CumulativeMethodTaskPairScore': 0.6720040627071325}"
Evolution of Voronoi based Fuzzy Recurrent Controllers,"A fuzzy controller is usually designed by formulating the knowledge of a
human expert into a set of linguistic variables and fuzzy rules. Among the most
successful methods to automate the fuzzy controllers development process are
evolutionary algorithms. In this work, we propose the Recurrent Fuzzy Voronoi
(RFV) model, a representation for recurrent fuzzy systems. It is an extension
of the FV model proposed by Kavka and Schoenauer that extends the application
domain to include temporal problems. The FV model is a representation for fuzzy
controllers based on Voronoi diagrams that can represent fuzzy systems with
synergistic rules, fulfilling the $\epsilon$-completeness property and
providing a simple way to introduce a priory knowledge. In the proposed
representation, the temporal relations are embedded by including internal units
that provide feedback by connecting outputs to inputs. These internal units act
as memory elements. In the RFV model, the semantic of the internal units can be
specified together with the a priori rules. The geometric interpretation of the
rules allows the use of geometric variational operators during the evolution.
The representation and the algorithms are validated in two problems in the area
of system identification and evolutionary robotics.",Recurrent Fuzzy VoronoiĊ - 1.96; FV - 0.00; RFV - 1.74,evolutionary robotics - 0.59; system identification - 0.00,FV - evolutionary robotics - 2.43; FV - system identification - 0.00; RFV - evolutionary robotics - 9.13; RFV - system identification - 7.21,"{'CumulativeMethodScore': 0.6230863436621711, 'CumulativeTaskScore': 0.48788921719505984, 'CumulativeMethodTaskPairScore': 0.6031004282241963}"
Processing Uncertainty and Indeterminacy in Information Systems success mapping,"IS success is a complex concept, and its evaluation is complicated,
unstructured and not readily quantifiable. Numerous scientific publications
address the issue of success in the IS field as well as in other fields. But,
little efforts have been done for processing indeterminacy and uncertainty in
success research. This paper shows a formal method for mapping success using
Neutrosophic Success Map. This is an emerging tool for processing indeterminacy
and uncertainty in success research. EIS success have been analyzed using this
tool.",Neutrosophic Success Map - 2.62,EIS - 2.63,Neutrosophic Success Map - EIS - 5.25,"{'CumulativeMethodScore': 0.5677934995178447, 'CumulativeTaskScore': 0.6375423165378009, 'CumulativeMethodTaskPairScore': 0.4862829442658919}"
Truecluster: robust scalable clustering with model selection,"Data-based classification is fundamental to most branches of science. While
recent years have brought enormous progress in various areas of statistical
computing and clustering, some general challenges in clustering remain: model
selection, robustness, and scalability to large datasets. We consider the
important problem of deciding on the optimal number of clusters, given an
arbitrary definition of space and clusteriness. We show how to construct a
cluster information criterion that allows objective model selection. Differing
from other approaches, our truecluster method does not require specific
assumptions about underlying distributions, dissimilarity definitions or
cluster models. Truecluster puts arbitrary clustering algorithms into a generic
unified (sampling-based) statistical framework. It is scalable to big datasets
and provides robust cluster assignments and case-wise diagnostics. Truecluster
will make clustering more objective, allows for automation, and will save time
and costs. Free R software is available.",Truecluster - 5.88; truecluster - 5.21,clustering - 0.00,Truecluster - clustering - 9.94; truecluster - clustering - 8.25,"{'CumulativeMethodScore': 0.8879510248614958, 'CumulativeTaskScore': 0.44375476598729974, 'CumulativeMethodTaskPairScore': 0.5982228236407413}"
Divide-and-Evolve: a New Memetic Scheme for Domain-Independent Temporal Planning,"An original approach, termed Divide-and-Evolve is proposed to hybridize
Evolutionary Algorithms (EAs) with Operational Research (OR) methods in the
domain of Temporal Planning Problems (TPPs). Whereas standard Memetic
Algorithms use local search methods to improve the evolutionary solutions, and
thus fail when the local method stops working on the complete problem, the
Divide-and-Evolve approach splits the problem at hand into several, hopefully
easier, sub-problems, and can thus solve globally problems that are intractable
when directly fed into deterministic OR algorithms. But the most prominent
advantage of the Divide-and-Evolve approach is that it immediately opens up an
avenue for multi-objective optimization, even though the OR method that is used
is single-objective. Proof of concept approach on the standard
(single-objective) Zeno transportation benchmark is given, and a small original
multi-objective benchmark is proposed in the same Zeno framework to assess the
multi-objective capabilities of the proposed methodology, a breakthrough in
Temporal Planning.",Divide-and-Evolve - 3.08; MemeticĊAlgorithide-and-Evolve - 4.79,Temporal Planning - 0.73; ĊTemporal Planning - 1.02; TPPs - 0.00,Divide-and-Evolve - Temporal Planning - 9.28; Divide-and-Evolve - TPPs - 10.92,"{'CumulativeMethodScore': 0.8002351282136466, 'CumulativeTaskScore': 0.5737931864954071, 'CumulativeMethodTaskPairScore': 0.6150270102243022}"
Approximation Algorithms for K-Modes Clustering,"In this paper, we study clustering with respect to the k-modes objective
function, a natural formulation of clustering for categorical data. One of the
main contributions of this paper is to establish the connection between k-modes
and k-median, i.e., the optimum of k-median is at most twice the optimum of
k-modes for the same categorical data clustering problem. Based on this
observation, we derive a deterministic algorithm that achieves an approximation
factor of 2. Furthermore, we prove that the distance measure in k-modes defines
a metric. Hence, we are able to extend existing approximation algorithms for
metric k-median to k-modes. Empirical results verify the superiority of our
method.",k-median - 3.13; k - 0.00; Ċk - 0.62; k-modes - 1.61,clustering - 0.00; K-Modes Clustering - 2.96,k - clustering - 0.00; k-modes - clustering - 5.15,"{'CumulativeMethodScore': 0.7015531067487301, 'CumulativeTaskScore': 0.6597113907176207, 'CumulativeMethodTaskPairScore': 0.48539216191383855}"
Retraction and Generalized Extension of Computing with Words,"Fuzzy automata, whose input alphabet is a set of numbers or symbols, are a
formal model of computing with values. Motivated by Zadeh's paradigm of
computing with words rather than numbers, Ying proposed a kind of fuzzy
automata, whose input alphabet consists of all fuzzy subsets of a set of
symbols, as a formal model of computing with all words. In this paper, we
introduce a somewhat general formal model of computing with (some special)
words. The new features of the model are that the input alphabet only comprises
some (not necessarily all) fuzzy subsets of a set of symbols and the fuzzy
transition function can be specified arbitrarily. By employing the methodology
of fuzzy control, we establish a retraction principle from computing with words
to computing with values for handling crisp inputs and a generalized extension
principle from computing with words to computing with all words for handling
fuzzy inputs. These principles show that computing with values and computing
with all words can be respectively implemented by computing with words. Some
algebraic properties of retractions and generalized extensions are addressed as
well.",fuzzyĊautomata - 3.14,Retraction - 3.15; computing - 0.18,fuzzyĊautomata - computing - 4.64,"{'CumulativeMethodScore': 0.5946108285429968, 'CumulativeTaskScore': 0.6847519115278107, 'CumulativeMethodTaskPairScore': 0.4809258039371035}"
Fusion of qualitative beliefs using DSmT,"This paper introduces the notion of qualitative belief assignment to model
beliefs of human experts expressed in natural language (with linguistic
labels). We show how qualitative beliefs can be efficiently combined using an
extension of Dezert-Smarandache Theory (DSmT) of plausible and paradoxical
quantitative reasoning to qualitative reasoning. We propose a new arithmetic on
linguistic labels which allows a direct extension of classical DSm fusion rule
or DSm Hybrid rules. An approximate qualitative PCR5 rule is also proposed
jointly with a Qualitative Average Operator. We also show how crisp or interval
mappings can be used to deal indirectly with linguistic labels. A very simple
example is provided to illustrate our qualitative fusion rules.",PCR5 - 0.00; Dezert-Smarandache TheorymT - 5.32; DSmT - 0.00,qualitative belief assignment - 1.44,Dezert-Smarandache TheorymT - qualitative belief assignment - 9.21,"{'CumulativeMethodScore': 0.6995742754506117, 'CumulativeTaskScore': 0.5516412473816252, 'CumulativeMethodTaskPairScore': 0.5208531624715601}"
Decentralized Failure Diagnosis of Stochastic Discrete Event Systems,"Recently, the diagnosability of {\it stochastic discrete event systems}
(SDESs) was investigated in the literature, and, the failure diagnosis
considered was {\it centralized}. In this paper, we propose an approach to {\it
decentralized} failure diagnosis of SDESs, where the stochastic system uses
multiple local diagnosers to detect failures and each local diagnoser possesses
its own information. In a way, the centralized failure diagnosis of SDESs can
be viewed as a special case of the decentralized failure diagnosis presented in
this paper with only one projection. The main contributions are as follows: (1)
We formalize the notion of codiagnosability for stochastic automata, which
means that a failure can be detected by at least one local stochastic diagnoser
within a finite delay. (2) We construct a codiagnoser from a given stochastic
automaton with multiple projections, and the codiagnoser associated with the
local diagnosers is used to test codiagnosability condition of SDESs. (3) We
deal with a number of basic properties of the codiagnoser. In particular, a
necessary and sufficient condition for the codiagnosability of SDESs is
presented. (4) We give a computing method in detail to check whether
codiagnosability is violated. And (5) some examples are described to illustrate
the applications of the codiagnosability and its computing method.",SD diagnosisiagnosability - 5.05; SDES - 1.65,SDES diagnosis - 2.51; SD diagnosis - 0.60; diagnosability - 0.89,SD diagnosisiagnosability - diagnosability - 10.57; SDES - diagnosability - 8.66,"{'CumulativeMethodScore': 0.7574758482721445, 'CumulativeTaskScore': 0.7261238514936931, 'CumulativeMethodTaskPairScore': 0.606981812990512}"
Structure and Problem Hardness: Goal Asymmetry and DPLL Proofs in<br> SAT-Based Planning,"In Verification and in (optimal) AI Planning, a successful method is to
formulate the application as boolean satisfiability (SAT), and solve it with
state-of-the-art DPLL-based procedures. There is a lack of understanding of why
this works so well. Focussing on the Planning context, we identify a form of
problem structure concerned with the symmetrical or asymmetrical nature of the
cost of achieving the individual planning goals. We quantify this sort of
structure with a simple numeric parameter called AsymRatio, ranging between 0
and 1. We run experiments in 10 benchmark domains from the International
Planning Competitions since 2000; we show that AsymRatio is a good indicator of
SAT solver performance in 8 of these domains. We then examine carefully crafted
synthetic planning domains that allow control of the amount of structure, and
that are clean enough for a rigorous analysis of the combinatorial search
space. The domains are parameterized by size, and by the amount of structure.
The CNFs we examine are unsatisfiable, encoding one planning step less than the
length of the optimal plan. We prove upper and lower bounds on the size of the
best possible DPLL refutations, under different settings of the amount of
structure, as a function of size. We also identify the best possible sets of
branching variables (backdoors). With minimum AsymRatio, we prove exponential
lower bounds, and identify minimal backdoors of size linear in the number of
variables. With maximum AsymRatio, we identify logarithmic DPLL refutations
(and backdoors), showing a doubly exponential gap between the two structural
extreme cases. The reasons for this behavior -- the proof arguments --
illuminate the prototypical patterns of structure causing the empirical
behavior observed in the competition benchmarks.",Ċ - 0.00,Planning - 0.18; SAT - 0.00; boolean satisfiability - 2.72; Verification - 2.28,Ċ - SAT - 0.00; Ċ - boolean satisfiability - 6.75,"{'CumulativeMethodScore': 0.4296809076804205, 'CumulativeTaskScore': 0.7911506210279846, 'CumulativeMethodTaskPairScore': 0.49936546505480317}"
Case Base Mining for Adaptation Knowledge Acquisition,"In case-based reasoning, the adaptation of a source case in order to solve
the target problem is at the same time crucial and difficult to implement. The
reason for this difficulty is that, in general, adaptation strongly depends on
domain-dependent knowledge. This fact motivates research on adaptation
knowledge acquisition (AKA). This paper presents an approach to AKA based on
the principles and techniques of knowledge discovery from databases and
data-mining. It is implemented in CABAMAKA, a system that explores the
variations within the case base to elicit adaptation knowledge. This system has
been successfully tested in an application of case-based reasoning to decision
support in the domain of breast cancer treatment.",CABAMAKA - 1.02,case-based reasoning - 0.00; adaptationĊknowledge acquisition - 2.39; AKA - 0.00; decisionĊsupport - 1.79,CABAMAKA - case-based reasoning - 2.03; CABAMAKA - AKA - 2.60,"{'CumulativeMethodScore': 0.4835167739830304, 'CumulativeTaskScore': 0.7365396107045541, 'CumulativeMethodTaskPairScore': 0.48075959487292474}"
Fuzzy Artmap and Neural Network Approach to Online Processing of Inputs with Missing Values,"An ensemble based approach for dealing with missing data, without predicting
or imputing the missing values is proposed. This technique is suitable for
online operations of neural networks and as a result, is used for online
condition monitoring. The proposed technique is tested in both classification
and regression problems. An ensemble of Fuzzy-ARTMAPs is used for
classification whereas an ensemble of multi-layer perceptrons is used for the
regression problem. Results obtained using this ensemble-based technique are
compared to those obtained using a combination of auto-associative neural
networks and genetic algorithms and findings show that this method can perform
up to 9% better in regression problems. Another advantage of the proposed
technique is that it eliminates the need for finding the best estimate of the
data, and hence, saves time.",Fuzzy-ARTMAPs - 2.68,Ċclassification - 1.40; for - 0.00; classification - 0.00; regression - 0.00; Ċregression - 1.47,Fuzzy-ARTMAPs - classification - 4.64; Fuzzy-ARTMAPs - regression - 4.80; Fuzzy-ARTMAPs - for - 4.70,"{'CumulativeMethodScore': 0.570886116618691, 'CumulativeTaskScore': 0.6535992436328254, 'CumulativeMethodTaskPairScore': 0.5637738977093559}"
On-Line Condition Monitoring using Computational Intelligence,"This paper presents bushing condition monitoring frameworks that use
multi-layer perceptrons (MLP), radial basis functions (RBF) and support vector
machines (SVM) classifiers. The first level of the framework determines if the
bushing is faulty or not while the second level determines the type of fault.
The diagnostic gases in the bushings are analyzed using the dissolve gas
analysis. MLP gives superior performance in terms of accuracy and training time
than SVM and RBF. In addition, an on-line bushing condition monitoring
approach, which is able to adapt to newly acquired data are introduced. This
approach is able to accommodate new classes that are introduced by incoming
data and is implemented using an incremental learning algorithm that uses MLP.
The testing results improved from 67.5% to 95.8% as new data were introduced
and the testing results improved from 60% to 95.3% as new conditions were
introduced. On average the confidence value of the framework on its decision
was 0.92.",RBF - 2.27; radial basisF - 3.46,bus - 0.24,RBF - bus - 5.00; radial basisF - bus - 5.42,"{'CumulativeMethodScore': 0.7177740788951791, 'CumulativeTaskScore': 0.4619184484856337, 'CumulativeMethodTaskPairScore': 0.5314666135124906}"
The Road to Quantum Artificial Intelligence,"This paper overviews the basic principles and recent advances in the emerging
field of Quantum Computation (QC), highlighting its potential application to
Artificial Intelligence (AI). The paper provides a very brief introduction to
basic QC issues like quantum registers, quantum gates and quantum algorithms
and then it presents references, ideas and research guidelines on how QC can be
used to deal with some basic AI problems, such as search and pattern matching,
as soon as quantum computers become widely available.",QC - 0.89,search - 0.00; pattern matching - 0.89,QC - search - 1.52; QC - pattern matching - 2.25,"{'CumulativeMethodScore': 0.4763827885571498, 'CumulativeTaskScore': 0.5102283516420308, 'CumulativeMethodTaskPairScore': 0.4733139782114909}"
Qualitative Belief Conditioning Rules (QBCR),"In this paper we extend the new family of (quantitative) Belief Conditioning
Rules (BCR) recently developed in the Dezert-Smarandache Theory (DSmT) to their
qualitative counterpart for belief revision. Since the revision of quantitative
as well as qualitative belief assignment given the occurrence of a new event
(the conditioning constraint) can be done in many possible ways, we present
here only what we consider as the most appealing Qualitative Belief
Conditioning Rules (QBCR) which allow to revise the belief directly with words
and linguistic labels and thus avoids the introduction of ad-hoc translations
of quantitative beliefs into quantitative ones for solving the problem.",BCR - 0.00; Belief ConditioningĊRules - 1.90; Qualitative Belief Conditioning Rules - 0.64; Qualitative BeliefĊConditioning Rules - 1.38; QBCR - 0.24,belief revision - 0.00,BCR - belief revision - 0.00; Belief ConditioningĊRules - belief revision - 5.80; Qualitative BeliefĊConditioning Rules - belief revision - 3.43; QBCR - belief revision - 1.27,"{'CumulativeMethodScore': 0.6459974932611472, 'CumulativeTaskScore': 0.44375447054421435, 'CumulativeMethodTaskPairScore': 0.5321165289572147}"
Fitness landscape of the cellular automata majority problem: View from the Olympus,"In this paper we study cellular automata (CAs) that perform the computational
Majority task. This task is a good example of what the phenomenon of emergence
in complex systems is. We take an interest in the reasons that make this
particular fitness landscape a difficult one. The first goal is to study the
landscape as such, and thus it is ideally independent from the actual
heuristics used to search the space. However, a second goal is to understand
the features a good search technique for this particular problem space should
possess. We statistically quantify in various ways the degree of difficulty of
searching this landscape. Due to neutrality, investigations based on sampling
techniques on the whole landscape are difficult to conduct. So, we go exploring
the landscape from the top. Although it has been proved that no CA can perform
the task perfectly, several efficient CAs for this task have been found.
Exploiting similarities between these CAs and symmetries in the landscape, we
define the Olympus landscape which is regarded as the ''heavenly home'' of the
best local optima known (blok). Then we measure several properties of this
subspace. Although it is easier to find relevant CAs in this subspace than in
the overall landscape, there are structural reasons that prevent a searcher
from finding overfitted CAs in the Olympus. Finally, we study dynamics and
performance of genetic algorithms on the Olympus in order to confirm our
analysis and to find efficient CAs for the Majority problem with low
computational cost.",CA - 0.79,ĊMajority - 5.65; computational - 0.52,CA - computational - 2.15,"{'CumulativeMethodScore': 0.4709150797229037, 'CumulativeTaskScore': 0.83561998857077, 'CumulativeMethodTaskPairScore': 0.45923684644417456}"
Lagrangian Relaxation for MAP Estimation in Graphical Models,"We develop a general framework for MAP estimation in discrete and Gaussian
graphical models using Lagrangian relaxation techniques. The key idea is to
reformulate an intractable estimation problem as one defined on a more
tractable graph, but subject to additional constraints. Relaxing these
constraints gives a tractable dual problem, one defined by a thin graph, which
is then optimized by an iterative procedure. When this iterative optimization
leads to a consistent estimate, one which also satisfies the constraints, then
it corresponds to an optimal MAP estimate of the original model. Otherwise
there is a ``duality gap'', and we obtain a bound on the optimal solution.
Thus, our approach combines convex optimization with dynamic programming
techniques applicable for thin graphs. The popular tree-reweighted max-product
(TRMP) method may be seen as solving a particular class of such relaxations,
where the intractable graph is relaxed to a set of spanning trees. We also
consider relaxations to a set of small induced subgraphs, thin subgraphs (e.g.
loops), and a connected tree obtained by ``unwinding'' cycles. In addition, we
propose a new class of multiscale relaxations that introduce ``summary''
variables. The potential benefits of such generalizations include: reducing or
eliminating the ``duality gap'' in hard problems, reducing the number or
Lagrange multipliers in the dual problem, and accelerating convergence of the
iterative optimization procedure.",tree-reweighted max-productĊ - 4.55; TRMP - 0.00,MAP estimation - 1.79,tree-reweighted max-productĊ - MAP estimation - 7.06; TRMP - MAP estimation - 5.98,"{'CumulativeMethodScore': 0.6641782909172337, 'CumulativeTaskScore': 0.5768864690170791, 'CumulativeMethodTaskPairScore': 0.5541773402311908}"
Decomposition During Search for Propagation-Based Constraint Solvers,"We describe decomposition during search (DDS), an integration of And/Or tree
search into propagation-based constraint solvers. The presented search
algorithm dynamically decomposes sub-problems of a constraint satisfaction
problem into independent partial problems, avoiding redundant work.
  The paper discusses how DDS interacts with key features that make
propagation-based solvers successful: constraint propagation, especially for
global constraints, and dynamic search heuristics.
  We have implemented DDS for the Gecode constraint programming library. Two
applications, solution counting in graph coloring and protein structure
prediction, exemplify the benefits of DDS in practice.",DDS - 1.37; decomposition during search - 2.66,protein structureĊprediction - 3.16,decomposition during search - protein structureĊprediction - 6.91,"{'CumulativeMethodScore': 0.6389665383794207, 'CumulativeTaskScore': 0.6729229954332073, 'CumulativeMethodTaskPairScore': 0.5007805526040192}"
Bin Packing Under Multiple Objectives - a Heuristic Approximation Approach,"The article proposes a heuristic approximation approach to the bin packing
problem under multiple objectives. In addition to the traditional objective of
minimizing the number of bins, the heterogeneousness of the elements in each
bin is minimized, leading to a biobjective formulation of the problem with a
tradeoff between the number of bins and their heterogeneousness. An extension
of the Best-Fit approximation algorithm is presented to solve the problem.
Experimental investigations have been carried out on benchmark instances of
different size, ranging from 100 to 1000 items. Encouraging results have been
obtained, showing the applicability of the heuristic approach to the described
problem.",Best - 0.45,bin packing - 0.00,Best - bin packing - 0.45,"{'CumulativeMethodScore': 0.45311190873725804, 'CumulativeTaskScore': 0.44375447054421435, 'CumulativeMethodTaskPairScore': 0.444439978311594}"
Extended ASP tableaux and rule redundancy in normal logic programs,"We introduce an extended tableau calculus for answer set programming (ASP).
The proof system is based on the ASP tableaux defined in [Gebser&Schaub, ICLP
2006], with an added extension rule. We investigate the power of Extended ASP
Tableaux both theoretically and empirically. We study the relationship of
Extended ASP Tableaux with the Extended Resolution proof system defined by
Tseitin for sets of clauses, and separate Extended ASP Tableaux from ASP
Tableaux by giving a polynomial-length proof for a family of normal logic
programs P_n for which ASP Tableaux has exponential-length minimal proofs with
respect to n. Additionally, Extended ASP Tableaux imply interesting insight
into the effect of program simplification on the lengths of proofs in ASP.
Closely related to Extended ASP Tableaux, we empirically investigate the effect
of redundant rules on the efficiency of ASP solving.
  To appear in Theory and Practice of Logic Programming (TPLP).",ASPĊTableaux - 1.20; ASP Tableaux - 1.94; Extended ASPĊTableaux - 2.09; ASP tableaux - 1.07; Extended ASP Tableaux - 1.70,answer set programming - 0.00; ASP - 0.00,ASPĊTableaux - answer set programming - 4.34; ASP Tableaux - answer set programming - 7.25; Extended ASPĊTableaux - answer set programming - 6.32; ASP tableaux - answer set programming - 3.96; ASP tableaux - ASP - 5.61; Extended ASP Tableaux - answer set programming - 5.28,"{'CumulativeMethodScore': 0.8042698002991242, 'CumulativeTaskScore': 0.44375447054421435, 'CumulativeMethodTaskPairScore': 0.7125627876953432}"
Classification dynamique d'un flux documentaire : une évaluation statique préalable de l'algorithme GERMEN,"Data-stream clustering is an ever-expanding subdomain of knowledge
extraction. Most of the past and present research effort aims at efficient
scaling up for the huge data repositories. Our approach focuses on qualitative
improvement, mainly for ""weak signals"" detection and precise tracking of
topical evolutions in the framework of information watch - though scalability
is intrinsically guaranteed in a possibly distributed implementation. Our
GERMEN algorithm exhaustively picks up the whole set of density peaks of the
data at time t, by identifying the local perturbations induced by the current
document vector, such as changing cluster borders, or new/vanishing clusters.
Optimality yields from the uniqueness 1) of the density landscape for any value
of our zoom parameter, 2) of the cluster allocation operated by our border
propagation rule. This results in a rigorous independence from the data
presentation ranking or any initialization parameter. We present here as a
first step the only assessment of a static view resulting from one year of the
CNRS/INIST Pascal database in the field of geotechnics.",ĊGERMEN - 1.70; GERMEN - 3.17,Data-stream clustering - 3.89,ĊGERMEN - Data-stream clustering - 7.24,"{'CumulativeMethodScore': 0.6790363996555151, 'CumulativeTaskScore': 0.7194974408513488, 'CumulativeMethodTaskPairScore': 0.5036513118196811}"
Learning DTW Global Constraint for Time Series Classification,"1-Nearest Neighbor with the Dynamic Time Warping (DTW) distance is one of the
most effective classifiers on time series domain. Since the global constraint
has been introduced in speech community, many global constraint models have
been proposed including Sakoe-Chiba (S-C) band, Itakura Parallelogram, and
Ratanamahatana-Keogh (R-K) band. The R-K band is a general global constraint
model that can represent any global constraints with arbitrary shape and size
effectively. However, we need a good learning algorithm to discover the most
suitable set of R-K bands, and the current R-K band learning algorithm still
suffers from an 'overfitting' phenomenon. In this paper, we propose two new
learning algorithms, i.e., band boundary extraction algorithm and iterative
learning algorithm. The band boundary extraction is calculated from the bound
of all possible warping paths in each class, and the iterative learning is
adjusted from the original R-K band learning. We also use a Silhouette index, a
well-known clustering validation technique, as a heuristic function, and the
lower bound function, LB_Keogh, to enhance the prediction speed. Twenty
datasets, from the Workshop and Challenge on Time Series Classification, held
in conjunction of the SIGKDD 2007, are used to evaluate our approach.",R-K band - 3.77; Sakoe-Chiba - 1.94; LB_Keogh - 0.80; DTW - 0.00; R-K - 0.75; S-C) - 0.85; Itakura Parallelogram-Keogh - 2.31,Time Series - 0.00,DTW - Time Series - 0.00,"{'CumulativeMethodScore': 0.8730967914456406, 'CumulativeTaskScore': 0.4437545512774489, 'CumulativeMethodTaskPairScore': 0.4405709674175863}"
A Novel Two-Stage Dynamic Decision Support based Optimal Threat Evaluation and Defensive Resource Scheduling Algorithm for Multi Air-borne threats,"This paper presents a novel two-stage flexible dynamic decision support based
optimal threat evaluation and defensive resource scheduling algorithm for
multi-target air-borne threats. The algorithm provides flexibility and
optimality by swapping between two objective functions, i.e. the preferential
and subtractive defense strategies as and when required. To further enhance the
solution quality, it outlines and divides the critical parameters used in
Threat Evaluation and Weapon Assignment (TEWA) into three broad categories
(Triggering, Scheduling and Ranking parameters). Proposed algorithm uses a
variant of many-to-many Stable Marriage Algorithm (SMA) to solve Threat
Evaluation (TE) and Weapon Assignment (WA) problem. In TE stage, Threat Ranking
and Threat-Asset pairing is done. Stage two is based on a new flexible dynamic
weapon scheduling algorithm, allowing multiple engagements using
shoot-look-shoot strategy, to compute near-optimal solution for a range of
scenarios. Analysis part of this paper presents the strengths and weaknesses of
the proposed algorithm over an alternative greedy algorithm as applied to
different offline scenarios.",SMA - 0.18; Stable Marriage Al - 2.77,ĊThreat Evaluation and Weapon Assignment - 2.17; ThreatĊEvaluation - 3.15; Weapon Assignment - 0.56; TE - 0.00; TEWA - 0.27; WA - 0.00,SMA - Weapon Assignment - 5.00; SMA - TE - 1.69; SMA - TEWA - 3.51; SMA - WA - 4.05; Stable Marriage Al - Weapon Assignment - 9.64; Stable Marriage Al - TE - 9.10; Stable Marriage Al - TEWA - 9.33; Stable Marriage Al - WA - 11.44,"{'CumulativeMethodScore': 0.5850040956363802, 'CumulativeTaskScore': 0.8346421094078301, 'CumulativeMethodTaskPairScore': 0.8380034402147825}"
Reasoning about Cardinal Directions between Extended Objects,"Direction relations between extended spatial objects are important
commonsense knowledge. Recently, Goyal and Egenhofer proposed a formal model,
known as Cardinal Direction Calculus (CDC), for representing direction
relations between connected plane regions. CDC is perhaps the most expressive
qualitative calculus for directional information, and has attracted increasing
interest from areas such as artificial intelligence, geographical information
science, and image retrieval. Given a network of CDC constraints, the
consistency problem is deciding if the network is realizable by connected
regions in the real plane. This paper provides a cubic algorithm for checking
consistency of basic CDC constraint networks, and proves that reasoning with
CDC is in general an NP-Complete problem. For a consistent network of basic CDC
constraints, our algorithm also returns a 'canonical' solution in cubic time.
This cubic algorithm is also adapted to cope with cardinal directions between
possibly disconnected regions, in which case currently the best algorithm is of
time complexity O(n^5).",Cardinal Direction Calculus - 2.61; CDC - 0.00; Ċ - 0.00; CDC informationĊ - 2.36,image retrieval - 0.00,Cardinal Direction Calculus - image retrieval - 3.90,"{'CumulativeMethodScore': 0.6838200677654958, 'CumulativeTaskScore': 0.4437546362523488, 'CumulativeMethodTaskPairScore': 0.47443687739260854}"
A Local Search Modeling for Constrained Optimum Paths Problems (Extended Abstract),"Constrained Optimum Path (COP) problems appear in many real-life
applications, especially on communication networks. Some of these problems have
been considered and solved by specific techniques which are usually difficult
to extend. In this paper, we introduce a novel local search modeling for
solving some COPs by local search. The modeling features the compositionality,
modularity, reuse and strengthens the benefits of Constrained-Based Local
Search. We also apply the modeling to the edge-disjoint paths problem (EDP). We
show that side constraints can easily be added in the model. Computational
results show the significance of the approach.",Constrained-Based LocalĊSearch - 3.06; edge-disjoint paths problem - 5.23,COP - 0.13; Constrained Optimum Path - 1.34; EDP - 0.00,Constrained-Based LocalĊSearch - COP - 7.68; Constrained-Based LocalĊSearch - Constrained Optimum Path - 7.41; Constrained-Based LocalĊSearch - EDP - 9.09,"{'CumulativeMethodScore': 0.8140436228791176, 'CumulativeTaskScore': 0.5534028084248134, 'CumulativeMethodTaskPairScore': 0.6474340994991883}"
Finite element model selection using Particle Swarm Optimization,"This paper proposes the application of particle swarm optimization (PSO) to
the problem of finite element model (FEM) selection. This problem arises when a
choice of the best model for a system has to be made from set of competing
models, each developed a priori from engineering judgment. PSO is a
population-based stochastic search algorithm inspired by the behaviour of
biological entities in nature when they are foraging for resources. Each
potentially correct model is represented as a particle that exhibits both
individualistic and group behaviour. Each particle moves within the model
search space looking for the best solution by updating the parameters values
that define it. The most important step in the particle swarm algorithm is the
method of representing models which should take into account the number,
location and variables of parameters to be updated. One example structural
system is used to show the applicability of PSO in finding an optimal FEM. An
optimal model is defined as the model that has the least number of updated
parameters and has the smallest parameter variable variation from the mean
material properties. Two different objective functions are used to compare
performance of the PSO algorithm.",PS - 0.00; particle - 0.27,finite element model - 3.47; FEM - 2.39,PS - finite element model - 5.93; PS - FEM - 5.95; particle - finite element model - 6.25; particle - FEM - 6.42,"{'CumulativeMethodScore': 0.44373803568913195, 'CumulativeTaskScore': 0.8225632596834844, 'CumulativeMethodTaskPairScore': 0.6504004957187518}"
$α$-Discounting Multi-Criteria Decision Making ($α$-D MCDM),"In this book we introduce a new procedure called \alpha-Discounting Method
for Multi-Criteria Decision Making (\alpha-D MCDM), which is as an alternative
and extension of Saaty Analytical Hierarchy Process (AHP). It works for any
number of preferences that can be transformed into a system of homogeneous
linear equations. A degree of consistency (and implicitly a degree of
inconsistency) of a decision-making problem are defined. \alpha-D MCDM is
afterwards generalized to a set of preferences that can be transformed into a
system of linear and or non-linear homogeneous and or non-homogeneous equations
and or inequalities. The general idea of \alpha-D MCDM is to assign non-null
positive parameters \alpha_1, \alpha_2, and so on \alpha_p to the coefficients
in the right-hand side of each preference that diminish or increase them in
order to transform the above linear homogeneous system of equations which has
only the null-solution, into a system having a particular non-null solution.
After finding the general solution of this system, the principles used to
assign particular values to all parameters \alpha is the second important part
of \alpha-D, yet to be deeper investigated in the future. In the current book
we propose the Fairness Principle, i.e. each coefficient should be discounted
with the same percentage (we think this is fair: not making any favoritism or
unfairness to any coefficient), but the reader can propose other principles.
For consistent decision-making problems with pairwise comparisons,
\alpha-Discounting Method together with the Fairness Principle give the same
result as AHP. But for weak inconsistent decision-making problem,
\alpha-Discounting together with the Fairness Principle give a different result
from AHP. Many consistent, weak inconsistent, and strong inconsistent examples
are given in this book.",Ċalpha-Discounting Method - 1.06; \alpha-Discounting Method - 0.58; \alpha-D MCDMalpha_1alpha_2alpha_p - 1.83; Ċalpha-Discounting - 0.70; \alpha-D - 0.79; AHP - 0.34; MCDM - 0.24; \alpha-D MCDM - 1.26; \alpha-D MCDM Analytical Hierarchy Process - 1.62,Multi-Criteria Decision Making - 0.32,Ċalpha-Discounting Method - Multi-Criteria Decision Making - 7.26; \alpha-Discounting Method - Multi-Criteria Decision Making - 4.36; \alpha-D MCDMalpha_1alpha_2alpha_p - Multi-Criteria Decision Making - 7.50; Ċalpha-Discounting - Multi-Criteria Decision Making - 6.34; \alpha-D - Multi-Criteria Decision Making - 7.37; AHP - Multi-Criteria Decision Making - 5.22; \alpha-D MCDM - Multi-Criteria Decision Making - 8.32; \alpha-D MCDM Analytical Hierarchy Process - Multi-Criteria Decision Making - 7.31,"{'CumulativeMethodScore': 0.8179751358205388, 'CumulativeTaskScore': 0.46760757352102034, 'CumulativeMethodTaskPairScore': 0.8374652567440103}"
Model-Driven Constraint Programming,"Constraint programming can definitely be seen as a model-driven paradigm. The
users write programs for modeling problems. These programs are mapped to
executable models to calculate the solutions. This paper focuses on efficient
model management (definition and transformation). From this point of view, we
propose to revisit the design of constraint-programming systems. A model-driven
architecture is introduced to map solving-independent constraint models to
solving-dependent decision models. Several important questions are examined,
such as the need for a visual highlevel modeling language, and the quality of
metamodeling techniques to implement the transformations. A main result is the
s-COMMA platform that efficiently implements the chain from modeling to solving
constraint problems",Ċs-COMMA - 6.55,Constraint programming - 4.07,Ċs-COMMA - Constraint programming - 10.61,"{'CumulativeMethodScore': 0.7514668910838231, 'CumulativeTaskScore': 0.7299748144370889, 'CumulativeMethodTaskPairScore': 0.5331504197121324}"
A new model for solution of complex distributed constrained problems,"In this paper we describe an original computational model for solving
different types of Distributed Constraint Satisfaction Problems (DCSP). The
proposed model is called Controller-Agents for Constraints Solving (CACS). This
model is intended to be used which is an emerged field from the integration
between two paradigms of different nature: Multi-Agent Systems (MAS) and the
Constraint Satisfaction Problem paradigm (CSP) where all constraints are
treated in central manner as a black-box. This model allows grouping
constraints to form a subset that will be treated together as a local problem
inside the controller. Using this model allows also handling non-binary
constraints easily and directly so that no translating of constraints into
binary ones is needed. This paper presents the implementation outlines of a
prototype of DCSP solver, its usage methodology and overview of the CACS
application for timetabling problems.",Controller-Agents for Constraints Solving - 3.79; CACS - 0.23,ĊConaint Satisfaction Problem - 0.76; CSPSP - 0.00; DCSP - 0.00; timetabling - 0.81; Distributed Constraint Satisfaction Problems - 0.58,Controller-Agents for Constraints Solving - timetabling - 10.93; Controller-Agents for Constraints Solving - DCSP - 8.86; Controller-Agents for Constraints Solving - Distributed Constraint Satisfaction Problems - 7.00; CACS - timetabling - 7.02; CACS - Distributed Constraint Satisfaction Problems - 2.31,"{'CumulativeMethodScore': 0.6386515768931437, 'CumulativeTaskScore': 0.6040858294659566, 'CumulativeMethodTaskPairScore': 0.7361342886462728}"
Terrorism Event Classification Using Fuzzy Inference Systems,"Terrorism has led to many problems in Thai societies, not only property
damage but also civilian casualties. Predicting terrorism activities in advance
can help prepare and manage risk from sabotage by these activities. This paper
proposes a framework focusing on event classification in terrorism domain using
fuzzy inference systems (FISs). Each FIS is a decision-making model combining
fuzzy logic and approximate reasoning. It is generated in five main parts: the
input interface, the fuzzification interface, knowledge base unit, decision
making unit and output defuzzification interface. Adaptive neuro-fuzzy
inference system (ANFIS) is a FIS model adapted by combining the fuzzy logic
and neural network. The ANFIS utilizes automatic identification of fuzzy logic
rules and adjustment of membership function (MF). Moreover, neural network can
directly learn from data set to construct fuzzy logic rules and MF implemented
in various applications. FIS settings are evaluated based on two comparisons.
The first evaluation is the comparison between unstructured and structured
events using the same FIS setting. The second comparison is the model settings
between FIS and ANFIS for classifying structured events. The data set consists
of news articles related to terrorism events in three southern provinces of
Thailand. The experimental results show that the classification performance of
the FIS resulting from structured events achieves satisfactory accuracy and is
better than the unstructured events. In addition, the classification of
structured events using ANFIS gives higher performance than the events using
only FIS in the prediction of terrorism events.",FIS - 0.72; ANFISIS - 0.42; ANFIS - 0.58; Adaptive neuro-fuzzyĊinference system - 1.54,prediction - 0.00; classifyingIS - 0.85; event classification inference systemsISIS - 1.16,FIS - prediction - 6.23; ANFISIS - prediction - 3.57; ANFIS - prediction - 3.77; Adaptive neuro-fuzzyĊinference system - prediction - 3.31,"{'CumulativeMethodScore': 0.6009202009631642, 'CumulativeTaskScore': 0.592851501163521, 'CumulativeMethodTaskPairScore': 0.5871821278016492}"
Online Cake Cutting,"We propose an online form of the cake cutting problem. This models situations
where players arrive and depart during the process of dividing a resource. We
show that well known fair division procedures like cut-and-choose and the
Dubins-Spanier moving knife procedure can be adapted to apply to such online
problems. We propose some desirable properties that online cake cutting
procedures might possess like online forms of proportionality and
envy-freeness, and identify which properties are in fact possessed by the
different online cake procedures.",cut-andose - 8.95,cake cutting - 6.62,cut-andose - cake cutting - 15.58,"{'CumulativeMethodScore': 0.8343644114852038, 'CumulativeTaskScore': 0.8534112240850836, 'CumulativeMethodTaskPairScore': 0.5760292575210394}"
Logic-Based Decision Support for Strategic Environmental Assessment,"Strategic Environmental Assessment is a procedure aimed at introducing
systematic assessment of the environmental effects of plans and programs. This
procedure is based on the so-called coaxial matrices that define dependencies
between plan activities (infrastructures, plants, resource extractions,
buildings, etc.) and positive and negative environmental impacts, and
dependencies between these impacts and environmental receptors. Up to now, this
procedure is manually implemented by environmental experts for checking the
environmental effects of a given plan or program, but it is never applied
during the plan/program construction. A decision support system, based on a
clear logic semantics, would be an invaluable tool not only in assessing a
single, already defined plan, but also during the planning process in order to
produce an optimized, environmentally assessed plan and to study possible
alternative scenarios. We propose two logic-based approaches to the problem,
one based on Constraint Logic Programming and one on Probabilistic Logic
Programming that could be, in the future, conveniently merged to exploit the
advantages of both. We test the proposed approaches on a real energy plan and
we discuss their limitations and advantages.",Probabilistic LogicĊProgramming - 5.85,Strategic Environmental Assessment - 1.69,Probabilistic LogicĊProgramming - Strategic Environmental Assessment - 7.54,"{'CumulativeMethodScore': 0.7227093470996996, 'CumulativeTaskScore': 0.5701389774979114, 'CumulativeMethodTaskPairScore': 0.5063092528402121}"
AI 3D Cybug Gaming,"In this short paper I briefly discuss 3D war Game based on artificial
intelligence concepts called AI WAR. Going in to the details, I present the
importance of CAICL language and how this language is used in AI WAR. Moreover
I also present a designed and implemented 3D War Cybug for AI WAR using CAICL
and discus the implemented strategy to defeat its enemies during the game life.",CA - 0.35; 3bug - 3.63,3D war WAR - 6.52,CA - 3D war WAR - 9.66,"{'CumulativeMethodScore': 0.6367808065361492, 'CumulativeTaskScore': 0.8494778893932773, 'CumulativeMethodTaskPairScore': 0.5248003073709252}"
General Scaled Support Vector Machines,"Support Vector Machines (SVMs) are popular tools for data mining tasks such
as classification, regression, and density estimation. However, original SVM
(C-SVM) only considers local information of data points on or over the margin.
Therefore, C-SVM loses robustness. To solve this problem, one approach is to
translate (i.e., to move without rotation or change of shape) the hyperplane
according to the distribution of the entire data. But existing work can only be
applied for 1-D case. In this paper, we propose a simple and efficient method
called General Scaled SVM (GS-SVM) to extend the existing approach to
multi-dimensional case. Our method translates the hyperplane according to the
distribution of data projected on the normal vector of the hyperplane. Compared
with C-SVM, GS-SVM has better performance on several data sets.",General Scaled SVM - 2.31; GS-SVM - 0.67; C-SVM - 0.71,density estimation - 0.00; classification - 0.00; regression - 0.00,General Scaled SVM - density estimation - 5.41; General Scaled SVM - classification - 5.93; General Scaled SVM - regression - 5.92; GS-SVM - density estimation - 2.07; GS-SVM - classification - 2.34; GS-SVM - regression - 2.34; C-SVM - density estimation - 2.20; C-SVM - classification - 2.48; C-SVM - regression - 2.48,"{'CumulativeMethodScore': 0.6225151444110555, 'CumulativeTaskScore': 0.44375447054421435, 'CumulativeMethodTaskPairScore': 0.7010476540715739}"
Introduction to the iDian,"The iDian (previously named as the Operation Agent System) is a framework
designed to enable computer users to operate software in natural language.
Distinct from current speech-recognition systems, our solution supports
format-free combinations of orders, and is open to both developers and
customers. We used a multi-layer structure to build the entire framework,
approached rule-based natural language processing, and implemented demos
narrowing down to Windows, text-editing and a few other applications. This
essay will firstly give an overview of the entire system, and then scrutinize
the functions and structure of the system, and finally discuss the prospective
de-velopment, esp. on-line interaction functions.",iDian - 5.57; Operation Agent System - 1.46,text-editing - 0.96,iDian - text-editing - 10.19; Operation Agent System - text-editing - 3.57,"{'CumulativeMethodScore': 0.7697389273190914, 'CumulativeTaskScore': 0.5159258546655657, 'CumulativeMethodTaskPairScore': 0.560396211684849}"
Prunnig Algorithm of Generation a Minimal Set of Rule Reducts Based on Rough Set Theory,"In this paper it is considered rule reduct generation problem, based on Rough
Set Theory. Rule Reduct Generation (RG) and Modified Rule Generation (MRG)
algorithms are well-known. Alternative to these algorithms Pruning Algorithm of
Generation A Minimal Set of Rule Reducts, or briefly Pruning Rule Generation
(PRG) algorithm is developed. PRG algorithm uses tree structured data type. PRG
algorithm is compared with RG and MRG algorithms",Pruning Algorithm - 0.69; PRG - 0.73; Modified Rule Generation - 0.58; RG - 0.06; MRG - 0.38; Pruning Rule GenerationĊ - 2.17,rule reduct generation - 1.19; Rule Reduct Generation - 1.21,Pruning Algorithm - rule reduct generation - 5.39; PRG - rule reduct generation - 8.42; Pruning Rule GenerationĊ - rule reduct generation - 9.34; MRG - rule reduct generation - 7.06,"{'CumulativeMethodScore': 0.6667382265086863, 'CumulativeTaskScore': 0.62081458660623, 'CumulativeMethodTaskPairScore': 0.6939848339556313}"
Significance of Classification Techniques in Prediction of Learning Disabilities,"The aim of this study is to show the importance of two classification
techniques, viz. decision tree and clustering, in prediction of learning
disabilities (LD) of school-age children. LDs affect about 10 percent of all
children enrolled in schools. The problems of children with specific learning
disabilities have been a cause of concern to parents and teachers for some
time. Decision trees and clustering are powerful and popular tools used for
classification and prediction in Data mining. Different rules extracted from
the decision tree are used for prediction of learning disabilities. Clustering
is the assignment of a set of observations into subsets, called clusters, which
are useful in finding the different signs and symptoms (attributes) present in
the LD affected child. In this paper, J48 algorithm is used for constructing
the decision tree and K-means algorithm is used for creating the clusters. By
applying these classification techniques, LD in any child can be identified.",J48 - 0.00; clusteringĊ - 5.23,Cl - 0.32; LD - 0.46,J48 - Cl - 0.61; J48 - LD - 0.87; clusteringĊ - LD - 12.08,"{'CumulativeMethodScore': 0.6955080476466727, 'CumulativeTaskScore': 0.5024209705421656, 'CumulativeMethodTaskPairScore': 0.558747899717818}"
URSA: A System for Uniform Reduction to SAT,"There are a huge number of problems, from various areas, being solved by
reducing them to SAT. However, for many applications, translation into SAT is
performed by specialized, problem-specific tools. In this paper we describe a
new system for uniform solving of a wide class of problems by reducing them to
SAT. The system uses a new specification language URSA that combines imperative
and declarative programming paradigms. The reduction to SAT is defined
precisely by the semantics of the specification language. The domain of the
approach is wide (e.g., many NP-complete problems can be simply specified and
then solved by the system) and there are problems easily solvable by the
proposed system, while they can be hardly solved by using other programming
languages or constraint programming systems. So, the system can be seen not
only as a tool for solving problems by reducing them to SAT, but also as a
general-purpose constraint solving system (for finite domains). In this paper,
we also describe an open-source implementation of the described approach. The
performed experiments suggest that the system is competitive to
state-of-the-art related modelling systems.",ĊSAT - 2.51; SAT - 0.00; URSA - 1.80; URSA for Uniform Reduction to SAT - 10.10,SAT - 0.00; constraint solving - 0.00,URSA - SAT - 8.60; URSA - constraint solving - 6.38,"{'CumulativeMethodScore': 0.9412764073655365, 'CumulativeTaskScore': 0.4437545391385066, 'CumulativeMethodTaskPairScore': 0.5709493374464625}"
SAPFOCS: a metaheuristic based approach to part family formation problems in group technology,"This article deals with Part family formation problem which is believed to be
moderately complicated to be solved in polynomial time in the vicinity of Group
Technology (GT). In the past literature researchers investigated that the part
family formation techniques are principally based on production flow analysis
(PFA) which usually considers operational requirements, sequences and time.
Part Coding Analysis (PCA) is merely considered in GT which is believed to be
the proficient method to identify the part families. PCA classifies parts by
allotting them to different families based on their resemblances in: (1) design
characteristics such as shape and size, and/or (2) manufacturing
characteristics (machining requirements). A novel approach based on simulated
annealing namely SAPFOCS is adopted in this study to develop effective part
families exploiting the PCA technique. Thereafter Taguchi's orthogonal design
method is employed to solve the critical issues on the subject of parameters
selection for the proposed metaheuristic algorithm. The adopted technique is
therefore tested on 5 different datasets of size 5 {\times} 9 to 27 {\times} 9
and the obtained results are compared with C-Linkage clustering technique. The
experimental results reported that the proposed metaheuristic algorithm is
extremely effective in terms of the quality of the solution obtained and has
outperformed C-Linkage algorithm in most instances.",Part Coding Analysis - 1.13; C-Linkageering - 2.84; C-Linkage - 2.17; PCA - 0.00; SAPFOCS - 0.71,production flow analysis - 0.98,PCA - production flow analysis - 3.63,"{'CumulativeMethodScore': 0.7632076435228883, 'CumulativeTaskScore': 0.5168404426757507, 'CumulativeMethodTaskPairScore': 0.47205449324691345}"
Evolving Genes to Balance a Pole,"We discuss how to use a Genetic Regulatory Network as an evolutionary
representation to solve a typical GP reinforcement problem, the pole balancing.
The network is a modified version of an Artificial Regulatory Network proposed
a few years ago, and the task could be solved only by finding a proper way of
connecting inputs and outputs to the network. We show that the representation
is able to generalize well over the problem domain, and discuss the performance
of different models of this kind.",Genetic Regulatory Network - 1.31; Artificial Regulatory Network - 0.75,pole balancing - 2.33,Genetic Regulatory Network - pole balancing - 5.71; Artificial Regulatory Network - pole balancing - 5.06,"{'CumulativeMethodScore': 0.5383181961177268, 'CumulativeTaskScore': 0.6164267003945315, 'CumulativeMethodTaskPairScore': 0.5345069982017108}"
Growing a Tree in the Forest: Constructing Folksonomies by Integrating Structured Metadata,"Many social Web sites allow users to annotate the content with descriptive
metadata, such as tags, and more recently to organize content hierarchically.
These types of structured metadata provide valuable evidence for learning how a
community organizes knowledge. For instance, we can aggregate many personal
hierarchies into a common taxonomy, also known as a folksonomy, that will aid
users in visualizing and browsing social content, and also to help them in
organizing their own content. However, learning from social metadata presents
several challenges, since it is sparse, shallow, ambiguous, noisy, and
inconsistent. We describe an approach to folksonomy learning based on
relational clustering, which exploits structured metadata contained in personal
hierarchies. Our approach clusters similar hierarchies using their structure
and tag statistics, then incrementally weaves them into a deeper, bushier tree.
We study folksonomy learning using social metadata extracted from the
photo-sharing site Flickr, and demonstrate that the proposed approach addresses
the challenges. Moreover, comparing to previous work, the approach produces
larger, more accurate folksonomies, and in addition, scales better.",Ċonomy - 1.60; folksonomy - 4.04,folksonomy learning - 3.26,Ċonomy - folksonomy learning - 7.12,"{'CumulativeMethodScore': 0.7136841453164479, 'CumulativeTaskScore': 0.6795188750589917, 'CumulativeMethodTaskPairScore': 0.502636157036668}"
A general approach to belief change in answer set programming,"We address the problem of belief change in (nonmonotonic) logic programming
under answer set semantics. Unlike previous approaches to belief change in
logic programming, our formal techniques are analogous to those of
distance-based belief revision in propositional logic. In developing our
results, we build upon the model theory of logic programs furnished by SE
models. Since SE models provide a formal, monotonic characterisation of logic
programs, we can adapt techniques from the area of belief revision to belief
change in logic programs. We introduce methods for revising and merging logic
programs, respectively. For the former, we study both subset-based revision as
well as cardinality-based revision, and we show that they satisfy the majority
of the AGM postulates for revision. For merging, we consider operators
following arbitration merging and IC merging, respectively. We also present
encodings for computing the revision as well as the merging of logic programs
within the same logic programming framework, giving rise to a direct
implementation of our approach in terms of off-the-shelf answer set solvers.
These encodings reflect in turn the fact that our change operators do not
increase the complexity of the base formalism.",subsetity - 1.86; SE - 0.00; IC merging - 1.19,beliefĊchange programs - 2.85; belief change - 0.63; belief revision - 0.00; belief change programming - 1.73,subsetity - belief change - 9.66; SE - belief change - 3.06; SE - belief revision - 0.00,"{'CumulativeMethodScore': 0.5900929642376804, 'CumulativeTaskScore': 0.7917879558966718, 'CumulativeMethodTaskPairScore': 0.551419032618024}"
Learning Efficient Disambiguation,"This dissertation analyses the computational properties of current
performance-models of natural language parsing, in particular Data Oriented
Parsing (DOP), points out some of their major shortcomings and suggests
suitable solutions. It provides proofs that various problems of probabilistic
disambiguation are NP-Complete under instances of these performance-models, and
it argues that none of these models accounts for attractive efficiency
properties of human language processing in limited domains, e.g. that frequent
inputs are usually processed faster than infrequent ones. The central
hypothesis of this dissertation is that these shortcomings can be eliminated by
specializing the performance-models to the limited domains. The dissertation
addresses ""grammar and model specialization"" and presents a new framework, the
Ambiguity-Reduction Specialization (ARS) framework, that formulates the
necessary and sufficient conditions for successful specialization. The
framework is instantiated into specialization algorithms and applied to
specializing DOP. Novelties of these learning algorithms are 1) they limit the
hypotheses-space to include only ""safe"" models, 2) are expressed as constrained
optimization formulae that minimize the entropy of the training tree-bank given
the specialized grammar, under the constraint that the size of the specialized
model does not exceed a predefined maximum, and 3) they enable integrating the
specialized model with the original one in a complementary manner. The
dissertation provides experiments with initial implementations and compares the
resulting Specialized DOP (SDOP) models to the original DOP models with
encouraging results.",Data OrientedĊParsing - 1.42; DOPabilisticĊdisambiguation - 1.75; DOP - 0.00; ĊAmbiguity-Reduction Specialization - 1.19; SDOP - 0.37; Specialized DOP - 0.54; ARS - 0.00,Learning Disambiguation - 1.55; natural language parsing - 0.00,DOPabilisticĊdisambiguation - natural language parsing - 6.14; ĊAmbiguity-Reduction Specialization - natural language parsing - 3.55; SDOP - natural language parsing - 2.96; ARS - natural language parsing - 0.00; Specialized DOP - natural language parsing - 2.58; Data OrientedĊParsing - natural language parsing - 5.40,"{'CumulativeMethodScore': 0.6972619496171172, 'CumulativeTaskScore': 0.5593894096227766, 'CumulativeMethodTaskPairScore': 0.6186207534041154}"
Resolving Part-of-Speech Ambiguity in the Greek Language Using Learning Techniques,"This article investigates the use of Transformation-Based Error-Driven
learning for resolving part-of-speech ambiguity in the Greek language. The aim
is not only to study the performance, but also to examine its dependence on
different thematic domains. Results are presented here for two different test
cases: a corpus on ""management succession events"" and a general-theme corpus.
The two experiments show that the performance of this method does not depend on
the thematic domain of the corpus, and its accuracy for the Greek language is
around 95%.",Transformation Error-DrivenĊlearning - 5.90,resolving part-of-speech ambiguity - 2.25,Transformation Error-DrivenĊlearning - resolving part-of-speech ambiguity - 8.15,"{'CumulativeMethodScore': 0.7249554339496901, 'CumulativeTaskScore': 0.6101736201933586, 'CumulativeMethodTaskPairScore': 0.5116003810615923}"
Implementing Integrity Constraints in an Existing Belief Revision System,"SNePS is a mature knowledge representation, reasoning, and acting system that
has long contained a belief revision subsystem, called SNeBR. SNeBR is
triggered when an explicit contradiction is introduced into the SNePS belief
space, either because of a user's new assertion, or because of a user's query.
SNeBR then makes the user decide what belief to remove from the belief space in
order to restore consistency, although it provides information to help the user
in making that decision. We have recently added automatic belief revision to
SNeBR, by which, under certain circumstances, SNeBR decides by itself which
belief to remove, and then informs the user of the decision and its
consequences. We have used the well-known belief revision integrity constraints
as a guide in designing automatic belief revision, taking into account,
however, that SNePS's belief space is not deductively closed, and that it would
be infeasible to form the deductive closure in order to decide what belief to
remove. This paper briefly describes SNeBR both before and after this revision,
discusses how we adapted the integrity constraints for this purpose, and gives
an example of the new SNeBR in action.",SNePS revision - 1.71; SNePS - 0.81; SNeBR - 0.51; SNeBR revision - 1.87; ĊSNeBR - 0.78,belief revision - 0.00,ĊSNeBR - belief revision - 2.97; SNePS revision - belief revision - 5.16; SNePS - belief revision - 3.05; SNeBR revision - belief revision - 5.64; SNeBR - belief revision - 1.90,"{'CumulativeMethodScore': 0.715157422215983, 'CumulativeTaskScore': 0.44375447054421435, 'CumulativeMethodTaskPairScore': 0.6027631148184298}"
Reasoning with Axioms: Theory and Pratice,"When reasoning in description, modal or temporal logics it is often useful to
consider axioms representing universal truths in the domain of discourse.
Reasoning with respect to an arbitrary set of axioms is hard, even for
relatively inexpressive logics, and it is essential to deal with such axioms in
an efficient manner if implemented systems are to be effective in real
applications. This is particularly relevant to Description Logics, where
subsumption reasoning with respect to a terminology is a fundamental problem.
Two optimisation techniques that have proved to be particularly effective in
dealing with terminologies are lazy unfolding and absorption. In this paper we
seek to improve our theoretical understanding of these important techniques. We
define a formal framework that allows the techniques to be precisely described,
establish conditions under which they can be safely applied, and prove that,
provided these conditions are respected, subsumption testing algorithms will
still function correctly. These results are used to show that the procedures
used in the FaCT system are correct and, moreover, to show how efficiency can
be significantly improved, while still retaining the guarantee of correctness,
by relaxing the safety conditions for absorption.",FaCT - 3.78,subsumption testing - 2.64,FaCT - subsumption testing - 6.42,"{'CumulativeMethodScore': 0.6267581791950864, 'CumulativeTaskScore': 0.6378234952276249, 'CumulativeMethodTaskPairScore': 0.49644166157615577}"
Semantic Parsing based on Verbal Subcategorization,"The aim of this work is to explore new methodologies on Semantic Parsing for
unrestricted texts. Our approach follows the current trends in Information
Extraction (IE) and is based on the application of a verbal subcategorization
lexicon (LEXPIR) by means of complex pattern recognition techniques. LEXPIR is
framed on the theoretical model of the verbal subcategorization developed in
the Pirapides project.",( - 0.00; LEXPIR - 5.23,InformationĊExtraction - 4.64; Semantic Parsing - 0.00; IE - 0.00,( - Semantic Parsing - 0.00; LEXPIR - Semantic Parsing - 8.43; LEXPIR - IE - 17.87,"{'CumulativeMethodScore': 0.6957295284674858, 'CumulativeTaskScore': 0.7625956855813836, 'CumulativeMethodTaskPairScore': 0.6641828984684628}"
Boosting Applied to Word Sense Disambiguation,"In this paper Schapire and Singer's AdaBoost.MH boosting algorithm is applied
to the Word Sense Disambiguation (WSD) problem. Initial experiments on a set of
15 selected polysemous words show that the boosting approach surpasses Naive
Bayes and Exemplar-based approaches, which represent state-of-the-art accuracy
on supervised WSD. In order to make boosting practical for a real learning
domain of thousands of words, several ways of accelerating the algorithm by
reducing the feature space are studied. The best variant, which we call
LazyBoosting, is tested on the largest sense-tagged corpus available containing
192,800 examples of the 191 most frequent and ambiguous English words. Again,
boosting compares favourably to the other benchmark algorithms.",Ċboosting - 0.70; boosting - 0.00; AdaBoost.MH - 2.54; NaiveĊBayes - 0.86; ĊLazyBoosting - 1.39,WSD - 0.00; Word Sense Disambiguation - 0.00,boosting - WSD - 0.00; boosting - Word Sense Disambiguation - 0.00; AdaBoost.MH - WSD - 5.96; AdaBoost.MH - Word Sense Disambiguation - 4.75; NaiveĊBayes - Word Sense Disambiguation - 2.72; ĊLazyBoosting - Word Sense Disambiguation - 4.42; Ċboosting - Word Sense Disambiguation - 2.94,"{'CumulativeMethodScore': 0.706731801645229, 'CumulativeTaskScore': 0.44375447054421435, 'CumulativeMethodTaskPairScore': 0.6198937511268241}"
Naive Bayes and Exemplar-Based approaches to Word Sense Disambiguation Revisited,"This paper describes an experimental comparison between two standard
supervised learning methods, namely Naive Bayes and Exemplar-based
classification, on the Word Sense Disambiguation (WSD) problem. The aim of the
work is twofold. Firstly, it attempts to contribute to clarify some confusing
information about the comparison between both methods appearing in the related
literature. In doing so, several directions have been explored, including:
testing several modifications of the basic learning algorithms and varying the
feature space. Secondly, an improvement of both algorithms is proposed, in
order to deal with large attribute sets. This modification, which basically
consists in using only the positive information appearing in the examples,
allows to improve greatly the efficiency of the methods, with no loss in
accuracy. The experiments have been performed on the largest sense-tagged
corpus available containing the most frequent and ambiguous English words.
Results show that the Exemplar-based approach to WSD is generally superior to
the Bayesian approach, especially when a specific metric for dealing with
symbolic attributes is used.",Exemplar-based - 0.00; Bayesian - 0.00; Exemplar-basedĊclassification - 1.78; Naive Bayes - 0.00,WSD - 0.00; Word Sense Disambiguation - 0.00,Exemplar-basedĊclassification - WSD - 4.85; Exemplar-basedĊclassification - Word Sense Disambiguation - 3.63; Exemplar-based - WSD - 0.00; Exemplar-based - Word Sense Disambiguation - 0.00; Naive Bayes - WSD - 0.00; Naive Bayes - Word Sense Disambiguation - 0.00; Bayesian - WSD - 0.00; Bayesian - Word Sense Disambiguation - 0.00,"{'CumulativeMethodScore': 0.5238747755555268, 'CumulativeTaskScore': 0.44375447054421435, 'CumulativeMethodTaskPairScore': 0.5145033175277479}"
Coaxing Confidences from an Old Friend: Probabilistic Classifications from Transformation Rule Lists,"Transformation-based learning has been successfully employed to solve many
natural language processing problems. It has many positive features, but one
drawback is that it does not provide estimates of class membership
probabilities.
  In this paper, we present a novel method for obtaining class membership
probabilities from a transformation-based rule list classifier. Three
experiments are presented which measure the modeling accuracy and cross-entropy
of the probabilistic classifier on unseen data and the degree to which the
output probabilities from the classifier can be used to estimate confidences in
its classification decisions.
  The results of these experiments show that, for the task of text chunking,
the estimates produced by this technique are more informative than those
generated by a state-of-the-art decision tree.",decision tree - 1.05,text chunking - 0.00,decision tree - text chunking - 1.05,"{'CumulativeMethodScore': 0.48507149975314856, 'CumulativeTaskScore': 0.44375447054421435, 'CumulativeMethodTaskPairScore': 0.4496762506725626}"
Stacking classifiers for anti-spam filtering of e-mail,"We evaluate empirically a scheme for combining classifiers, known as stacked
generalization, in the context of anti-spam filtering, a novel cost-sensitive
application of text categorization. Unsolicited commercial e-mail, or ""spam"",
floods mailboxes, causing frustration, wasting bandwidth, and exposing minors
to unsuitable content. Using a public corpus, we show that stacking can improve
the efficiency of automatically induced anti-spam filters, and that such
filters can be used in real-life applications.",stackedĊgeneralization - 3.48,text categorization - 0.00; anti-spam filtering - 2.23,stackedĊgeneralization - text categorization - 5.89; stackedĊgeneralization - anti-spam filtering - 7.61,"{'CumulativeMethodScore': 0.6117654469497171, 'CumulativeTaskScore': 0.6094221728994517, 'CumulativeMethodTaskPairScore': 0.5582063778346248}"
Propositional satisfiability in answer-set programming,"We show that propositional logic and its extensions can support answer-set
programming in the same way stable logic programming and disjunctive logic
programming do. To this end, we introduce a logic based on the logic of
propositional schemata and on a version of the Closed World Assumption. We call
it the extended logic of propositional schemata with CWA (PS+, in symbols). An
important feature of this logic is that it supports explicit modeling of
constraints on cardinalities of sets. In the paper, we characterize the class
of problems that can be solved by finite PS+ theories. We implement a
programming system based on the logic PS+ and design and implement a solver for
processing theories in PS+. We present encouraging performance results for our
approach --- we show it to be competitive with smodels, a state-of-the-art
answer-set programming system based on stable logic programming.","PS+ - 1.11; stable logic - 0.67; PS - 0.00; disctive logicĊprogramming - 1.15; PS+, - 1.54; extended schemata CWA - 1.91; Ċ - 0.00; stable - 0.07",answer-setĊprogramming - 1.71; Propositional satisfiability - 1.98,PS+ - answer-setĊprogramming - 11.99; PS - answer-setĊprogramming - 8.45,"{'CumulativeMethodScore': 0.7471178734031994, 'CumulativeTaskScore': 0.7073744821493969, 'CumulativeMethodTaskPairScore': 0.6170280457861282}"
aspps --- an implementation of answer-set programming with propositional schemata,"We present an implementation of an answer-set programming paradigm, called
aspps (short for answer-set programming with propositional schemata). The
system aspps is designed to process PS+ theories. It consists of two basic
modules. The first module, psgrnd, grounds an PS+ theory. The second module,
referred to as aspps, is a solver. It computes models of ground PS+ theories.",Ċaspps - 1.26; as - 0.19; aspps - 0.91; answer-set programming with propositional schemata - 4.25,PS - 0.11,Ċaspps - PS - 6.30; as - PS - 2.48; aspps - PS - 5.24; answer-set programming with propositional schemata - PS - 6.94,"{'CumulativeMethodScore': 0.7539374004692005, 'CumulativeTaskScore': 0.4520308238462988, 'CumulativeMethodTaskPairScore': 0.6213565494695125}"
A Logic Programming Approach to Knowledge-State Planning: Semantics and Complexity,"We propose a new declarative planning language, called K, which is based on
principles and methods of logic programming. In this language, transitions
between states of knowledge can be described, rather than transitions between
completely described states of the world, which makes the language well-suited
for planning under incomplete knowledge. Furthermore, it enables the use of
default principles in the planning process by supporting negation as failure.
Nonetheless, K also supports the representation of transitions between states
of the world (i.e., states of complete knowledge) as a special case, which
shows that the language is very flexible. As we demonstrate on particular
examples, the use of knowledge states may allow for a natural and compact
problem representation. We then provide a thorough analysis of the
computational complexity of K, and consider different planning problems,
including standard planning and secure planning (also known as conformant
planning) problems. We show that these problems have different complexities
under various restrictions, ranging from NP to NEXPTIME in the propositional
case. Our results form the theoretical basis for the DLV^K system, which
implements the language K on top of the DLV logic programming system.",K - 0.26; DLV^K - 5.08; DL - 0.00,secure planning - 1.66; planning - 0.00; conformantĊplanning - 4.34,K - secure planning - 6.81; K - planning - 1.53; K - conformantĊplanning - 12.29; DLV^K - secure planning - 14.22; DLV^K - planning - 14.01; DL - secure planning - 6.32; DL - planning - 0.00; DL - conformantĊplanning - 12.22,"{'CumulativeMethodScore': 0.7007061977754425, 'CumulativeTaskScore': 0.8284972417106328, 'CumulativeMethodTaskPairScore': 0.8929338783248969}"
Computing Preferred Answer Sets by Meta-Interpretation in Answer Set Programming,"Most recently, Answer Set Programming (ASP) is attracting interest as a new
paradigm for problem solving. An important aspect which needs to be supported
is the handling of preferences between rules, for which several approaches have
been presented. In this paper, we consider the problem of implementing
preference handling approaches by means of meta-interpreters in Answer Set
Programming. In particular, we consider the preferred answer set approaches by
Brewka and Eiter, by Delgrande, Schaub and Tompits, and by Wang, Zhou and Lin.
We present suitable meta-interpreters for these semantics using DLV, which is
an efficient engine for ASP. Moreover, we also present a meta-interpreter for
the weakly preferred answer set approach by Brewka and Eiter, which uses the
weak constraint feature of DLV as a tool for expressing and solving an
underlying optimization problem. We also consider advanced meta-interpreters,
which make use of graph-based characterizations and often allow for more
efficient computations. Our approach shows the suitability of ASP in general
and of DLV in particular for fast prototyping. This can be fruitfully exploited
for experimenting with new languages and knowledge-representation formalisms.",ASP - 0.00; DLV - 0.00,ASP - 0.00; Answer SetĊProgramming - 4.43; Answer Set Programming - 0.59,DLV - ASP - 0.00; DLV - Answer SetĊProgramming - 8.01; DLV - Answer Set Programming - 1.27,"{'CumulativeMethodScore': 0.42968112455569435, 'CumulativeTaskScore': 0.7829003407954978, 'CumulativeMethodTaskPairScore': 0.5215125490698379}"
"The Mysterious Optimality of Naive Bayes: Estimation of the Probability in the System of ""Classifiers""","Bayes Classifiers are widely used currently for recognition, identification
and knowledge discovery. The fields of application are, for example, image
processing, medicine, chemistry (QSAR). But by mysterious way the Naive Bayes
Classifier usually gives a very nice and good presentation of a recognition. It
can not be improved considerably by more complex models of Bayes Classifier. We
demonstrate here a very nice and simple proof of the Naive Bayes Classifier
optimality, that can explain this interesting fact.The derivation in the
current paper is based on arXiv:cs/0202020v1",Naive Bayes - 0.00,imageĊprocessing - 2.18; QSAR - 1.04,Naive Bayes - QSAR - 1.42,"{'CumulativeMethodScore': 0.4296812419442083, 'CumulativeTaskScore': 0.6776550134666925, 'CumulativeMethodTaskPairScore': 0.4528444771984815}"
Robust Global Localization Using Clustered Particle Filtering,"Global mobile robot localization is the problem of determining a robot's pose
in an environment, using sensor data, when the starting position is unknown. A
family of probabilistic algorithms known as Monte Carlo Localization (MCL) is
currently among the most popular methods for solving this problem. MCL
algorithms represent a robot's belief by a set of weighted samples, which
approximate the posterior probability of where the robot is located by using a
Bayesian formulation of the localization problem. This article presents an
extension to the MCL algorithm, which addresses its problems when localizing in
highly symmetrical environments; a situation where MCL is often unable to
correctly track equally probable poses for the robot. The problem arises from
the fact that sample sets in MCL often become impoverished, when samples are
generated according to their posterior likelihood. Our approach incorporates
the idea of clusters of samples and modifies the proposal distribution
considering the probability mass of those clusters. Experimental results are
presented that show that this new extension to the MCL algorithm successfully
localizes in symmetric environments where ordinary MCL often fails.",Monte Carlo Localization - 1.00; MCL - 1.03,Global mobile robot localization - 2.03,Monte Carlo Localization - Global mobile robot localization - 3.60; MCL - Global mobile robot localization - 5.22,"{'CumulativeMethodScore': 0.5368346869765768, 'CumulativeTaskScore': 0.5945471590416953, 'CumulativeMethodTaskPairScore': 0.5174878968764494}"
Relational Association Rules: getting WARMeR,"In recent years, the problem of association rule mining in transactional data
has been well studied. We propose to extend the discovery of classical
association rules to the discovery of association rules of conjunctive queries
in arbitrary relational data, inspired by the WARMR algorithm, developed by
Dehaspe and Toivonen, that discovers association rules over a limited set of
conjunctive queries. Conjunctive query evaluation in relational databases is
well understood, but still poses some great challenges when approached from a
discovery viewpoint in which patterns are generated and evaluated with respect
to some well defined search space and pruning operators.",WARMR - 2.05,association rule mining - 0.60,WARMR - association rule mining - 2.65,"{'CumulativeMethodScore': 0.5377336847422695, 'CumulativeTaskScore': 0.4887279969318055, 'CumulativeMethodTaskPairScore': 0.46354554372166024}"
A Polynomial Translation of Logic Programs with Nested Expressions into Disjunctive Logic Programs: Preliminary Report,"Nested logic programs have recently been introduced in order to allow for
arbitrarily nested formulas in the heads and the bodies of logic program rules
under the answer sets semantics. Nested expressions can be formed using
conjunction, disjunction, as well as the negation as failure operator in an
unrestricted fashion. This provides a very flexible and compact framework for
knowledge representation and reasoning. Previous results show that nested logic
programs can be transformed into standard (unnested) disjunctive logic programs
in an elementary way, applying the negation as failure operator to body
literals only. This is of great practical relevance since it allows us to
evaluate nested logic programs by means of off-the-shelf disjunctive logic
programming systems, like DLV. However, it turns out that this straightforward
transformation results in an exponential blow-up in the worst-case, despite the
fact that complexity results indicate that there is a polynomial translation
among both formalisms. In this paper, we take up this challenge and provide a
polynomial translation of logic programs with nested expressions into
disjunctive logic programs. Moreover, we show that this translation is modular
and (strongly) faithful. We have implemented both the straightforward as well
as our advanced transformation; the resulting compiler serves as a front-end to
DLV and is publicly available on the Web.",ĊDLV - 1.38; DLV - 0.00; Nested logic programs dis - 2.19,dis logicĊprogramming - 2.39,DLV - dis logicĊprogramming - 5.14,"{'CumulativeMethodScore': 0.6164647613309145, 'CumulativeTaskScore': 0.6201425579870479, 'CumulativeMethodTaskPairScore': 0.4852632234401505}"
Offline Specialisation in Prolog Using a Hand-Written Compiler Generator,"The so called ``cogen approach'' to program specialisation, writing a
compiler generator instead of a specialiser, has been used with considerable
success in partial evaluation of both functional and imperative languages. This
paper demonstrates that the cogen approach is also applicable to the
specialisation of logic programs (also called partial deduction) and leads to
effective specialisers. Moreover, using good binding-time annotations, the
speed-ups of the specialised programs are comparable to the speed-ups obtained
with online specialisers. The paper first develops a generic approach to
offline partial deduction and then a specific offline partial deduction method,
leading to the offline system LIX for pure logic programs. While this is a
usable specialiser by itself, it is used to develop the cogen system LOGEN.
Given a program, a specification of what inputs will be static, and an
annotation specifying which calls should be unfolded, LOGEN generates a
specialised specialiser for the program at hand. Running this specialiser with
particular values for the static inputs results in the specialised program.
While this requires two steps instead of one, the efficiency of the
specialisation process is improved in situations where the same program is
specialised multiple times. The paper also presents and evaluates an automatic
binding-time analysis that is able to derive the annotations. While the derived
annotations are still suboptimal compared to hand-crafted ones, they enable
non-expert users to use the LOGEN system in a fully automated way. Finally,
LOGEN is extended so as to directly support a large part of Prolog's
declarative and non-declarative features and so as to be able to perform so
called mixline specialisations.",LIX - 0.95; c - 0.12; LOGEN - 1.75; ĊLOGEN - 1.68,program specialisation - 0.77; partial deduction - 1.18; Ċspecialisation logic programs - 1.55,LIX - program specialisation - 5.60; c - program specialisation - 3.61; c - partial deduction - 7.05; c - Ċspecialisation logic programs - 5.24; LOGEN - program specialisation - 8.11; LOGEN - partial deduction - 11.83; ĊLOGEN - program specialisation - 7.77,"{'CumulativeMethodScore': 0.6620123725700587, 'CumulativeTaskScore': 0.6950698652545245, 'CumulativeMethodTaskPairScore': 0.8151551306829777}"
Approximate Grammar for Information Extraction,"In this paper, we present the concept of Approximate grammar and how it can
be used to extract information from a documemt. As the structure of
informational strings cannot be defined well in a document, we cannot use the
conventional grammar rules to represent the information. Hence, the need arises
to design an approximate grammar that can be used effectively to accomplish the
task of Information extraction. Approximate grammars are a novel step in this
direction. The rules of an approximate grammar can be given by a user or the
machine can learn the rules from an annotated document. We have performed our
experiments in both the above areas and the results have been impressive.",Approximate grammar - 2.49; Approximate gramm - 5.92,Information extraction - 0.00,Approximate grammar - Information extraction - 4.26; Approximate gramm - Information extraction - 9.63,"{'CumulativeMethodScore': 0.8176179412765867, 'CumulativeTaskScore': 0.44375447054421435, 'CumulativeMethodTaskPairScore': 0.5615322318706374}"
Conflict-based Force Aggregation,"In this paper we present an application where we put together two methods for
clustering and classification into a force aggregation method. Both methods are
based on conflicts between elements. These methods work with different type of
elements (intelligence reports, vehicles, military units) on different
hierarchical levels using specific conflict assessment methods on each level.
We use Dempster-Shafer theory for conflict calculation between elements,
Dempster-Shafer clustering for clustering these elements, and templates for
classification. The result of these processes is a complete force aggregation
on all levels handled.",Conflict - 0.14; ĊDem-Shafer clustering - 4.36,Ċclassification - 1.26; clustering - 0.00; classification - 0.00; Ċclustering - 2.72,ĊDem-Shafer clustering - clustering - 8.20,"{'CumulativeMethodScore': 0.6617608741710743, 'CumulativeTaskScore': 0.7250391543850954, 'CumulativeMethodTaskPairScore': 0.5120633539645931}"
Bounded LTL Model Checking with Stable Models,"In this paper bounded model checking of asynchronous concurrent systems is
introduced as a promising application area for answer set programming. As the
model of asynchronous systems a generalisation of communicating automata,
1-safe Petri nets, are used. It is shown how a 1-safe Petri net and a
requirement on the behaviour of the net can be translated into a logic program
such that the bounded model checking problem for the net can be solved by
computing stable models of the corresponding program. The use of the stable
model semantics leads to compact encodings of bounded reachability and deadlock
detection tasks as well as the more general problem of bounded model checking
of linear temporal logic. Correctness proofs of the devised translations are
given, and some experimental results using the translation and the Smodels
system are presented.",1 Petri nets - 3.09,bounded model checking set programming - 0.43; bounded model checking - 1.03; bounded model checking temporal logic - 0.61; Bounded LTL Model Checking - 1.45,1 Petri nets - bounded model checking - 12.96,"{'CumulativeMethodScore': 0.5918365225534024, 'CumulativeTaskScore': 0.6964397108934826, 'CumulativeMethodTaskPairScore': 0.5534894231250796}"
"'Computing' as Information Compression by Multiple Alignment, Unification and Search","This paper argues that the operations of a 'Universal Turing Machine' (UTM)
and equivalent mechanisms such as the 'Post Canonical System' (PCS) - which are
widely accepted as definitions of the concept of `computing' - may be
interpreted as *information compression by multiple alignment, unification and
search* (ICMAUS).
  The motivation for this interpretation is that it suggests ways in which the
UTM/PCS model may be augmented in a proposed new computing system designed to
exploit the ICMAUS principles as fully as possible. The provision of a
relatively sophisticated search mechanism in the proposed 'SP' system appears
to open the door to the integration and simplification of a range of functions
including unsupervised inductive learning, best-match pattern recognition and
information retrieval, probabilistic reasoning, planning and problem solving,
and others. Detailed consideration of how the ICMAUS principles may be applied
to these functions is outside the scope of this article but relevant sources
are cited in this article.",PCSMAUSUTM - 0.57; Post Canonical System - 0.27; ICMAUS - 0.37; UTM - 0.00; PCS - 0.00; Universal Turing Machine - 0.55,probabilistic reasoning - 0.22; problem solving - 0.00; andĊinformation retrieval - 1.44; best-match pattern recognition - 1.15; planning - 0.00,ICMAUS - probabilistic reasoning - 2.93; ICMAUS - problem solving - 2.37; ICMAUS - andĊinformation retrieval - 8.11; ICMAUS - best-match pattern recognition - 5.52; ICMAUS - planning - 2.71; PCS - problem solving - 0.00; PCS - best-match pattern recognition - 5.66; PCS - planning - 0.00; Universal Turing Machine - probabilistic reasoning - 3.66; Universal Turing Machine - problem solving - 3.34; Universal Turing Machine - best-match pattern recognition - 5.96; Universal Turing Machine - planning - 3.78; Post Canonical System - problem solving - 1.68; Post Canonical System - best-match pattern recognition - 5.06; UTM - probabilistic reasoning - 2.19; UTM - problem solving - 0.00; UTM - best-match pattern recognition - 6.58; UTM - planning - 0.00,"{'CumulativeMethodScore': 0.5225326489739178, 'CumulativeTaskScore': 0.6494726631750235, 'CumulativeMethodTaskPairScore': 0.8637009170395693}"
"Syntax, Parsing and Production of Natural Language in a Framework of Information Compression by Multiple Alignment, Unification and Search","This article introduces the idea that ""information compression by multiple
alignment, unification and search"" (ICMAUS) provides a framework within which
natural language syntax may be represented in a simple format and the parsing
and production of natural language may be performed in a transparent manner.
  The ICMAUS concepts are embodied in a software model, SP61. The organisation
and operation of the model are described and a simple example is presented
showing how the model can achieve parsing of natural language.
  Notwithstanding the apparent paradox of 'decompression by compression', the
ICMAUS framework, without any modification, can produce a sentence by decoding
a compressed code for the sentence. This is illustrated with output from the
SP61 model.
  The article includes four other examples - one of the parsing of a sentence
in French and three from the domain of English auxiliary verbs. These examples
show how the ICMAUS framework and the SP61 model can accommodate 'context
sensitive' features of syntax in a relatively simple and direct manner.","information compression by multipleĊalignment, unification and search - 2.35; SP61. - 1.89; ICMAUS - 0.31; ĊSP61 - 0.64; ĊICMAUS - 0.47; SP61 - 0.55",parsing - 0.00; parsing language - 0.59; Parsing - 0.00,"information compression by multipleĊalignment, unification and search - parsing - 5.74; ICMAUS - parsing - 2.29; ĊSP61 - parsing - 5.47; ĊICMAUS - parsing - 3.40; SP61. - parsing - 9.15; SP61 - parsing - 4.74","{'CumulativeMethodScore': 0.7380492127509938, 'CumulativeTaskScore': 0.4875727607141052, 'CumulativeMethodTaskPairScore': 0.6983421784963981}"
Learning in Multiagent Systems: An Introduction from a Game-Theoretic Perspective,"We introduce the topic of learning in multiagent systems. We first provide a
quick introduction to the field of game theory, focusing on the equilibrium
concepts of iterated dominance, and Nash equilibrium. We show some of the most
relevant findings in the theory of learning in games, including theorems on
fictitious play, replicator dynamics, and evolutionary stable strategies. The
CLRI theory and n-level learning agents are introduced as attempts to apply
some of these findings to the problem of engineering multiagent systems with
learning agents. Finally, we summarize some of the remaining challenges in the
field of learning in multiagent systems.",ĊCLRI - 3.30,learning in multiagent systems - 4.86,ĊCLRI - learning in multiagent systems - 8.16,"{'CumulativeMethodScore': 0.6026871372701776, 'CumulativeTaskScore': 0.7743579035902977, 'CumulativeMethodTaskPairScore': 0.5116990248339116}"
Abduction in Well-Founded Semantics and Generalized Stable Models,"Abductive logic programming offers a formalism to declaratively express and
solve problems in areas such as diagnosis, planning, belief revision and
hypothetical reasoning. Tabled logic programming offers a computational
mechanism that provides a level of declarativity superior to that of Prolog,
and which has supported successful applications in fields such as parsing,
program analysis, and model checking. In this paper we show how to use tabled
logic programming to evaluate queries to abductive frameworks with integrity
constraints when these frameworks contain both default and explicit negation.
The result is the ability to compute abduction over well-founded semantics with
explicit negation and answer sets. Our approach consists of a transformation
and an evaluation method. The transformation adjoins to each objective literal
$O$ in a program, an objective literal $not(O)$ along with rules that ensure
that $not(O)$ will be true if and only if $O$ is false. We call the resulting
program a {\em dual} program. The evaluation method, \wfsmeth, then operates on
the dual program. \wfsmeth{} is sound and complete for evaluating queries to
abductive frameworks whose entailment method is based on either the
well-founded semantics with explicit negation, or on answer sets. Further,
\wfsmeth{} is asymptotically as efficient as any known method for either class
of problems. In addition, when abduction is not desired, \wfsmeth{} operating
on a dual program provides a novel tabling method for evaluating queries to
ground extended programs whose complexity and termination properties are
similar to those of the best tabling methods for the well-founded semantics. A
publicly available meta-interpreter has been developed for \wfsmeth{} using the
XSB system.",\ - 0.00; ĊX - 0.85; \wfsmeth - 2.49,belief revision - 0.00; parsing - 0.00; Ċprogram analysis - 1.01; model checking - 0.95,\ - belief revision - 0.00; \ - parsing - 0.00; \ - model checking - 4.17; ĊX - model checking - 9.18; \wfsmeth - belief revision - 5.34; \wfsmeth - parsing - 5.93; \wfsmeth - model checking - 7.20,"{'CumulativeMethodScore': 0.6052510881100742, 'CumulativeTaskScore': 0.5891986618416325, 'CumulativeMethodTaskPairScore': 0.7058053989874494}"
Intelligent search strategies based on adaptive Constraint Handling Rules,"The most advanced implementation of adaptive constraint processing with
Constraint Handling Rules (CHR) allows the application of intelligent search
strategies to solve Constraint Satisfaction Problems (CSP). This presentation
compares an improved version of conflict-directed backjumping and two variants
of dynamic backtracking with respect to chronological backtracking on some of
the AIM instances which are a benchmark set of random 3-SAT problems. A CHR
implementation of a Boolean constraint solver combined with these different
search strategies in Java is thus being compared with a CHR implementation of
the same Boolean constraint solver combined with chronological backtracking in
SICStus Prolog. This comparison shows that the addition of ``intelligence'' to
the search process may reduce the number of search steps dramatically.
Furthermore, the runtime of their Java implementations is in most cases faster
than the implementations of chronological backtracking. More specifically,
conflict-directed backjumping is even faster than the SICStus Prolog
implementation of chronological backtracking, although our Java implementation
of CHR lacks the optimisations made in the SICStus Prolog system. To appear in
Theory and Practice of Logic Programming (TPLP).",SICStus Pro - 1.19; CHR - 0.07; SICStus Prologlict-directed backjumping - 2.01; Constraint Handling Rules - 0.50; SICStus Prolog - 1.09; chronological - 0.06; conflict-directed backjumping - 1.08,CSP - 0.00; Constraint Satisfaction Problems - 0.15,CHR - CSP - 1.13; CHR - Constraint Satisfaction Problems - 1.41; SICStus Prologlict-directed backjumping - CSP - 6.83; SICStus Prologlict-directed backjumping - Constraint Satisfaction Problems - 5.53; conflict-directed backjumping - CSP - 6.23; conflict-directed backjumping - Constraint Satisfaction Problems - 4.56; SICStus Pro - CSP - 8.79; SICStus Pro - Constraint Satisfaction Problems - 5.79; Constraint Handling Rules - CSP - 3.48; Constraint Handling Rules - Constraint Satisfaction Problems - 2.72; SICStus Prolog - CSP - 6.78; SICStus Prolog - Constraint Satisfaction Problems - 4.83; chronological - CSP - 1.14; chronological - Constraint Satisfaction Problems - 1.43,"{'CumulativeMethodScore': 0.7293163996268381, 'CumulativeTaskScore': 0.4551774914578358, 'CumulativeMethodTaskPairScore': 0.8681134809840569}"
A FP-Tree Based Approach for Mining All Strongly Correlated Pairs without Candidate Generation,"Given a user-specified minimum correlation threshold and a transaction
database, the problem of mining all-strong correlated pairs is to find all item
pairs with Pearson's correlation coefficients above the threshold . Despite the
use of upper bound based pruning technique in the Taper algorithm [1], when the
number of items and transactions are very large, candidate pair generation and
test is still costly. To avoid the costly test of a large number of candidate
pairs, in this paper, we propose an efficient algorithm, called Tcp, based on
the well-known FP-tree data structure, for mining the complete set of
all-strong correlated item pairs. Our experimental results on both synthetic
and real world datasets show that, Tcp's performance is significantly better
than that of the previously developed Taper algorithm over practical ranges of
correlation threshold specifications.",Tcptree - 0.35; Taper - 1.50; Tcp - 1.14,Mining All Strongly Correlated Pairs - 4.30; mining all-strong correlated pairs - 2.10,Tcptree - mining all-strong correlated pairs - 6.20; Taper - mining all-strong correlated pairs - 7.88; Tcp - mining all-strong correlated pairs - 7.17,"{'CumulativeMethodScore': 0.5870109889135096, 'CumulativeTaskScore': 0.8448768984968347, 'CumulativeMethodTaskPairScore': 0.6237023751105443}"
ANTIDS: Self-Organized Ant-based Clustering Model for Intrusion Detection System,"Security of computers and the networks that connect them is increasingly
becoming of great significance. Computer security is defined as the protection
of computing systems against threats to confidentiality, integrity, and
availability. There are two types of intruders: the external intruders who are
unauthorized users of the machines they attack, and internal intruders, who
have permission to access the system with some restrictions. Due to the fact
that it is more and more improbable to a system administrator to recognize and
manually intervene to stop an attack, there is an increasing recognition that
ID systems should have a lot to earn on following its basic principles on the
behavior of complex natural systems, namely in what refers to
self-organization, allowing for a real distributed and collective perception of
this phenomena. With that aim in mind, the present work presents a
self-organized ant colony based intrusion detection system (ANTIDS) to detect
intrusions in a network infrastructure. The performance is compared among
conventional soft computing paradigms like Decision Trees, Support Vector
Machines and Linear Genetic Programming to model fast, online and efficient
intrusion detection systems.",Support VectorĊ - 1.46; ANTIDS - 2.85,Ċ detection - 0.99; Ċ - 0.00; intrusion detection - 0.00,Support VectorĊ - intrusion detection - 2.94; ANTIDS - intrusion detection - 4.21,"{'CumulativeMethodScore': 0.6525760505518278, 'CumulativeTaskScore': 0.5176551133734342, 'CumulativeMethodTaskPairScore': 0.5028247685366276}"
Self-Organized Stigmergic Document Maps: Environment as a Mechanism for Context Learning,"Social insect societies and more specifically ant colonies, are distributed
systems that, in spite of the simplicity of their individuals, present a highly
structured social organization. As a result of this organization, ant colonies
can accomplish complex tasks that in some cases exceed the individual
capabilities of a single ant. The study of ant colonies behavior and of their
self-organizing capabilities is of interest to knowledge retrieval/management
and decision support systems sciences, because it provides models of
distributed adaptive organization which are useful to solve difficult
optimization, classification, and distributed control problems, among others.
In the present work we overview some models derived from the observation of
real ants, emphasizing the role played by stigmergy as distributed
communication paradigm, and we present a novel strategy to tackle unsupervised
clustering as well as data retrieval problems. The present ant clustering
system (ACLUSTER) avoids not only short-term memory based strategies, as well
as the use of several artificial ant types (using different speeds), present in
some recent approaches. Moreover and according to our knowledge, this is also
the first application of ant systems into textual document clustering.
KEYWORDS: Swarm Intelligence, Ant Systems, Unsupervised Clustering, Data
Retrieval, Data Mining, Distributed Computing, Document Maps, Textual Document
Clustering.",ACLUSTER - 1.04,knowledge retrieval - 0.13; Clustering - 0.00; Unsupervised - 0.23; Data Mining - 0.00; DataĊRetrieval - 1.41; classificationvised - 0.41; Textual DocumentĊClustering - 1.86; data retrieval - 0.16; Ċclustering - 1.33; textual document clustering - 0.29,ACLUSTER - knowledge retrieval - 8.80; ACLUSTER - data retrieval - 9.48; ACLUSTER - textual document clustering - 6.93,"{'CumulativeMethodScore': 0.4844242020761728, 'CumulativeTaskScore': 0.8204092936305002, 'CumulativeMethodTaskPairScore': 0.6556659121686668}"
Map Segmentation by Colour Cube Genetic K-Mean Clustering,"Segmentation of a colour image composed of different kinds of texture regions
can be a hard problem, namely to compute for an exact texture fields and a
decision of the optimum number of segmentation areas in an image when it
contains similar and/or unstationary texture fields. In this work, a method is
described for evolving adaptive procedures for these problems. In many real
world applications data clustering constitutes a fundamental issue whenever
behavioural or feature domains can be mapped into topological domains. We
formulate the segmentation problem upon such images as an optimisation problem
and adopt evolutionary strategy of Genetic Algorithms for the clustering of
small regions in colour feature space. The present approach uses k-Means
unsupervised clustering methods into Genetic Algorithms, namely for guiding
this last Evolutionary Algorithm in his search for finding the optimal or
sub-optimal data partition, task that as we know, requires a non-trivial search
because of its NP-complete nature. To solve this task, the appropriate genetic
coding is also discussed, since this is a key aspect in the implementation. Our
purpose is to demonstrate the efficiency of Genetic Algorithms to automatic and
unsupervised texture segmentation. Some examples in Colour Maps are presented
and overall results discussed. KEYWORDS: Genetic Algorithms, Artificial
Neoteny, Dynamic Mutation Rates, Faster Convergence, Colour Image Segmentation,
Classification, Clustering.",k-Means - 0.26,segmentation - 0.00; Colour Image Segmentation - 0.38; ĊClassification - 1.01; texture segmentation - 0.57; Clustering - 0.00; Segmentation - 0.00,k-Means - ĊClassification - 4.57; k-Means - texture segmentation - 2.52; k-Means - Segmentation - 0.82; k-Means - segmentation - 0.93; k-Means - Colour Image Segmentation - 1.56; k-Means - Clustering - 0.83,"{'CumulativeMethodScore': 0.4434301402651959, 'CumulativeTaskScore': 0.5898824998365265, 'CumulativeMethodTaskPairScore': 0.5385426396223691}"
Image Colour Segmentation by Genetic Algorithms,"Segmentation of a colour image composed of different kinds of texture regions
can be a hard problem, namely to compute for an exact texture fields and a
decision of the optimum number of segmentation areas in an image when it
contains similar and/or unstationary texture fields. In this work, a method is
described for evolving adaptive procedures for these problems. In many real
world applications data clustering constitutes a fundamental issue whenever
behavioural or feature domains can be mapped into topological domains. We
formulate the segmentation problem upon such images as an optimisation problem
and adopt evolutionary strategy of Genetic Algorithms for the clustering of
small regions in colour feature space. The present approach uses k-Means
unsupervised clustering methods into Genetic Algorithms, namely for guiding
this last Evolutionary Algorithm in his search for finding the optimal or
sub-optimal data partition, task that as we know, requires a non-trivial search
because of its intrinsic NP-complete nature. To solve this task, the
appropriate genetic coding is also discussed, since this is a key aspect in the
implementation. Our purpose is to demonstrate the efficiency of Genetic
Algorithms to automatic and unsupervised texture segmentation. Some examples in
Colour Maps, Ornamental Stones and in Human Skin Mark segmentation are
presented and overall results discussed. KEYWORDS: Genetic Algorithms, Colour
Image Segmentation, Classification, Clustering.",k-Means - 0.21,segmentation - 0.00; Classification - 0.00; ColourĊImage Segmentation - 2.05; Image Colour Segmentation - 0.89; texture segmentation - 0.46; Clustering - 0.00; Segmentation - 0.00,k-Means - texture segmentation - 2.54; k-Means - Segmentation - 0.80; k-Means - segmentation - 0.92; k-Means - Classification - 1.07; k-Means - ColourĊImage Segmentation - 6.39; k-Means - Clustering - 0.85,"{'CumulativeMethodScore': 0.44042156347314737, 'CumulativeTaskScore': 0.6888812227353877, 'CumulativeMethodTaskPairScore': 0.5502219514432639}"
A Suffix Tree Approach to Email Filtering,"We present an approach to email filtering based on the suffix tree data
structure. A method for the scoring of emails using the suffix tree is
developed and a number of scoring and score normalisation functions are tested.
Our results show that the character level representation of emails and classes
facilitated by the suffix tree can significantly improve classification
accuracy when compared with the currently popular methods, such as naive Bayes.
We believe the method can be extended to the classification of documents in
other domains.",naive Bayes - 0.00,email filtering - 2.42,naive Bayes - email filtering - 2.42,"{'CumulativeMethodScore': 0.4296809076804205, 'CumulativeTaskScore': 0.6224991880222126, 'CumulativeMethodTaskPairScore': 0.4615370590161592}"
Componentwise Least Squares Support Vector Machines,"This chapter describes componentwise Least Squares Support Vector Machines
(LS-SVMs) for the estimation of additive models consisting of a sum of
nonlinear components. The primal-dual derivations characterizing LS-SVMs for
the estimation of the additive model result in a single set of linear equations
with size growing in the number of data-points. The derivation is elaborated
for the classification as well as the regression case. Furthermore, different
techniques are proposed to discover structure in the data by looking for sparse
components in the model based on dedicated regularization schemes on the one
hand and fusion of the componentwise LS-SVMs training with a validation
criterion on the other hand. (keywords: LS-SVMs, additive models,
regularization, structure detection)",LS-SV - 0.51; LS-SVMs - 1.37; Least Squares Support Vector Machines - 0.93,classification - 0.00; regression - 0.00,LS-SV - classification - 1.87; LS-SV - regression - 1.96; LS-SVMs - classification - 4.14; LS-SVMs - regression - 4.30; Least Squares Support Vector Machines - classification - 1.94; Least Squares Support Vector Machines - regression - 1.99,"{'CumulativeMethodScore': 0.5773371709285725, 'CumulativeTaskScore': 0.44375447054421435, 'CumulativeMethodTaskPairScore': 0.581199329081895}"
A Unified Subspace Outlier Ensemble Framework for Outlier Detection in High Dimensional Spaces,"The task of outlier detection is to find small groups of data objects that
are exceptional when compared with rest large amount of data. Detection of such
outliers is important for many applications such as fraud detection and
customer migration. Most such applications are high dimensional domains in
which the data may contain hundreds of dimensions. However, the outlier
detection problem itself is not well defined and none of the existing
definitions are widely accepted, especially in high dimensional space. In this
paper, our first contribution is to propose a unified framework for outlier
detection in high dimensional spaces from an ensemble-learning viewpoint. In
our new framework, the outlying-ness of each data object is measured by fusing
outlier factors in different subspaces using a combination function.
Accordingly, we show that all existing researches on outlier detection can be
regarded as special cases in the unified framework with respect to the set of
subspaces considered and the type of combination function used. In addition, to
demonstrate the usefulness of the ensemble-learning based outlier detection
framework, we developed a very simple and fast algorithm, namely SOE1 (Subspace
Outlier Ensemble using 1-dimensional Subspaces) in which only subspaces with
one dimension is used for mining outliers from large categorical datasets. The
SOE1 algorithm needs only two scans over the dataset and hence is very
appealing in real data mining applications. Experimental results on real
datasets and large synthetic datasets show that: (1) SOE1 has comparable
performance with respect to those state-of-art outlier detection algorithms on
identifying true outliers and (2) SOE1 can be an order of magnitude faster than
one of the fastest outlier detection algorithms known so far.",SubspaceĊOutlier Ensemble 1-dimensional Subspaces - 2.60; SOE1 - 0.53,outlier detection - 0.00; outlierĊdetection - 1.76; fraud - 0.08,SubspaceĊOutlier Ensemble 1-dimensional Subspaces - outlier detection - 3.93; SubspaceĊOutlier Ensemble 1-dimensional Subspaces - fraud - 4.62; SOE1 - fraud - 3.58,"{'CumulativeMethodScore': 0.5939456168769026, 'CumulativeTaskScore': 0.5810179449552328, 'CumulativeMethodTaskPairScore': 0.5463440966464621}"
A Fast Greedy Algorithm for Outlier Mining,"The task of outlier detection is to find small groups of data objects that
are exceptional when compared with rest large amount of data. In [38], the
problem of outlier detection in categorical data is defined as an optimization
problem and a local-search heuristic based algorithm (LSA) is presented.
However, as is the case with most iterative type algorithms, the LSA algorithm
is still very time-consuming on very large datasets. In this paper, we present
a very fast greedy algorithm for mining outliers under the same optimization
model. Experimental results on real datasets and large synthetic datasets show
that: (1) Our algorithm has comparable performance with respect to those
state-of-art outlier detection algorithms on identifying true outliers and (2)
Our algorithm can be an order of magnitude faster than LSA algorithm.",LSA - 0.00,outlier detection - 0.00; mining outliers - 1.21,LSA - outlier detection - 0.00; LSA - mining outliers - 1.91,"{'CumulativeMethodScore': 0.4296809076804205, 'CumulativeTaskScore': 0.5338933242892879, 'CumulativeMethodTaskPairScore': 0.4570863991797617}"
K-ANMI: A Mutual Information Based Clustering Algorithm for Categorical Data,"Clustering categorical data is an integral part of data mining and has
attracted much attention recently. In this paper, we present k-ANMI, a new
efficient algorithm for clustering categorical data. The k-ANMI algorithm works
in a way that is similar to the popular k-means algorithm, and the goodness of
clustering in each step is evaluated using a mutual information based criterion
(namely, Average Normalized Mutual Information-ANMI) borrowed from cluster
ensemble. Experimental results on real datasets show that k-ANMI algorithm is
competitive with those state-of-art categorical data clustering algorithms with
respect to clustering accuracy.",k-ANMI - 1.49; k-means - 0.00; K-ANMI - 1.18,clustering - 0.00,k-ANMI - clustering - 3.50; k-means - clustering - 0.00,"{'CumulativeMethodScore': 0.5702706538810649, 'CumulativeTaskScore': 0.44375466984492556, 'CumulativeMethodTaskPairScore': 0.4709582837946488}"
Probabilistic Automata for Computing with Words,"Usually, probabilistic automata and probabilistic grammars have crisp symbols
as inputs, which can be viewed as the formal models of computing with values.
In this paper, we first introduce probabilistic automata and probabilistic
grammars for computing with (some special) words in a probabilistic framework,
where the words are interpreted as probabilistic distributions or possibility
distributions over a set of crisp symbols. By probabilistic conditioning, we
then establish a retraction principle from computing with words to computing
with values for handling crisp inputs and a generalized extension principle
from computing with words to computing with all words for handling arbitrary
inputs. These principles show that computing with values and computing with all
words can be respectively implemented by computing with some special words. To
compare the transition probabilities of two near inputs, we also examine some
analytical properties of the transition probability functions of generalized
extensions. Moreover, the retractions and the generalized extensions are shown
to be equivalence-preserving. Finally, we clarify some relationships among the
retractions, the generalized extensions, and the extensions studied recently by
Qiu and Wang.",probabilistic grammars - 1.41; probabilisticĊgrammars - 2.67,computing - 0.12,probabilistic grammars - computing - 2.77; probabilisticĊgrammars - computing - 5.10,"{'CumulativeMethodScore': 0.6413182120023393, 'CumulativeTaskScore': 0.4527110943475663, 'CumulativeMethodTaskPairScore': 0.5091766298826529}"
An application-oriented terminology evaluation: the case of back-of-the book indexes,"This paper addresses the problem of computational terminology evaluation not
per se but in a specific application context. This paper describes the
evaluation procedure that has been used to assess the validity of our overall
indexing approach and the quality of the IndDoc indexing tool. Even if
user-oriented extended evaluation is irreplaceable, we argue that early
evaluations are possible and they are useful for development guidance.",Ind - 0.45,computational terminology evaluation - 4.61,Ind - computational terminology evaluation - 5.05,"{'CumulativeMethodScore': 0.4529780055595738, 'CumulativeTaskScore': 0.7609140837260636, 'CumulativeMethodTaskPairScore': 0.48453709611586965}"
Universal Algorithmic Intelligence: A mathematical top->down approach,"Sequential decision theory formally solves the problem of rational agents in
uncertain worlds if the true environmental prior probability distribution is
known. Solomonoff's theory of universal induction formally solves the problem
of sequence prediction for unknown prior distribution. We combine both ideas
and get a parameter-free theory of universal Artificial Intelligence. We give
strong arguments that the resulting AIXI model is the most intelligent unbiased
agent possible. We outline how the AIXI model can formally solve a number of
problem classes, including sequence prediction, strategic games, function
minimization, reinforcement and supervised learning. The major drawback of the
AIXI model is that it is uncomputable. To overcome this problem, we construct a
modified algorithm AIXItl that is still effectively more intelligent than any
other time t and length l bounded agent. The computation time of AIXItl is of
the order t x 2^l. The discussion includes formal definitions of intelligence
order relations, the horizon problem and relations of the AIXI theory to other
AI approaches.",AIXItl - 2.16; AIXI - 1.03; ĊAIXI - 0.99,strategic games - 1.15; functionĊminimization - 3.13; sequence prediction - 0.00; reinforcement - 0.00; supervised learning - 0.25,AIXItl - supervised learning - 8.76; AIXItl - strategic games - 11.58; AIXItl - sequence prediction - 7.43; AIXItl - reinforcement - 9.19; AIXI - supervised learning - 5.65; AIXI - strategic games - 9.19; AIXI - sequence prediction - 4.26; AIXI - reinforcement - 5.53; ĊAIXI - strategic games - 8.52; ĊAIXI - sequence prediction - 3.86,"{'CumulativeMethodScore': 0.6462899853450688, 'CumulativeTaskScore': 0.7567534065100452, 'CumulativeMethodTaskPairScore': 0.9129996540505159}"
Multimodal Meaning Representation for Generic Dialogue Systems Architectures,"An unified language for the communicative acts between agents is essential
for the design of multi-agents architectures. Whatever the type of interaction
(linguistic, multimodal, including particular aspects such as force feedback),
whatever the type of application (command dialogue, request dialogue, database
querying), the concepts are common and we need a generic meta-model. In order
to tend towards task-independent systems, we need to clarify the modules
parameterization procedures. In this paper, we focus on the characteristics of
a meta-model designed to represent meaning in linguistic and multimodal
applications. This meta-model is called MMIL for MultiModal Interface Language,
and has first been specified in the framework of the IST MIAMM European
project. What we want to test here is how relevant is MMIL for a completely
different context (a different task, a different interaction type, a different
linguistic domain). We detail the exploitation of MMIL in the framework of the
IST OZONE European project, and we draw the conclusions on the role of MMIL in
the parameterization of task-independent dialogue managers.",MultiModal Interface Language - 1.87; MMIL - 0.94; MMILZONE - 2.15,command dialogue - 0.87; databaseĊquerying - 2.25; request dialogue - 0.93,MMIL - command dialogue - 9.74; MMIL - databaseĊquerying - 11.84; MMIL - request dialogue - 7.70,"{'CumulativeMethodScore': 0.6832014160811675, 'CumulativeTaskScore': 0.7292136678977982, 'CumulativeMethodTaskPairScore': 0.6870333792015385}"
Improving ecological niche models by data mining large environmental datasets for surrogate models,"WhyWhere is a new ecological niche modeling (ENM) algorithm for mapping and
explaining the distribution of species. The algorithm uses image processing
methods to efficiently sift through large amounts of data to find the few
variables that best predict species occurrence. The purpose of this paper is to
describe and justify the main parameterizations and to show preliminary success
at rapidly providing accurate, scalable, and simple ENMs. Preliminary results
for 6 species of plants and animals in different regions indicate a significant
(p<0.01) 14% increase in accuracy over the GARP algorithm using models with
few, typically two, variables. The increase is attributed to access to
additional data, particularly monthly vs. annual climate averages. WhyWhere is
also 6 times faster than GARP on large data sets. A data mining based approach
with transparent access to remote data archives is a new paradigm for ENM,
particularly suited to finding correlates in large databases of fine resolution
surfaces. Software for WhyWhere is freely available, both as a service and in a
desktop downloadable form from the web site http://biodi.sdsc.edu/ww_home.html.",GARP - 0.99; WhyWhere - 2.10; GARPWhere - 2.53,ecological niche modeling - 1.70; ENM - 1.10; ENMs<0 - 3.80,GARP - ENM - 9.54; WhyWhere - ENM - 11.93; GARPWhere - ENM - 12.33,"{'CumulativeMethodScore': 0.7126934693858227, 'CumulativeTaskScore': 0.8529112081698808, 'CumulativeMethodTaskPairScore': 0.7200200225324102}"
Introduction to Arabic Speech Recognition Using CMUSphinx System,"In this paper Arabic was investigated from the speech recognition problem
point of view. We propose a novel approach to build an Arabic Automated Speech
Recognition System (ASR). This system is based on the open source CMU Sphinx-4,
from the Carnegie Mellon University. CMU Sphinx is a large-vocabulary;
speaker-independent, continuous speech recognition system based on discrete
Hidden Markov Models (HMMs). We build a model using utilities from the
OpenSource CMU Sphinx. We will demonstrate the possible adaptability of this
system to Arabic voice recognition.",CMU Sphinx-4 - 0.00; CMU Sphinx - 0.00,Automated SpeechĊRecognition System - 1.82; speech recognition - 0.00; Arabic Speech Recogn - 0.00; continuous speech recognition voice recognition - 0.00; ASR - 0.00,CMU Sphinx-4 - speech recognition - 0.00; CMU Sphinx-4 - ASR - 0.00; CMU Sphinx - continuous speech recognition voice recognition - 0.00; CMU Sphinx - Automated SpeechĊRecognition System - 4.53; CMU Sphinx - speech recognition - 0.00; CMU Sphinx - ASR - 0.00,"{'CumulativeMethodScore': 0.4296809076804205, 'CumulativeTaskScore': 0.5795196157714367, 'CumulativeMethodTaskPairScore': 0.4799861661226121}"
Arabic Speech Recognition System using CMU-Sphinx4,"In this paper we present the creation of an Arabic version of Automated
Speech Recognition System (ASR). This system is based on the open source
Sphinx-4, from the Carnegie Mellon University. Which is a speech recognition
system based on discrete hidden Markov models (HMMs). We investigate the
changes that must be made to the model to adapt Arabic voice recognition.
  Keywords: Speech recognition, Acoustic model, Arabic language, HMMs,
CMUSphinx-4, Artificial intelligence.",ĊSphinx-4 - 2.19; ĊCMUSphinx-4 - 2.65,speech recognition recognition - 0.51; AutomatedĊSpeech Recognition - 1.38; Speech recognition - 0.00; ASR - 0.00,ĊSphinx-4 - ASR - 8.64; ĊCMUSphinx-4 - ASR - 8.20,"{'CumulativeMethodScore': 0.6778596264967626, 'CumulativeTaskScore': 0.5845331919634992, 'CumulativeMethodTaskPairScore': 0.586770371951166}"
Clustering with Lattices in the Analysis of Graph Patterns,"Mining frequent subgraphs is an area of research where we have a given set of
graphs (each graph can be seen as a transaction), and we search for (connected)
subgraphs contained in many of these graphs. In this work we will discuss
techniques used in our framework Lattice2SAR for mining and analysing frequent
subgraph data and their corresponding lattice information. Lattice information
is provided by the graph mining algorithm gSpan; it contains all
supergraph-subgraph relations of the frequent subgraph patterns -- and their
supports.
  Lattice2SAR is in particular used in the analysis of frequent graph patterns
where the graphs are molecules and the frequent subgraphs are fragments. In the
analysis of fragments one is interested in the molecules where patterns occur.
This data can be very extensive and in this paper we focus on a technique of
making it better available by using the lattice information in our clustering.
Now we can reduce the number of times the highly compressed occurrence data
needs to be accessed by the user. The user does not have to browse all the
occurrence data in search of patterns occurring in the same molecules. Instead
one can directly see which frequent subgraphs are of interest.",Lattice2SAR - 4.43; g - 0.08,analysis of frequent graph patterns - 1.56; Mining frequent subgraphs - 1.68,Lattice2SAR - analysis of frequent graph patterns - 9.46; Lattice2SAR - Mining frequent subgraphs - 9.76,"{'CumulativeMethodScore': 0.6623213096111519, 'CumulativeTaskScore': 0.6786616885045669, 'CumulativeMethodTaskPairScore': 0.6067816513032794}"
Multi-Dimensional Recurrent Neural Networks,"Recurrent neural networks (RNNs) have proved effective at one dimensional
sequence learning tasks, such as speech and online handwriting recognition.
Some of the properties that make RNNs suitable for such tasks, for example
robustness to input warping, and the ability to access contextual information,
are also desirable in multidimensional domains. However, there has so far been
no direct way of applying RNNs to data with more than one spatio-temporal
dimension. This paper introduces multi-dimensional recurrent neural networks
(MDRNNs), thereby extending the potential applicability of RNNs to vision,
video processing, medical imaging and many other areas, while avoiding the
scaling problems that have plagued other multi-dimensional models. Experimental
results are provided for two image segmentation tasks.",multi-dimensional recurrent neural networks - 1.27; MDRNNs - 0.43,online - 0.00; handwriting recognition - 0.00; Ċ segmentation - 0.95,multi-dimensional recurrent neural networks - online - 2.35; multi-dimensional recurrent neural networks - handwriting recognition - 2.06; MDRNNs - online - 1.59; MDRNNs - handwriting recognition - 1.25,"{'CumulativeMethodScore': 0.5194934092088915, 'CumulativeTaskScore': 0.5146521137075774, 'CumulativeMethodTaskPairScore': 0.503752674566465}"
Condition Monitoring of HV Bushings in the Presence of Missing Data Using Evolutionary Computing,"The work proposes the application of neural networks with particle swarm
optimisation (PSO) and genetic algorithms (GA) to compensate for missing data
in classifying high voltage bushings. The classification is done using DGA data
from 60966 bushings based on IEEEc57.104, IEC599 and IEEE production rates
methods for oil impregnated paper (OIP) bushings. PSO and GA were compared in
terms of accuracy and computational efficiency. Both GA and PSO simulations
were able to estimate missing data values to an average 95% accuracy when only
one variable was missing. However PSO rapidly deteriorated to 66% accuracy with
two variables missing simultaneously, compared to 84% for GA. The data
estimated using GA was found to classify the conditions of bushings than the
PSO.",ĊPSO - 0.89; particle swarmĊoptim - 3.17; GA - 0.17; PSO - 1.85; PS - 0.00,classifying - 0.00,GA - classifying - 0.60; PS - classifying - 0.00; ĊPSO - classifying - 2.51; particle swarmĊoptim - classifying - 6.28; PSO - classifying - 5.20,"{'CumulativeMethodScore': 0.7324751214866226, 'CumulativeTaskScore': 0.44375447054421435, 'CumulativeMethodTaskPairScore': 0.5676351404405253}"
On complexity of optimized crossover for binary representations,"We consider the computational complexity of producing the best possible
offspring in a crossover, given two solutions of the parents. The crossover
operators are studied on the class of Boolean linear programming problems,
where the Boolean vector of variables is used as the solution representation.
By means of efficient reductions of the optimized gene transmitting crossover
problems (OGTC) we show the polynomial solvability of the OGTC for the maximum
weight set packing problem, the minimum weight set partition problem and for
one of the versions of the simple plant location problem. We study a connection
between the OGTC for linear Boolean programming problem and the maximum weight
independent set problem on 2-colorable hypergraph and prove the NP-hardness of
several special cases of the OGTC problem in Boolean linear programming.",OGTC - 2.33; minimum weight partition - 1.05; optimized gene transmitting crossover - 1.48; maximumĊweight - 1.98,maximum weightĊindependent set - 1.95,optimized gene transmitting crossover - maximum weightĊindependent set - 5.88,"{'CumulativeMethodScore': 0.762698448466362, 'CumulativeTaskScore': 0.5889989450484684, 'CumulativeMethodTaskPairScore': 0.491781396439908}"
Virtual Sensor Based Fault Detection and Classification on a Plasma Etch Reactor,"The SEMATECH sponsored J-88-E project teaming Texas Instruments with
NeuroDyne (et al.) focused on Fault Detection and Classification (FDC) on a Lam
9600 aluminum plasma etch reactor, used in the process of semiconductor
fabrication. Fault classification was accomplished by implementing a series of
virtual sensor models which used data from real sensors (Lam Station sensors,
Optical Emission Spectroscopy, and RF Monitoring) to predict recipe setpoints
and wafer state characteristics. Fault detection and classification were
performed by comparing predicted recipe and wafer state values with expected
values. Models utilized include linear PLS, Polynomial PLS, and Neural Network
PLS. Prediction of recipe setpoints based upon sensor data provides a
capability for cross-checking that the machine is maintaining the desired
setpoints. Wafer state characteristics such as Line Width Reduction and
Remaining Oxide were estimated on-line using these same process sensors (Lam,
OES, RFM). Wafer-to-wafer measurement of these characteristics in a production
setting (where typically this information may be only sparsely available, if at
all, after batch processing runs with numerous wafers have been completed)
would provide important information to the operator that the process is or is
not producing wafers within acceptable bounds of product quality. Production
yield is increased, and correspondingly per unit cost is reduced, by providing
the operator with the opportunity to adjust the process or machine before
etching more wafers.",PolynomĊPLS - 2.47; ĊOpt - 0.65; ĊOES - 0.82,FDCĊ96 - 0.63; Fault classification - 1.07; Fault Detection and Classification - 2.14,PolynomĊPLS - Fault classification - 8.61; PolynomĊPLS - Fault Detection and Classification - 8.60; ĊOpt - Fault classification - 7.13; ĊOpt - Fault Detection and Classification - 7.62; ĊOES - Fault classification - 6.82; ĊOES - Fault Detection and Classification - 7.36,"{'CumulativeMethodScore': 0.6350138731175445, 'CumulativeTaskScore': 0.7158044709440307, 'CumulativeMethodTaskPairScore': 0.798376987060688}"
Learning Probabilistic Models of Word Sense Disambiguation,"This dissertation presents several new methods of supervised and unsupervised
learning of word sense disambiguation models. The supervised methods focus on
performing model searches through a space of probabilistic models, and the
unsupervised methods rely on the use of Gibbs Sampling and the Expectation
Maximization (EM) algorithm. In both the supervised and unsupervised case, the
Naive Bayesian model is found to perform well. An explanation for this success
is presented in terms of learning rates and bias-variance decompositions.",ĊNaive Bayesian - 2.91,word sense disambiguation - 0.00,ĊNaive Bayesian - word sense disambiguation - 2.91,"{'CumulativeMethodScore': 0.5829452778649098, 'CumulativeTaskScore': 0.44375497764675703, 'CumulativeMethodTaskPairScore': 0.4658371314358737}"
Classification of Images Using Support Vector Machines,"Support Vector Machines (SVMs) are a relatively new supervised classification
technique to the land cover mapping community. They have their roots in
Statistical Learning Theory and have gained prominence because they are robust,
accurate and are effective even when using a small training sample. By their
nature SVMs are essentially binary classifiers, however, they can be adopted to
handle the multiple classification tasks common in remote sensing studies. The
two approaches commonly used are the One-Against-One (1A1) and One-Against-All
(1AA) techniques. In this paper, these approaches are evaluated in as far as
their impact and implication for land cover mapping. The main finding from this
research is that whereas the 1AA technique is more predisposed to yielding
unclassified and mixed pixels, the resulting classification accuracy is not
significantly different from 1A1 approach. It is the authors conclusions that
ultimately the choice of technique adopted boils down to personal preference
and the uniqueness of the dataset at hand.",One - 0.44; 1AA - 4.18,land cover mapping - 1.33,One - land cover mapping - 2.76; 1AA - land cover mapping - 6.88,"{'CumulativeMethodScore': 0.6678863457957418, 'CumulativeTaskScore': 0.5435056020658363, 'CumulativeMethodTaskPairScore': 0.5246057202851111}"
A Recommender System based on the Immune Network,"The immune system is a complex biological system with a highly distributed,
adaptive and self-organising nature. This paper presents an artificial immune
system (AIS) that exploits some of these characteristics and is applied to the
task of film recommendation by collaborative filtering (CF). Natural evolution
and in particular the immune system have not been designed for classical
optimisation. However, for this problem, we are not interested in finding a
single optimum. Rather we intend to identify a sub-set of good matches on which
recommendations can be based. It is our hypothesis that an AIS built on two
central aspects of the biological immune system will be an ideal candidate to
achieve this: Antigen - antibody interaction for matching and antibody -
antibody interaction for diversity. Computational results are presented in
support of this conjecture and compared to those found by other CF techniques.",AIS - 0.00,collaborative filtering - 0.00; CF - 0.00; film recommendation - 2.73,AIS - collaborative filtering - 0.00; AIS - CF - 0.00; AIS - film recommendation - 4.47,"{'CumulativeMethodScore': 0.4296809076804205, 'CumulativeTaskScore': 0.6441001419936948, 'CumulativeMethodTaskPairScore': 0.4794261122673014}"
Movie Recommendation Systems Using An Artificial Immune System,"We apply the Artificial Immune System (AIS) technology to the Collaborative
Filtering (CF) technology when we build the movie recommendation system. Two
different affinity measure algorithms of AIS, Kendall tau and Weighted Kappa,
are used to calculate the correlation coefficients for this movie
recommendation system. From the testing we think that Weighted Kappa is more
suitable than Kendall tau for movie problems.",Kendall tau - 2.67; Weighted Kappa - 4.98,movie recommendation - 1.68; movieĊrecommendation - 2.70,Kendall tau - movie recommendation - 9.69; Weighted Kappa - movie recommendation - 14.56,"{'CumulativeMethodScore': 0.7923294615757392, 'CumulativeTaskScore': 0.7480588631210875, 'CumulativeMethodTaskPairScore': 0.647937940164349}"
Design and Implementation of Aggregate Functions in the DLV System,"Disjunctive Logic Programming (DLP) is a very expressive formalism: it allows
for expressing every property of finite structures that is decidable in the
complexity class SigmaP2 (= NP^NP). Despite this high expressiveness, there are
some simple properties, often arising in real-world applications, which cannot
be encoded in a simple and natural manner. Especially properties that require
the use of arithmetic operators (like sum, times, or count) on a set or
multiset of elements, which satisfy some conditions, cannot be naturally
expressed in classic DLP.
  To overcome this deficiency, we extend DLP by aggregate functions in a
conservative way. In particular, we avoid the introduction of constructs with
disputed semantics, by requiring aggregates to be stratified. We formally
define the semantics of the extended language (called DLP^A), and illustrate
how it can be profitably used for representing knowledge. Furthermore, we
analyze the computational complexity of DLP^A, showing that the addition of
aggregates does not bring a higher cost in that respect. Finally, we provide an
implementation of DLP^A in DLV -- a state-of-the-art DLP system -- and report
on experiments which confirm the usefulness of the proposed extension also for
the efficiency of computation.",DLP - 1.01; DLP^A - 1.88; SigmaP - 1.75; Disjunctive Logic Programming - 3.04,D - 0.00,Disjunctive Logic Programming - D - 6.66,"{'CumulativeMethodScore': 0.7934165262287675, 'CumulativeTaskScore': 0.44375452556006284, 'CumulativeMethodTaskPairScore': 0.49861149077312333}"
A Recommender System based on Idiotypic Artificial Immune Networks,"The immune system is a complex biological system with a highly distributed,
adaptive and self-organising nature. This paper presents an Artificial Immune
System (AIS) that exploits some of these characteristics and is applied to the
task of film recommendation by Collaborative Filtering (CF). Natural evolution
and in particular the immune system have not been designed for classical
optimisation. However, for this problem, we are not interested in finding a
single optimum. Rather we intend to identify a sub-set of good matches on which
recommendations can be based. It is our hypothesis that an AIS built on two
central aspects of the biological immune system will be an ideal candidate to
achieve this: Antigen-antibody interaction for matching and idiotypic
antibody-antibody interaction for diversity. Computational results are
presented in support of this conjecture and compared to those found by other CF
techniques.",Artificial ImmuneĊSystem - 2.20; AIS - 0.00,Collaborative Filtering - 0.00; CF - 0.00; film recommendation - 1.64,Artificial ImmuneĊSystem - Collaborative Filtering - 3.94; Artificial ImmuneĊSystem - CF - 5.74; Artificial ImmuneĊSystem - film recommendation - 7.69; AIS - Collaborative Filtering - 0.00; AIS - CF - 0.00; AIS - film recommendation - 4.55,"{'CumulativeMethodScore': 0.5459604835476737, 'CumulativeTaskScore': 0.5658706341572257, 'CumulativeMethodTaskPairScore': 0.6291387374823844}"
Binary Decision Diagrams for Affine Approximation,"Selman and Kautz's work on ``knowledge compilation'' established how
approximation (strengthening and/or weakening) of a propositional
knowledge-base can be used to speed up query processing, at the expense of
completeness. In this classical approach, querying uses Horn over- and
under-approximations of a given knowledge-base, which is represented as a
propositional formula in conjunctive normal form (CNF). Along with the class of
Horn functions, one could imagine other Boolean function classes that might
serve the same purpose, owing to attractive deduction-computational properties
similar to those of the Horn functions. Indeed, Zanuttini has suggested that
the class of affine Boolean functions could be useful in knowledge compilation
and has presented an affine approximation algorithm. Since CNF is awkward for
presenting affine functions, Zanuttini considers both a sets-of-models
representation and the use of modulo 2 congruence equations. In this paper, we
propose an algorithm based on reduced ordered binary decision diagrams
(ROBDDs). This leads to a representation which is more compact than the sets of
models and, once we have established some useful properties of affine Boolean
functions, a more efficient algorithm.",ROBDDs - 0.84; reduced ordered binary decision diagrams - 8.18,knowledge compilation - 0.00,ROBDDs - knowledge compilation - 2.13; reduced ordered binary decision diagrams - knowledge compilation - 9.87,"{'CumulativeMethodScore': 0.8364980655104144, 'CumulativeTaskScore': 0.4437545701299894, 'CumulativeMethodTaskPairScore': 0.5452056513080683}"
Symmetry Breaking for Maximum Satisfiability,"Symmetries are intrinsic to many combinatorial problems including Boolean
Satisfiability (SAT) and Constraint Programming (CP). In SAT, the
identification of symmetry breaking predicates (SBPs) is a well-known, often
effective, technique for solving hard problems. The identification of SBPs in
SAT has been the subject of significant improvements in recent years, resulting
in more compact SBPs and more effective algorithms. The identification of SBPs
has also been applied to pseudo-Boolean (PB) constraints, showing that symmetry
breaking can also be an effective technique for PB constraints. This paper
extends further the application of SBPs, and shows that SBPs can be identified
and used in Maximum Satisfiability (MaxSAT), as well as in its most well-known
variants, including partial MaxSAT, weighted MaxSAT and weighted partial
MaxSAT. As with SAT and PB, symmetry breaking predicates for MaxSAT and
variants are shown to be effective for a representative number of problem
domains, allowing solving problem instances that current state of the art
MaxSAT solvers could not otherwise solve.",weighted MaxSAT - 1.35; weighted partialĊMaxSAT - 2.99,Constraint Programming - 0.68; CP - 0.00; PB - 0.06; Maximum Satisfiability - 1.67; Ċ - 0.00; partial MaxSAT - 2.68; BooleanĊSatisfiability - 3.14; SAT - 0.00; MaxSAT - 0.83; ĊSATBoolean - 2.23,weighted partialĊMaxSAT - PB - 15.44,"{'CumulativeMethodScore': 0.6540190146667089, 'CumulativeTaskScore': 0.959336513838615, 'CumulativeMethodTaskPairScore': 0.5748964159821559}"
An Analysis of Key Factors for the Success of the Communal Management of Knowledge,"This paper explores the links between Knowledge Management and new
community-based models of the organization from both a theoretical and an
empirical perspective. From a theoretical standpoint, we look at Communities of
Practice (CoPs) and Knowledge Management (KM) and explore the links between the
two as they relate to the use of information systems to manage knowledge. We
begin by reviewing technologically supported approaches to KM and introduce the
idea of ""Systemes d'Aide a la Gestion des Connaissances"" SAGC (Systems to aid
the Management of Knowledge). Following this we examine the contribution that
communal structures such as CoPs can make to intraorganizational KM and
highlight some of 'success factors' for this approach to KM that are found in
the literature. From an empirical standpoint, we present the results of a
survey involving the Chief Knowledge Officers (CKOs) of twelve large French
businesses; the objective of this study was to identify the factors that might
influence the success of such approaches. The survey was analysed using
thematic content analysis and the results are presented here with some short
illustrative quotes from the CKOs. Finally, the paper concludes with some brief
reflections on what can be learnt from looking at this problem from these two
perspectives.",SAGC - 1.40,Knowledge Management - 1.61; KM - 0.52,SAGC - KM - 2.92,"{'CumulativeMethodScore': 0.5036045150447245, 'CumulativeTaskScore': 0.6022460041043741, 'CumulativeMethodTaskPairScore': 0.465877161455697}"
A Pseudo-Boolean Solution to the Maximum Quartet Consistency Problem,"Determining the evolutionary history of a given biological data is an
important task in biological sciences. Given a set of quartet topologies over a
set of taxa, the Maximum Quartet Consistency (MQC) problem consists of
computing a global phylogeny that satisfies the maximum number of quartets. A
number of solutions have been proposed for the MQC problem, including Dynamic
Programming, Constraint Programming, and more recently Answer Set Programming
(ASP). ASP is currently the most efficient approach for optimally solving the
MQC problem. This paper proposes encoding the MQC problem with pseudo-Boolean
(PB) constraints. The use of PB allows solving the MQC problem with efficient
PB solvers, and also allows considering different modeling approaches for the
MQC problem. Initial results are promising, and suggest that PB can be an
effective alternative for solving the MQC problem.",ASP - 0.00; Maximum Quartet Consistency - 2.60,ĊMQC - 1.33; MQC - 0.28; MQC Set - 2.85,ASP - MQC - 0.94,"{'CumulativeMethodScore': 0.5664873090501858, 'CumulativeTaskScore': 0.7527207029078649, 'CumulativeMethodTaskPairScore': 0.44872613724601523}"
MOOPPS: An Optimization System for Multi Objective Scheduling,"In the current paper, we present an optimization system solving multi
objective production scheduling problems (MOOPPS). The identification of Pareto
optimal alternatives or at least a close approximation of them is possible by a
set of implemented metaheuristics. Necessary control parameters can easily be
adjusted by the decision maker as the whole software is fully menu driven. This
allows the comparison of different metaheuristic algorithms for the considered
problem instances. Results are visualized by a graphical user interface showing
the distribution of solutions in outcome space as well as their corresponding
Gantt chart representation.
  The identification of a most preferred solution from the set of efficient
solutions is supported by a module based on the aspiration interactive method
(AIM). The decision maker successively defines aspiration levels until a single
solution is chosen.
  After successfully competing in the finals in Ronneby, Sweden, the MOOPPS
software has been awarded the European Academic Software Award 2002
(http://www.bth.se/llab/easa_2002.nsf)",MOOPPS - 7.76,production scheduling - 2.51,MOOPPS - production scheduling - 10.27,"{'CumulativeMethodScore': 0.7964581040828658, 'CumulativeTaskScore': 0.628606445861054, 'CumulativeMethodTaskPairScore': 0.5301459295209643}"
Temporal Difference Updating without a Learning Rate,"We derive an equation for temporal difference learning from statistical
principles. Specifically, we start with the variational principle and then
bootstrap to produce an updating rule for discounted state value estimates. The
resulting equation is similar to the standard equation for temporal difference
learning with eligibility traces, so called TD(lambda), however it lacks the
parameter alpha that specifies the learning rate. In the place of this free
parameter there is now an equation for the learning rate that is specific to
each state transition. We experimentally test this new learning rule against
TD(lambda) and find that it offers superior performance in various settings.
Finally, we make some preliminary investigations into how to extend our new
temporal difference algorithm to reinforcement learning. To do this we combine
our update equation with both Watkins' Q(lambda) and Sarsa(lambda) and find
that it again offers superior performance without a learning rate parameter.",ĊTD(lambda) - 1.54; Watkins' Q(lambda) - 3.39; TD(lambda - 1.79; Sarsa(lambda) - 3.32; temporal differenceĊlearning eligibility traces - 1.41,reinforcement learning - 0.00,ĊTD(lambda) - reinforcement learning - 7.13; Sarsa(lambda) - reinforcement learning - 11.60; temporal differenceĊlearning eligibility traces - reinforcement learning - 4.92; Watkins' Q(lambda) - reinforcement learning - 10.86; TD(lambda - reinforcement learning - 8.25,"{'CumulativeMethodScore': 0.8955647420833348, 'CumulativeTaskScore': 0.44375447054421435, 'CumulativeMethodTaskPairScore': 0.7787603332012824}"
Justifications for Logic Programs under Answer Set Semantics,"The paper introduces the notion of off-line justification for Answer Set
Programming (ASP). Justifications provide a graph-based explanation of the
truth value of an atom w.r.t. a given answer set. The paper extends also this
notion to provide justification of atoms during the computation of an answer
set (on-line justification), and presents an integration of on-line
justifications within the computation model of Smodels. Off-line and on-line
justifications provide useful tools to enhance understanding of ASP, and they
offer a basic data structure to support methodologies and tools for debugging
answer set programs. A preliminary implementation has been developed in
ASP-PROLOG.
  (To appear in Theory and Practice of Logic Programming (TPLP))",Ċ - 0.00; Smodels - 0.00,ASP - 0.00; Answer SetĊProgramming - 3.44; ASPĊanswer set programs - 4.11,Ċ - ASP - 0.00; Smodels - ASP - 0.00,"{'CumulativeMethodScore': 0.4296811071992277, 'CumulativeTaskScore': 0.8851685841420769, 'CumulativeMethodTaskPairScore': 0.44057098691681534}"
Emerge-Sort: Converging to Ordered Sequences by Simple Local Operators,"In this paper we examine sorting on the assumption that we do not know in
advance which way to sort a sequence of numbers and we set at work simple local
comparison and swap operators whose repeating application ends up in sorted
sequences. These are the basic elements of Emerge-Sort, our approach to
self-organizing sorting, which we then validate experimentally across a range
of samples. Observing an O(n2) run-time behaviour, we note that the n/logn
delay coefficient that differentiates Emerge-Sort from the classical comparison
based algorithms is an instantiation of the price of anarchy we pay for not
imposing a sorting order and for letting that order emerge through the local
interactions.",Emerge-Sort - 5.18,sorting - 0.00,Emerge-Sort - sorting - 5.18,"{'CumulativeMethodScore': 0.6931790307057658, 'CumulativeTaskScore': 0.44375447054421435, 'CumulativeMethodTaskPairScore': 0.48559496050292494}"
The Offset Tree for Learning with Partial Labels,"We present an algorithm, called the Offset Tree, for learning to make
decisions in situations where the payoff of only one choice is observed, rather
than all choices. The algorithm reduces this setting to binary classification,
allowing one to reuse of any existing, fully supervised binary classification
algorithm in this partial information setting. We show that the Offset Tree is
an optimal reduction to binary classification. In particular, it has regret at
most $(k-1)$ times the regret of the binary classifier it uses (where $k$ is
the number of choices), and no reduction to binary classification can do
better. This reduction is also computationally optimal, both at training and
test time, requiring just $O(\log_2 k)$ work to train on an example or make a
prediction.
  Experiments with the Offset Tree show that it generally performs better than
several alternative approaches.",Offset Tree - 6.07,binary classification - 0.00,Offset Tree - binary classification - 6.07,"{'CumulativeMethodScore': 0.7319095351093182, 'CumulativeTaskScore': 0.44375447054421435, 'CumulativeMethodTaskPairScore': 0.49340077052470294}"
Finding Still Lifes with Memetic/Exact Hybrid Algorithms,"The maximum density still life problem (MDSLP) is a hard constraint
optimization problem based on Conway's game of life. It is a prime example of
weighted constrained optimization problem that has been recently tackled in the
constraint-programming community. Bucket elimination (BE) is a complete
technique commonly used to solve this kind of constraint satisfaction problem.
When the memory required to apply BE is too high, a heuristic method based on
it (denominated mini-buckets) can be used to calculate bounds for the optimal
solution. Nevertheless, the curse of dimensionality makes these techniques
unpractical for large size problems. In response to this situation, we present
a memetic algorithm for the MDSLP in which BE is used as a mechanism for
recombining solutions, providing the best possible child from the parental set.
Subsequently, a multi-level model in which this exact/metaheuristic hybrid is
further hybridized with branch-and-bound techniques and mini-buckets is
studied. Extensive experimental results analyze the performance of these models
and multi-parent recombination. The resulting algorithm consistently finds
optimal patterns for up to date solved instances in less time than current
approaches. Moreover, it is shown that this proposal provides new best known
solutions for very large instances.",Bucket - 0.34; BE - 0.35,maximum density still life problem - 6.06; MDSLP - 1.86,Bucket - MDSLP - 5.99; BE - maximum density still life problem - 10.16; BE - MDSLP - 6.61,"{'CumulativeMethodScore': 0.46618994827983085, 'CumulativeTaskScore': 0.8960343740739879, 'CumulativeMethodTaskPairScore': 0.6359505008744119}"
Algorithms for Weighted Boolean Optimization,"The Pseudo-Boolean Optimization (PBO) and Maximum Satisfiability (MaxSAT)
problems are natural optimization extensions of Boolean Satisfiability (SAT).
  In the recent past, different algorithms have been proposed for PBO and for
MaxSAT, despite the existence of straightforward mappings from PBO to MaxSAT
and vice-versa. This papers proposes Weighted Boolean Optimization (WBO), a new
unified framework that aggregates and extends PBO and MaxSAT. In addition, the
paper proposes a new unsatisfiability-based algorithm for WBO, based on recent
unsatisfiability-based algorithms for MaxSAT. Besides standard MaxSAT, the new
algorithm can also be used to solve weighted MaxSAT and PBO, handling
pseudo-Boolean constraints either natively or by translation to clausal form.
Experimental results illustrate that unsatisfiability-based algorithms for
MaxSAT can be orders of magnitude more efficient than existing dedicated
algorithms. Finally, the paper illustrates how other algorithms for either PBO
or MaxSAT can be extended to WBO.",WBO - 0.48; Pseudo-Boolean Optimization - 0.27; Weighted Boolean Optimization - 0.40; WBOBO - 0.71; PBO - 0.36,ĊMaxSAT - 1.95; Maximum Satisfiability - 1.53; PBO - 0.36; for - 0.00; Boolean Satisfiability - 0.00; weighted MaxSAT - 1.72; MaxSAT - 0.79; Weighted Boolean Optimization - 0.40,WBO - Maximum Satisfiability - 14.03; WBO - PBO - 8.50; WBO - for - 5.74; WBO - MaxSAT - 9.91; WBO - Boolean Satisfiability - 3.61; WBO - weighted MaxSAT - 12.48; WBO - ĊMaxSAT - 18.40; Pseudo-Boolean Optimization - weighted MaxSAT - 6.38; WBOBO - for - 6.50; WBOBO - Boolean Satisfiability - 4.48; WBOBO - weighted MaxSAT - 12.03; Weighted Boolean Optimization - PBO - 4.01; Weighted Boolean Optimization - for - 2.31; Weighted Boolean Optimization - MaxSAT - 5.44; Weighted Boolean Optimization - Boolean Satisfiability - 1.80; Weighted Boolean Optimization - weighted MaxSAT - 7.94,"{'CumulativeMethodScore': 0.5470059889845826, 'CumulativeTaskScore': 0.8581978722834186, 'CumulativeMethodTaskPairScore': 0.9834883027372878}"
"Design, development and implementation of a tool for construction of declarative functional descriptions of semantic web services based on WSMO methodology","Semantic web services (SWS) are self-contained, self-describing, semantically
marked-up software resources that can be published, discovered, composed and
executed across the Web in a semi-automatic way. They are a key component of
the future Semantic Web, in which networked computer programs become providers
and users of information at the same time. This work focuses on developing a
full-life-cycle software toolset for creating and maintaining Semantic Web
Services (SWSs) based on the Web Service Modelling Ontology (WSMO) framework. A
main part of WSMO-based SWS is service capability - a declarative description
of Web service functionality. A formal syntax and semantics for such a
description is provided by Web Service Modeling Language (WSML), which is based
on different logical formalisms, namely, Description Logics, First-Order Logic
and Logic Programming. A WSML description of a Web service capability is
represented as a set of complex logical expressions (axioms). We develop a
specialized user-friendly tool for constructing and editing WSMO-based SWS
capabilities. Since the users of this tool are not specialists in first-order
logic, a graphical way for constricting and editing axioms is proposed. The
designed process for constructing logical expressions is ontology-driven, which
abstracts away as much as possible from any concrete syntax of logical
language. We propose several mechanisms to guarantees the semantic consistency
of the produced logical expressions. The tool is implemented in Java using
Eclipse for IDE and GEF (Graphical Editing Framework) for visualization.",Web Service - 2.37; Web - 0.00; WSMO - 2.04,Semantic web services - 1.25; Semantic WebĊServices - 3.56; SWS - 0.98,Web Service - Semantic web services - 8.98; Web Service - Semantic WebĊServices - 14.17; Web Service - SWS - 13.41; Web - Semantic web services - 3.68; Web - Semantic WebĊServices - 10.05; Web - SWS - 5.27; WSMO - Semantic web services - 8.30; WSMO - Semantic WebĊServices - 13.60; WSMO - SWS - 12.43,"{'CumulativeMethodScore': 0.6577450028567484, 'CumulativeTaskScore': 0.818995800601555, 'CumulativeMethodTaskPairScore': 0.948248159089927}"
Online prediction of ovarian cancer,"In this paper we apply computer learning methods to diagnosing ovarian cancer
using the level of the standard biomarker CA125 in conjunction with information
provided by mass-spectrometry. We are working with a new data set collected
over a period of 7 years. Using the level of CA125 and mass-spectrometry peaks,
our algorithm gives probability predictions for the disease. To estimate
classification accuracy we convert probability predictions into strict
predictions. Our algorithm makes fewer errors than almost any linear
combination of the CA125 level and one peak's intensity (taken on the log
scale). To check the power of our algorithm we use it to test the hypothesis
that CA125 and the peaks do not contain useful information for the prediction
of the disease at a particular time before the diagnosis. Our algorithm
produces $p$-values that are better than those produced by the algorithm that
has been previously applied to this data set. Our conclusion is that the
proposed algorithm is more reliable for prediction on new data.",CA125 - 2.88,diagnosing ovarian cancer - 9.57,CA125 - diagnosing ovarian cancer - 12.44,"{'CumulativeMethodScore': 0.581176630689352, 'CumulativeTaskScore': 0.933729398123448, 'CumulativeMethodTaskPairScore': 0.5490509099777127}"
On the Workings of Genetic Algorithms: The Genoclique Fixing Hypothesis,"We recently reported that the simple genetic algorithm (SGA) is capable of
performing a remarkable form of sublinear computation which has a
straightforward connection with the general problem of interacting attributes
in data-mining. In this paper we explain how the SGA can leverage this
computational proficiency to perform efficient adaptation on a broad class of
fitness functions. Based on the relative ease with which a practical fitness
function might belong to this broad class, we submit a new hypothesis about the
workings of genetic algorithms. We explain why our hypothesis is superior to
the building block hypothesis, and, by way of empirical validation, we present
the results of an experiment in which the use of a simple mechanism called
clamping dramatically improved the performance of an SGA with uniform crossover
on large, randomly generated instances of the MAX 3-SAT problem.",SGA - 0.97; simple genetic algorithm - 1.16; SGA 3-SAT - 4.64,data- - 0.63,SGA - data- - 5.69; simple genetic algorithm - data- - 4.15; SGA 3-SAT - data- - 9.87,"{'CumulativeMethodScore': 0.76030374236682, 'CumulativeTaskScore': 0.4907319624338456, 'CumulativeMethodTaskPairScore': 0.610934856058206}"
A Minimum Description Length Approach to Multitask Feature Selection,"Many regression problems involve not one but several response variables
(y's). Often the responses are suspected to share a common underlying
structure, in which case it may be advantageous to share information across
them; this is known as multitask learning. As a special case, we can use
multiple responses to better identify shared predictive features -- a project
we might call multitask feature selection.
  This thesis is organized as follows. Section 1 introduces feature selection
for regression, focusing on ell_0 regularization methods and their
interpretation within a Minimum Description Length (MDL) framework. Section 2
proposes a novel extension of MDL feature selection to the multitask setting.
The approach, called the ""Multiple Inclusion Criterion"" (MIC), is designed to
borrow information across regression tasks by more easily selecting features
that are associated with multiple responses. We show in experiments on
synthetic and real biological data sets that MIC can reduce prediction error in
settings where features are at least partially shared across responses. Section
3 surveys hypothesis testing by regression with a single response, focusing on
the parallel between the standard Bonferroni correction and an MDL approach.
Mirroring the ideas in Section 2, Section 4 proposes a novel MIC approach to
hypothesis testing with multiple responses and shows that on synthetic data
with significant sharing of features across responses, MIC sometimes
outperforms standard FDR-controlling methods in terms of finding true positives
for a given level of false positives. Section 5 concludes.",Multiple Inclusion Criterion - 1.10; Bonferroni - 3.23; MDL - 0.00; MIC - 0.16,multitask feature selection - 0.57,Bonferroni - multitask feature selection - 7.43; MDL - multitask feature selection - 1.36,"{'CumulativeMethodScore': 0.6614944706548342, 'CumulativeTaskScore': 0.48638229077598916, 'CumulativeMethodTaskPairScore': 0.5172606059696774}"
Mining Compressed Repetitive Gapped Sequential Patterns Efficiently,"Mining frequent sequential patterns from sequence databases has been a
central research topic in data mining and various efficient mining sequential
patterns algorithms have been proposed and studied. Recently, in many problem
domains (e.g, program execution traces), a novel sequential pattern mining
research, called mining repetitive gapped sequential patterns, has attracted
the attention of many researchers, considering not only the repetition of
sequential pattern in different sequences but also the repetition within a
sequence is more meaningful than the general sequential pattern mining which
only captures occurrences in different sequences. However, the number of
repetitive gapped sequential patterns generated by even these closed mining
algorithms may be too large to understand for users, especially when support
threshold is low. In this paper, we propose and study the problem of
compressing repetitive gapped sequential patterns. Inspired by the ideas of
summarizing frequent itemsets, RPglobal, we develop an algorithm, CRGSgrow
(Compressing Repetitive Gapped Sequential pattern grow), including an efficient
pruning strategy, SyncScan, and an efficient representative pattern checking
scheme, -dominate sequential pattern checking. The CRGSgrow is a two-step
approach: in the first step, we obtain all closed repetitive sequential
patterns as the candidate set of representative repetitive sequential patterns,
and at the same time get the most of representative repetitive sequential
patterns; in the second step, we only spend a little time in finding the
remaining the representative patterns from the candidate set. An empirical
study with both real and synthetic data sets clearly shows that the CRGSgrow
has good performance.",SyncScan - 0.89; Compressing Repetitive Gapped Sequential pattern grow - 1.16; CRGSgrow - 0.95,Mining frequent sequential patterns - 1.37; sequential pattern mining - 0.24; mining repetitive gapped sequential patterns - 1.88,Compressing Repetitive Gapped Sequential pattern grow - Mining frequent sequential patterns - 5.05; CRGSgrow - Mining frequent sequential patterns - 8.78,"{'CumulativeMethodScore': 0.5873427058115696, 'CumulativeTaskScore': 0.695075201650154, 'CumulativeMethodTaskPairScore': 0.5610095947938168}"
Apply Local Clustering Method to Improve the Running Speed of Ant Colony Optimization,"Ant Colony Optimization (ACO) has time complexity O(t*m*N*N), and its typical
application is to solve Traveling Salesman Problem (TSP), where t, m, and N
denotes the iteration number, number of ants, number of cities respectively.
Cutting down running time is one of study focuses, and one way is to decrease
parameter t and N, especially N. For this focus, the following method is
presented in this paper. Firstly, design a novel clustering algorithm named
Special Local Clustering algorithm (SLC), then apply it to classify all cities
into compact classes, where compact class is the class that all cities in this
class cluster tightly in a small region. Secondly, let ACO act on every class
to get a local TSP route. Thirdly, all local TSP routes are jointed to form
solution. Fourthly, the inaccuracy of solution caused by clustering is
eliminated. Simulation shows that the presented method improves the running
speed of ACO by 200 factors at least. And this high speed is benefit from two
factors. One is that class has small size and parameter N is cut down. The
route length at every iteration step is convergent when ACO acts on compact
class. The other factor is that, using the convergence of route length as
termination criterion of ACO and parameter t is cut down.",Special Local Clustering algorithm - 1.82; Ant Colony Optimization - 0.46; SLC - 0.41; ACO - 1.05; ACOSP - 0.46,TSP - 0.00; Traveling Salesman Problem - 1.68,SLC - TSP - 2.84; SLC - Traveling Salesman Problem - 7.33; Special Local Clustering algorithm - TSP - 4.96; Special Local Clustering algorithm - Traveling Salesman Problem - 6.89; Ant Colony Optimization - TSP - 1.55; Ant Colony Optimization - Traveling Salesman Problem - 4.86; ACO - TSP - 5.88; ACO - Traveling Salesman Problem - 8.53; ACOSP - TSP - 3.42; ACOSP - Traveling Salesman Problem - 7.77,"{'CumulativeMethodScore': 0.6471308852265604, 'CumulativeTaskScore': 0.5694874746337198, 'CumulativeMethodTaskPairScore': 0.8391962169454659}"
Graphical Probabilistic Routing Model for OBS Networks with Realistic Traffic Scenario,"Burst contention is a well-known challenging problem in Optical Burst
Switching (OBS) networks. Contention resolution approaches are always reactive
and attempt to minimize the BLR based on local information available at the
core node. On the other hand, a proactive approach that avoids burst losses
before they occur is desirable. To reduce the probability of burst contention,
a more robust routing algorithm than the shortest path is needed. This paper
proposes a new routing mechanism for JET-based OBS networks, called Graphical
Probabilistic Routing Model (GPRM) that selects less utilized links, on a
hop-by-hop basis by using a bayesian network. We assume no wavelength
conversion and no buffering to be available at the core nodes of the OBS
network. We simulate the proposed approach under dynamic load to demonstrate
that it reduces the Burst Loss Ratio (BLR) compared to static approaches by
using Network Simulator 2 (ns-2) on NSFnet network topology and with realistic
traffic matrix. Simulation results clearly show that the proposed approach
outperforms static approaches in terms of BLR.",GPRM - 0.63; GraphicalĊProbabilistic Routing Model - 2.38,Optical BurstĊSwitching - 3.38; OBS - 1.15; O - 0.09,GPRM - OBS - 8.89; GPRM - O - 4.72,"{'CumulativeMethodScore': 0.5876242079769587, 'CumulativeTaskScore': 0.7618339259343009, 'CumulativeMethodTaskPairScore': 0.5591099352702404}"
Manipulation and gender neutrality in stable marriage procedures,"The stable marriage problem is a well-known problem of matching men to women
so that no man and woman who are not married to each other both prefer each
other. Such a problem has a wide variety of practical applications ranging from
matching resident doctors to hospitals to matching students to schools. A
well-known algorithm to solve this problem is the Gale-Shapley algorithm, which
runs in polynomial time.
  It has been proven that stable marriage procedures can always be manipulated.
Whilst the Gale-Shapley algorithm is computationally easy to manipulate, we
prove that there exist stable marriage procedures which are NP-hard to
manipulate. We also consider the relationship between voting theory and stable
marriage procedures, showing that voting rules which are NP-hard to manipulate
can be used to define stable marriage procedures which are themselves NP-hard
to manipulate. Finally, we consider the issue that stable marriage procedures
like Gale-Shapley favour one gender over the other, and we show how to use
voting rules to make any stable marriage procedure gender neutral.",Gale-Shapley - 1.71; GaleShley marriage marriage - 3.83,stable marriage - 0.84; stableĊmarriage marriage - 1.92; matching - 0.00,Gale-Shapley - stable marriage - 6.39; GaleShley marriage marriage - stable marriage - 10.89,"{'CumulativeMethodScore': 0.7095281891620422, 'CumulativeTaskScore': 0.6456514112489505, 'CumulativeMethodTaskPairScore': 0.5904930178351285}"
An Agent Based Classification Model,"The major function of this model is to access the UCI Wisconsin Breast Can-
cer data-set[1] and classify the data items into two categories, which are
normal and anomalous. This kind of classifi cation can be referred as anomaly
detection, which discriminates anomalous behaviour from normal behaviour in
computer systems. One popular solution for anomaly detection is Artifi cial
Immune Sys- tems (AIS). AIS are adaptive systems inspired by theoretical
immunology and observed immune functions, principles and models which are
applied to prob- lem solving. The Dendritic Cell Algorithm (DCA)[2] is an AIS
algorithm that is developed specifi cally for anomaly detection. It has been
successfully applied to intrusion detection in computer security. It is
believed that agent-based mod- elling is an ideal approach for implementing
AIS, as intelligent agents could be the perfect representations of immune
entities in AIS. This model evaluates the feasibility of re-implementing the
DCA in an agent-based simulation environ- ment called AnyLogic, where the
immune entities in the DCA are represented by intelligent agents. If this model
can be successfully implemented, it makes it possible to implement more
complicated and adaptive AIS models in the agent-based simulation environment.",DCA - 1.14; AnyLogic - 1.48; Dendritic Cell Algorithm - 1.39; ĊDCA - 0.38,anomalyĊdetection detection - 1.04; anomaly detection - 0.00; AIS - 1.31; intrusion detection - 0.00,DCA - anomaly detection - 6.58; DCA - AIS - 15.05; DCA - intrusion detection - 6.56; AnyLogic - anomaly detection - 7.28; AnyLogic - AIS - 14.46; AnyLogic - intrusion detection - 7.26; Dendritic Cell Algorithm - anomaly detection - 3.64; Dendritic Cell Algorithm - AIS - 7.27; Dendritic Cell Algorithm - intrusion detection - 3.64; ĊDCA - anomaly detection - 2.28; ĊDCA - AIS - 10.73; ĊDCA - intrusion detection - 2.28,"{'CumulativeMethodScore': 0.6565685326309423, 'CumulativeTaskScore': 0.6177080551901619, 'CumulativeMethodTaskPairScore': 0.9431160537472425}"
Dendritic Cells for Anomaly Detection,"Artificial immune systems, more specifically the negative selection
algorithm, have previously been applied to intrusion detection. The aim of this
research is to develop an intrusion detection system based on a novel concept
in immunology, the Danger Theory. Dendritic Cells (DCs) are antigen presenting
cells and key to the activation of the human signals from the host tissue and
correlate these signals with proteins know as antigens. In algorithmic terms,
individual DCs perform multi-sensor data fusion based on time-windows. The
whole population of DCs asynchronously correlates the fused signals with a
secondary data stream. The behaviour of human DCs is abstracted to form the DC
Algorithm (DCA), which is implemented using an immune inspired framework,
libtissue. This system is used to detect context switching for a basic machine
learning dataset and to detect outgoing portscans in real-time. Experimental
results show a significant difference between an outgoing portscan and normal
traffic.",DCĊAlgorithm - 4.51; DCA - 2.20,intrusion detection - 0.00,DCĊAlgorithm - intrusion detection - 5.39; DCA - intrusion detection - 4.72,"{'CumulativeMethodScore': 0.7580117205071333, 'CumulativeTaskScore': 0.44375473869624316, 'CumulativeMethodTaskPairScore': 0.5287705878430506}"
A new approach to content-based file type detection,"File type identification and file type clustering may be difficult tasks that
have an increasingly importance in the field of computer and network security.
Classical methods of file type detection including considering file extensions
and magic bytes can be easily spoofed. Content-based file type detection is a
newer way that is taken into account recently. In this paper, a new
content-based method for the purpose of file type detection and file type
clustering is proposed that is based on the PCA and neural networks. The
proposed method has a good accuracy and is fast enough.",PC - 0.00,file type detection - 0.28; file type clustering - 0.52; file typeĊclustering - 3.54; File type identification - 0.53; content-based file type detection - 1.05,PC - file type clustering - 2.34; PC - file typeĊclustering - 14.37; PC - File type identification - 2.42; PC - file type detection - 1.54,"{'CumulativeMethodScore': 0.42968092238553346, 'CumulativeTaskScore': 0.8250162827084112, 'CumulativeMethodTaskPairScore': 0.6188802079706576}"
Exploration Of The Dendritic Cell Algorithm Using The Duration Calculus,"As one of the newest members in Artificial Immune Systems (AIS), the
Dendritic Cell Algorithm (DCA) has been applied to a range of problems. These
applications mainly belong to the field of anomaly detection. However,
real-time detection, a new challenge to anomaly detection, requires improvement
on the real-time capability of the DCA. To assess such capability, formal
methods in the research of rea-time systems can be employed. The findings of
the assessment can provide guideline for the future development of the
algorithm. Therefore, in this paper we use an interval logic based method,
named the Duration Calculus (DC), to specify a simplified single-cell model of
the DCA. Based on the DC specifications with further induction, we find that
each individual cell in the DCA can perform its function as a detector in
real-time. Since the DCA can be seen as many such cells operating in parallel,
it is potentially capable of performing real-time detection. However, the
analysis process of the standard DCA constricts its real-time capability. As a
result, we conclude that the analysis process of the standard DCA should be
replaced by a real-time analysis component, which can perform periodic analysis
for the purpose of real-time detection.",DCA - 2.23; Dendritic Cell Algorithm - 2.93,anomaly detection - 0.00,DCA - anomaly detection - 5.83; Dendritic Cell Algorithm - anomaly detection - 3.51,"{'CumulativeMethodScore': 0.6923785365242912, 'CumulativeTaskScore': 0.44375447054421435, 'CumulativeMethodTaskPairScore': 0.5220369486684068}"
Information Fusion in the Immune System,"Biologically-inspired methods such as evolutionary algorithms and neural
networks are proving useful in the field of information fusion. Artificial
Immune Systems (AISs) are a biologically-inspired approach which take
inspiration from the biological immune system. Interestingly, recent research
has show how AISs which use multi-level information sources as input data can
be used to build effective algorithms for real time computer intrusion
detection. This research is based on biological information fusion mechanisms
used by the human immune system and as such might be of interest to the
information fusion community. The aim of this paper is to present a summary of
some of the biological information fusion mechanisms seen in the human immune
system, and of how these mechanisms have been implemented as AISs",AIS - 0.00; ArtificialĊImmune Systems - 1.34,computer - 0.06; intrusionĊdetection. - 9.63,AIS - computer - 0.53; AIS - intrusionĊdetection. - 12.60; ArtificialĊImmune Systems - computer - 5.97,"{'CumulativeMethodScore': 0.5005059553894082, 'CumulativeTaskScore': 0.9361111433466135, 'CumulativeMethodTaskPairScore': 0.6058871440418575}"
Belief Propagation for Min-cost Network Flow: Convergence and Correctness,"Message passing type algorithms such as the so-called Belief Propagation
algorithm have recently gained a lot of attention in the statistics, signal
processing and machine learning communities as attractive algorithms for
solving a variety of optimization and inference problems. As a decentralized,
easy to implement and empirically successful algorithm, BP deserves attention
from the theoretical standpoint, and here not much is known at the present
stage. In order to fill this gap we consider the performance of the BP
algorithm in the context of the capacitated minimum-cost network flow problem -
the classical problem in the operations research field. We prove that BP
converges to the optimal solution in the pseudo-polynomial time, provided that
the optimal solution of the underlying problem is unique and the problem input
is integral. Moreover, we present a simple modification of the BP algorithm
which gives a fully polynomial-time randomized approximation scheme (FPRAS) for
the same problem, which no longer requires the uniqueness of the optimal
solution. This is the first instance where BP is proved to have
fully-polynomial running time. Our results thus provide a theoretical
justification for the viability of BP as an attractive method to solve an
important class of optimization problems.",Belief Propagation - 2.37; BPPR - 0.85; BP - 0.00,capacitated minimum-cost network flow - 3.95,Belief Propagation - capacitated minimum-cost network flow - 8.34; BPPR - capacitated minimum-cost network flow - 7.41; BP - capacitated minimum-cost network flow - 6.72,"{'CumulativeMethodScore': 0.5987896651049367, 'CumulativeTaskScore': 0.7229104692699918, 'CumulativeMethodTaskPairScore': 0.6336488734960787}"
Nurse Rostering with Genetic Algorithms,"In recent years genetic algorithms have emerged as a useful tool for the
heuristic solution of complex discrete optimisation problems. In particular
there has been considerable interest in their use in tackling problems arising
in the areas of scheduling and timetabling. However, the classical genetic
algorithm paradigm is not well equipped to handle constraints and successful
implementations usually require some sort of modification to enable the search
to exploit problem specific knowledge in order to overcome this shortcoming.
This paper is concerned with the development of a family of genetic algorithms
for the solution of a nurse rostering problem at a major UK hospital. The
hospital is made up of wards of up to 30 nurses. Each ward has its own group of
nurses whose shifts have to be scheduled on a weekly basis. In addition to
fulfilling the minimum demand for staff over three daily shifts, nurses' wishes
and qualifications have to be taken into account. The schedules must also be
seen to be fair, in that unpopular shifts have to be spread evenly amongst all
nurses, and other restrictions, such as team nursing and special conditions for
senior staff, have to be satisfied. The basis of the family of genetic
algorithms is a classical genetic algorithm consisting of n-point crossover,
single-bit mutation and a rank-based selection. The solution space consists of
all schedules in which each nurse works the required number of shifts, but the
remaining constraints, both hard and soft, are relaxed and penalised in the
fitness function. The talk will start with a detailed description of the
problem and the initial implementation and will go on to highlight the
shortcomings of such an approach, in terms of the key element of balancing
feasibility, i.e. covering the demand and work regulations, and quality, as
measured by the nurses' preferences. A series of experiments involving
parameter adaptation, niching, intelligent weights, delta coding, local hill
climbing, migration and special selection rules will then be outlined and it
will be shown how a series of these enhancements were able to eradicate these
difficulties. Results based on several months' real data will be used to
measure the impact of each modification, and to show that the final algorithm
is able to compete with a tabu search approach currently employed at the
hospital. The talk will conclude with some observations as to the overall
quality of this approach to this and similar problems.",tab - 0.15,scheduling - 0.14; timetabling - 2.19; Nurse Rostering - 1.93; nurse rostering - 2.75,tab - timetabling - 8.82; tab - nurse rostering - 6.07,"{'CumulativeMethodScore': 0.4375649116573645, 'CumulativeTaskScore': 0.8674194629214185, 'CumulativeMethodTaskPairScore': 0.570083417317539}"
GRASP for the Coalition Structure Formation Problem,"The coalition structure formation problem represents an active research area
in multi-agent systems. A coalition structure is defined as a partition of the
agents involved in a system into disjoint coalitions. The problem of finding
the optimal coalition structure is NP-complete. In order to find the optimal
solution in a combinatorial optimization problem it is theoretically possible
to enumerate the solutions and evaluate each. But this approach is infeasible
since the number of solutions often grows exponentially with the size of the
problem. In this paper we present a greedy adaptive search procedure (GRASP) to
efficiently search the space of coalition structures in order to find an
optimal one. Experiments and comparisons to other algorithms prove the validity
of the proposed method in solving this hard combinatorial problem.",GRASP - 2.86,coalition structure formation - 1.45; Coalition Structure Formation - 1.67,GRASP - Coalition Structure Formation - 7.18; GRASP - coalition structure formation - 6.20,"{'CumulativeMethodScore': 0.5801916274489705, 'CumulativeTaskScore': 0.6705946168743989, 'CumulativeMethodTaskPairScore': 0.5572152898287256}"
PCA 4 DCA: The Application Of Principal Component Analysis To The Dendritic Cell Algorithm,"As one of the newest members in the field of artificial immune systems (AIS),
the Dendritic Cell Algorithm (DCA) is based on behavioural models of natural
dendritic cells (DCs). Unlike other AIS, the DCA does not rely on training
data, instead domain or expert knowledge is required to predetermine the
mapping between input signals from a particular instance to the three
categories used by the DCA. This data preprocessing phase has received the
criticism of having manually over-?tted the data to the algorithm, which is
undesirable. Therefore, in this paper we have attempted to ascertain if it is
possible to use principal component analysis (PCA) techniques to automatically
categorise input data while still generating useful and accurate classication
results. The integrated system is tested with a biometrics dataset for the
stress recognition of automobile drivers. The experimental results have shown
the application of PCA to the DCA for the purpose of automated data
preprocessing is successful.",DCA - 2.46; Dendritic Cell Algorithm - 2.90; PCA - 0.00,Ċ - 0.00,DCA - Ċ - 13.47,"{'CumulativeMethodScore': 0.701589531301857, 'CumulativeTaskScore': 0.44375447054421435, 'CumulativeMethodTaskPairScore': 0.557968532483883}"
Mirrored Language Structure and Innate Logic of the Human Brain as a Computable Model of the Oracle Turing Machine,"We wish to present a mirrored language structure (MLS) and four logic rules
determined by this structure for the model of a computable Oracle Turing
machine. MLS has novel features that are of considerable biological and
computational significance. It suggests an algorithm of relation learning and
recognition (RLR) that enables the deterministic computers to simulate the
mechanism of the Oracle Turing machine, or P = NP in a mathematical term.",MLS - 0.40,relation learning andĊrecognition - 4.69; RLR - 0.00,MLS - RLR - 2.13,"{'CumulativeMethodScore': 0.4506890440563583, 'CumulativeTaskScore': 0.7652004792136007, 'CumulativeMethodTaskPairScore': 0.45899406215111016}"
From RESTful Services to RDF: Connecting the Web and the Semantic Web,"RESTful services on the Web expose information through retrievable resource
representations that represent self-describing descriptions of resources, and
through the way how these resources are interlinked through the hyperlinks that
can be found in those representations. This basic design of RESTful services
means that for extracting the most useful information from a service, it is
necessary to understand a service's representations, which means both the
semantics in terms of describing a resource, and also its semantics in terms of
describing its linkage with other resources. Based on the Resource Linking
Language (ReLL), this paper describes a framework for how RESTful services can
be described, and how these descriptions can then be used to harvest
information from these services. Building on this framework, a layered model of
RESTful service semantics allows to represent a service's information in
RDF/OWL. Because REST is based on the linkage between resources, the same model
can be used for aggregating and interlinking multiple services for extracting
RDF data from sets of RESTful services.",Ċ - 0.00; REST - 1.50; ĊRDFL - 0.00,REST - 1.50,Ċ - REST - 1.50; REST - REST - 1.50; ĊRDFL - REST - 1.50,"{'CumulativeMethodScore': 0.5087668993641342, 'CumulativeTaskScore': 0.5558340843508747, 'CumulativeMethodTaskPairScore': 0.4796822961802099}"
Counterexample Guided Abstraction Refinement Algorithm for Propositional Circumscription,"Circumscription is a representative example of a nonmonotonic reasoning
inference technique. Circumscription has often been studied for first order
theories, but its propositional version has also been the subject of extensive
research, having been shown equivalent to extended closed world assumption
(ECWA). Moreover, entailment in propositional circumscription is a well-known
example of a decision problem in the second level of the polynomial hierarchy.
This paper proposes a new Boolean Satisfiability (SAT)-based algorithm for
entailment in propositional circumscription that explores the relationship of
propositional circumscription to minimal models. The new algorithm is inspired
by ideas commonly used in SAT-based model checking, namely counterexample
guided abstraction refinement. In addition, the new algorithm is refined to
compute the theory closure for generalized close world assumption (GCWA).
Experimental results show that the new algorithm can solve problem instances
that other solutions are unable to solve.",GCWA - 0.55; extended closed world assumptionĊ - 1.85; ECWA - 0.66; generalized close world assumption - 1.08,entailment - 0.00; Ċentailment - 1.85,GCWA - entailment - 2.49; extended closed world assumptionĊ - entailment - 4.25; generalized close world assumption - entailment - 2.52,"{'CumulativeMethodScore': 0.6443460098644483, 'CumulativeTaskScore': 0.5817119085116773, 'CumulativeMethodTaskPairScore': 0.5212882675017876}"
Formalization of Psychological Knowledge in Answer Set Programming and its Application,"In this paper we explore the use of Answer Set Programming (ASP) to
formalize, and reason about, psychological knowledge. In the field of
psychology, a considerable amount of knowledge is still expressed using only
natural language. This lack of a formalization complicates accurate studies,
comparisons, and verification of theories. We believe that ASP, a knowledge
representation formalism allowing for concise and simple representation of
defaults, uncertainty, and evolving domains, can be used successfully for the
formalization of psychological knowledge. To demonstrate the viability of ASP
for this task, in this paper we develop an ASP-based formalization of the
mechanics of Short-Term Memory. We also show that our approach can have rather
immediate practical uses by demonstrating an application of our formalization
to the task of predicting a user's interaction with a graphical interface.",Short-Term Memory - 2.49,predicting - 0.00,Short-Term Memory - predicting - 2.49,"{'CumulativeMethodScore': 0.561044441239951, 'CumulativeTaskScore': 0.44375488614914316, 'CumulativeMethodTaskPairScore': 0.46216526445534134}"
Machine Learning Approaches for Modeling Spammer Behavior,"Spam is commonly known as unsolicited or unwanted email messages in the
Internet causing potential threat to Internet Security. Users spend a valuable
amount of time deleting spam emails. More importantly, ever increasing spam
emails occupy server storage space and consume network bandwidth. Keyword-based
spam email filtering strategies will eventually be less successful to model
spammer behavior as the spammer constantly changes their tricks to circumvent
these filters. The evasive tactics that the spammer uses are patterns and these
patterns can be modeled to combat spam. This paper investigates the
possibilities of modeling spammer behavioral patterns by well-known
classification algorithms such as Na\""ive Bayesian classifier (Na\""ive Bayes),
Decision Tree Induction (DTI) and Support Vector Machines (SVMs). Preliminary
experimental results demonstrate a promising detection rate of around 92%,
which is considerably an enhancement of performance compared to similar spammer
behavior modeling research.",ĊDec Tree Induction - 4.56; Na Bay - 3.17; DTI - 0.70,Sp - 0.20,ĊDec Tree Induction - Sp - 7.76; Na Bay - Sp - 7.94; DTI - Sp - 3.93,"{'CumulativeMethodScore': 0.8181573821345303, 'CumulativeTaskScore': 0.45881001197301324, 'CumulativeMethodTaskPairScore': 0.6102514141964427}"
Gaussian Process Bandits for Tree Search: Theory and Application to Planning in Discounted MDPs,"We motivate and analyse a new Tree Search algorithm, GPTS, based on recent
theoretical advances in the use of Gaussian Processes for Bandit problems. We
consider tree paths as arms and we assume the target/reward function is drawn
from a GP distribution. The posterior mean and variance, after observing data,
are used to define confidence intervals for the function values, and we
sequentially play arms with highest upper confidence bounds. We give an
efficient implementation of GPTS and we adapt previous regret bounds by
determining the decay rate of the eigenvalues of the kernel matrix on the whole
set of tree paths. We consider two kernels in the feature space of binary
vectors indexed by the nodes of the tree: linear and Gaussian. The regret grows
in square root of the number of iterations T, up to a logarithmic factor, with
a constant that improves with bigger Gaussian kernel widths. We focus on
practical values of T, smaller than the number of arms. Finally, we apply GPTS
to Open Loop Planning in discounted Markov Decision Processes by modelling the
reward as a discounted sum of independent Gaussian Processes. We report similar
regret bounds to those of the OLOP algorithm.",OLOP - 3.35; GPTS - 1.79,Open Loop Planning - 1.64,OLOP - Open Loop Planning - 6.86; GPTS - Open Loop Planning - 4.44,"{'CumulativeMethodScore': 0.6915507944800166, 'CumulativeTaskScore': 0.5664576956915529, 'CumulativeMethodTaskPairScore': 0.5391194230142017}"
Hierarchical Semi-Markov Conditional Random Fields for Recursive Sequential Data,"Inspired by the hierarchical hidden Markov models (HHMM), we present the
hierarchical semi-Markov conditional random field (HSCRF), a generalisation of
embedded undirectedMarkov chains tomodel complex hierarchical, nestedMarkov
processes. It is parameterised in a discriminative framework and has polynomial
time algorithms for learning and inference. Importantly, we consider
partiallysupervised learning and propose algorithms for generalised
partially-supervised learning and constrained inference. We demonstrate the
HSCRF in two applications: (i) recognising human activities of daily living
(ADLs) from indoor surveillance cameras, and (ii) noun-phrase chunking. We show
that the HSCRF is capable of learning rich hierarchical models with reasonable
accuracy in both fully and partially observed data cases.",Ċhierarchical semi-Markov conditional random field - 1.58; HSCRF - 0.43; ĊHSCRF - 0.59; hierarchical hidden Markov models - 0.68; HHMM - 0.25,noun-phrase chunking - 0.45; recognising - 0.65,hierarchical hidden Markov models - noun-phrase chunking - 3.54; hierarchical hidden Markov models - recognising - 5.18; Ċhierarchical semi-Markov conditional random field - recognising - 4.86; HSCRF - noun-phrase chunking - 3.69; HSCRF - recognising - 6.15; ĊHSCRF - recognising - 6.87; HHMM - noun-phrase chunking - 3.80; HHMM - recognising - 7.41,"{'CumulativeMethodScore': 0.6144799983230658, 'CumulativeTaskScore': 0.5256371374459302, 'CumulativeMethodTaskPairScore': 0.7710006752792266}"
An Embarrassingly Simple Speed-Up of Belief Propagation with Robust Potentials,"We present an exact method of greatly speeding up belief propagation (BP) for
a wide variety of potential functions in pairwise MRFs and other graphical
models. Specifically, our technique applies whenever the pairwise potentials
have been {\em truncated} to a constant value for most pairs of states, as is
commonly done in MRF models with robust potentials (such as stereo) that impose
an upper bound on the penalty assigned to discontinuities; for each of the $M$
possible states in one node, only a smaller number $m$ of compatible states in
a neighboring node are assigned milder penalties. The computational complexity
of our method is $O(mM)$, compared with $O(M^2)$ for standard BP, and we
emphasize that the method is {\em exact}, in contrast with related techniques
such as pruning; moreover, the method is very simple and easy to implement.
Unlike some previous work on speeding up BP, our method applies both to
sum-product and max-product BP, which makes it useful in any applications where
marginal probabilities are required, such as maximum likelihood estimation. We
demonstrate the technique on a stereo MRF example, confirming that the
technique speeds up BP without altering the solution.",standard BP - 1.94; BP - 0.00; BPMmO(mM - 7.35,belief propagation - 1.48,standard BP - belief propagation - 7.53; BPMmO(mM - belief propagation - 13.14,"{'CumulativeMethodScore': 0.8438896527555253, 'CumulativeTaskScore': 0.5545913784271961, 'CumulativeMethodTaskPairScore': 0.6189190961023602}"
Predictive State Temporal Difference Learning,"We propose a new approach to value function approximation which combines
linear temporal difference reinforcement learning with subspace identification.
In practical applications, reinforcement learning (RL) is complicated by the
fact that state is either high-dimensional or partially observable. Therefore,
RL methods are designed to work with features of state rather than state
itself, and the success or failure of learning is often determined by the
suitability of the selected features. By comparison, subspace identification
(SSID) methods are designed to select a feature set which preserves as much
information as possible about state. In this paper we connect the two
approaches, looking at the problem of reinforcement learning with a large set
of features, each of which may only be marginally useful for value function
approximation. We introduce a new algorithm for this situation, called
Predictive State Temporal Difference (PSTD) learning. As in SSID for predictive
state representations, PSTD finds a linear compression operator that projects a
large set of features down to a small set that preserves the maximum amount of
predictive information. As in RL, PSTD then uses a Bellman recursion to
estimate a value function. We discuss the connection between PSTD and prior
approaches in RL and SSID. We prove that PSTD is statistically consistent,
perform several experiments that illustrate its properties, and demonstrate its
potential on a difficult optimal stopping problem.",ĊPredictive State Temporal Difference - 1.57; PSTD learning - 0.96; PSTD - 0.90,reinforcement learning - 0.00; SSID - 1.84; subspace identification - 1.17; subspace identificationĊ - 1.12; value function approximation - 1.07,ĊPredictive State Temporal Difference - reinforcement learning - 4.43; ĊPredictive State Temporal Difference - value function approximation - 6.73; PSTD learning - reinforcement learning - 4.57; PSTD learning - value function approximation - 8.19; PSTD - reinforcement learning - 5.47; PSTD - value function approximation - 9.71,"{'CumulativeMethodScore': 0.6087729127422723, 'CumulativeTaskScore': 0.7919835376878862, 'CumulativeMethodTaskPairScore': 0.7558799000724676}"
Covered Clause Elimination,"Generalizing the novel clause elimination procedures developed in [M. Heule,
M. J\""arvisalo, and A. Biere. Clause elimination procedures for CNF formulas.
In Proc. LPAR-17, volume 6397 of LNCS, pages 357-371. Springer, 2010.], we
introduce explicit (CCE), hidden (HCCE), and asymmetric (ACCE) variants of a
procedure that eliminates covered clauses from CNF formulas. We show that these
procedures are more effective in reducing CNF formulas than the respective
variants of blocked clause elimination, and may hence be interesting as new
preprocessing/simplification techniques for SAT solving.",hiddenHCCEACCE - 5.24,SAT - 0.00,hiddenHCCEACCE - SAT - 5.24,"{'CumulativeMethodScore': 0.6960910567914799, 'CumulativeTaskScore': 0.4437546185608978, 'CumulativeMethodTaskPairScore': 0.4861608568130105}"
MUDOS-NG: Multi-document Summaries Using N-gram Graphs (Tech Report),"This report describes the MUDOS-NG summarization system, which applies a set
of language-independent and generic methods for generating extractive
summaries. The proposed methods are mostly combinations of simple operators on
a generic character n-gram graph representation of texts. This work defines the
set of used operators upon n-gram graphs and proposes using these operators
within the multi-document summarization process in such subtasks as document
analysis, salient sentence selection, query expansion and redundancy control.
Furthermore, a novel chunking methodology is used, together with a novel way to
assign concepts to sentences for query expansion. The experimental results of
the summarization system, performed upon widely used corpora from the Document
Understanding and the Text Analysis Conferences, are promising and provide
evidence for the potential of the generic methods introduced. This work aims to
designate core methods exploiting the n-gram graph representation, providing
the basis for more advanced summarization systems.",MUDOS-NG - 1.33,documentĊanalysis sentence - 0.97; chunking - 0.00; multi-document summarization - 0.00; query expansion - 0.22; Ċ - 0.00; summarization - 0.00,MUDOS-NG - query expansion - 4.47; MUDOS-NG - summarization - 3.65; MUDOS-NG - multi-document summarization - 2.57,"{'CumulativeMethodScore': 0.4998786816324739, 'CumulativeTaskScore': 0.5329036737603174, 'CumulativeMethodTaskPairScore': 0.5337835834340582}"
Inverse-Category-Frequency based supervised term weighting scheme for text categorization,"Term weighting schemes often dominate the performance of many classifiers,
such as kNN, centroid-based classifier and SVMs. The widely used term weighting
scheme in text categorization, i.e., tf.idf, is originated from information
retrieval (IR) field. The intuition behind idf for text categorization seems
less reasonable than IR. In this paper, we introduce inverse category frequency
(icf) into term weighting scheme and propose two novel approaches, i.e., tf.icf
and icf-based supervised term weighting schemes. The tf.icf adopts icf to
substitute idf factor and favors terms occurring in fewer categories, rather
than fewer documents. And the icf-based approach combines icf and relevance
frequency (rf) to weight terms in a supervised way. Our cross-classifier and
cross-corpus experiments have shown that our proposed approaches are superior
or comparable to six supervised term weighting schemes and three traditional
schemes in terms of macro-F1 and micro-F1.",tf.icf - 1.46; tf.icfĊfrequency - 1.99; tf.idf - 0.83,text categorization - 0.00,tf.icf - text categorization - 3.96; tf.icfĊfrequency - text categorization - 4.95; tf.idf - text categorization - 2.25,"{'CumulativeMethodScore': 0.6513835736096204, 'CumulativeTaskScore': 0.4437545012683074, 'CumulativeMethodTaskPairScore': 0.5379488545758285}"
An Image-Based Sensor System for Autonomous Rendez-Vous with Uncooperative Satellites,"In this paper are described the image processing algorithms developed by
SENER, Ingenieria y Sistemas to cope with the problem of image-based,
autonomous rendez-vous (RV) with an orbiting satellite. The methods developed
have a direct application in the OLEV (Orbital Life Extension Extension
Vehicle) mission. OLEV is a commercial mission under development by a
consortium formed by Swedish Space Corporation, Kayser-Threde and SENER, aimed
to extend the operational life of geostationary telecommunication satellites by
supplying them control, navigation and guidance services. OLEV is planned to
use a set of cameras to determine the angular position and distance to the
client satellite during the complete phases of rendez-vous and docking, thus
enabling the operation with satellites not equipped with any specific
navigational aid to provide support during the approach. The ability to operate
with un-equipped client satellites significantly expands the range of
applicability of the system under development, compared to other competing
video technologies already tested in previous spatial missions, such as the
ones described here below.",OLEVbital Life Extension ExtensionĊVehicle - 7.23; OLEV - 2.49,rendez-vous - 4.57; RV - 0.00,OLEVbital Life Extension ExtensionĊVehicle - rendez-vous - 14.30; OLEVbital Life Extension ExtensionĊVehicle - RV - 12.20; OLEV - rendez-vous - 17.32; OLEV - RV - 14.19,"{'CumulativeMethodScore': 0.8555862846221891, 'CumulativeTaskScore': 0.7584857902669248, 'CumulativeMethodTaskPairScore': 0.8571941509912385}"
A Multi-stage Probabilistic Algorithm for Dynamic Path-Planning,"Probabilistic sampling methods have become very popular to solve single-shot
path planning problems. Rapidly-exploring Random Trees (RRTs) in particular
have been shown to be efficient in solving high dimensional problems. Even
though several RRT variants have been proposed for dynamic replanning, these
methods only perform well in environments with infrequent changes. This paper
addresses the dynamic path planning problem by combining simple techniques in a
multi-stage probabilistic algorithm. This algorithm uses RRTs for initial
planning and informed local search for navigation. We show that this
combination of simple techniques provides better responses to highly dynamic
environments than the RRT extensions.",RRT - 0.00,Dynamic Path-Planning - 5.40; dynamic path planning - 1.09,RRT - dynamic path planning - 2.11,"{'CumulativeMethodScore': 0.4296809076804205, 'CumulativeTaskScore': 0.8485309064544875, 'CumulativeMethodTaskPairScore': 0.4588527287086414}"
Combining a Probabilistic Sampling Technique and Simple Heuristics to solve the Dynamic Path Planning Problem,"Probabilistic sampling methods have become very popular to solve single-shot
path planning problems. Rapidly-exploring Random Trees (RRTs) in particular
have been shown to be very efficient in solving high dimensional problems. Even
though several RRT variants have been proposed to tackle the dynamic replanning
problem, these methods only perform well in environments with infrequent
changes. This paper addresses the dynamic path planning problem by combining
simple techniques in a multi-stage probabilistic algorithm. This algorithm uses
RRTs as an initial solution, informed local search to fix unfeasible paths and
a simple greedy optimizer. The algorithm is capable of recognizing when the
local search is stuck, and subsequently restart the RRT. We show that this
combination of simple techniques provides better responses to a highly dynamic
environment than the dynamic RRT variants.",Ċ - 0.00; dynamic RRT - 2.05,Dynamic Path Planning - 2.09; dynamic replanning - 1.82; dynamic path planning - 0.84,Ċ - dynamic replanning - 5.99; Ċ - dynamic path planning - 3.48; dynamic RRT - dynamic replanning - 7.20; dynamic RRT - dynamic path planning - 6.09,"{'CumulativeMethodScore': 0.5377707078257362, 'CumulativeTaskScore': 0.768227913001858, 'CumulativeMethodTaskPairScore': 0.6359951709079571}"
Learning to Predict Combinatorial Structures,"The major challenge in designing a discriminative learning algorithm for
predicting structured data is to address the computational issues arising from
the exponential size of the output space. Existing algorithms make different
assumptions to ensure efficient, polynomial time estimation of model
parameters. For several combinatorial structures, including cycles, partially
ordered sets, permutations and other graph classes, these assumptions do not
hold. In this thesis, we address the problem of designing learning algorithms
for predicting combinatorial structures by introducing two new assumptions: (i)
The first assumption is that a particular counting problem can be solved
efficiently. The consequence is a generalisation of the classical ridge
regression for structured prediction. (ii) The second assumption is that a
particular sampling problem can be solved efficiently. The consequence is a new
technique for designing and analysing probabilistic structured prediction
models. These results can be applied to solve several complex learning problems
including but not limited to multi-label classification, multi-category
hierarchical classification, and label ranking.",ridgeĊregression - 1.82,multi-categoryĊhierarchical classification - 2.19; multi-label classification - 0.00; label ranking - 0.63; structured prediction - 0.00,ridgeĊregression - structured prediction - 5.69,"{'CumulativeMethodScore': 0.5259137620352715, 'CumulativeTaskScore': 0.6501260330112218, 'CumulativeMethodTaskPairScore': 0.49005540507576506}"
Incremental Parser Generation for Tree Adjoining Grammars,"This paper describes the incremental generation of parse tables for the
LR-type parsing of Tree Adjoining Languages (TALs). The algorithm presented
handles modifications to the input grammar by updating the parser generated so
far. In this paper, a lazy generation of LR-type parsers for TALs is defined in
which parse tables are created by need while parsing. We then describe an
incremental parser generator for TALs which responds to modification of the
input grammar by updating parse tables built so far.",LR - 0.00,Tree Adjoining Languages - 2.10; TAL - 3.28; TALs - 3.24,LR - Tree Adjoining Languages - 3.75; LR - TAL - 10.73; LR - TALs - 8.30,"{'CumulativeMethodScore': 0.42968098720155595, 'CumulativeTaskScore': 0.9139158686451241, 'CumulativeMethodTaskPairScore': 0.6361325959825761}"
Processing Unknown Words in HPSG,"The lexical acquisition system presented in this paper incrementally updates
linguistic properties of unknown words inferred from their surrounding context
by parsing sentences with an HPSG grammar for German. We employ a gradual,
information-based concept of ``unknownness'' providing a uniform treatment for
the range of completely known to maximally unknown lexical entries. ``Unknown''
information is viewed as revisable information, which is either generalizable
or specializable. Updating takes place after parsing, which only requires a
modified lexical lookup. Revisable pieces of information are identified by
grammar-specified declarations which provide access paths into the parse
feature structure. The updating mechanism revises the corresponding places in
the lexical feature structures iff the context actually provides new
information. For revising generalizable information, type union is required. A
worked-out example demonstrates the inferential capacity of our implemented
system.",HPSG - 0.00,lexical acquisition - 2.82,HPSG - lexical acquisition - 2.82,"{'CumulativeMethodScore': 0.4296815896828496, 'CumulativeTaskScore': 0.6505613197152805, 'CumulativeMethodTaskPairScore': 0.4650561337166105}"
Computing Declarative Prosodic Morphology,"This paper describes a computational, declarative approach to prosodic
morphology that uses inviolable constraints to denote small finite candidate
sets which are filtered by a restrictive incremental optimization mechanism.
The new approach is illustrated with an implemented fragment of Modern Hebrew
verbs couched in MicroCUF, an expressive constraint logic formalism. For
generation and parsing of word forms, I propose a novel off-line technique to
eliminate run-time optimization. It produces a finite-state oracle that
efficiently restricts the constraint interpreter's search space. As a
byproduct, unknown words can be analyzed without special mechanisms. Unlike
pure finite-state transducer approaches, this hybrid setup allows for more
expressivity in constraints to specify e.g. token identity for reduplication or
arithmetic constraints for phonetics.",MicroCUF - 1.50,parsing - 0.00; Ċ - 0.00; prosodicĊmorphology - 3.02,MicroCUF - parsing - 3.06,"{'CumulativeMethodScore': 0.5090362998521016, 'CumulativeTaskScore': 0.6639019149918631, 'CumulativeMethodTaskPairScore': 0.4671597527525208}"
Empirically Evaluating an Adaptable Spoken Dialogue System,"Recent technological advances have made it possible to build real-time,
interactive spoken dialogue systems for a wide variety of applications.
However, when users do not respect the limitations of such systems, performance
typically degrades. Although users differ with respect to their knowledge of
system limitations, and although different dialogue strategies make system
limitations more apparent to users, most current systems do not try to improve
performance by adapting dialogue behavior to individual users. This paper
presents an empirical evaluation of TOOT, an adaptable spoken dialogue system
for retrieving train schedules on the web. We conduct an experiment in which 20
users carry out 4 tasks with both adaptable and non-adaptable versions of TOOT,
resulting in a corpus of 80 dialogues. The values for a wide range of
evaluation measures are then extracted from this corpus. Our results show that
adaptable TOOT generally outperforms non-adaptable TOOT, and that the utility
of adaptation depends on TOOT's initial dialogue strategies.",TOOT - 9.67,retrieving train schedules - 4.86,TOOT - retrieving train schedules - 14.52,"{'CumulativeMethodScore': 0.8542447473286454, 'CumulativeTaskScore': 0.7741501643286253, 'CumulativeMethodTaskPairScore': 0.5670180045216652}"
Temporal Meaning Representations in a Natural Language Front-End,"Previous work in the context of natural language querying of temporal
databases has established a method to map automatically from a large subset of
English time-related questions to suitable expressions of a temporal logic-like
language, called TOP. An algorithm to translate from TOP to the TSQL2 temporal
database language has also been defined. This paper shows how TOP expressions
could be translated into a simpler logic-like language, called BOT. BOT is very
close to traditional first-order predicate logic (FOPL), and hence existing
methods to manipulate FOPL expressions can be exploited to interface to
time-sensitive applications other than TSQL2 databases, maintaining the
existing English-to-TOP mapping.",BOT - 0.54; TOP - 0.22; TSQL2 - 2.58,natural language querying - 0.82,BOT - natural language querying - 2.22,"{'CumulativeMethodScore': 0.6050964495008262, 'CumulativeTaskScore': 0.5048522262033599, 'CumulativeMethodTaskPairScore': 0.45978153862857496}"
A Real World Implementation of Answer Extraction,"In this paper we describe ExtrAns, an answer extraction system. Answer
extraction (AE) aims at retrieving those exact passages of a document that
directly answer a given user question. AE is more ambitious than information
retrieval and information extraction in that the retrieval results are phrases,
not entire documents, and in that the queries may be arbitrarily specific. It
is less ambitious than full-fledged question answering in that the answers are
not generated from a knowledge base but looked up in the text of documents. The
current version of ExtrAns is able to parse unedited Unix ""man pages"", and
derive the logical form of their sentences. User queries are also translated
into logical forms. A theorem prover then retrieves the relevant phrases, which
are presented through selective highlighting in their context.",ExtrAns - 2.16,AE - 0.28; AnswerĊextraction - 2.14; informationĊretrieval - 3.06; answer extraction - 0.25; question answering - 0.00,ExtrAns - AE - 7.98,"{'CumulativeMethodScore': 0.5438927819671322, 'CumulativeTaskScore': 0.8163681722340589, 'CumulativeMethodTaskPairScore': 0.5101765251845409}"
Exploiting Syntactic Structure for Natural Language Modeling,"The thesis presents an attempt at using the syntactic structure in natural
language for improved language models for speech recognition. The structured
language model merges techniques in automatic parsing and language modeling
using an original probabilistic parameterization of a shift-reduce parser. A
maximum likelihood reestimation procedure belonging to the class of
expectation-maximization algorithms is employed for training the model.
Experiments on the Wall Street Journal, Switchboard and Broadcast News corpora
show improvement in both perplexity and word error rate - word lattice
rescoring - over the standard 3-gram language model. The significance of the
thesis lies in presenting an original approach to language modeling that uses
the hierarchical - syntactic - structure in natural language to improve on
current 3-gram modeling techniques for large vocabulary speech recognition.",3 - 0.00; 3-gram - 0.00,speech recognition - 0.00,3 - speech recognition - 0.00; 3-gram - speech recognition - 0.00,"{'CumulativeMethodScore': 0.4296812362270805, 'CumulativeTaskScore': 0.44375447054421435, 'CumulativeMethodTaskPairScore': 0.44057098020059116}"
Structured Language Modeling for Speech Recognition,"A new language model for speech recognition is presented. The model develops
hidden hierarchical syntactic-like structure incrementally and uses it to
extract meaningful information from the word history, thus complementing the
locality of currently used trigram models. The structured language model (SLM)
and its performance in a two-pass speech recognizer --- lattice decoding ---
are presented. Experiments on the WSJ corpus show an improvement in both
perplexity (PPL) and word error rate (WER) over conventional trigram models.",SLM - 0.52; structured language model - 1.08,Speech Recognition - 0.00; speech recognition - 0.00,SLM - speech recognition - 1.64; structured language model - speech recognition - 1.64,"{'CumulativeMethodScore': 0.5138780468184164, 'CumulativeTaskScore': 0.44375447054421435, 'CumulativeMethodTaskPairScore': 0.4690384420294124}"
Looking at discourse in a corpus: The role of lexical cohesion,"This paper is aimed at reporting on the development and application of a
computer model for discourse analysis through segmentation. Segmentation refers
to the principled division of texts into contiguous constituents. Other studies
have looked at the application of a number of models to the analysis of
discourse by computer. The segmentation procedure developed for the present
investigation is called LSM ('Link Set Median'). It was applied to three corpus
of 300 texts from three different genres. The results obtained by application
of the LSM procedure on the corpus were then compared to segmentation carried
out at random. Statistical analyses suggested that LSM significantly
outperformed random segmentation, thus indicating that the segmentation was
meaningful.",Link Set Median - 3.68; LSM - 1.46,segmentation - 0.00; Segmentation - 0.00,LSM - segmentation - 3.44; LSM - Segmentation - 2.72,"{'CumulativeMethodScore': 0.6916419210419623, 'CumulativeTaskScore': 0.44375456802880403, 'CumulativeMethodTaskPairScore': 0.4942363964966745}"
"On the Scalability of the Answer Extraction System ""ExtrAns""","This paper reports on the scalability of the answer extraction system
ExtrAns. An answer extraction system locates the exact phrases in the documents
that contain the explicit answers to the user queries. Answer extraction
systems are therefore more convenient than document retrieval systems in
situations where the user wants to find specific information in limited time.
  ExtrAns performs answer extraction over UNIX manpages. It has been
constructed by combining available linguistic resources and implementing only a
few modules from scratch. A resolution procedure between the minimal logical
form of the user query and the minimal logical forms of the manpage sentences
finds the answers to the queries. These answers are displayed to the user,
together with pointers to the respective manpages, and the exact phrases that
contribute to the answer are highlighted.
  This paper shows that the increase in response times is not a big issue when
scaling the system up from 30 to 500 documents, and that the response times for
500 documents are still acceptable for a real-time answer extraction system.",ĊExtrAns - 2.59; Ċ ExtrAns - 2.23,answer extraction - 0.31; Answer extraction - 0.50,ĊExtrAns - answer extraction - 5.78; Ċ ExtrAns - answer extraction - 5.12,"{'CumulativeMethodScore': 0.6767640986186284, 'CumulativeTaskScore': 0.5037069300925882, 'CumulativeMethodTaskPairScore': 0.5356120320152156}"
Trainable Methods for Surface Natural Language Generation,"We present three systems for surface natural language generation that are
trainable from annotated corpora. The first two systems, called NLG1 and NLG2,
require a corpus marked only with domain-specific semantic attributes, while
the last system, called NLG3, requires a corpus marked with both semantic
attributes and syntactic dependency information. All systems attempt to produce
a grammatical natural language phrase from a domain-specific semantic
representation. NLG1 serves a baseline system and uses phrase frequencies to
generate a whole phrase in one step, while NLG2 and NLG3 use maximum entropy
probability models to individually generate each word in the phrase. The
systems NLG2 and NLG3 learn to determine both the word choice and the word
order of the phrase. We present experiments in which we generate phrases to
describe flights in the air travel domain.",NLG2 - 0.00; NLG1 - 0.00; NLG3 - 0.00,surface natural language generation - 0.00,NLG2 - surface natural language generation - 0.00; NLG1 - surface natural language generation - 0.00; NLG3 - surface natural language generation - 0.00,"{'CumulativeMethodScore': 0.4296809076804205, 'CumulativeTaskScore': 0.44375447054421435, 'CumulativeMethodTaskPairScore': 0.440570890551996}"
Aspects of Pattern-Matching in Data-Oriented Parsing,"Data-Oriented Parsing (dop) ranks among the best parsing schemes, pairing
state-of-the art parsing accuracy to the psycholinguistic insight that larger
chunks of syntactic structures are relevant grammatical and probabilistic
units. Parsing with the dop-model, however, seems to involve a lot of CPU
cycles and a considerable amount of double work, brought on by the concept of
multiple derivations, which is necessary for probabilistic processing, but
which is not convincingly related to a proper linguistic backbone. It is
however possible to re-interpret the dop-model as a pattern-matching model,
which tries to maximize the size of the substructures that construct the parse,
rather than the probability of the parse. By emphasizing this memory-based
aspect of the dop-model, it is possible to do away with multiple derivations,
opening up possibilities for efficient Viterbi-style optimizations, while still
retaining acceptable parsing accuracy through enhanced context-sensitivity.",Data-Oriented Parsing - 0.00; dop - 0.25,parsing - 0.00,Data-Oriented Parsing - parsing - 0.00; dop - parsing - 0.98,"{'CumulativeMethodScore': 0.4428220518195979, 'CumulativeTaskScore': 0.4437546425059218, 'CumulativeMethodTaskPairScore': 0.4490252806115769}"
Selectional Restrictions in HPSG,"Selectional restrictions are semantic sortal constraints imposed on the
participants of linguistic constructions to capture contextually-dependent
constraints on interpretation. Despite their limitations, selectional
restrictions have proven very useful in natural language applications, where
they have been used frequently in word sense disambiguation, syntactic
disambiguation, and anaphora resolution. Given their practical value, we
explore two methods to incorporate selectional restrictions in the HPSG theory,
assuming that the reader is familiar with HPSG. The first method employs HPSG's
Background feature and a constraint-satisfaction component pipe-lined after the
parser. The second method uses subsorts of referential indices, and blocks
readings that violate selectional restrictions during parsing. While
theoretically less satisfactory, we have found the second method particularly
useful in the development of practical systems.",HPSG - 0.00,word sense disambiguation - 0.00; anaphora resolution - 0.00; syntacticĊdisambiguation - 1.44,HPSG - word sense disambiguation - 0.00; HPSG - anaphora resolution - 0.00; HPSG - syntacticĊdisambiguation - 3.05,"{'CumulativeMethodScore': 0.429681169589864, 'CumulativeTaskScore': 0.5511126297462995, 'CumulativeMethodTaskPairScore': 0.4669931017927036}"
Bunsetsu Identification Using Category-Exclusive Rules,"This paper describes two new bunsetsu identification methods using supervised
learning. Since Japanese syntactic analysis is usually done after bunsetsu
identification, bunsetsu identification is important for analyzing Japanese
sentences. In experiments comparing the four previously available
machine-learning methods (decision tree, maximum-entropy method, example-based
approach and decision list) and two new methods using category-exclusive rules,
the new method using the category-exclusive rules with the highest similarity
performed best.",decision list - 0.00; maximum-entropy - 4.66; decision tree - 0.41,bunsetsu - 1.76; B - 0.00; b - 0.20,decision list - bunsetsu - 4.65; maximum-entropy - bunsetsu - 12.54; maximum-entropy - b - 13.25; decision tree - bunsetsu - 5.36; decision tree - b - 2.34,"{'CumulativeMethodScore': 0.6882357609509652, 'CumulativeTaskScore': 0.589412776028158, 'CumulativeMethodTaskPairScore': 0.7496237188022677}"
Japanese Probabilistic Information Retrieval Using Location and Category Information,"Robertson's 2-poisson information retrieve model does not use location and
category information. We constructed a framework using location and category
information in a 2-poisson model. We submitted two systems based on this
framework to the IREX contest, Japanese language information retrieval contest
held in Japan in 1999. For precision in the A-judgement measure they scored
0.4926 and 0.4827, the highest values among the 15 teams and 22 systems that
participated in the IREX contest. We describe our systems and the comparative
experiments done when various parameters were changed. These experiments
confirmed the effectiveness of using location and category information.",2-poisson - 5.04,IREX retrieval - 4.57; Probabilistic Information Retrieval - 2.12,2-poisson - IREX retrieval - 17.47,"{'CumulativeMethodScore': 0.6868640416490992, 'CumulativeTaskScore': 0.8559734645384711, 'CumulativeMethodTaskPairScore': 0.5921542636028483}"
Microplanning with Communicative Intentions: The SPUD System,"The process of microplanning encompasses a range of problems in Natural
Language Generation (NLG), such as referring expression generation, lexical
choice, and aggregation, problems in which a generator must bridge underlying
domain-specific representations and general linguistic representations. In this
paper, we describe a uniform approach to microplanning based on declarative
representations of a generator's communicative intent. These representations
describe the results of NLG: communicative intent associates the concrete
linguistic structure planned by the generator with inferences that show how the
meaning of that structure communicates needed information about some
application domain in the current discourse context. Our approach, implemented
in the SPUD (sentence planning using description) microplanner, uses the
lexicalized tree-adjoining grammar formalism (LTAG) to connect structure to
meaning and uses modal logic programming to connect meaning to context. At the
same time, communicative intent representations provide a resource for the
process of NLG. Using representations of communicative intent, a generator can
augment the syntax, semantics and pragmatics of an incomplete sentence
simultaneously, and can assess its progress on the various problems of
microplanning incrementally. The declarative formulation of communicative
intent translates into a well-defined methodology for designing grammatical and
conceptual resources which the generator can use to achieve desired
microplanning behavior in a specified domain.",sentence planning using description - 1.63; LTAGG - 0.86; SPUD - 0.00; tree-adjoining grammar - 1.09,microplanning - 1.06; NLG - 0.00; referring expression generation - 0.18; NaturalĊLanguage Generation - 0.75; lexicalĊchoice - 0.68; and - 0.00; aggregation - 0.08,LTAGG - microplanning - 12.18; LTAGG - NLG - 6.93; SPUD - referring expression generation - 1.04; SPUD - and - 0.00; SPUD - aggregation - 0.62; SPUD - microplanning - 5.72; SPUD - NLG - 0.00; tree-adjoining grammar - referring expression generation - 4.90; tree-adjoining grammar - and - 5.19; tree-adjoining grammar - aggregation - 5.60; tree-adjoining grammar - microplanning - 7.93; tree-adjoining grammar - NLG - 4.58; sentence planning using description - referring expression generation - 7.33; sentence planning using description - and - 8.24; sentence planning using description - aggregation - 8.71; sentence planning using description - microplanning - 10.38; sentence planning using description - NLG - 7.22,"{'CumulativeMethodScore': 0.6168895142189667, 'CumulativeTaskScore': 0.6453775282877794, 'CumulativeMethodTaskPairScore': 0.958554307249208}"
Part-of-Speech Tagging with Two Sequential Transducers,"We present a method of constructing and using a cascade consisting of a left-
and a right-sequential finite-state transducer (FST), T1 and T2, for
part-of-speech (POS) disambiguation. Compared to an HMM, this FST cascade has
the advantage of significantly higher processing speed, but at the cost of
slightly lower accuracy. Applications such as Information Retrieval, where the
speed can be more important than accuracy, could benefit from this approach.
  In the process of tagging, we first assign every word a unique ambiguity
class c_i that can be looked up in a lexicon encoded by a sequential FST. Every
c_i is denoted by a single symbol, e.g. [ADJ_NOUN], although it represents a
set of alternative tags that a given word can occur with. The sequence of the
c_i of all words of one sentence is the input to our FST cascade. It is mapped
by T1, from left to right, to a sequence of reduced ambiguity classes r_i.
Every r_i is denoted by a single symbol, although it represents a set of
alternative tags. Intuitively, T1 eliminates the less likely tags from c_i,
thus creating r_i. Finally, T2 maps the sequence of r_i, from right to left, to
a sequence of single POS tags t_i. Intuitively, T2 selects the most likely t_i
from every r_i.
  The probabilities of all t_i, r_i, and c_i are used only at compile time, not
at run time. They do not (directly) occur in the FSTs, but are ""implicitly
contained"" in their structure.",T1 - 0.77; T2 POS - 1.70; T2 - 0.61; HMM - 0.00,Part-of-Speech Tagging - 0.00; Ċpart-of-speech (POS) disambiguation - 2.22; Information Retrieval - 0.00,T1 - Information Retrieval - 4.79; T2 - Information Retrieval - 3.78; HMM - Information Retrieval - 0.00,"{'CumulativeMethodScore': 0.5916690584019668, 'CumulativeTaskScore': 0.6085412672068002, 'CumulativeMethodTaskPairScore': 0.515276625799117}"
Combining semantic and syntactic structure for language modeling,"Structured language models for speech recognition have been shown to remedy
the weaknesses of n-gram models. All current structured language models are,
however, limited in that they do not take into account dependencies between
non-headwords. We show that non-headword dependencies contribute to
significantly improved word error rate, and that a data-oriented parsing model
trained on semantically and syntactically annotated data can exploit these
dependencies. This paper also contains the first DOP model trained by means of
a maximum likelihood reestimation procedure, which solves some of the
theoretical shortcomings of previous DOP models.",DOP - 0.00; D - 0.00,language modeling - 0.00; speech recognition - 0.00,DOP - speech recognition - 0.00; D - speech recognition - 0.00,"{'CumulativeMethodScore': 0.42968098895391627, 'CumulativeTaskScore': 0.4437547683612104, 'CumulativeMethodTaskPairScore': 0.4405709248069154}"
Part of Speech Tagging in Thai Language Using Support Vector Machine,"The elastic-input neuro tagger and hybrid tagger, combined with a neural
network and Brill's error-driven learning, have already been proposed for the
purpose of constructing a practical tagger using as little training data as
possible. When a small Thai corpus is used for training, these taggers have
tagging accuracies of 94.4% and 95.5% (accounting only for the ambiguous words
in terms of the part of speech), respectively. In this study, in order to
construct more accurate taggers we developed new tagging methods using three
machine learning methods: the decision-list, maximum entropy, and support
vector machine methods. We then performed tagging experiments by using these
methods. Our results showed that the support vector machine method has the best
precision (96.1%), and that it is capable of improving the accuracy of tagging
in the Thai language. Finally, we theoretically examined all these methods and
discussed how the improvements were achived.",decision-list - 1.35,Part of Speech Tagging - 3.09; Ċtagging - 1.31; tagging - 0.00,decision-list - tagging - 3.49,"{'CumulativeMethodScore': 0.5007594744766694, 'CumulativeTaskScore': 0.7494230382504482, 'CumulativeMethodTaskPairScore': 0.47084738140807475}"
Computational Phonology,"Phonology, as it is practiced, is deeply computational. Phonological analysis
is data-intensive and the resulting models are nothing other than specialized
data structures and algorithms. In the past, phonological computation -
managing data and developing analyses - was done manually with pencil and
paper. Increasingly, with the proliferation of affordable computers, IPA fonts
and drawing software, phonologists are seeking to move their computation work
online. Computational Phonology provides the theoretical and technological
framework for this migration, building on methodologies and tools from
computational linguistics. This piece consists of an apology for computational
phonology, a history, and an overview of current research.",Computational PhonologyĊ - 6.15,Phonology - 7.61,Computational PhonologyĊ - Phonology - 13.76,"{'CumulativeMethodScore': 0.7352202617102483, 'CumulativeTaskScore': 0.8867716786691588, 'CumulativeMethodTaskPairScore': 0.5604044104355106}"
An Approach for Resource Sharing in Multilingual NLP,"In this paper we describe an approach for the analysis of documents in German
and English with a shared pool of resources. For the analysis of German
documents we use a document suite, which supports the user in tasks like
information retrieval and information extraction. The core of the document
suite is based on our tool XDOC. Now we want to exploit these methods for the
analysis of English documents as well. For this aim we need a multilingual
presentation format of the resources. These resources must be transformed into
an unified format, in which we can set additional information about linguistic
characteristics of the language depending on the analyzed documents. In this
paper we describe our approach for such an exchange model for multilingual
resources based on XML.",XDOC - 7.04,information extraction - 0.00; information retrieval - 0.00,XDOC - information extraction - 10.79; XDOC - information retrieval - 10.42,"{'CumulativeMethodScore': 0.7705825761700982, 'CumulativeTaskScore': 0.44375447054421435, 'CumulativeMethodTaskPairScore': 0.6232853628459489}"
A Public Reference Implementation of the RAP Anaphora Resolution Algorithm,"This paper describes a standalone, publicly-available implementation of the
Resolution of Anaphora Procedure (RAP) given by Lappin and Leass (1994). The
RAP algorithm resolves third person pronouns, lexical anaphors, and identifies
pleonastic pronouns. Our implementation, JavaRAP, fills a current need in
anaphora resolution research by providing a reference implementation that can
be benchmarked against current algorithms. The implementation uses the
standard, publicly available Charniak (2000) parser as input, and generates a
list of anaphora-antecedent pairs as output. Alternately, an in-place
annotation or substitution of the anaphors with their antecedents can be
produced. Evaluation on the MUC-6 co-reference task shows that JavaRAP has an
accuracy of 57.9%, similar to the performance given previously in the
literature (e.g., Preiss 2002).",( - 0.00; RAP - 0.00; ĊRAP - 0.44; JavaRAP - 0.00; RAP Anaphora Resolution - 0.00,ĊResolution of Anaphora Procedure - 2.71; Ċanaphora resolution - 1.22; co-reference - 0.00,( - co-reference - 0.00,"{'CumulativeMethodScore': 0.4527310320916245, 'CumulativeTaskScore': 0.7219583135325511, 'CumulativeMethodTaskPairScore': 0.440570890551996}"
Unsupervised Topic Adaptation for Lecture Speech Retrieval,"We are developing a cross-media information retrieval system, in which users
can view specific segments of lecture videos by submitting text queries. To
produce a text index, the audio track is extracted from a lecture video and a
transcription is generated by automatic speech recognition. In this paper, to
improve the quality of our retrieval system, we extensively investigate the
effects of adapting acoustic and language models on speech recognition. We
perform an MLLR-based method to adapt an acoustic model. To obtain a corpus for
language model adaptation, we use the textbook for a target lecture to search a
Web collection for the pages associated with the lecture topic. We show the
effectiveness of our method by means of experiments.",MLLR - 0.90,automatic speech recognition - 0.00; speech recognition - 0.00,MLLR - automatic speech recognition - 1.23; MLLR - speech recognition - 1.49,"{'CumulativeMethodScore': 0.4772000135393855, 'CumulativeTaskScore': 0.44375447054421435, 'CumulativeMethodTaskPairScore': 0.4640959544475065}"
"An Anthological Review of Research Utilizing MontyLingua, a Python-Based End-to-End Text Processor","MontyLingua, an integral part of ConceptNet which is currently the largest
commonsense knowledge base, is an English text processor developed using Python
programming language in MIT Media Lab. The main feature of MontyLingua is the
coverage for all aspects of English text processing from raw input text to
semantic meanings and summary generation, yet each component in MontyLingua is
loosely-coupled to each other at the architectural and code level, which
enabled individual components to be used independently or substituted. However,
there has been no review exploring the role of MontyLingua in recent research
work utilizing it. This paper aims to review the use of and roles played by
MontyLingua and its components in research work published in 19 articles
between October 2004 and August 2006. We had observed a diversified use of
MontyLingua in many different areas, both generic and domain-specific. Although
the use of text summarizing component had not been observe, we are optimistic
that it will have a crucial role in managing the current trend of information
overload in future research.",ĊMontyLingua - 4.48; MontyLingua - 3.27,text summarizing - 0.24,ĊMontyLingua - text summarizing - 7.59,"{'CumulativeMethodScore': 0.7961060002588369, 'CumulativeTaskScore': 0.4612718617938877, 'CumulativeMethodTaskPairScore': 0.5066862241424414}"
Framework and Resources for Natural Language Parser Evaluation,"Because of the wide variety of contemporary practices used in the automatic
syntactic parsing of natural languages, it has become necessary to analyze and
evaluate the strengths and weaknesses of different approaches. This research is
all the more necessary because there are currently no genre- and
domain-independent parsers that are able to analyze unrestricted text with 100%
preciseness (I use this term to refer to the correctness of analyses assigned
by a parser). All these factors create a need for methods and resources that
can be used to evaluate and compare parsing systems. This research describes:
(1) A theoretical analysis of current achievements in parsing and parser
evaluation. (2) A framework (called FEPa) that can be used to carry out
practical parser evaluations and comparisons. (3) A set of new evaluation
resources: FiEval is a Finnish treebank under construction, and MGTS and RobSet
are parser evaluation resources in English. (4) The results of experiments in
which the developed evaluation framework and the two resources for English were
used for evaluating a set of selected parsers.",FEPa - 2.52,Ċsyntactic parsing - 2.07; parsing - 0.00; automatic - 0.00,FEPa - parsing - 5.49; FEPa - automatic - 5.17,"{'CumulativeMethodScore': 0.5627358112956042, 'CumulativeTaskScore': 0.5977050707585401, 'CumulativeMethodTaskPairScore': 0.5335549906536902}"
Methods to integrate a language model with semantic information for a word prediction component,"Most current word prediction systems make use of n-gram language models (LM)
to estimate the probability of the following word in a phrase. In the past
years there have been many attempts to enrich such language models with further
syntactic or semantic information. We want to explore the predictive powers of
Latent Semantic Analysis (LSA), a method that has been shown to provide
reliable information on long-distance semantic dependencies between words in a
context. We present and evaluate here several methods that integrate LSA-based
information with a standard language model: a semantic cache, partial
reranking, and different forms of interpolation. We found that all methods show
significant improvements, compared to the 4-gram baseline, and most of them to
a simple cache model as well.",baseline - 0.00,word prediction - 0.00,baseline - word prediction - 0.00,"{'CumulativeMethodScore': 0.4296810343552248, 'CumulativeTaskScore': 0.44375447054421435, 'CumulativeMethodTaskPairScore': 0.4405709115750277}"
A chain dictionary method for Word Sense Disambiguation and applications,"A large class of unsupervised algorithms for Word Sense Disambiguation (WSD)
is that of dictionary-based methods. Various algorithms have as the root Lesk's
algorithm, which exploits the sense definitions in the dictionary directly. Our
approach uses the lexical base WordNet for a new algorithm originated in
Lesk's, namely ""chain algorithm for disambiguation of all words"", CHAD. We show
how translation from a language into another one and also text entailment
verification could be accomplished by this disambiguation.",CHAD - 1.29,translation - 0.00; WSD - 0.00; Word Sense Disambiguation - 0.00; text entailmentĊverification - 3.62,CHAD - translation - 5.49,"{'CumulativeMethodScore': 0.4974225843222626, 'CumulativeTaskScore': 0.7030059245845208, 'CumulativeMethodTaskPairScore': 0.48832980486114735}"
Une grammaire formelle du créole martiniquais pour la génération automatique,"In this article, some first elements of a computational modelling of the
grammar of the Martiniquese French Creole dialect are presented. The sources of
inspiration for the modelling is the functional description given by Damoiseau
(1984), and Pinalie's & Bernabe's (1999) grammar manual. Based on earlier works
in text generation (Vaillant, 1997), a unification grammar formalism, namely
Tree Adjoining Grammars (TAG), and a modelling of lexical functional categories
based on syntactic and semantic properties, are used to implement a grammar of
Martiniquese Creole which is used in a prototype of text generation system. One
of the main applications of the system could be its use as a tool software
supporting the task of learning Creole as a second language. -- Nous
pr\'esenterons dans cette communication les premiers travaux de mod\'elisation
informatique d'une grammaire de la langue cr\'eole martiniquaise, en nous
inspirant des descriptions fonctionnelles de Damoiseau (1984) ainsi que du
manuel de Pinalie & Bernab\'e (1999). Prenant appui sur des travaux
ant\'erieurs en g\'en\'eration de texte (Vaillant, 1997), nous utilisons un
formalisme de grammaires d'unification, les grammaires d'adjonction d'arbres
(TAG d'apr\`es l'acronyme anglais), ainsi qu'une mod\'elisation de cat\'egories
lexicales fonctionnelles \`a base syntaxico-s\'emantique, pour mettre en oeuvre
une grammaire du cr\'eole martiniquais utilisable dans une maquette de
syst\`eme de g\'en\'eration automatique. L'un des int\'er\^ets principaux de ce
syst\`eme pourrait \^etre son utilisation comme logiciel outil pour l'aide \`a
l'apprentissage du cr\'eole en tant que langue seconde.",TAG - 0.00; ĊTree Adjoining Grammars - 4.85,text generation - 0.00,TAG - text generation - 0.00; ĊTree Adjoining Grammars - text generation - 4.85,"{'CumulativeMethodScore': 0.6784120025839268, 'CumulativeTaskScore': 0.44375458208434937, 'CumulativeMethodTaskPairScore': 0.4827704162064651}"
What's in a Message?,"In this paper we present the first step in a larger series of experiments for
the induction of predicate/argument structures. The structures that we are
inducing are very similar to the conceptual structures that are used in Frame
Semantics (such as FrameNet). Those structures are called messages and they
were previously used in the context of a multi-document summarization system of
evolving events. The series of experiments that we are proposing are
essentially composed from two stages. In the first stage we are trying to
extract a representative vocabulary of words. This vocabulary is later used in
the second stage, during which we apply to it various clustering approaches in
order to identify the clusters of predicates and arguments--or frames and
semantic roles, to use the jargon of Frame Semantics. This paper presents in
detail and evaluates the first stage.",FrameNet - 1.82,induction of predicate/argument structuresĊ - 2.64; summarization - 0.00,FrameNet - summarization - 4.68,"{'CumulativeMethodScore': 0.5254870593294034, 'CumulativeTaskScore': 0.6377531611731589, 'CumulativeMethodTaskPairScore': 0.48126673339297077}"
Induction of Word and Phrase Alignments for Automatic Document Summarization,"Current research in automatic single document summarization is dominated by
two effective, yet naive approaches: summarization by sentence extraction, and
headline generation via bag-of-words models. While successful in some tasks,
neither of these models is able to adequately capture the large set of
linguistic devices utilized by humans when they produce summaries. One possible
explanation for the widespread use of these models is that good techniques have
been developed to extract appropriate training data for them from existing
document/abstract and document/headline corpora. We believe that future
progress in automatic summarization will be driven both by the development of
more sophisticated, linguistically informed models, as well as a more effective
leveraging of document/abstract corpora. In order to open the doors to
simultaneously achieving both of these goals, we have developed techniques for
automatically producing word-to-word and phrase-to-phrase alignments between
documents and their human-written abstracts. These alignments make explicit the
correspondences that exist in such document/abstract pairs, and create a
potentially rich data source from which complex summarization algorithms may
learn. This paper describes experiments we have carried out to analyze the
ability of humans to perform such alignments, and based on these analyses, we
describe experiments for creating them automatically. Our model for the
alignment task is based on an extension of the standard hidden Markov model,
and learns to create alignments in a completely unsupervised fashion. We
describe our model in detail and present experimental results that show that
our model is able to learn to reliably identify word- and phrase-level
alignments in a corpus of <document,abstract> pairs.",hidden Markov - 0.00,automatic single document summarization - 1.21; Document Summarization - 0.00; automatic summarization - 0.00; Ċalignment - 1.72; summarization - 0.00,hidden Markov - automatic single document summarization - 2.75; hidden Markov - automatic summarization - 0.00; hidden Markov - summarization - 0.00,"{'CumulativeMethodScore': 0.42968109135249183, 'CumulativeTaskScore': 0.6581094091939921, 'CumulativeMethodTaskPairScore': 0.4644510451868167}"
A Noisy-Channel Model for Document Compression,"We present a document compression system that uses a hierarchical
noisy-channel model of text production. Our compression system first
automatically derives the syntactic structure of each sentence and the overall
discourse structure of the text given as input. The system then uses a
statistical hierarchical model of text production in order to drop
non-important syntactic and discourse constituents so as to generate coherent,
grammatical document compressions of arbitrary length. The system outperforms
both a baseline and a sentence-based compression system that operates by
simplifying sequentially all sentences in a text. Our results support the claim
that discourse knowledge plays an important role in document summarization.",baseline - 0.00,document summarization - 0.00; document compression - 0.48; Document Compression - 0.83,baseline - document summarization - 0.00; baseline - document compression - 1.22,"{'CumulativeMethodScore': 0.4296809538486781, 'CumulativeTaskScore': 0.5414782770178744, 'CumulativeMethodTaskPairScore': 0.4510878836861219}"
Pattern Based Term Extraction Using ACABIT System,"In this paper, we propose a pattern-based term extraction approach for
Japanese, applying ACABIT system originally developed for French. The proposed
approach evaluates termhood using morphological patterns of basic terms and
term variants. After extracting term candidates, ACABIT system filters out
non-terms from the candidates based on log-likelihood. This approach is
suitable for Japanese term extraction because most of Japanese terms are
compound nouns or simple phrasal patterns.",ACABIT extraction - 5.87; ACABIT - 6.47,term extraction - 0.82,ACABIT extraction - term extraction - 9.63; ACABIT - term extraction - 13.13,"{'CumulativeMethodScore': 0.9118566420741714, 'CumulativeTaskScore': 0.5049988482132114, 'CumulativeMethodTaskPairScore': 0.6360448291047801}"
Multiple Retrieval Models and Regression Models for Prior Art Search,"This paper presents the system called PATATRAS (PATent and Article Tracking,
Retrieval and AnalysiS) realized for the IP track of CLEF 2009. Our approach
presents three main characteristics: 1. The usage of multiple retrieval models
(KL, Okapi) and term index definitions (lemma, phrase, concept) for the three
languages considered in the present track (English, French, German) producing
ten different sets of ranked results. 2. The merging of the different results
based on multiple regression models using an additional validation set created
from the patent collection. 3. The exploitation of patent metadata and of the
citation structures for creating restricted initial working sets of patents and
for producing a final re-ranking regression model. As we exploit specific
metadata of the patent documents and the citation relations only at the
creation of initial working sets and during the final post ranking step, our
architecture remains generic and easy to extend.","PATATRAS - 1.96; Okapi - 0.87; PATent and Article Tracking,ĊRetrieval and AnalysiS - 6.59; KL - 0.00",re-ranking - 0.43,"PATATRAS - re-ranking - 8.16; Okapi - re-ranking - 6.63; PATent and Article Tracking,ĊRetrieval and AnalysiS - re-ranking - 9.48; KL - re-ranking - 3.77","{'CumulativeMethodScore': 0.8474826721285155, 'CumulativeTaskScore': 0.4760434809069569, 'CumulativeMethodTaskPairScore': 0.6776378580922456}"
Standards for Language Resources,"This paper presents an abstract data model for linguistic annotations and its
implementation using XML, RDF and related standards; and to outline the work of
a newly formed committee of the International Standards Organization (ISO),
ISO/TC 37/SC 4 Language Resource Management, which will use this work as its
starting point. The primary motive for presenting the latter is to solicit the
participation of members of the research community to contribute to the work of
the committee.",RDFISO/TC 37/SC 4 - 9.54; XML - 0.24,Language Resource Management - 2.08,XML - Language Resource Management - 6.78,"{'CumulativeMethodScore': 0.8571482305096104, 'CumulativeTaskScore': 0.598583429828447, 'CumulativeMethodTaskPairScore': 0.49965286153796795}"
Towards Effective Sentence Simplification for Automatic Processing of Biomedical Text,"The complexity of sentences characteristic to biomedical articles poses a
challenge to natural language parsers, which are typically trained on
large-scale corpora of non-technical text. We propose a text simplification
process, bioSimplify, that seeks to reduce the complexity of sentences in
biomedical abstracts in order to improve the performance of syntactic parsers
on the processed sentences. Syntactic parsing is typically one of the first
steps in a text mining pipeline. Thus, any improvement in performance would
have a ripple effect over all processing steps. We evaluated our method using a
corpus of biomedical sentences annotated with syntactic links. Our empirical
results show an improvement of 2.90% for the Charniak-McClosky parser and of
4.23% for the Link Grammar parser when processing simplified sentences rather
than the original sentences in the corpus.",Link Grammar - 0.00; bioSim - 0.00; Charniak-McClosky - 0.00,Sentence Simplification - 0.00; text simplification - 0.00; Syntactic parsing - 0.00,bioSim - Syntactic parsing - 0.00,"{'CumulativeMethodScore': 0.4296809076804205, 'CumulativeTaskScore': 0.4437546282581649, 'CumulativeMethodTaskPairScore': 0.440570890551996}"
Approximations to the MMI criterion and their effect on lattice-based MMI,"Maximum mutual information (MMI) is a model selection criterion used for
hidden Markov model (HMM) parameter estimation that was developed more than
twenty years ago as a discriminative alternative to the maximum likelihood
criterion for HMM-based speech recognition. It has been shown in the speech
recognition literature that parameter estimation using the current MMI
paradigm, lattice-based MMI, consistently outperforms maximum likelihood
estimation, but this is at the expense of undesirable convergence properties.
In particular, recognition performance is sensitive to the number of times that
the iterative MMI estimation algorithm, extended Baum-Welch, is performed. In
fact, too many iterations of extended Baum-Welch will lead to degraded
performance, despite the fact that the MMI criterion improves at each
iteration. This phenomenon is at variance with the analogous behavior of
maximum likelihood estimation -- at least for the HMMs used in speech
recognition -- and it has previously been attributed to `over fitting'. In this
paper, we present an analysis of lattice-based MMI that demonstrates, first of
all, that the asymptotic behavior of lattice-based MMI is much worse than was
previously understood, i.e. it does not appear to converge at all, and, second
of all, that this is not due to `over fitting'. Instead, we demonstrate that
the `over fitting' phenomenon is the result of standard methodology that
exacerbates the poor behavior of two key approximations in the lattice-based
MMI machinery. We also demonstrate that if we modify the standard methodology
to improve the validity of these approximations, then the convergence
properties of lattice-based MMI become benign without sacrificing improvements
to recognition accuracy.",extended Baum-Welchum - 2.79; ĊMMI - 0.58; lattice-based MMI - 0.76,speechĊrecognitionice-based MMI - 2.17; speechĊrecognition - 0.46; speech recognition - 0.00,lattice-based MMI - speech recognition - 2.60,"{'CumulativeMethodScore': 0.6441899028178022, 'CumulativeTaskScore': 0.6370731058952237, 'CumulativeMethodTaskPairScore': 0.4631464715748238}"
Why has (reasonably accurate) Automatic Speech Recognition been so hard to achieve?,"Hidden Markov models (HMMs) have been successfully applied to automatic
speech recognition for more than 35 years in spite of the fact that a key HMM
assumption -- the statistical independence of frames -- is obviously violated
by speech data. In fact, this data/model mismatch has inspired many attempts to
modify or replace HMMs with alternative models that are better able to take
into account the statistical dependence of frames. However it is fair to say
that in 2010 the HMM is the consensus model of choice for speech recognition
and that HMMs are at the heart of both commercially available products and
contemporary research systems. In this paper we present a preliminary
exploration aimed at understanding how speech data depart from HMMs and what
effect this departure has on the accuracy of HMM-based speech recognition. Our
analysis uses standard diagnostic tools from the field of statistics --
hypothesis testing, simulation and resampling -- which are rarely used in the
field of speech recognition. Our main result, obtained by novel manipulations
of real and resampled data, demonstrates that real data have statistical
dependency and that this dependency is responsible for significant numbers of
recognition errors. We also demonstrate, using simulation and resampling, that
if we `remove' the statistical dependency from data, then the resulting
recognition error rates become negligible. Taken together, these results
suggest that a better understanding of the structure of the statistical
dependency in speech data is a crucial first step towards improving HMM-based
speech recognition.",HMM - 0.00,Ċspeech recognition - 1.15; automaticĊspeech recognition - 1.67; speech recognition - 0.00; Ċ rates - 0.83; Automatic Speech Recognition - 0.00; Ċ - 0.00,HMM - automaticĊspeech recognition - 4.55; HMM - speech recognition - 0.00; HMM - Ċ rates - 3.56; HMM - Ċ - 0.00; HMM - Ċspeech recognition - 3.96,"{'CumulativeMethodScore': 0.4296809076804205, 'CumulativeTaskScore': 0.7049585656490625, 'CumulativeMethodTaskPairScore': 0.5457704174987751}"
Learning Recursive Segments for Discourse Parsing,"Automatically detecting discourse segments is an important preliminary step
towards full discourse parsing. Previous research on discourse segmentation
have relied on the assumption that elementary discourse units (EDUs) in a
document always form a linear sequence (i.e., they can never be nested).
Unfortunately, this assumption turns out to be too strong, for some theories of
discourse like SDRT allows for nested discourse units. In this paper, we
present a simple approach to discourse segmentation that is able to produce
nested EDUs. Our approach builds on standard multi-class classification
techniques combined with a simple repairing heuristic that enforces global
coherence. Our system was developed and evaluated on the first round of
annotations provided by the French Annodis project (an ongoing effort to create
a discourse bank for French). Cross-validated on only 47 documents (1,445
EDUs), our system achieves encouraging performance results with an F-score of
73% for finding EDUs.",SDRT - 0.70,Discourse Parsing - 1.32; discourse segmentation - 0.00,SDRT - discourse segmentation - 1.10,"{'CumulativeMethodScore': 0.4665339280723043, 'CumulativeTaskScore': 0.5427776227686549, 'CumulativeMethodTaskPairScore': 0.45008267342592123}"
Complete Complementary Results Report of the MARF's NLP Approach to the DEFT 2010 Competition,"This companion paper complements the main DEFT'10 article describing the MARF
approach (arXiv:0905.1235) to the DEFT'10 NLP challenge (described at
http://www.groupes.polymtl.ca/taln2010/deft.php in French). This paper is aimed
to present the complete result sets of all the conducted experiments and their
settings in the resulting tables highlighting the approach and the best
results, but also showing the worse and the worst and their subsequent
analysis. This particular work focuses on application of the MARF's classical
and NLP pipelines to identification tasks within various francophone corpora to
identify decades when certain articles were published for the first track
(Piste 1) and place of origin of a publication (Piste 2), such as the journal
and location (France vs. Quebec). This is the sixth iteration of the release of
the results.",MARF - 0.94,DEFT'10 NLP - 6.21; DEFT 2010 - 6.19,MARF - DEFT 2010 - 14.58; MARF - DEFT'10 NLP - 10.16,"{'CumulativeMethodScore': 0.4792582355148244, 'CumulativeTaskScore': 0.9706477428291935, 'CumulativeMethodTaskPairScore': 0.6519314097273632}"
For the sake of simplicity: Unsupervised extraction of lexical simplifications from Wikipedia,"We report on work in progress on extracting lexical simplifications (e.g.,
""collaborate"" -> ""work together""), focusing on utilizing edit histories in
Simple English Wikipedia for this task. We consider two main approaches: (1)
deriving simplification probabilities via an edit model that accounts for a
mixture of different operations, and (2) using metadata to focus on edits that
are more likely to be simplification operations. We find our methods to
outperform a reasonable baseline and yield many high-quality lexical
simplifications not included in an independently-created manually prepared
list.",baseline - 0.00,extracting lexical simplifications - 0.00,baseline - extracting lexical simplifications - 0.00,"{'CumulativeMethodScore': 0.4296809613595952, 'CumulativeTaskScore': 0.44375447054421435, 'CumulativeMethodTaskPairScore': 0.44057089946062644}"
Learning Taxonomy for Text Segmentation by Formal Concept Analysis,"In this paper the problems of deriving a taxonomy from a text and
concept-oriented text segmentation are approached. Formal Concept Analysis
(FCA) method is applied to solve both of these linguistic problems. The
proposed segmentation method offers a conceptual view for text segmentation,
using a context-driven clustering of sentences. The Concept-oriented Clustering
Segmentation algorithm (COCS) is based on k-means linear clustering of the
sentences. Experimental results obtained using COCS algorithm are presented.",Concept-oriented ClusteringĊSegmentation - 1.87; COCS - 0.19,text segmentation - 0.00; text segmentationA - 0.57; deriving a taxonomy-oriented - 1.17; Text Segmentation - 0.00,Concept-oriented ClusteringĊSegmentation - text segmentation - 4.78; COCS - text segmentationA - 3.34; COCS - deriving a taxonomy-oriented - 3.83; COCS - text segmentation - 0.96,"{'CumulativeMethodScore': 0.5384009661828144, 'CumulativeTaskScore': 0.5730708233447458, 'CumulativeMethodTaskPairScore': 0.5530440407175687}"
"Image Compression with Iterated Function Systems, Finite Automata and Zerotrees: Grand Unification","Fractal image compression, Culik's image compression and zerotree prediction
coding of wavelet image decomposition coefficients succeed only because typical
images being compressed possess a significant degree of self-similarity.
Besides the common concept, these methods turn out to be even more tightly
related, to the point of algorithmical reducibility of one technique to
another. The goal of the present paper is to demonstrate these relations.
  The paper offers a plain-term interpretation of Culik's image compression, in
regular image processing terms, without resorting to finite state machines and
similar lofty language. The interpretation is shown to be algorithmically
related to an IFS fractal image compression method: an IFS can be exactly
transformed into Culik's image code. Using this transformation, we will prove
that in a self-similar (part of an) image any zero wavelet coefficient is the
root of a zerotree, or its branch.
  The paper discusses the zerotree coding of (wavelet/projection) coefficients
as a common predictor/corrector, applied vertically through different layers of
a multiresolutional decomposition, rather than within the same view. This
interpretation leads to an insight into the evolution of image compression
techniques: from a causal single-layer prediction, to non-causal same-view
predictions (wavelet decomposition among others) and to a causal cross-layer
prediction (zero-trees, Culik's method).",I-trees - 2.64; zerotree prediction - 1.15,Fractal image compression - 2.35,I-trees - Fractal image compression - 8.48,"{'CumulativeMethodScore': 0.6273697331428463, 'CumulativeTaskScore': 0.6173139225670083, 'CumulativeMethodTaskPairScore': 0.5144657024699403}"
Gradient Vector Flow Models for Boundary Extraction in 2D Images,"The Gradient Vector Flow (GVF) is a vector diffusion approach based on
Partial Differential Equations (PDEs). This method has been applied together
with snake models for boundary extraction medical images segmentation. The key
idea is to use a diffusion-reaction PDE to generate a new external force field
that makes snake models less sensitivity to initialization as well as improves
the snake's ability to move into boundary concavities. In this paper, we
firstly review basic results about convergence and numerical analysis of usual
GVF schemes. We point out that GVF presents numerical problems due to
discontinuities image intensity. This point is considered from a practical
viewpoint from which the GVF parameters must follow a relationship in order to
improve numerical convergence. Besides, we present an analytical analysis of
the GVF dependency from the parameters values. Also, we observe that the method
can be used for multiply connected domains by just imposing the suitable
boundary condition. In the experimental results we verify these theoretical
points and demonstrate the utility of GVF on a segmentation approach that we
have developed based on snakes.",G - 0.00; snakes - 0.24; Gradient Vector Flow - 0.68; GVF - 0.87,segmentation - 0.00,G - segmentation - 0.00; snakes - segmentation - 0.81; Gradient Vector Flow - segmentation - 1.27; GVF - segmentation - 2.10,"{'CumulativeMethodScore': 0.5242140024984299, 'CumulativeTaskScore': 0.4437545466389469, 'CumulativeMethodTaskPairScore': 0.47685504671090173}"
"The Perceptron Algorithm: Image and Signal Decomposition, Compression, and Analysis by Iterative Gaussian Blurring","A novel algorithm for tunable compression to within the precision of
reproduction targets, or storage, is proposed. The new algorithm is termed the
`Perceptron Algorithm', which utilises simple existing concepts in a novel way,
has multiple immediate commercial application aspects as well as it opens up a
multitude of fronts in computational science and technology. The aims of this
paper are to present the concepts underlying the algorithm, observations by its
application to some example cases, and the identification of a multitude of
potential areas of applications such as: image compression by orders of
magnitude, signal compression including sound as well, image analysis in a
multilayered detailed analysis, pattern recognition and matching and rapid
database searching (e.g. face recognition), motion analysis, biomedical
applications e.g. in MRI and CAT scan image analysis and compression, as well
as hints on the link of these ideas to the way how biological memory might work
leading to new points of view in neural computation. Commercial applications of
immediate interest are the compression of images at the source (e.g.
photographic equipment, scanners, satellite imaging systems), DVD film
compression, pay-per-view downloads acceleration and many others identified in
the present paper at its conclusion and future work section.",Perceptron Algorithm - 0.64,image compression - 0.21; signal compression - 0.27; pattern recognition and matching - 0.84; motion analysis analysis filmĊcompression - 3.44; face recognition - 0.00,Perceptron Algorithm - image compression - 2.45; Perceptron Algorithm - pattern recognition and matching - 3.55; Perceptron Algorithm - signal compression - 2.64; Perceptron Algorithm - face recognition - 1.95,"{'CumulativeMethodScore': 0.46321136014780656, 'CumulativeTaskScore': 0.7688173002289024, 'CumulativeMethodTaskPairScore': 0.532991853249792}"
Enhancement of Noisy Planar Nuclear Medicine Images using Mean Field Annealing,"Nuclear medicine (NM) images inherently suffer from large amounts of noise
and blur. The purpose of this research is to reduce the noise and blur while
maintaining image integrity for improved diagnosis. The proposed solution is to
increase image quality after the standard pre- and post-processing undertaken
by a gamma camera system. Mean Field Annealing (MFA) is the image processing
technique used in this research. It is a computational iterative technique that
makes use of the Point Spread Function (PSF) and the noise associated with the
NM image. MFA is applied to NM images with the objective of reducing noise
while not compromising edge integrity. Using a sharpening filter as a
post-processing technique (after MFA) yields image enhancement of planar NM
images.",Mean - 0.00,NM - 1.13,Mean - NM - 1.13,"{'CumulativeMethodScore': 0.4296809076804205, 'CumulativeTaskScore': 0.5286352593731679, 'CumulativeMethodTaskPairScore': 0.4503840190207943}"
MI image registration using prior knowledge,"Subtraction of aligned images is a means to assess changes in a wide variety
of clinical applications. In this paper we explore the information theoretical
origin of Mutual Information (MI), which is based on Shannon's entropy.However,
the interpretation of standard MI registration as a communication channel
suggests that MI is too restrictive a criterion. In this paper the concept of
Mutual Information (MI) is extended to (Normalized) Focussed Mutual Information
(FMI) to incorporate prior knowledge to overcome some shortcomings of MI. We
use this to develop new methodologies to successfully address specific
registration problems, the follow-up of dental restorations, cephalometry, and
the monitoring of implants.",FMI - 2.14,cephal - 2.09; follow-up - 1.55; MI - 0.26; Ċregistration - 2.43,FMI - follow-up - 7.18; FMI - Ċregistration - 11.25,"{'CumulativeMethodScore': 0.5428520115776649, 'CumulativeTaskScore': 0.841759582394628, 'CumulativeMethodTaskPairScore': 0.6002317527685904}"
Variational local structure estimation for image super-resolution,"Super-resolution is an important but difficult problem in image/video
processing. If a video sequence or some training set other than the given
low-resolution image is available, this kind of extra information can greatly
aid in the reconstruction of the high-resolution image. The problem is
substantially more difficult with only a single low-resolution image on hand.
The image reconstruction methods designed primarily for denoising is
insufficient for super-resolution problem in the sense that it tends to
oversmooth images with essentially no noise. We propose a new adaptive linear
interpolation method based on variational method and inspired by local linear
embedding (LLE). The experimental result shows that our method avoids the
problem of oversmoothing and preserves image structures well.",LLE - 0.00,super-resolution linearĊembedding - 1.17; Super-resolution - 0.00; image super-resolution - 0.63; denoising - 0.00,LLE - super-resolution linearĊembedding - 2.82; LLE - Super-resolution - 0.00; LLE - denoising - 0.00,"{'CumulativeMethodScore': 0.4296809076804205, 'CumulativeTaskScore': 0.5783782473011361, 'CumulativeMethodTaskPairScore': 0.4650292158554531}"
A Class of LULU Operators on Multi-Dimensional Arrays,"The LULU operators for sequences are extended to multi-dimensional arrays via
the morphological concept of connection in a way which preserves their
essential properties, e.g. they are separators and form a four element fully
ordered semi-group. The power of the operators is demonstrated by deriving a
total variation preserving discrete pulse decomposition of images.",LULU - 9.63,discrete pulse decom - 5.04,LULU - discrete pulse decom - 14.67,"{'CumulativeMethodScore': 0.8532549860755179, 'CumulativeTaskScore': 0.7836829639910156, 'CumulativeMethodTaskPairScore': 0.5682817678271223}"
Wavelet and Curvelet Moments for Image Classification: Application to Aggregate Mixture Grading,"We show the potential for classifying images of mixtures of aggregate, based
themselves on varying, albeit well-defined, sizes and shapes, in order to
provide a far more effective approach compared to the classification of
individual sizes and shapes. While a dominant (additive, stationary) Gaussian
noise component in image data will ensure that wavelet coefficients are of
Gaussian distribution, long tailed distributions (symptomatic, for example, of
extreme values) may well hold in practice for wavelet coefficients. Energy (2nd
order moment) has often been used for image characterization for image
content-based retrieval, and higher order moments may be important also, not
least for capturing long tailed distributional behavior. In this work, we
assess 2nd, 3rd and 4th order moments of multiresolution transform -- wavelet
and curvelet transform -- coefficients as features. As analysis methodology,
taking account of image types, multiresolution transforms, and moments of
coefficients in the scales or bands, we use correspondence analysis as well as
k-nearest neighbors supervised classification.",curve - 0.54,classifying - 0.00; Image Classification - 0.00,curve - classifying - 0.81,"{'CumulativeMethodScore': 0.45778708820408165, 'CumulativeTaskScore': 0.44375447054421435, 'CumulativeMethodTaskPairScore': 0.4475712698382008}"
Sparse Component Analysis (SCA) in Random-valued and Salt and Pepper Noise Removal,"In this paper, we propose a new method for impulse noise removal from images.
It uses the sparsity of images in the Discrete Cosine Transform (DCT) domain.
The zeros in this domain give us the exact mathematical equation to reconstruct
the pixels that are corrupted by random-value impulse noises. The proposed
method can also detect and correct the corrupted pixels. Moreover, in a simpler
case that salt and pepper noise is the brightest and darkest pixels in the
image, we propose a simpler version of our method. In addition to the proposed
method, we suggest a combination of the traditional median filter method with
our method to yield better results when the percentage of the corrupted samples
is high.",median filter - 2.13,impulse noise removal - 5.05,median filter - impulse noise removal - 7.18,"{'CumulativeMethodScore': 0.5421446939619512, 'CumulativeTaskScore': 0.784199077664276, 'CumulativeMethodTaskPairScore': 0.5031516785362795}"
Point-Set Registration: Coherent Point Drift,"Point set registration is a key component in many computer vision tasks. The
goal of point set registration is to assign correspondences between two sets of
points and to recover the transformation that maps one point set to the other.
Multiple factors, including an unknown non-rigid spatial transformation, large
dimensionality of point set, noise and outliers, make the point set
registration a challenging problem. We introduce a probabilistic method, called
the Coherent Point Drift (CPD) algorithm, for both rigid and non-rigid point
set registration. We consider the alignment of two point sets as a probability
density estimation problem. We fit the GMM centroids (representing the first
point set) to the data (the second point set) by maximizing the likelihood. We
force the GMM centroids to move coherently as a group to preserve the
topological structure of the point sets. In the rigid case, we impose the
coherence constraint by re-parametrization of GMM centroid locations with rigid
parameters and derive a closed form solution of the maximization step of the EM
algorithm in arbitrary dimensions. In the non-rigid case, we impose the
coherence constraint by regularizing the displacement field and using the
variational calculus to derive the optimal transformation. We also introduce a
fast algorithm that reduces the method computation complexity to linear. We
test the CPD algorithm for both rigid and non-rigid transformations in the
presence of noise, outliers and missing points, where CPD shows accurate
results and outperforms current state-of-the-art methods.",CPD - 0.77; Coherent Point Drift - 0.46,Point-Set Registration - 1.95; pointĊset registration - 0.73; Point set registration - 1.10; point set registration - 1.10; point setĊregistration - 1.15,Coherent Point Drift - point set registration - 4.75; Coherent Point Drift - Point set registration - 4.72,"{'CumulativeMethodScore': 0.4944540647468888, 'CumulativeTaskScore': 0.8298336448298902, 'CumulativeMethodTaskPairScore': 0.5232389406535615}"
Learning Object Location Predictors with Boosting and Grammar-Guided Feature Extraction,"We present BEAMER: a new spatially exploitative approach to learning object
detectors which shows excellent results when applied to the task of detecting
objects in greyscale aerial imagery in the presence of ambiguous and noisy
data. There are four main contributions used to produce these results. First,
we introduce a grammar-guided feature extraction system, enabling the
exploration of a richer feature space while constraining the features to a
useful subset. This is specified with a rule-based generative grammar crafted
by a human expert. Second, we learn a classifier on this data using a newly
proposed variant of AdaBoost which takes into account the spatially correlated
nature of the data. Third, we perform another round of training to optimize the
method of converting the pixel classifications generated by boosting into a
high quality set of (x, y) locations. Lastly, we carefully define three common
problems in object detection and define two evaluation criteria that are
tightly matched to these problems. Major strengths of this approach are: (1) a
way of randomly searching a broad feature space, (2) its performance when
evaluated on well-matched evaluation criteria, and (3) its use of the location
prediction domain to learn object detectors as well as to generate detections
that perform well on several tasks: object counting, tracking, and target
detection. We demonstrate the efficacy of BEAMER with a comprehensive
experimental evaluation on a challenging data set.",BEAMER - 1.52; AdaBoost - 0.00,detectingĊ - 2.25; tracking - 0.00; object detection - 0.00; targetĊdetection - 2.67; object counting - 0.45,BEAMER - tracking - 5.83; BEAMER - object detection - 4.58; BEAMER - object counting - 6.06; AdaBoost - tracking - 0.00; AdaBoost - object detection - 0.00; AdaBoost - object counting - 1.44,"{'CumulativeMethodScore': 0.5098308094749825, 'CumulativeTaskScore': 0.7999788062949246, 'CumulativeMethodTaskPairScore': 0.5958163648469131}"
Kernel Spectral Curvature Clustering (KSCC),"Multi-manifold modeling is increasingly used in segmentation and data
representation tasks in computer vision and related fields. While the general
problem, modeling data by mixtures of manifolds, is very challenging, several
approaches exist for modeling data by mixtures of affine subspaces (which is
often referred to as hybrid linear modeling). We translate some important
instances of multi-manifold modeling to hybrid linear modeling in embedded
spaces, without explicitly performing the embedding but applying the kernel
trick. The resulting algorithm, Kernel Spectral Curvature Clustering, uses
kernels at two levels - both as an implicit embedding method to linearize
nonflat manifolds and as a principled method to convert a multiway affinity
problem into a spectral clustering one. We demonstrate the effectiveness of the
method by comparing it with other state-of-the-art methods on both synthetic
data and a real-world problem of segmenting multiple motions from two
perspective camera views.",KSCC - 0.89; Kernel Spectral Curvature Clustering - 2.02,segmentationĊ - 1.96; segmenting multiple motions - 2.14,Kernel Spectral Curvature Clustering - segmenting multiple motions - 5.16,"{'CumulativeMethodScore': 0.5827353893787389, 'CumulativeTaskScore': 0.7318483510351227, 'CumulativeMethodTaskPairScore': 0.48547526317248896}"
Motion Segmentation by SCC on the Hopkins 155 Database,"We apply the Spectral Curvature Clustering (SCC) algorithm to a benchmark
database of 155 motion sequences, and show that it outperforms all other
state-of-the-art methods. The average misclassification rate by SCC is 1.41%
for sequences having two motions and 4.85% for three motions.",SCC - 0.96; Spectral Curvature Clustering - 3.03,Motion Segmentation - 1.08,SCC - Motion Segmentation - 5.22,"{'CumulativeMethodScore': 0.6372276821038971, 'CumulativeTaskScore': 0.5248512456751665, 'CumulativeMethodTaskPairScore': 0.4859514606202223}"
An Iterative Shrinkage Approach to Total-Variation Image Restoration,"The problem of restoration of digital images from their degraded measurements
plays a central role in a multitude of practically important applications. A
particularly challenging instance of this problem occurs in the case when the
degradation phenomenon is modeled by an ill-conditioned operator. In such a
case, the presence of noise makes it impossible to recover a valuable
approximation of the image of interest without using some a priori information
about its properties. Such a priori information is essential for image
restoration, rendering it stable and robust to noise. Particularly, if the
original image is known to be a piecewise smooth function, one of the standard
priors used in this case is defined by the Rudin-Osher-Fatemi model, which
results in total variation (TV) based image restoration. The current arsenal of
algorithms for TV-based image restoration is vast. In the present paper, a
different approach to the solution of the problem is proposed based on the
method of iterative shrinkage (aka iterated thresholding). In the proposed
method, the TV-based image restoration is performed through a recursive
application of two simple procedures, viz. linear filtering and soft
thresholding. Therefore, the method can be identified as belonging to the group
of first-order algorithms which are efficient in dealing with images of
relatively large sizes. Another valuable feature of the proposed method
consists in its working directly with the TV functional, rather then with its
smoothed versions. Moreover, the method provides a single solution for both
isotropic and anisotropic definitions of the TV functional, thereby
establishing a useful connection between the two formulae.",iterative shrinkage - 1.33; iterated thresholding - 1.09,image restoration - 0.00,iterative shrinkage - image restoration - 2.06; iterated thresholding - image restoration - 1.89,"{'CumulativeMethodScore': 0.5576707179579804, 'CumulativeTaskScore': 0.44375447054421435, 'CumulativeMethodTaskPairScore': 0.47491991136361617}"
An Optimal Method For Wake Detection In SAR Images Using Radon Transformation Combined With Wavelet Filters,"A new fangled method for ship wake detection in synthetic aperture radar
(SAR) images is explored here. Most of the detection procedure applies the
Radon transform as its properties outfit more than any other transformation for
the detection purpose. But still it holds problems when the transform is
applied to an image with a high level of noise. Here this paper articulates the
combination between the radon transformation and the shrinkage methods which
increase the mode of wake detection process. The latter shrinkage method with
RT maximize the signal to noise ratio hence it leads to most optimal detection
of lines in the SAR images. The originality mainly works on the denoising
segment of the proposed algorithm. Experimental work outs are carried over both
in simulated and real SAR images. The detection process is more adequate with
the proposed method and improves better than the conventional methods.",Ċ - 0.00,Wake - 0.28; synthetic aperture radarĊAR - 9.14; den - 0.25,Ċ - den - 1.35,"{'CumulativeMethodScore': 0.4296809076804205, 'CumulativeTaskScore': 0.9355762420968993, 'CumulativeMethodTaskPairScore': 0.45223783875113066}"
Boosting k-NN for categorization of natural scenes,"The k-nearest neighbors (k-NN) classification rule has proven extremely
successful in countless many computer vision applications. For example, image
categorization often relies on uniform voting among the nearest prototypes in
the space of descriptors. In spite of its good properties, the classic k-NN
rule suffers from high variance when dealing with sparse prototype datasets in
high dimensions. A few techniques have been proposed to improve k-NN
classification, which rely on either deforming the nearest neighborhood
relationship or modifying the input space. In this paper, we propose a novel
boosting algorithm, called UNN (Universal Nearest Neighbors), which induces
leveraged k-NN, thus generalizing the classic k-NN rule. We redefine the voting
rule as a strong classifier that linearly combines predictions from the k
closest prototypes. Weak classifiers are learned by UNN so as to minimize a
surrogate risk. A major feature of UNN is the ability to learn which prototypes
are the most relevant for a given class, thus allowing one for effective data
reduction. Experimental results on the synthetic two-class dataset of Ripley
show that such a filtering strategy is able to reject ""noisy"" prototypes. We
carried out image categorization experiments on a database containing eight
classes of natural scenes. We show that our method outperforms significantly
the classic k-NN classification, while enabling significant reduction of the
computational cost by means of data filtering.",Universal Nearest Neighbors - 1.11; k-NN - 0.00; UNN - 1.54,image categorization - 0.20; image - 0.00; Ċcategorization - 1.28,Universal Nearest Neighbors - image categorization - 3.04; Universal Nearest Neighbors - image - 3.74; k-NN - image categorization - 0.53; k-NN - image - 0.00; k-NN - Ċcategorization - 3.52; UNN - image categorization - 5.12; UNN - image - 7.53; UNN - Ċcategorization - 8.77,"{'CumulativeMethodScore': 0.5691639137575348, 'CumulativeTaskScore': 0.5546133744304117, 'CumulativeMethodTaskPairScore': 0.7089253496620274}"
Gradient Based Seeded Region Grow method for CT Angiographic Image Segmentation,"Segmentation of medical images using seeded region growing technique is
increasingly becoming a popular method because of its ability to involve
high-level knowledge of anatomical structures in seed selection process. Region
based segmentation of medical images are widely used in varied clinical
applications like visualization, bone detection, tumor detection and
unsupervised image retrieval in clinical databases. As medical images are
mostly fuzzy in nature, segmenting regions based intensity is the most
challenging task. In this paper, we discuss about popular seeded region grow
methodology used for segmenting anatomical structures in CT Angiography images.
We have proposed a gradient based homogeneity criteria to control the region
grow process while segmenting CTA images.",seeded region growing - 3.29,segment - 0.00; Segmentation - 0.00; CTiographic Image Segmentation - 11.92,seeded region growing - segment - 10.01; seeded region growing - Segmentation - 7.17,"{'CumulativeMethodScore': 0.6024649107745956, 'CumulativeTaskScore': 0.966215764602885, 'CumulativeMethodTaskPairScore': 0.5896937034998141}"
Nonlinear Filter Based Image Denoising Using AMF Approach,"This paper proposes a new technique based on nonlinear Adaptive Median filter
(AMF) for image restoration. Image denoising is a common procedure in digital
image processing aiming at the removal of noise, which may corrupt an image
during its acquisition or transmission, while retaining its quality. This
procedure is traditionally performed in the spatial or frequency domain by
filtering. The aim of image enhancement is to reconstruct the true image from
the corrupted image. The process of image acquisition frequently leads to
degradation and the quality of the digitized image becomes inferior to the
original image. Filtering is a technique for enhancing the image. Linear filter
is the filtering in which the value of an output pixel is a linear combination
of neighborhood values, which can produce blur in the image. Thus a variety of
smoothing techniques have been developed that are non linear. Median filter is
the one of the most popular non-linear filter. When considering a small
neighborhood it is highly efficient but for large window and in case of high
noise it gives rise to more blurring to image. The Centre Weighted Median (CWM)
filter has got a better average performance over the median filter [8]. However
the original pixel corrupted and noise reduction is substantial under high
noise condition. Hence this technique has also blurring affect on the image. To
illustrate the superiority of the proposed approach by overcoming the existing
problem, the proposed new scheme (AMF) Adaptive Median Filter has been
simulated along with the standard ones and various performance measures have
been compared.",Centre Weighted Median - 1.05; Adaptive Median filter - 0.33; AMF - 0.00; Adaptive Median Filter - 0.00; CWM - 0.25,Image denoising - 0.09; image restoration - 0.00; Image Denoising - 0.34; image enhancement - 0.00,AMF - Image Denoising - 1.73; Adaptive Median Filter - image enhancement - 0.00; Adaptive Median Filter - image restoration - 0.00; Centre Weighted Median - image enhancement - 4.37; Centre Weighted Median - image restoration - 4.44; Centre Weighted Median - Image denoising - 3.92; AMF - image enhancement - 0.00; AMF - image restoration - 0.00; AMF - Image denoising - 0.41; Adaptive Median filter - image enhancement - 1.37; Adaptive Median filter - image restoration - 1.39; Adaptive Median filter - Image denoising - 1.43; CWM - image enhancement - 1.98; CWM - image restoration - 2.05; CWM - Image denoising - 1.91,"{'CumulativeMethodScore': 0.5154273115416755, 'CumulativeTaskScore': 0.4757959378044211, 'CumulativeMethodTaskPairScore': 0.6539788337038606}"
Pattern recognition using inverse resonance filtration,"An approach to textures pattern recognition based on inverse resonance
filtration (IRF) is considered. A set of principal resonance harmonics of
textured image signal fluctuations eigen harmonic decomposition (EHD) is used
for the IRF design. It was shown that EHD is invariant to textured image linear
shift. The recognition of texture is made by transfer of its signal into
unstructured signal which simple statistical parameters can be used for texture
pattern recognition. Anomalous variations of this signal point on foreign
objects. Two methods of 2D EHD parameters estimation are considered with the
account of texture signal breaks presence. The first method is based on the
linear symmetry model that is not sensitive to signal phase jumps. The
condition of characteristic polynomial symmetry provides the model stationarity
and periodicity. Second method is based on the eigenvalues problem of matrices
pencil projection into principal vectors space of singular values decomposition
(SVD) of 2D correlation matrix. Two methods of classification of retrieval from
textured image foreign objects are offered.",inverse resonanceĊfiltrationF - 6.34,classification of retrieval - 3.94,inverse resonanceĊfiltrationF - classification of retrieval - 10.28,"{'CumulativeMethodScore': 0.7431213126513235, 'CumulativeTaskScore': 0.7224387274539577, 'CumulativeMethodTaskPairScore': 0.5302337939500802}"
Land-cover Classification and Mapping for Eastern Himalayan State Sikkim,"Area of classifying satellite imagery has become a challenging task in
current era where there is tremendous growth in settlement i.e. construction of
buildings, roads, bridges, dam etc. This paper suggests an improvised k-means
and Artificial Neural Network (ANN) classifier for land-cover mapping of
Eastern Himalayan state Sikkim. The improvised k-means algorithm shows
satisfactory results compared to existing methods that includes k-Nearest
Neighbor and maximum likelihood classifier. The strength of the Artificial
Neural Network (ANN) classifier lies in the fact that they are fast and have
good recognition rate and it's capability of self-learning compared to other
classification algorithms has made it widely accepted. Classifier based on ANN
shows satisfactory and accurate result in comparison with the classical method.",k-means - 0.00,land-cover mapping - 2.01; Land-cover Classification - 3.78,k-means - land-cover mapping - 2.98,"{'CumulativeMethodScore': 0.4296809076804205, 'CumulativeTaskScore': 0.819271630329811, 'CumulativeMethodTaskPairScore': 0.4664326010516181}"
Recognition of Handwritten Roman Script Using Tesseract Open source OCR Engine,"In the present work, we have used Tesseract 2.01 open source Optical
Character Recognition (OCR) Engine under Apache License 2.0 for recognition of
handwriting samples of lower case Roman script. Handwritten isolated and
free-flow text samples were collected from multiple users. Tesseract is trained
to recognize user-specific handwriting samples of both the categories of
document pages. On a single user model, the system is trained with 1844
isolated handwritten characters and the performance is tested on 1133
characters, taken form the test set. The overall character-level accuracy of
the system is observed as 83.5%. The system fails to segment 5.56% characters
and erroneously classifies 10.94% characters.",Tesseract - 0.00,OpticalĊCharacter Recognition - 5.48; OCR - 0.00,Tesseract - OpticalĊCharacter Recognition - 6.80; Tesseract - OCR - 0.00,"{'CumulativeMethodScore': 0.4296809076804205, 'CumulativeTaskScore': 0.8053774939577537, 'CumulativeMethodTaskPairScore': 0.49984089897195944}"
Development of a Multi-User Recognition Engine for Handwritten Bangla Basic Characters and Digits,"The objective of the paper is to recognize handwritten samples of basic
Bangla characters using Tesseract open source Optical Character Recognition
(OCR) engine under Apache License 2.0. Handwritten data samples containing
isolated Bangla basic characters and digits were collected from different
users. Tesseract is trained with user-specific data samples of document pages
to generate separate user-models representing a unique language-set. Each such
language-set recognizes isolated basic Bangla handwritten test samples
collected from the designated users. On a three user model, the system is
trained with 919, 928 and 648 isolated handwritten character and digit samples
and the performance is tested on 1527, 14116 and 1279 character and digit
samples, collected form the test datasets of the three users respectively. The
user specific character/digit recognition accuracies were obtained as 90.66%,
91.66% and 96.87% respectively. The overall basic character-level and digit
level accuracy of the system is observed as 92.15% and 97.37%. The system fails
to segment 12.33% characters and 15.96% digits and also erroneously classifies
7.85% characters and 2.63% on the overall dataset.",Tesseract - 0.00,Optical Character RecognitionĊ - 5.31; OCR - 0.00,Tesseract - Optical Character RecognitionĊ - 5.31; Tesseract - OCR - 0.00,"{'CumulativeMethodScore': 0.4296809076804205, 'CumulativeTaskScore': 0.7972760396932076, 'CumulativeMethodTaskPairScore': 0.4868082193067468}"
Regularized Richardson-Lucy Algorithm for Sparse Reconstruction of Poissonian Images,"Restoration of digital images from their degraded measurements has always
been a problem of great theoretical and practical importance in numerous
applications of imaging sciences. A specific solution to the problem of image
restoration is generally determined by the nature of degradation phenomenon as
well as by the statistical properties of measurement noises. The present study
is concerned with the case in which the images of interest are corrupted by
convolutional blurs and Poisson noises. To deal with such problems, there
exists a range of solution methods which are based on the principles
originating from the fixed-point algorithm of Richardson and Lucy (RL). In this
paper, we provide conceptual and experimental proof that such methods tend to
converge to sparse solutions, which makes them applicable only to those images
which can be represented by a relatively small number of non-zero samples in
the spatial domain. Unfortunately, the set of such images is relatively small,
which restricts the applicability of RL-type methods. On the other hand,
virtually all practical images admit sparse representations in the domain of a
properly designed linear transform. To take advantage of this fact, it is
therefore tempting to modify the RL algorithm so as to make it recover
representation coefficients, rather than the values of their associated image.
Such modification is introduced in this paper. Apart from the generality of its
assumptions, the proposed method is also superior to many established
reconstruction approaches in terms of estimation accuracy and computational
complexity. This and other conclusions of this study are validated through a
series of numerical experiments.",Richardson - 0.43,imageĊrestoration - 7.44; Restoration - 0.75,Richardson - Restoration - 2.11,"{'CumulativeMethodScore': 0.4520200318154996, 'CumulativeTaskScore': 0.9031293076467617, 'CumulativeMethodTaskPairScore': 0.4588818374386576}"
A New Approach to Lung Image Segmentation using Fuzzy Possibilistic C-Means Algorithm,"Image segmentation is a vital part of image processing. Segmentation has its
application widespread in the field of medical images in order to diagnose
curious diseases. The same medical images can be segmented manually. But the
accuracy of image segmentation using the segmentation algorithms is more when
compared with the manual segmentation. In the field of medical diagnosis an
extensive diversity of imaging techniques is presently available, such as
radiography, computed tomography (CT) and magnetic resonance imaging (MRI).
Medical image segmentation is an essential step for most consequent image
analysis tasks. Although the original FCM algorithm yields good results for
segmenting noise free images, it fails to segment images corrupted by noise,
outliers and other imaging artifact. This paper presents an image segmentation
approach using Modified Fuzzy C-Means (FCM) algorithm and Fuzzy Possibilistic
c-means algorithm (FPCM). This approach is a generalized version of standard
Fuzzy CMeans Clustering (FCM) algorithm. The limitation of the conventional FCM
technique is eliminated in modifying the standard technique. The Modified FCM
algorithm is formulated by modifying the distance measurement of the standard
FCM algorithm to permit the labeling of a pixel to be influenced by other
pixels and to restrain the noise effect during segmentation. Instead of having
one term in the objective function, a second term is included, forcing the
membership to be as high as possible without a maximum limit constraint of one.
Experiments are conducted on real images to investigate the performance of the
proposed modified FCM technique in segmenting the medical images. Standard FCM,
Modified FCM, Fuzzy Possibilistic CMeans algorithm (FPCM) are compared to
explore the accuracy of our proposed approach.",FCM segmentation - 0.17; Modified Fuzzy C-Means - 0.98; Standard FCM FCM - 0.65; Fuzzy CMeans Clustering - 0.68; Modified FCM - 0.41; Fuzzy PossibilisticĊc-means - 0.92; FCM - 0.13; FPCM - 0.16; ĊFCM - 0.17; modified FCM - 0.34; Fuzzy Possibilistic CMeans - 0.89,Lung Segmentation - 0.19; Segmentationation segmentation - 0.50; Image segmentation - 0.04,FCM segmentation - Image segmentation - 2.33; Modified Fuzzy C-Means - Image segmentation - 6.47; Standard FCM FCM - Image segmentation - 5.93; Fuzzy CMeans Clustering - Image segmentation - 4.43; Modified FCM - Image segmentation - 4.76; Fuzzy PossibilisticĊc-means - Image segmentation - 5.39; FCM - Image segmentation - 2.56; FPCM - Image segmentation - 2.55; ĊFCM - Image segmentation - 3.27; modified FCM - Image segmentation - 4.31; Fuzzy Possibilistic CMeans - Image segmentation - 5.52,"{'CumulativeMethodScore': 0.7077028666022674, 'CumulativeTaskScore': 0.49878319923621445, 'CumulativeMethodTaskPairScore': 0.8061344162210776}"
Color Image Compression Based On Wavelet Packet Best Tree,"In Image Compression, the researchers' aim is to reduce the number of bits
required to represent an image by removing the spatial and spectral
redundancies. Recently discrete wavelet transform and wavelet packet has
emerged as popular techniques for image compression. The wavelet transform is
one of the major processing components of image compression. The result of the
compression changes as per the basis and tap of the wavelet used. It is
proposed that proper selection of mother wavelet on the basis of nature of
images, improve the quality as well as compression ratio remarkably. We suggest
the novel technique, which is based on wavelet packet best tree based on
Threshold Entropy with enhanced run-length encoding. This method reduces the
time complexity of wavelet packets decomposition as complete tree is not
decomposed. Our algorithm selects the sub-bands, which include significant
information based on threshold entropy. The enhanced run length encoding
technique is suggested provides better results than RLE. The result when
compared with JPEG-2000 proves to be better.",JPEG-2000 - 2.17; RLE - 1.94; wavelet packet - 1.89,Image Compression - 1.27,JPEG-2000 - Image Compression - 6.45; RLE - Image Compression - 7.28; wavelet packet - Image Compression - 5.72,"{'CumulativeMethodScore': 0.7292867044984631, 'CumulativeTaskScore': 0.5386554112030407, 'CumulativeMethodTaskPairScore': 0.6088056373300887}"
Deblured Gaussian Blurred Images,"This paper attempts to undertake the study of Restored Gaussian Blurred
Images. by using four types of techniques of deblurring image as Wiener filter,
Regularized filter, Lucy Richardson deconvlutin algorithm and Blind
deconvlution algorithm with an information of the Point Spread Function (PSF)
corrupted blurred image with Different values of Size and Alfa and then
corrupted by Gaussian noise. The same is applied to the remote sensing image
and they are compared with one another, So as to choose the base technique for
restored or deblurring image.This paper also attempts to undertake the study of
restored Gaussian blurred image with no any information about the Point Spread
Function (PSF) by using same four techniques after execute the guess of the
PSF, the number of iterations and the weight threshold of it. To choose the
base guesses for restored or deblurring image of this techniques.",Lucy Richardson deconvlutin - 1.55; Wiener filter - 0.47; BlindĊdeconvlution - 2.97; ĊRegularized filter - 0.40,deblurring - 0.00; debl - 1.37,Lucy Richardson deconvlutin - deblurring - 3.70; Lucy Richardson deconvlutin - debl - 7.96; Wiener filter - deblurring - 1.82; Wiener filter - debl - 8.87; BlindĊdeconvlution - deblurring - 8.03; BlindĊdeconvlution - debl - 13.64; ĊRegularized filter - deblurring - 1.47; ĊRegularized filter - debl - 8.01,"{'CumulativeMethodScore': 0.7029888862820193, 'CumulativeTaskScore': 0.5462245570151416, 'CumulativeMethodTaskPairScore': 0.8368325317234344}"
Penalized K-Nearest-Neighbor-Graph Based Metrics for Clustering,"A difficult problem in clustering is how to handle data with a manifold
structure, i.e. data that is not shaped in the form of compact clouds of
points, forming arbitrary shapes or paths embedded in a high-dimensional space.
In this work we introduce the Penalized k-Nearest-Neighbor-Graph (PKNNG) based
metric, a new tool for evaluating distances in such cases. The new metric can
be used in combination with most clustering algorithms. The PKNNG metric is
based on a two-step procedure: first it constructs the k-Nearest-Neighbor-Graph
of the dataset of interest using a low k-value and then it adds edges with an
exponentially penalized weight for connecting the sub-graphs produced by the
first step. We discuss several possible schemes for connecting the different
sub-graphs. We use three artificial datasets in four different embedding
situations to evaluate the behavior of the new metric, including a comparison
among different clustering methods. We also evaluate the new metric in a real
world application, clustering the MNIST digits dataset. In all cases the PKNNG
metric shows promising clustering results.",Penalized k-Nearest-Neighbor-Graph - 2.14; PKNNGbor-Graph - 2.61; PKNNGmetering - 1.38; PKNNG - 0.58,clustering - 0.00; Clustering - 0.00,Penalized k-Nearest-Neighbor-Graph - clustering - 4.78; PKNNGbor-Graph - clustering - 9.98; PKNNGmetering - clustering - 5.96; PKNNG - clustering - 3.60,"{'CumulativeMethodScore': 0.75752995842057, 'CumulativeTaskScore': 0.4437545527228618, 'CumulativeMethodTaskPairScore': 0.6485199792950708}"
Solving Inverse Problems with Piecewise Linear Estimators: From Gaussian Mixture Models to Structured Sparsity,"A general framework for solving image inverse problems is introduced in this
paper. The approach is based on Gaussian mixture models, estimated via a
computationally efficient MAP-EM algorithm. A dual mathematical interpretation
of the proposed framework with structured sparse estimation is described, which
shows that the resulting piecewise linear estimate stabilizes the estimation
when compared to traditional sparse inverse problem techniques. This
interpretation also suggests an effective dictionary motivated initialization
for the MAP-EM algorithm. We demonstrate that in a number of image inverse
problems, including inpainting, zooming, and deblurring, the same algorithm
produces either equal, often significantly better, or very small margin worse
results than the best published ones, at a lower computational cost.",MAP-EM - 1.15,inpainting - 0.00; deblurring - 0.00; zooming - 0.00,MAP-EM - inpainting - 1.92; MAP-EM - deblurring - 2.20; MAP-EM - zooming - 2.43,"{'CumulativeMethodScore': 0.4902926897729776, 'CumulativeTaskScore': 0.44375447054421435, 'CumulativeMethodTaskPairScore': 0.4976243746412336}"
Survey of Nearest Neighbor Techniques,"The nearest neighbor (NN) technique is very simple, highly efficient and
effective in the field of pattern recognition, text categorization, object
recognition etc. Its simplicity is its main advantage, but the disadvantages
can't be ignored even. The memory requirement and computation complexity also
matter. Many techniques are developed to overcome these limitations. NN
techniques are broadly classified into structure less and structure based
techniques. In this paper, we present the survey of such techniques. Weighted
kNN, Model based kNN, Condensed NN, Reduced NN, Generalized NN are structure
less techniques whereas k-d tree, ball tree, Principal Axis Tree, Nearest
Feature Line, Tunable NN, Orthogonal Search Tree are structure based algorithms
developed on the basis of kNN. The structure less method overcome memory
limitation and structure based techniques reduce the computational complexity.",ball tree - 0.00; Orthogonal Search Tree - 0.00; Tunable NN - 0.00; k-d tree - 0.00; Generalized NN - 0.00; Model based kNN - 0.00; Reduced NN - 0.00; Condensed NN - 0.00; Principal Axis Tree - 0.00; WeightedĊkNN - 0.68; NearestĊFeature Line - 0.45,text categorization - 0.00; objectĊrecognition - 0.86,ball tree - text categorization - 0.00; Orthogonal Search Tree - text categorization - 0.00; Tunable NN - text categorization - 0.00; k-d tree - text categorization - 0.00; Generalized NN - text categorization - 0.00; Model based kNN - text categorization - 0.00; Reduced NN - text categorization - 0.00; Condensed NN - text categorization - 0.00; Principal Axis Tree - text categorization - 0.00; WeightedĊkNN - text categorization - 4.48; NearestĊFeature Line - text categorization - 3.13,"{'CumulativeMethodScore': 0.48937819550085176, 'CumulativeTaskScore': 0.5080709663224244, 'CumulativeMethodTaskPairScore': 0.5069192642035425}"
A Parallel Framework for Multilayer Perceptron for Human Face Recognition,"Artificial neural networks have already shown their success in face
recognition and similar complex pattern recognition tasks. However, a major
disadvantage of the technique is that it is extremely slow during training for
larger classes and hence not suitable for real-time complex problems such as
pattern recognition. This is an attempt to develop a parallel framework for the
training algorithm of a perceptron. In this paper, two general architectures
for a Multilayer Perceptron (MLP) have been demonstrated. The first
architecture is All-Class-in-One-Network (ACON) where all the classes are
placed in a single network and the second one is One-Class-in-One-Network
(OCON) where an individual single network is responsible for each and every
class. Capabilities of these two architectures were compared and verified in
solving human face recognition, which is a complex pattern recognition task
where several factors affect the recognition performance like pose variations,
facial expression changes, occlusions, and most importantly illumination
changes. Both the structures were implemented and tested for face recognition
purpose and experimental results show that the OCON structure performs better
than the generally used ACON ones in term of training convergence speed of the
network. Unlike the conventional sequential approach of training the neural
networks, the OCON technique may be implemented by training all the classes of
the face images simultaneously.",ACON - 0.96; OCON - 0.71; One-Class-in-One-NetworkĊ - 2.14; MLP - 0.00; Multilayer Perceptron - 0.00; All-Class-in-One-Network - 2.33,faceĊrecognition - 0.83; face recognition - 0.00; Ċpattern recognition - 0.32; human face recognition - 0.31,ACON - face recognition - 9.47; ACON - human face recognition - 10.00; One-Class-in-One-NetworkĊ - face recognition - 7.26; One-Class-in-One-NetworkĊ - human face recognition - 7.65; All-Class-in-One-Network - face recognition - 7.80; All-Class-in-One-Network - human face recognition - 8.14; OCON - face recognition - 7.06; OCON - human face recognition - 8.09; MLP - face recognition - 0.00; MLP - human face recognition - 3.10; Multilayer Perceptron - face recognition - 0.00; Multilayer Perceptron - human face recognition - 1.44,"{'CumulativeMethodScore': 0.7350442101109607, 'CumulativeTaskScore': 0.5535113081329448, 'CumulativeMethodTaskPairScore': 0.9013790200743979}"
Image Pixel Fusion for Human Face Recognition,"In this paper we present a technique for fusion of optical and thermal face
images based on image pixel fusion approach. Out of several factors, which
affect face recognition performance in case of visual images, illumination
changes are a significant factor that needs to be addressed. Thermal images are
better in handling illumination conditions but not very consistent in capturing
texture details of the faces. Other factors like sunglasses, beard, moustache
etc also play active role in adding complicacies to the recognition process.
Fusion of thermal and visual images is a solution to overcome the drawbacks
present in the individual thermal and visual face images. Here fused images are
projected into an eigenspace and the projected images are classified using a
radial basis function (RBF) neural network and also by a multi-layer perceptron
(MLP). In the experiments Object Tracking and Classification Beyond Visible
Spectrum (OTCBVS) database benchmark for thermal and visual face images have
been used. Comparison of experimental results show that the proposed approach
performs significantly well in recognizing face images with a success rate of
96% and 95.07% for RBF Neural Network and MLP respectively.",MLP - 0.00,Object Tracking and Classification - 3.14,MLP - Object Tracking and Classification - 3.14,"{'CumulativeMethodScore': 0.4296810645376296, 'CumulativeTaskScore': 0.6720014465468754, 'CumulativeMethodTaskPairScore': 0.4678352203015368}"
Registration of Brain Images using Fast Walsh Hadamard Transform,"A lot of image registration techniques have been developed with great
significance for data analysis in medicine, astrophotography, satellite imaging
and few other areas. This work proposes a method for medical image registration
using Fast Walsh Hadamard transform. This algorithm registers images of the
same or different modalities. Each image bit is lengthened in terms of Fast
Walsh Hadamard basis functions. Each basis function is a notion of determining
various aspects of local structure, e.g., horizontal edge, corner, etc. These
coefficients are normalized and used as numerals in a chosen number system
which allows one to form a unique number for each type of local structure. The
experimental results show that Fast Walsh Hadamard transform accomplished
better results than the conventional Walsh transform in the time domain. Also
Fast Walsh Hadamard transform is more reliable in medical image registration
consuming less time.",Fast Walsh Hadamard - 4.52; Fast Walsh Hadamard transform - 4.43,medical registration - 1.56; medical image registration - 0.85,Fast Walsh Hadamard - medical image registration - 10.95; Fast Walsh Hadamard transform - medical image registration - 9.46,"{'CumulativeMethodScore': 0.8342587036089963, 'CumulativeTaskScore': 0.6218442458409796, 'CumulativeMethodTaskPairScore': 0.6168005939481294}"
Multi-environment model estimation for motility analysis of Caenorhabditis Elegans,"The nematode Caenorhabditis elegans is a well-known model organism used to
investigate fundamental questions in biology. Motility assays of this small
roundworm are designed to study the relationships between genes and behavior.
Commonly, motility analysis is used to classify nematode movements and
characterize them quantitatively. Over the past years, C. elegans' motility has
been studied across a wide range of environments, including crawling on
substrates, swimming in fluids, and locomoting through microfluidic substrates.
However, each environment often requires customized image processing tools
relying on heuristic parameter tuning. In the present study, we propose a novel
Multi-Environment Model Estimation (MEME) framework for automated image
segmentation that is versatile across various environments. The MEME platform
is constructed around the concept of Mixture of Gaussian (MOG) models, where
statistical models for both the background environment and the nematode
appearance are explicitly learned and used to accurately segment a target
nematode. Our method is designed to simplify the burden often imposed on users;
here, only a single image which includes a nematode in its environment must be
provided for model learning. In addition, our platform enables the extraction
of nematode `skeletons' for straightforward motility quantification. We test
our algorithm on various locomotive environments and compare performances with
an intensity-based thresholding method. Overall, MEME outperforms the
threshold-based approach for the overwhelming majority of cases examined.
Ultimately, MEME provides researchers with an attractive platform for C.
elegans' segmentation and `skeletonizing' across a wide range of motility
assays.",C.Environment Model Estimation - 3.42; MEME - 0.46; MEMEation - 0.55; Caenorhabditisans - 0.78,Ċsegmentation - 1.29; image - 0.00,C.Environment Model Estimation - image - 5.54; MEME - image - 4.46; MEMEation - image - 3.97; Caenorhabditisans - image - 4.31,"{'CumulativeMethodScore': 0.6949714639020951, 'CumulativeTaskScore': 0.5399706165745009, 'CumulativeMethodTaskPairScore': 0.599030974211095}"
Video Event Recognition for Surveillance Applications (VERSA),"VERSA provides a general-purpose framework for defining and recognizing
events in live or recorded surveillance video streams. The approach for event
recognition in VERSA is using a declarative logic language to define the
spatial and temporal relationships that characterize a given event or activity.
Doing so requires the definition of certain fundamental spatial and temporal
relationships and a high-level syntax for specifying frame templates and query
parameters. Although the handling of uncertainty in the current VERSA
implementation is simplistic, the language and architecture is amenable to
extending using Fuzzy Logic or similar approaches. VERSA's high-level
architecture is designed to work in XML-based, services- oriented environments.
VERSA can be thought of as subscribing to the XML annotations streamed by a
lower-level video analytics service that provides basic entity detection,
labeling, and tracking. One or many VERSA Event Monitors could thus analyze
video streams and provide alerts when certain events are detected.",ĊVERSA - 1.62; VERSA - 2.48,Video Event Recognition - 0.40; Ċlabeling - 0.69; eventĊrecognition - 1.94; recognizingĊevents - 2.72,VERSA - Ċlabeling - 13.11; VERSA - eventĊrecognition - 14.09; VERSA - recognizingĊevents - 17.29,"{'CumulativeMethodScore': 0.6426080099479369, 'CumulativeTaskScore': 0.8177557713931631, 'CumulativeMethodTaskPairScore': 0.7889233902331614}"
Ear Identification by Fusion of Segmented Slice Regions using Invariant Features: An Experimental Manifold with Dual Fusion Approach,"This paper proposes a robust ear identification system which is developed by
fusing SIFT features of color segmented slice regions of an ear. The proposed
ear identification method makes use of Gaussian mixture model (GMM) to build
ear model with mixture of Gaussian using vector quantization algorithm and K-L
divergence is applied to the GMM framework for recording the color similarity
in the specified ranges by comparing color similarity between a pair of
reference ear and probe ear. SIFT features are then detected and extracted from
each color slice region as a part of invariant feature extraction. The
extracted keypoints are then fused separately by the two fusion approaches,
namely concatenation and the Dempster-Shafer theory. Finally, the fusion
approaches generate two independent augmented feature vectors which are used
for identification of individuals separately. The proposed identification
technique is tested on IIT Kanpur ear database of 400 individuals and is found
to achieve 98.25% accuracy for identification while top 5 matched criteria is
set for each subject.",conc - 0.40,ear identification - 2.60; Ċ - 0.00; Ear Identification - 2.81,conc - ear identification - 4.87,"{'CumulativeMethodScore': 0.4506827250539111, 'CumulativeTaskScore': 0.8019011618046739, 'CumulativeMethodTaskPairScore': 0.4828848997298194}"
Optimally Training a Cascade Classifier,"Cascade classifiers are widely used in real-time object detection. Different
from conventional classifiers that are designed for a low overall
classification error rate, a classifier in each node of the cascade is required
to achieve an extremely high detection rate and moderate false positive rate.
Although there are a few reported methods addressing this requirement in the
context of object detection, there is no a principled feature selection method
that explicitly takes into account this asymmetric node learning objective. We
provide such an algorithm here. We show a special case of the biased minimax
probability machine has the same formulation as the linear asymmetric
classifier (LAC) of \cite{wu2005linear}. We then design a new boosting
algorithm that directly optimizes the cost function of LAC. The resulting
totally-corrective boosting algorithm is implemented by the column generation
technique in convex optimization. Experimental results on object detection
verify the effectiveness of the proposed boosting algorithm as a node
classifier in cascade object detection, and show performance better than that
of the current state-of-the-art.",linear asymmetricĊclassifier - 2.14; LAC detection object detection - 1.37,object detection - 0.00,linear asymmetricĊclassifier - object detection - 3.54; LAC detection object detection - object detection - 2.50,"{'CumulativeMethodScore': 0.6130934781258436, 'CumulativeTaskScore': 0.44375447054421435, 'CumulativeMethodTaskPairScore': 0.4931470757371176}"
Evolutionary Computational Method of Facial Expression Analysis for Content-based Video Retrieval using 2-Dimensional Cellular Automata,"In this paper, Deterministic Cellular Automata (DCA) based video shot
classification and retrieval is proposed. The deterministic 2D Cellular
automata model captures the human facial expressions, both spontaneous and
posed. The determinism stems from the fact that the facial muscle actions are
standardized by the encodings of Facial Action Coding System (FACS) and Action
Units (AUs). Based on these encodings, we generate the set of evolutionary
update rules of the DCA for each facial expression. We consider a
Person-Independent Facial Expression Space (PIFES) to analyze the facial
expressions based on Partitioned 2D-Cellular Automata which capture the
dynamics of facial expressions and classify the shots based on it. Target video
shot is retrieved by comparing the similar expression is obtained for the query
frame's face with respect to the key faces expressions in the database video.
Consecutive key face expressions in the database that are highly similar to the
query frame's face, then the key faces are used to generate the set of
retrieved video shots from the database. A concrete example of its application
which realizes an affective interaction between the computer and the user is
proposed. In the affective interaction, the computer can recognize the facial
expression of any given video shot. This interaction endows the computer with
certain ability to adapt to the user's feedback.",DCA - 2.99,video - 0.00; shotĊclassification retrievalACS - 8.00,DCA - video - 8.81; DCA - shotĊclassification retrievalACS - 12.46,"{'CumulativeMethodScore': 0.5869667575521392, 'CumulativeTaskScore': 0.8980746510433665, 'CumulativeMethodTaskPairScore': 0.6237980771444255}"
Modeling Instantaneous Changes In Natural Scenes,"This project aims to create 3d model of the natural world and model changes
in it instantaneously. A framework for modeling instantaneous changes natural
scenes in real time using Lagrangian Particle Framework and a fluid-particle
grid approach is presented. This project is presented in the form of a
proof-based system where we show that the design is very much possible but
currently we only have selective scripts that accomplish the given job, a
complete software however is still under work. This research can be divided
into 3 distinct sections: the first one discusses a multi-camera rig that can
measure ego-motion accurately up to 88%, how this device becomes the backbone
of our framework, and some improvements devised to optimize a know framework
for depth maps and 3d structure estimation from a single still image called
make3d. The second part discusses the fluid-particle framework to model natural
scenes, presents some algorithms that we are using to accomplish this task and
we show how an application of our framework can extend make3d to model natural
scenes in real time. This part of the research constructs a bridge between
computer vision and computer graphics so that now ideas, answers and intuitions
that arose in the domain of computer graphics can now be applied to computer
vision and natural modeling. The final part of this research improves upon what
might become the first general purpose vision system using deep belief
architectures and provides another framework to improve the lower bound on
training images for boosting by using a variation of Restricted Boltzmann
machines (RBM). We also discuss other applications that might arise from our
work in these areas.",RBM - 0.00; make3d - 2.63,3 - 0.00; Modeling Instantaneous Changes - 3.61,RBM - 3 - 0.00,"{'CumulativeMethodScore': 0.5681330580610852, 'CumulativeTaskScore': 0.7022347775876108, 'CumulativeMethodTaskPairScore': 0.4405709648786838}"
Face Detection with Effective Feature Extraction,"There is an abundant literature on face detection due to its important role
in many vision applications. Since Viola and Jones proposed the first real-time
AdaBoost based face detector, Haar-like features have been adopted as the
method of choice for frontal face detection. In this work, we show that simple
features other than Haar-like features can also be applied for training an
effective face detector. Since, single feature is not discriminative enough to
separate faces from difficult non-faces, we further improve the generalization
performance of our simple features by introducing feature co-occurrences. We
demonstrate that our proposed features yield a performance improvement compared
to Haar-like features. In addition, our findings indicate that features play a
crucial role in the ability of the system to generalize.",AdaBoost - 0.00,face detection - 0.00,AdaBoost - face detection - 0.00,"{'CumulativeMethodScore': 0.4296809076804205, 'CumulativeTaskScore': 0.44375447054421435, 'CumulativeMethodTaskPairScore': 0.440570890551996}"
Collaborative Sources Identification in Mixed Signals via Hierarchical Sparse Modeling,"A collaborative framework for detecting the different sources in mixed
signals is presented in this paper. The approach is based on C-HiLasso, a
convex collaborative hierarchical sparse model, and proceeds as follows. First,
we build a structured dictionary for mixed signals by concatenating a set of
sub-dictionaries, each one of them learned to sparsely model one of a set of
possible classes. Then, the coding of the mixed signal is performed by
efficiently solving a convex optimization problem that combines standard
sparsity with group and collaborative sparsity. The present sources are
identified by looking at the sub-dictionaries automatically selected in the
coding. The collaborative filtering in C-HiLasso takes advantage of the
temporal/spatial redundancy in the mixed signals, letting collections of
samples collaborate in identifying the classes, while allowing individual
samples to have different internal sparse representations. This collaboration
is critical to further stabilize the sparse representation of signals, in
particular the class/sub-dictionary selection. The internal sparsity inside the
sub-dictionaries, as naturally incorporated by the hierarchical aspects of
C-HiLasso, is critical to make the model consistent with the essence of the
sub-dictionaries that have been trained for sparse representation of each
individual class. We present applications from speaker and instrument
identification and texture separation. In the case of audio signals, we use
sparse modeling to describe the short-term power spectrum envelopes of harmonic
sounds. The proposed pitch independent method automatically detects the number
of sources on a recording.",C-HiLasso - 0.00; ĊC-HiLasso instrumentĊidentification - 5.22,texture separation - 0.42,C-HiLasso - texture separation - 0.91,"{'CumulativeMethodScore': 0.6953715585451306, 'CumulativeTaskScore': 0.47531594279808687, 'CumulativeMethodTaskPairScore': 0.44839739003334544}"
Selective Image Super-Resolution,"In this paper we propose a vision system that performs image Super Resolution
(SR) with selectivity. Conventional SR techniques, either by multi-image fusion
or example-based construction, have failed to capitalize on the intrinsic
structural and semantic context in the image, and performed ""blind"" resolution
recovery to the entire image area. By comparison, we advocate example-based
selective SR whereby selectivity is exemplified in three aspects: region
selectivity (SR only at object regions), source selectivity (object SR with
trained object dictionaries), and refinement selectivity (object boundaries
refinement using matting). The proposed system takes over-segmented
low-resolution images as inputs, assimilates recent learning techniques of
sparse coding (SC) and grouped multi-task lasso (GMTL), and leads eventually to
a framework for joint figure-ground separation and interest object SR. The
efficiency of our framework is manifested in our experiments with subsets of
the VOC2009 and MSRC datasets. We also demonstrate several interesting vision
applications that can build on our system.",SC - 0.00; GMTL-ground separation - 1.44; grouped multi-task lasso - 0.53; Ċsparse coding - 0.47,interest SR - 0.67; image Super ResolutionĊ(SR - 4.75; SR - 0.00,SC - SR - 0.00; GMTL-ground separation - SR - 7.41; grouped multi-task lasso - SR - 1.53; Ċsparse coding - SR - 2.21,"{'CumulativeMethodScore': 0.558086516944162, 'CumulativeTaskScore': 0.8024696127380496, 'CumulativeMethodTaskPairScore': 0.5377959733764893}"
Generalized Tree-Based Wavelet Transform,"In this paper we propose a new wavelet transform applicable to functions
defined on graphs, high dimensional data and networks. The proposed method
generalizes the Haar-like transform proposed in [1], and it is defined via a
hierarchical tree, which is assumed to capture the geometry and structure of
the input data. It is applied to the data using a modified version of the
common one-dimensional (1D) wavelet filtering and decimation scheme, which can
employ different wavelet filters. In each level of this wavelet decomposition
scheme, a permutation derived from the tree is applied to the approximation
coefficients, before they are filtered. We propose a tree construction method
that results in an efficient representation of the input function in the
transform domain. We show that the proposed transform is more efficient than
both the 1D and two-dimensional (2D) separable wavelet transforms in
representing images. We also explore the application of the proposed transform
to image denoising, and show that combined with a subimage averaging scheme, it
achieves denoising results which are similar to those obtained with the K-SVD
algorithm.",K-SVD - 2.68; Haar-like - 3.24,image denoising - 0.00,K-SVD - image denoising - 4.03; Haar-like - image denoising - 4.79,"{'CumulativeMethodScore': 0.7259609112547024, 'CumulativeTaskScore': 0.4437546218963131, 'CumulativeMethodTaskPairScore': 0.5174860686177677}"
Learning sparse representations of depth,"This paper introduces a new method for learning and inferring sparse
representations of depth (disparity) maps. The proposed algorithm relaxes the
usual assumption of the stationary noise model in sparse coding. This enables
learning from data corrupted with spatially varying noise or uncertainty,
typically obtained by laser range scanners or structured light depth cameras.
Sparse representations are learned from the Middlebury database disparity maps
and then exploited in a two-layer graphical model for inferring depth from
stereo, by including a sparsity prior on the learned features. Since they
capture higher-order dependencies in the depth structure, these priors can
complement smoothness priors commonly used in depth inference based on Markov
Random Field (MRF) models. Inference on the proposed graph is achieved using an
alternating iterative optimization technique, where the first layer is solved
using an existing MRF-based stereo matching algorithm, then held fixed as the
second layer is solved using the proposed non-stationary sparse coding
algorithm. This leads to a general method for improving solutions of state of
the art MRF-based depth estimation algorithms. Our experimental results first
show that depth inference using learned representations leads to state of the
art denoising of depth maps obtained from laser range scanners and a time of
flight camera. Furthermore, we show that adding sparse priors improves the
results of two depth estimation methods: the classical graph cut algorithm by
Boykov et al. and the more recent algorithm of Woodford et al.",graph - 0.73,den - 0.70,graph - den - 1.43,"{'CumulativeMethodScore': 0.4677787969051307, 'CumulativeTaskScore': 0.49638153528063633, 'CumulativeMethodTaskPairScore': 0.4529507912223056}"
Sparse motion segmentation using multiple six-point consistencies,"We present a method for segmenting an arbitrary number of moving objects in
image sequences using the geometry of 6 points in 2D to infer motion
consistency. The method has been evaluated on the Hopkins 155 database and
surpasses current state-of-the-art methods such as SSC, both in terms of
overall performance on two and three motions but also in terms of maximum
errors. The method works by finding initial clusters in the spatial domain, and
then classifying each remaining point as belonging to the cluster that
minimizes a motion consistency score. In contrast to most other motion
segmentation methods that are based on an affine camera model, the proposed
method is fully projective.",SSC - 0.00,segment - 0.00; motionĊsegmentation - 6.21,SSC - segment - 0.00,"{'CumulativeMethodScore': 0.42968106204552386, 'CumulativeTaskScore': 0.8372777320785054, 'CumulativeMethodTaskPairScore': 0.44057099342002914}"
Hierarchical Reinforcement Learning with the MAXQ Value Function Decomposition,"This paper presents the MAXQ approach to hierarchical reinforcement learning
based on decomposing the target Markov decision process (MDP) into a hierarchy
of smaller MDPs and decomposing the value function of the target MDP into an
additive combination of the value functions of the smaller MDPs. The paper
defines the MAXQ hierarchy, proves formal results on its representational
power, and establishes five conditions for the safe use of state abstractions.
The paper presents an online model-free learning algorithm, MAXQ-Q, and proves
that it converges wih probability 1 to a kind of locally-optimal policy known
as a recursively optimal policy, even in the presence of the five kinds of
state abstraction. The paper evaluates the MAXQ representation and MAXQ-Q
through a series of experiments in three domains and shows experimentally that
MAXQ-Q (with state abstractions) converges to a recursively optimal policy much
faster than flat Q learning. The fact that MAXQ learns a representation of the
value function has an important benefit: it makes it possible to compute and
execute an improved, non-hierarchical policy via a procedure similar to the
policy improvement step of policy iteration. The paper demonstrates the
effectiveness of this non-hierarchical execution experimentally. Finally, the
paper concludes with a comparison to related work and a discussion of the
design tradeoffs in hierarchical reinforcement learning.",MAXQ - 0.00; MAXQ-Q - 0.00; MAXQ reinforcement learning - 2.01; flat Q learning - 1.96,hierarchical reinforcement learning - 0.73,MAXQ - hierarchical reinforcement learning - 2.17; MAXQ-Q - hierarchical reinforcement learning - 1.69; MAXQ reinforcement learning - hierarchical reinforcement learning - 5.81; flat Q learning - hierarchical reinforcement learning - 6.32,"{'CumulativeMethodScore': 0.6364881148318127, 'CumulativeTaskScore': 0.4985787480907729, 'CumulativeMethodTaskPairScore': 0.5796076095085908}"
State Abstraction in MAXQ Hierarchical Reinforcement Learning,"Many researchers have explored methods for hierarchical reinforcement
learning (RL) with temporal abstractions, in which abstract actions are defined
that can perform many primitive actions before terminating. However, little is
known about learning with state abstractions, in which aspects of the state
space are ignored. In previous work, we developed the MAXQ method for
hierarchical RL. In this paper, we define five conditions under which state
abstraction can be combined with the MAXQ value function decomposition. We
prove that the MAXQ-Q learning algorithm converges under these conditions and
show experimentally that state abstraction is important for the successful
application of MAXQ-Q learning.",MAXQ - 0.00; MAXQ-Q - 0.00,reinforcementĊlearning - 4.27,MAXQ - reinforcementĊlearning - 7.57; MAXQ-Q - reinforcementĊlearning - 5.63,"{'CumulativeMethodScore': 0.4296809823693241, 'CumulativeTaskScore': 0.7418931038090008, 'CumulativeMethodTaskPairScore': 0.5555847429790809}"
Top-down induction of clustering trees,"An approach to clustering is presented that adapts the basic top-down
induction of decision trees method towards clustering. To this aim, it employs
the principles of instance based learning. The resulting methodology is
implemented in the TIC (Top down Induction of Clustering trees) system for
first order clustering. The TIC system employs the first order logical decision
tree representation of the inductive logic programming system Tilde. Various
experiments with TIC are presented, in both propositional and relational
domains.",TIC - 1.22; Top down Induction of Clustering trees - 2.92,clustering - 0.00,TIC - clustering - 4.30; Top down Induction of Clustering trees - clustering - 3.44,"{'CumulativeMethodScore': 0.6449929428354204, 'CumulativeTaskScore': 0.4437546500785482, 'CumulativeMethodTaskPairScore': 0.5080147290395546}"
Preference Learning in Terminology Extraction: A ROC-based approach,"A key data preparation step in Text Mining, Term Extraction selects the
terms, or collocation of words, attached to specific concepts. In this paper,
the task of extracting relevant collocations is achieved through a supervised
learning algorithm, exploiting a few collocations manually labelled as
relevant/irrelevant. The candidate terms are described along 13 standard
statistical criteria measures. From these examples, an evolutionary learning
algorithm termed Roger, based on the optimization of the Area under the ROC
curve criterion, extracts an order on the candidate terms. The robustness of
the approach is demonstrated on two real-world domain applications, considering
different domains (biology and human resources) and different languages
(English and French).",Roger - 0.28,Terminology Extraction - 2.40; Term Extraction - 2.09,Roger - Term Extraction - 4.31,"{'CumulativeMethodScore': 0.4443628057944613, 'CumulativeTaskScore': 0.7543311311185769, 'CumulativeMethodTaskPairScore': 0.47805413076269887}"
Using Pseudo-Stochastic Rational Languages in Probabilistic Grammatical Inference,"In probabilistic grammatical inference, a usual goal is to infer a good
approximation of an unknown distribution P called a stochastic language. The
estimate of P stands in some class of probabilistic models such as
probabilistic automata (PA). In this paper, we focus on probabilistic models
based on multiplicity automata (MA). The stochastic languages generated by MA
are called rational stochastic languages; they strictly include stochastic
languages generated by PA; they also admit a very concise canonical
representation. Despite the fact that this class is not recursively enumerable,
it is efficiently identifiable in the limit by using the algorithm DEES,
introduced by the authors in a previous paper. However, the identification is
not proper and before the convergence of the algorithm, DEES can produce MA
that do not define stochastic languages. Nevertheless, it is possible to use
these MA to define stochastic languages. We show that they belong to a broader
class of rational series, that we call pseudo-stochastic rational languages.
The aim of this paper is twofold. First we provide a theoretical study of
pseudo-stochastic rational languages, the languages output by DEES, showing for
example that this class is decidable within polynomial time. Second, we have
carried out a lot of experiments in order to compare DEES to classical
inference algorithms such as ALERGIA and MDI. They show that DEES outperforms
them in most cases.",DEES - 1.22; probabilistic automata - 0.60; multiplicity automata - 1.13; DEESstochastic - 1.07; MDI - 0.91; ALERGIA - 1.74; PA - 0.09; MA - 0.00,probabilistic grammatical inference - 0.42; Ċ - 0.00,DEES - probabilistic grammatical inference - 5.85; multiplicity automata - probabilistic grammatical inference - 4.21; DEESstochastic - probabilistic grammatical inference - 4.08; MDI - probabilistic grammatical inference - 4.91; ALERGIA - probabilistic grammatical inference - 6.99; MA - probabilistic grammatical inference - 1.57; MA - Ċ - 0.00,"{'CumulativeMethodScore': 0.7593220081477965, 'CumulativeTaskScore': 0.4750260124309147, 'CumulativeMethodTaskPairScore': 0.6742648963178977}"
Parametric Learning and Monte Carlo Optimization,"This paper uncovers and explores the close relationship between Monte Carlo
Optimization of a parametrized integral (MCO), Parametric machine-Learning
(PL), and `blackbox' or `oracle'-based optimization (BO). We make four
contributions. First, we prove that MCO is mathematically identical to a broad
class of PL problems. This identity potentially provides a new application
domain for all broadly applicable PL techniques: MCO. Second, we introduce
immediate sampling, a new version of the Probability Collectives (PC) algorithm
for blackbox optimization. Immediate sampling transforms the original BO
problem into an MCO problem. Accordingly, by combining these first two
contributions, we can apply all PL techniques to BO. In our third contribution
we validate this way of improving BO by demonstrating that cross-validation and
bagging improve immediate sampling. Finally, conventional MC and MCO procedures
ignore the relationship between the sample point locations and the associated
values of the integrand; only the values of the integrand at those locations
are considered. We demonstrate that one can exploit the sample location
information using PL techniques, for example by forming a fit of the sample
locations to the associated values of the integrand. This provides an
additional way to apply PL techniques to improve MCO.",Parametric machine-LearningĊ - 0.71; BO - 0.00; MCO - 1.02; Monte CarloĊOptimization - 2.07; M - 0.00; Ċimmediate sampling - 0.55; Probability Collectives - 0.75; Immediate sampling - 0.73; PC - 0.00; MC - 0.00,PL - 0.00; BO - 0.00; MCO - 1.02; M - 0.00,Parametric machine-LearningĊ - PL - 3.00; Parametric machine-LearningĊ - BO - 2.96; Parametric machine-LearningĊ - MCO - 6.65; BO - PL - 0.00; BO - MCO - 9.59; MCO - BO - 9.59; Monte CarloĊOptimization - PL - 8.63; Monte CarloĊOptimization - BO - 8.50; Monte CarloĊOptimization - MCO - 11.72; M - BO - 0.00; Ċimmediate sampling - PL - 3.63; Ċimmediate sampling - BO - 3.54; Ċimmediate sampling - MCO - 8.91; Probability Collectives - PL - 4.13; Probability Collectives - BO - 4.05; Probability Collectives - MCO - 8.58; Probability Collectives - M - 4.32; Immediate sampling - PL - 4.47; Immediate sampling - BO - 4.37; Immediate sampling - MCO - 9.34; Immediate sampling - M - 4.70; PC - PL - 0.00; PC - BO - 0.00; PC - MCO - 16.10; PC - M - 0.00; MC - BO - 0.00,"{'CumulativeMethodScore': 0.722284541416681, 'CumulativeTaskScore': 0.520180296509875, 'CumulativeMethodTaskPairScore': 0.9895440678324875}"
Density estimation in linear time,"We consider the problem of choosing a density estimate from a set of
distributions F, minimizing the L1-distance to an unknown distribution
(Devroye, Lugosi 2001). Devroye and Lugosi analyze two algorithms for the
problem: Scheffe tournament winner and minimum distance estimate. The Scheffe
tournament estimate requires fewer computations than the minimum distance
estimate, but has strictly weaker guarantees than the latter.
  We focus on the computational aspect of density estimation. We present two
algorithms, both with the same guarantee as the minimum distance estimate. The
first one, a modification of the minimum distance estimate, uses the same
number (quadratic in |F|) of computations as the Scheffe tournament. The second
one, called ``efficient minimum loss-weight estimate,'' uses only a linear
number of computations, assuming that F is preprocessed.
  We also give examples showing that the guarantees of the algorithms cannot be
improved and explore randomized algorithms for density estimation.",Scheffe tournament - 2.44; ScheffeĊtournament distance - 2.98; Scheffe tournament distance - 4.55,density estimation - 0.00,ScheffeĊtournament distance - density estimation - 6.23; Scheffe tournament distance - density estimation - 10.39,"{'CumulativeMethodScore': 0.8621215009987293, 'CumulativeTaskScore': 0.44375447054421435, 'CumulativeMethodTaskPairScore': 0.5849135635796783}"
A Novel Clustering Algorithm Based on Quantum Random Walk,"The enormous successes have been made by quantum algorithms during the last
decade. In this paper, we combine the quantum random walk (QRW) with the
problem of data clustering, and develop two clustering algorithms based on the
one dimensional QRW. Then, the probability distributions on the positions
induced by QRW in these algorithms are investigated, which also indicates the
possibility of obtaining better results. Consequently, the experimental results
have demonstrated that data points in datasets are clustered reasonably and
efficiently, and the clustering algorithms are of fast rates of convergence.
Moreover, the comparison with other algorithms also provides an indication of
the effectiveness of the proposed approach.",quantum random walk - 2.40; QRW - 2.07,data clusteringering - 0.84; clustering - 0.00,QRW - data clusteringering - 5.70; QRW - clustering - 5.82,"{'CumulativeMethodScore': 0.6607920846593655, 'CumulativeTaskScore': 0.5064652787268323, 'CumulativeMethodTaskPairScore': 0.541025421442217}"
Transfer Learning Using Feature Selection,"We present three related ways of using Transfer Learning to improve feature
selection. The three methods address different problems, and hence share
different kinds of information between tasks or feature classes, but all three
are based on the information theoretic Minimum Description Length (MDL)
principle and share the same underlying Bayesian interpretation. The first
method, MIC, applies when predictive models are to be built simultaneously for
multiple tasks (``simultaneous transfer'') that share the same set of features.
MIC allows each feature to be added to none, some, or all of the task models
and is most beneficial for selecting a small set of predictive features from a
large pool of features, as is common in genomic and biological datasets. Our
second method, TPC (Three Part Coding), uses a similar methodology for the case
when the features can be divided into feature classes. Our third method,
Transfer-TPC, addresses the ``sequential transfer'' problem in which the task
to which we want to transfer knowledge may not be known in advance and may have
different amounts of data than the other tasks. Transfer-TPC is most beneficial
when we want to transfer knowledge between tasks which have unequal amounts of
labeled data, for example the data for disambiguating the senses of different
verbs. We demonstrate the effectiveness of these approaches with experimental
results on real world data pertaining to genomics and to Word Sense
Disambiguation (WSD).",ĊMIC - 0.57; MIC - 0.13; Three Part Coding - 0.91; Transfer-TPC - 1.48; ĊTransfer-TPC - 1.44; TPC - 0.60,disambiguating - 0.62; WSD - 0.00; Word SenseĊDisambiguation - 1.69,Three Part Coding - disambiguating - 6.50; Three Part Coding - WSD - 5.94; Transfer-TPC - disambiguating - 7.58; Transfer-TPC - WSD - 7.61; MIC - disambiguating - 3.95; MIC - WSD - 1.21; TPC - disambiguating - 5.93; TPC - WSD - 4.85,"{'CumulativeMethodScore': 0.6909871085630978, 'CumulativeTaskScore': 0.6154486497431835, 'CumulativeMethodTaskPairScore': 0.7835754810230012}"
Clustering for Improved Learning in Maze Traversal Problem,"The maze traversal problem (finding the shortest distance to the goal from
any position in a maze) has been an interesting challenge in computational
intelligence. Recent work has shown that the cellular simultaneous recurrent
neural network (CSRN) can solve this problem for simple mazes. This thesis
focuses on exploiting relevant information about the maze to improve learning
and decrease the training time for the CSRN to solve mazes. Appropriate
variables are identified to create useful clusters using relevant information.
The CSRN was next modified to allow for an additional external input. With this
additional input, several methods were tested and results show that clustering
the mazes improves the overall learning of the traversal problem for the CSRN.",cellular simultaneous recurrentĊneural network - 2.54; CSRN - 0.73,maze traversal - 1.80,CSRN - maze traversal - 6.21,"{'CumulativeMethodScore': 0.6012331985087032, 'CumulativeTaskScore': 0.5782550547549526, 'CumulativeMethodTaskPairScore': 0.49468499732328197}"
Randomized Algorithms for Large scale SVMs,"We propose a randomized algorithm for training Support vector machines(SVMs)
on large datasets. By using ideas from Random projections we show that the
combinatorial dimension of SVMs is $O({log} n)$ with high probability. This
estimate of combinatorial dimension is used to derive an iterative algorithm,
called RandSVM, which at each step calls an existing solver to train SVMs on a
randomly chosen subset of size $O({log} n)$. The algorithm has probabilistic
guarantees and is capable of training SVMs with Kernels for both classification
and regression problems. Experiments done on synthetic and real life data sets
demonstrate that the algorithm scales up existing SVM learners, without loss of
accuracy.",RandSVM - 2.43,classification - 0.00; regression - 0.00,RandSVM - classification - 2.92; RandSVM - regression - 3.03,"{'CumulativeMethodScore': 0.5577047405500558, 'CumulativeTaskScore': 0.44375447054421435, 'CumulativeMethodTaskPairScore': 0.49236606564344504}"
Variable sigma Gaussian processes: An expectation propagation perspective,"Gaussian processes (GPs) provide a probabilistic nonparametric representation
of functions in regression, classification, and other problems. Unfortunately,
exact learning with GPs is intractable for large datasets. A variety of
approximate GP methods have been proposed that essentially map the large
dataset into a small set of basis points. The most advanced of these, the
variable-sigma GP (VSGP) (Walder et al., 2008), allows each basis point to have
its own length scale. However, VSGP was only derived for regression. We
describe how VSGP can be applied to classification and other problems, by
deriving it as an expectation propagation algorithm. In this view, sparse GP
approximations correspond to a KL-projection of the true posterior onto a
compact exponential family of GPs. VSGP constitutes one such family, and we
show how to enlarge this family to get additional accuracy. In particular, we
show that endowing each basis point with its own full covariance matrix
provides a significant increase in approximation power.",VSGP - 2.08; Ċvariable-sigma GP - 6.51,classification - 0.00; regression - 0.00,VSGP - classification - 6.87; VSGP - regression - 6.77; Ċvariable-sigma GP - classification - 9.41; Ċvariable-sigma GP - regression - 9.35,"{'CumulativeMethodScore': 0.8235819805815947, 'CumulativeTaskScore': 0.44375447054421435, 'CumulativeMethodTaskPairScore': 0.7100180428376625}"
Competing with Gaussian linear experts,"We study the problem of online regression. We prove a theoretical bound on
the square loss of Ridge Regression. We do not make any assumptions about input
vectors or outcomes. We also show that Bayesian Ridge Regression can be thought
of as an online algorithm competing with all the Gaussian linear experts.",Ridge Regression - 1.53; Bayesian Ridge Regression - 3.91,online regression - 1.08,Ridge Regression - online regression - 5.09; Bayesian Ridge Regression - online regression - 6.91,"{'CumulativeMethodScore': 0.7048998377566273, 'CumulativeTaskScore': 0.5246465370870795, 'CumulativeMethodTaskPairScore': 0.5451191998533227}"
Online Distributed Sensor Selection,"A key problem in sensor networks is to decide which sensors to query when, in
order to obtain the most useful information (e.g., for performing accurate
prediction), subject to constraints (e.g., on power and bandwidth). In many
applications the utility function is not known a priori, must be learned from
data, and can even change over time. Furthermore for large sensor networks
solving a centralized optimization problem to select sensors is not feasible,
and thus we seek a fully distributed solution. In this paper, we present
Distributed Online Greedy (DOG), an efficient, distributed algorithm for
repeatedly selecting sensors online, only receiving feedback about the utility
of the selected sensors. We prove very strong theoretical no-regret guarantees
that apply whenever the (unknown) utility function satisfies a natural
diminishing returns property called submodularity. Our algorithm has extremely
low communication requirements, and scales well to large sensor deployments. We
extend DOG to allow observation-dependent sensor selection. We empirically
demonstrate the effectiveness of our algorithm on several real-world sensing
tasks.",ĊDistributed Online Greedy - 3.22; DOG - 0.00,Ċ - 0.00,DOG - Ċ - 0.00,"{'CumulativeMethodScore': 0.5985491691060494, 'CumulativeTaskScore': 0.44375447054421435, 'CumulativeMethodTaskPairScore': 0.440570890551996}"
Asymptotic Analysis of Generative Semi-Supervised Learning,"Semisupervised learning has emerged as a popular framework for improving
modeling accuracy while controlling labeling cost. Based on an extension of
stochastic composite likelihood we quantify the asymptotic accuracy of
generative semi-supervised learning. In doing so, we complement
distribution-free analysis by providing an alternative framework to measure the
value associated with different labeling policies and resolve the fundamental
question of how much data to label and in what manner. We demonstrate our
approach with both simulation studies and real world experiments using naive
Bayes for text classification and MRFs and CRFs for structured prediction in
NLP.",naiveĊBayes - 3.78,structured prediction - 0.00; text classification - 0.00,naiveĊBayes - structured prediction - 5.19; naiveĊBayes - text classification - 5.19,"{'CumulativeMethodScore': 0.6268988101045523, 'CumulativeTaskScore': 0.44375447054421435, 'CumulativeMethodTaskPairScore': 0.5311368693472637}"
Model Selection with the Loss Rank Principle,"A key issue in statistics and machine learning is to automatically select the
""right"" model complexity, e.g., the number of neighbors to be averaged over in
k nearest neighbor (kNN) regression or the polynomial degree in regression with
polynomials. We suggest a novel principle - the Loss Rank Principle (LoRP) -
for model selection in regression and classification. It is based on the loss
rank, which counts how many other (fictitious) data would be fitted better.
LoRP selects the model that has minimal loss rank. Unlike most penalized
maximum likelihood variants (AIC, BIC, MDL), LoRP depends only on the
regression functions and the loss function. It works without a stochastic noise
model, and is directly applicable to any non-parametric regressor, like kNN.",AIC - 0.00; BIC - 0.00; MDL - 0.00,classification - 0.00,AIC - classification - 0.00; BIC - classification - 0.00; MDL - classification - 0.00,"{'CumulativeMethodScore': 0.4296809076804205, 'CumulativeTaskScore': 0.44375447054421435, 'CumulativeMethodTaskPairScore': 0.440570890551996}"
Extension of Wirtinger's Calculus to Reproducing Kernel Hilbert Spaces and the Complex Kernel LMS,"Over the last decade, kernel methods for nonlinear processing have
successfully been used in the machine learning community. The primary
mathematical tool employed in these methods is the notion of the Reproducing
Kernel Hilbert Space. However, so far, the emphasis has been on batch
techniques. It is only recently, that online techniques have been considered in
the context of adaptive signal processing tasks. Moreover, these efforts have
only been focussed on real valued data sequences. To the best of our knowledge,
no adaptive kernel-based strategy has been developed, so far, for complex
valued signals. Furthermore, although the real reproducing kernels are used in
an increasing number of machine learning problems, complex kernels have not,
yet, been used, in spite of their potential interest in applications that deal
with complex signals, with Communications being a typical example. In this
paper, we present a general framework to attack the problem of adaptive
filtering of complex signals, using either real reproducing kernels, taking
advantage of a technique called \textit{complexification} of real RKHSs, or
complex reproducing kernels, highlighting the use of the complex gaussian
kernel. In order to derive gradients of operators that need to be defined on
the associated complex RKHSs, we employ the powerful tool of Wirtinger's
Calculus, which has recently attracted attention in the signal processing
community. To this end, in this paper, the notion of Wirtinger's calculus is
extended, for the first time, to include complex RKHSs and use it to derive
several realizations of the Complex Kernel Least-Mean-Square (CKLMS) algorithm.
Experiments verify that the CKLMS offers significant performance improvements
over several linear and nonlinear algorithms, when dealing with nonlinearities.",Complex Kernel Least-Mean-Square - 3.49; CKLMS - 0.00,Communications - 0.00; adaptive signal processing - 0.00; adaptiveĊfiltering - 2.15,Complex Kernel Least-Mean-Square - adaptive signal processing - 5.69; CKLMS - adaptive signal processing - 0.00,"{'CumulativeMethodScore': 0.6125377418661047, 'CumulativeTaskScore': 0.6032757650746852, 'CumulativeMethodTaskPairScore': 0.490077936097902}"
Comparison of Support Vector Machine and Back Propagation Neural Network in Evaluating the Enterprise Financial Distress,"Recently, applying the novel data mining techniques for evaluating enterprise
financial distress has received much research alternation. Support Vector
Machine (SVM) and back propagation neural (BPN) network has been applied
successfully in many areas with excellent generalization results, such as rule
extraction, classification and evaluation. In this paper, a model based on SVM
with Gaussian RBF kernel is proposed here for enterprise financial distress
evaluation. BPN network is considered one of the simplest and are most general
methods used for supervised training of multilayered neural network. The
comparative results show that through the difference between the performance
measures is marginal; SVM gives higher precision and lower error rates.",SVM - 0.00; BPN - 0.00; back propagation neural - 0.00,evaluation financial distressĊevaluation - 6.30; classification - 0.00; ruleĊextraction - 2.77,SVM - classification - 0.00; BPN - classification - 0.00; back propagation neural - classification - 0.00,"{'CumulativeMethodScore': 0.42968112609795384, 'CumulativeTaskScore': 0.9239966270134611, 'CumulativeMethodTaskPairScore': 0.4405710435188685}"
Efficient L1/Lq Norm Regularization,"Sparse learning has recently received increasing attention in many areas
including machine learning, statistics, and applied mathematics. The mixed-norm
regularization based on the L1/Lq norm with q > 1 is attractive in many
applications of regression and classification in that it facilitates group
sparsity in the model. The resulting optimization problem is, however,
challenging to solve due to the structure of the L1/Lq -regularization.
Existing work deals with special cases including q = 2,infinity, and they
cannot be easily extended to the general case. In this paper, we propose an
efficient algorithm based on the accelerated gradient method for solving the
L1/Lq -regularized problem, which is applicable for all values of q larger than
1, thus significantly extending existing work. One key building block of the
proposed algorithm is the L1/Lq -regularized Euclidean projection (EP1q). Our
theoretical analysis reveals the key properties of EP1q and illustrates why
EP1q for the general q is significantly more challenging to solve than the
special cases. Based on our theoretical analysis, we develop an efficient
algorithm for EP1q by solving two zero finding problems. Experimental results
demonstrate the efficiency of the proposed algorithm.",ĊEP1q - 2.56; EP1q - 1.23; Euclidean projection - 1.20,Sparse learning - 0.89; classification - 0.00,ĊEP1q - Sparse learning - 7.75; ĊEP1q - classification - 9.76; EP1q - Sparse learning - 4.86; EP1q - classification - 4.85; Euclidean projection - Sparse learning - 3.77; Euclidean projection - classification - 3.24,"{'CumulativeMethodScore': 0.6847093385708636, 'CumulativeTaskScore': 0.5102312360737888, 'CumulativeMethodTaskPairScore': 0.7230373853564324}"
Algorithms for nonnegative matrix factorization with the beta-divergence,"This paper describes algorithms for nonnegative matrix factorization (NMF)
with the beta-divergence (beta-NMF). The beta-divergence is a family of cost
functions parametrized by a single shape parameter beta that takes the
Euclidean distance, the Kullback-Leibler divergence and the Itakura-Saito
divergence as special cases (beta = 2,1,0, respectively). The proposed
algorithms are based on a surrogate auxiliary function (a local majorization of
the criterion function). We first describe a majorization-minimization (MM)
algorithm that leads to multiplicative updates, which differ from standard
heuristic multiplicative updates by a beta-dependent power exponent. The
monotonicity of the heuristic algorithm can however be proven for beta in (0,1)
using the proposed auxiliary function. Then we introduce the concept of
majorization-equalization (ME) algorithm which produces updates that move along
constant level sets of the auxiliary function and lead to larger steps than MM.
Simulations on synthetic and real data illustrate the faster convergence of the
ME approach. The paper also describes how the proposed algorithms can be
adapted to two common variants of NMF : penalized NMF (i.e., when a penalty
function of the factors is added to the criterion function) and convex-NMF
(when the dictionary is assumed to belong to a known subspace).",ME - 0.00; penal - 0.14; majorization-minimization - 1.13; ĊMEF - 0.47; beta-NMF - 0.61; MM - 0.00; Ċization-equalization - 1.21,NMF - 0.00; nonnegative matrix factorization - 0.06; convex-NMF - 2.04,MM - NMF - 0.00; MM - nonnegative matrix factorization - 0.32; ME - NMF - 0.00; ME - nonnegative matrix factorization - 0.40; majorization-minimization - NMF - 4.32; majorization-minimization - nonnegative matrix factorization - 3.37,"{'CumulativeMethodScore': 0.6157043148113505, 'CumulativeTaskScore': 0.6000446564055137, 'CumulativeMethodTaskPairScore': 0.5139736339290591}"
"How I won the ""Chess Ratings - Elo vs the Rest of the World"" Competition","This article discusses in detail the rating system that won the kaggle
competition ""Chess Ratings: Elo vs the rest of the world"". The competition
provided a historical dataset of outcomes for chess games, and aimed to
discover whether novel approaches can predict the outcomes of future games,
more accurately than the well-known Elo rating system. The winning rating
system, called Elo++ in the rest of the article, builds upon the Elo rating
system. Like Elo, Elo++ uses a single rating per player and predicts the
outcome of a game, by using a logistic curve over the difference in ratings of
the players. The major component of Elo++ is a regularization technique that
avoids overfitting these ratings. The dataset of chess games and outcomes is
relatively small and one has to be careful not to draw ""too many conclusions""
out of the limited data. Many approaches tested in the competition showed signs
of such an overfitting. The leader-board was dominated by attempts that did a
very good job on a small test dataset, but couldn't generalize well on the
private hold-out dataset. The Elo++ regularization takes into account the
number of games per player, the recency of these games and the ratings of the
opponents. Finally, Elo++ employs a stochastic gradient descent scheme for
training the ratings, and uses only two global parameters (white's advantage
and regularization constant) that are optimized using cross-validation.",Elo++ization constant - 2.47; Elo++ - 2.51; Elo - 1.48,kleChess Ratingso - 3.63,Elo - kleChess Ratingso - 12.77,"{'CumulativeMethodScore': 0.748011261174979, 'CumulativeTaskScore': 0.7035998641191582, 'CumulativeMethodTaskPairScore': 0.5518578459534135}"
Positive factor networks: A graphical framework for modeling non-negative sequential data,"We present a novel graphical framework for modeling non-negative sequential
data with hierarchical structure. Our model corresponds to a network of coupled
non-negative matrix factorization (NMF) modules, which we refer to as a
positive factor network (PFN). The data model is linear, subject to
non-negativity constraints, so that observation data consisting of an additive
combination of individually representable observations is also representable by
the network. This is a desirable property for modeling problems in
computational auditory scene analysis, since distinct sound sources in the
environment are often well-modeled as combining additively in the corresponding
magnitude spectrogram. We propose inference and learning algorithms that
leverage existing NMF algorithms and that are straightforward to implement. We
present a target tracking example and provide results for synthetic observation
data which serve to illustrate the interesting properties of PFNs and motivate
their potential usefulness in applications such as music transcription, source
separation, and speech recognition. We show how a target process characterized
by a hierarchical state transition model can be represented as a PFN. Our
results illustrate that a PFN which is defined in terms of a single target
observation can then be used to effectively track the states of multiple
simultaneous targets. Our results show that the quality of the inferred target
states degrades gradually as the observation noise is increased. We also
present results for an example in which meaningful hierarchical features are
extracted from a spectrogram. Such a hierarchical representation could be
useful for music transcription and source separation applications. We also
propose a network for language modeling.",Ċpositive factor network - 0.79; PFN - 0.52,sourceĊseparation - 1.09; music transcription - 0.74; target tracking - 0.00; language modeling - 0.00; speech recognitionN - 0.68; source separation - 0.37,Ċpositive factor network - language modeling - 2.53; Ċpositive factor network - source separation - 3.88; PFN - music transcription - 6.56; PFN - language modeling - 2.57; PFN - speech recognitionN - 5.33; PFN - source separation - 4.71; PFN - sourceĊseparation - 7.18; PFN - target tracking - 2.39,"{'CumulativeMethodScore': 0.4987776891400471, 'CumulativeTaskScore': 0.6543531700377909, 'CumulativeMethodTaskPairScore': 0.7293705505783694}"
Delay-Optimal Power and Subcarrier Allocation for OFDMA Systems via Stochastic Approximation,"In this paper, we consider delay-optimal power and subcarrier allocation
design for OFDMA systems with $N_F$ subcarriers, $K$ mobiles and one base
station. There are $K$ queues at the base station for the downlink traffic to
the $K$ mobiles with heterogeneous packet arrivals and delay requirements. We
shall model the problem as a $K$-dimensional infinite horizon average reward
Markov Decision Problem (MDP) where the control actions are assumed to be a
function of the instantaneous Channel State Information (CSI) as well as the
joint Queue State Information (QSI). This problem is challenging because it
corresponds to a stochastic Network Utility Maximization (NUM) problem where
general solution is still unknown. We propose an {\em online stochastic value
iteration} solution using {\em stochastic approximation}. The proposed power
control algorithm, which is a function of both the CSI and the QSI, takes the
form of multi-level water-filling. We prove that under two mild conditions in
Theorem 1 (One is the stepsize condition. The other is the condition on
accessibility of the Markov Chain, which can be easily satisfied in most of the
cases we are interested.), the proposed solution converges to the optimal
solution almost surely (with probability 1) and the proposed framework offers a
possible solution to the general stochastic NUM problem. By exploiting the
birth-death structure of the queue dynamics, we obtain a reduced complexity
decomposed solution with linear $\mathcal{O}(KN_F)$ complexity and
$\mathcal{O}(K)$ memory requirement.",OFDMA - 0.00,Network Maximization - 1.63; NUM - 0.41,OFDMA - NUM - 0.76,"{'CumulativeMethodScore': 0.4296809076804205, 'CumulativeTaskScore': 0.5958300138076102, 'CumulativeMethodTaskPairScore': 0.4471566639102351}"
A Novel method for the design of 2-DOF Parallel mechanisms for machining applications,"Parallel Kinematic Mechanisms (PKM) are interesting alternative designs for
machine tools. A design method based on velocity amplification factors analysis
is presented in this paper. The comparative study of two simple
two-degree-of-freedom PKM dedicated to machining applications is led through
this method: the common desired properties are the largest square Cartesian
workspace for given kinetostatic performances. The orientation and position of
the Cartesian workspace are chosen to avoid singularities and to produce the
best ratio between Cartesian workspace size and mechanism size. The machine
size of each resulting design is used as a comparative criterion.",Parallel Kinematic Mechan - 2.75; PKM - 1.76,machining - 3.06,Parallel Kinematic Mechan - machining - 7.47; PKM - machining - 12.13,"{'CumulativeMethodScore': 0.6624333649375873, 'CumulativeTaskScore': 0.666484885255575, 'CumulativeMethodTaskPairScore': 0.6099509252895206}"
"The Virtual Manufacturing concept: Scope, Socio-Economic Aspects and Future Trends","The research area ""Virtual Manufacturing (VM)'' is the use of information
technology and computer simulation to model real world manufacturing processes
for the purpose of analysing and understanding them. As automation technologies
such as CAD/CAM have substantially shortened the time required to design
products, Virtual Manufacturing will have a similar effect on the manufacturing
phase thanks to the modelling, simulation and optimisation of the product and
the processes involved in its fabrication. After a description of Virtual
Manufacturing (definitions and scope), we present some socio-economic factors
of VM and finaly some ""hot topics'' for the future are proposed.",CAD ManufacturingĊ - 11.87,Virtual Manufacturing - 4.22,CAD ManufacturingĊ - Virtual Manufacturing - 16.09,"{'CumulativeMethodScore': 0.9033077829154768, 'CumulativeTaskScore': 0.7390167053190387, 'CumulativeMethodTaskPairScore': 0.5803835856830505}"
"Architecture Optimization of a 3-DOF Translational Parallel Mechanism for Machining Applications, the Orthoglide","This paper addresses the architecture optimization of a 3-DOF translational
parallel mechanism designed for machining applications. The design optimization
is conducted on the basis of a prescribed Cartesian workspace with prescribed
kinetostatic performances. The resulting machine, the Orthoglide, features
three fixed parallel linear joints which are mounted orthogonally and a mobile
platform which moves in the Cartesian x-y-z space with fixed orientation. The
interesting features of the Orthoglide are a regular Cartesian workspace shape,
uniform performances in all directions and good compactness. A small-scale
prototype of the Orthoglide under development is presented at the end of this
paper.",Orthoglide - 0.00,machining - 7.06,Orthoglide - machining - 7.06,"{'CumulativeMethodScore': 0.4296809076804205, 'CumulativeTaskScore': 0.8692588597527057, 'CumulativeMethodTaskPairScore': 0.5021153239583973}"
Design Strategies for the Geometric Synthesis of Orthoglide-type Mechanisms,"The paper addresses the geometric synthesis of Orthoglide-type mechanism, a
family of 3-DOF parallel manipulators for rapid machining applications, which
combine advantages of both serial mechanisms and parallel kinematic
architectures. These manipulators possess quasi-isotropic kinematic
performances and are made up of three actuated fixed prismatic joints, which
are mutually orthogonal and connected to a mobile platform via three
parallelogram chains. The platform moves in the Cartesian space with fixed
orientation, similar to conventional XYZ-machine. Three strategies have been
proposed to define the Orthoglide geometric parameters (manipulator link
lengths and actuated joint limits) as functions of a cubic workspace size and
dextrous properties expressed by bounds on the velocity transmission factors,
manipulability or the Jacobian condition number. Low inertia and intrinsic
stiffness have been set as additional design goals expressed by the minimal
link length requirement. For each design strategy, analytical expressions for
computing the Orthoglide parameters are proposed. It is showed that the
proposed strategies yield Pareto-optimal solutions, which differ by the
kinematic performances outside the prescribed Cartesian cube (but within the
workspace bounded by the actuated joint limits). The proposed technique is
illustrated with numerical examples for the Orthoglide prototype design.",XYZ - 4.14; OrthoglideĊlength transmission - 4.75; Orthoglide - 0.00,mach - 0.00,XYZ - mach - 15.50; OrthoglideĊlength transmission - mach - 8.19,"{'CumulativeMethodScore': 0.8324104444537691, 'CumulativeTaskScore': 0.44375456237396965, 'CumulativeMethodTaskPairScore': 0.6434861531629458}"
Development of Architectures for Internet Telerobotics Systems,"This paper presents our experience in developing and implementing Internet
telerobotics system. Internet telerobotics system refers to a robot system
controlled and monitored remotely through the Internet. A robot manipulator
with five degrees of freedom, called Mentor, is employed. Client-server
architecture is chosen as a platform for our Internet telerobotics system.
Three generations of telerobotics systems have evolved in this research. The
first generation was based on CGI and two tiered architecture, where a client
presents a Graphical User Interface to the user, and utilizes the user's data
entry and actions to perform requests to robot server running on a different
machine. The second generation was developed using Java. We also employ Java 3D
for creating and manipulating 3D geometry of manipulator links and for
constructing the structures used in rendering that geometry, resulting in 3D
robot movement simulation presented to the users(clients) through their web
browser. Recent development in our Internet telerobotics includes object
recognition through image captured by a camera, which poses challenging
problem, given the undeterministic latency of the Internet. The third
generation is centered around the use of CORBA for development platform of
distributed internet telerobotics system, aimed at distributing task of
telerobotics system.",MentorĊrecognition - 2.55; CORBA - 2.54,InternetĊ - 0.94; internet - 0.16; Internet telerobotics - 2.29,MentorĊrecognition - internet - 6.87; MentorĊrecognition - Internet telerobotics - 7.42; CORBA - InternetĊ - 13.77; CORBA - internet - 10.36; CORBA - Internet telerobotics - 9.32,"{'CumulativeMethodScore': 0.6894152906826139, 'CumulativeTaskScore': 0.6876474622685553, 'CumulativeMethodTaskPairScore': 0.8073064918226105}"
Wavelet Based Iterative Learning Control with Fuzzy PD Feedback for Position Tracking of A Pneumatic Servo System,"In this paper, a wavelet-based iterative learning control (WILC) scheme with
Fuzzy PD feedback is presented for a pneumatic control system with nonsmooth
nonlinearities and uncertain parameters. The wavelet transform is employed to
extract the learnable dynamics from measured output signal before it can be
used to update the control profile. The wavelet transform is adopted to
decompose the original signal into many low-resolution signals that contain the
learnable and unlearnable parts. The desired control profile is then compared
with the learnable part of the transformed signal. Thus, the effects from
unlearnable dynamics on the controlled system can be attenuated by a Fuzzy PD
feedback controller. As for the rules of Fuzzy PD controller in the feedback
loop, a genetic algorithm (GA) is employed to search for the inference rules of
optimization. A proportional-valve controlled pneumatic cylinder actuator
system is used as the control target for simulation. Simulation results have
shown a much-improved positiontracking performance.",WILC - 2.31,positiontracking - 1.73,WILC - positiontracking - 4.04,"{'CumulativeMethodScore': 0.5515848907670009, 'CumulativeTaskScore': 0.5725059480066194, 'CumulativeMethodTaskPairScore': 0.47563581065181315}"
Urologic robots and future directions,"PURPOSE OF REVIEW: Robot-assisted laparoscopic surgery in urology has gained
immense popularity with the daVinci system, but a lot of research teams are
working on new robots. The purpose of this study is to review current urologic
robots and present future development directions. RECENT FINDINGS: Future
systems are expected to advance in two directions: improvements of remote
manipulation robots and developments of image-guided robots. SUMMARY: The final
goal of robots is to allow safer and more homogeneous outcomes with less
variability of surgeon performance, as well as new tools to perform tasks on
the basis of medical transcutaneous imaging, in a less invasive way, at lower
costs. It is expected that improvements for a remote system could be augmented
in reality, with haptic feedback, size reduction, and development of new tools
for natural orifice translumenal endoscopic surgery. The paradigm of
image-guided robots is close to clinical availability and the most advanced
robots are presented with end-user technical assessments. It is also notable
that the potential of robots lies much further ahead than the accomplishments
of the daVinci system. The integration of imaging with robotics holds a
substantial promise, because this can accomplish tasks otherwise impossible.
Image-guided robots have the potential to offer a paradigm shift.",daVinci - 5.54,laparoscopic surgery - 6.88,daVinci - laparoscopic surgery - 12.41,"{'CumulativeMethodScore': 0.7092820078826314, 'CumulativeTaskScore': 0.8627054221422368, 'CumulativeMethodTaskPairScore': 0.5487864610520703}"
Robust Global Localization Using Clustered Particle Filtering,"Global mobile robot localization is the problem of determining a robot's pose
in an environment, using sensor data, when the starting position is unknown. A
family of probabilistic algorithms known as Monte Carlo Localization (MCL) is
currently among the most popular methods for solving this problem. MCL
algorithms represent a robot's belief by a set of weighted samples, which
approximate the posterior probability of where the robot is located by using a
Bayesian formulation of the localization problem. This article presents an
extension to the MCL algorithm, which addresses its problems when localizing in
highly symmetrical environments; a situation where MCL is often unable to
correctly track equally probable poses for the robot. The problem arises from
the fact that sample sets in MCL often become impoverished, when samples are
generated according to their posterior likelihood. Our approach incorporates
the idea of clusters of samples and modifies the proposal distribution
considering the probability mass of those clusters. Experimental results are
presented that show that this new extension to the MCL algorithm successfully
localizes in symmetric environments where ordinary MCL often fails.",Monte Carlo Localization - 1.00; MCL - 1.03,Global mobile robot localization - 2.03,Monte Carlo Localization - Global mobile robot localization - 3.60; MCL - Global mobile robot localization - 5.22,"{'CumulativeMethodScore': 0.5368346869765768, 'CumulativeTaskScore': 0.5945471590416953, 'CumulativeMethodTaskPairScore': 0.5174878968764494}"
Automatic Image Segmentation by Dynamic Region Merging,"This paper addresses the automatic image segmentation problem in a region
merging style. With an initially over-segmented image, in which the many
regions (or super-pixels) with homogeneous color are detected, image
segmentation is performed by iteratively merging the regions according to a
statistical test. There are two essential issues in a region merging algorithm:
order of merging and the stopping criterion. In the proposed algorithm, these
two issues are solved by a novel predicate, which is defined by the sequential
probability ratio test (SPRT) and the maximum likelihood criterion. Starting
from an over-segmented image, neighboring regions are progressively merged if
there is an evidence for merging according to this predicate. We show that the
merging order follows the principle of dynamic programming. This formulates
image segmentation as an inference problem, where the final segmentation is
established based on the observed image. We also prove that the produced
segmentation satisfies certain global properties. In addition, a faster
algorithm is developed to accelerate the region merging process, which
maintains a nearest neighbor graph in each iteration. Experiments on real
natural images are conducted to demonstrate the performance of the proposed
dynamic region merging algorithm.",SPRT - 0.00,automatic image segmentation - 1.21; Image Segmentation - 0.00; imageĊsegmentation - 2.61; Ċimage segmentation - 2.10,SPRT - automatic image segmentation - 4.15,"{'CumulativeMethodScore': 0.4296809076804205, 'CumulativeTaskScore': 0.8252370070002171, 'CumulativeMethodTaskPairScore': 0.47664419159643506}"
A Multi-stage Probabilistic Algorithm for Dynamic Path-Planning,"Probabilistic sampling methods have become very popular to solve single-shot
path planning problems. Rapidly-exploring Random Trees (RRTs) in particular
have been shown to be efficient in solving high dimensional problems. Even
though several RRT variants have been proposed for dynamic replanning, these
methods only perform well in environments with infrequent changes. This paper
addresses the dynamic path planning problem by combining simple techniques in a
multi-stage probabilistic algorithm. This algorithm uses RRTs for initial
planning and informed local search for navigation. We show that this
combination of simple techniques provides better responses to highly dynamic
environments than the RRT extensions.",RRT - 0.00,Dynamic Path-Planning - 5.40; dynamic path planning - 1.09,RRT - dynamic path planning - 2.11,"{'CumulativeMethodScore': 0.4296809076804205, 'CumulativeTaskScore': 0.8485309064544875, 'CumulativeMethodTaskPairScore': 0.4588527287086414}"
Combining a Probabilistic Sampling Technique and Simple Heuristics to solve the Dynamic Path Planning Problem,"Probabilistic sampling methods have become very popular to solve single-shot
path planning problems. Rapidly-exploring Random Trees (RRTs) in particular
have been shown to be very efficient in solving high dimensional problems. Even
though several RRT variants have been proposed to tackle the dynamic replanning
problem, these methods only perform well in environments with infrequent
changes. This paper addresses the dynamic path planning problem by combining
simple techniques in a multi-stage probabilistic algorithm. This algorithm uses
RRTs as an initial solution, informed local search to fix unfeasible paths and
a simple greedy optimizer. The algorithm is capable of recognizing when the
local search is stuck, and subsequently restart the RRT. We show that this
combination of simple techniques provides better responses to a highly dynamic
environment than the dynamic RRT variants.",Ċ - 0.00; dynamic RRT - 2.05,Dynamic Path Planning - 2.09; dynamic replanning - 1.82; dynamic path planning - 0.84,Ċ - dynamic replanning - 5.99; Ċ - dynamic path planning - 3.48; dynamic RRT - dynamic replanning - 7.20; dynamic RRT - dynamic path planning - 6.09,"{'CumulativeMethodScore': 0.5377707078257362, 'CumulativeTaskScore': 0.768227913001858, 'CumulativeMethodTaskPairScore': 0.6359951709079571}"
Bayesian Classification and Regression with High Dimensional Features,"This thesis responds to the challenges of using a large number, such as
thousands, of features in regression and classification problems.
  There are two situations where such high dimensional features arise. One is
when high dimensional measurements are available, for example, gene expression
data produced by microarray techniques. For computational or other reasons,
people may select only a small subset of features when modelling such data, by
looking at how relevant the features are to predicting the response, based on
some measure such as correlation with the response in the training data.
Although it is used very commonly, this procedure will make the response appear
more predictable than it actually is. In Chapter 2, we propose a Bayesian
method to avoid this selection bias, with application to naive Bayes models and
mixture models.
  High dimensional features also arise when we consider high-order
interactions. The number of parameters will increase exponentially with the
order considered. In Chapter 3, we propose a method for compressing a group of
parameters into a single one, by exploiting the fact that many predictor
variables derived from high-order interactions have the same values for all the
training cases. The number of compressed parameters may have converged before
considering the highest possible order. We apply this compression method to
logistic sequence prediction models and logistic classification models.
  We use both simulated data and real data to test our methods in both
chapters.",Ċorder - 0.92; naive Bayes - 0.00,regression - 0.00; Ċlogistic sequence prediction classification - 2.65; classification - 0.00; Bayesian Classification - 1.00,Ċorder - classification - 6.01; Ċorder - regression - 5.57; naive Bayes - classification - 0.00; naive Bayes - regression - 0.00,"{'CumulativeMethodScore': 0.4779235983591171, 'CumulativeTaskScore': 0.704366918663838, 'CumulativeMethodTaskPairScore': 0.541582951902985}"
The nested Chinese restaurant process and Bayesian nonparametric inference of topic hierarchies,"We present the nested Chinese restaurant process (nCRP), a stochastic process
which assigns probability distributions to infinitely-deep,
infinitely-branching trees. We show how this stochastic process can be used as
a prior distribution in a Bayesian nonparametric model of document collections.
Specifically, we present an application to information retrieval in which
documents are modeled as paths down a random tree, and the preferential
attachment dynamics of the nCRP leads to clustering of documents according to
sharing of topics at multiple levels of abstraction. Given a corpus of
documents, a posterior inference algorithm finds an approximation to a
posterior distribution over trees, topics and allocations of words to levels of
the tree. We demonstrate this algorithm on collections of scientific abstracts
from several journals. This model exemplifies a recent trend in statistical
machine learning--the use of Bayesian nonparametric methods to infer
distributions on flexible data structures.",nested Chinese restaurant process - 0.00; nCRP - 0.00,information retrieval - 0.00,nested Chinese restaurant process - information retrieval - 0.00; nCRP - information retrieval - 0.00,"{'CumulativeMethodScore': 0.4296809076804205, 'CumulativeTaskScore': 0.44375447054421435, 'CumulativeMethodTaskPairScore': 0.440570890551996}"
Component models for large networks,"Being among the easiest ways to find meaningful structure from discrete data,
Latent Dirichlet Allocation (LDA) and related component models have been
applied widely. They are simple, computationally fast and scalable,
interpretable, and admit nonparametric priors. In the currently popular field
of network modeling, relatively little work has taken uncertainty of data
seriously in the Bayesian sense, and component models have been introduced to
the field only recently, by treating each node as a bag of out-going links. We
introduce an alternative, interaction component model for communities (ICMc),
where the whole network is a bag of links, stemming from different components.
The former finds both disassortative and assortative structure, while the
alternative assumes assortativity and finds community-like structures like the
earlier methods motivated by physics. With Dirichlet Process priors and an
efficient implementation the models are highly scalable, as demonstrated with a
social network from the Last.fm web site, with 670,000 nodes and 1.89 million
links.",LDA - 0.00; Latent Dirichlet Allocation - 0.00; ICMc. - 7.09,network modeling - 0.39,LDA - network modeling - 1.80,"{'CumulativeMethodScore': 0.77228781818226, 'CumulativeTaskScore': 0.47286073671649803, 'CumulativeMethodTaskPairScore': 0.45619170596141845}"
Supervised functional classification: A theoretical remark and some comparisons,"The problem of supervised classification (or discrimination) with functional
data is considered, with a special interest on the popular k-nearest neighbors
(k-NN) classifier. First, relying on a recent result by Cerou and Guyader
(2006), we prove the consistency of the k-NN classifier for functional data
whose distribution belongs to a broad family of Gaussian processes with
triangular covariance functions. Second, on a more practical side, we check the
behavior of the k-NN method when compared with a few other functional
classifiers. This is carried out through a small simulation study and the
analysis of several real functional data sets. While no global ""uniform"" winner
emerges from such comparisons, the overall performance of the k-NN method,
together with its sound intuitive motivation and relative simplicity, suggests
that it could represent a reasonable benchmark for the classification problem
with functional data.",k-NN - 0.00,supervised classification - 0.00; Supervised functional classification - 1.10; discrimination- - 0.97,k-NN - supervised classification - 0.00,"{'CumulativeMethodScore': 0.4296811425970425, 'CumulativeTaskScore': 0.5978949885801959, 'CumulativeMethodTaskPairScore': 0.4405709698249791}"
An information-theoretic derivation of min-cut based clustering,"Min-cut clustering, based on minimizing one of two heuristic cost-functions
proposed by Shi and Malik, has spawned tremendous research, both analytic and
algorithmic, in the graph partitioning and image segmentation communities over
the last decade. It is however unclear if these heuristics can be derived from
a more general principle facilitating generalization to new problem settings.
Motivated by an existing graph partitioning framework, we derive relationships
between optimizing relevance information, as defined in the Information
Bottleneck method, and the regularized cut in a K-partitioned graph. For fast
mixing graphs, we show that the cost functions introduced by Shi and Malik can
be well approximated as the rate of loss of predictive information about the
location of random walkers on the graph. For graphs generated from a stochastic
algorithm designed to model community structure, the optimal information
theoretic partition and the optimal min-cut partition are shown to be the same
with high probability.",Min-cut - 2.19,graph partitioning - 1.02; clustering - 0.00; image segmentation - 0.00,Min-cut - graph partitioning - 5.56; Min-cut - image segmentation - 4.02,"{'CumulativeMethodScore': 0.5452809948640266, 'CumulativeTaskScore': 0.5202801131176644, 'CumulativeMethodTaskPairScore': 0.5241522292707688}"
Reconstruction of Epsilon-Machines in Predictive Frameworks and Decisional States,"This article introduces both a new algorithm for reconstructing
epsilon-machines from data, as well as the decisional states. These are defined
as the internal states of a system that lead to the same decision, based on a
user-provided utility or pay-off function. The utility function encodes some a
priori knowledge external to the system, it quantifies how bad it is to make
mistakes. The intrinsic underlying structure of the system is modeled by an
epsilon-machine and its causal states. The decisional states form a partition
of the lower-level causal states that is defined according to the higher-level
user's knowledge. In a complex systems perspective, the decisional states are
thus the ""emerging"" patterns corresponding to the utility function. The
transitions between these decisional states correspond to events that lead to a
change of decision. The new REMAPF algorithm estimates both the epsilon-machine
and the decisional states from data. Application examples are given for hidden
model reconstruction, cellular automata filtering, and edge detection in
images.",eĊmodel reconstruction - 1.22; REMAPF - 2.52; Ċepsilon-machines - 2.41; Ċ - 0.00,cellular automata filtering - 1.57; edge detection - 0.00,REMAPF - cellular automata filtering - 11.38; REMAPF - edge detection - 9.91,"{'CumulativeMethodScore': 0.7352705636883804, 'CumulativeTaskScore': 0.5612035135702174, 'CumulativeMethodTaskPairScore': 0.6239989452319293}"
KNIFE: Kernel Iterative Feature Extraction,"Selecting important features in non-linear or kernel spaces is a difficult
challenge in both classification and regression problems. When many of the
features are irrelevant, kernel methods such as the support vector machine and
kernel ridge regression can sometimes perform poorly. We propose weighting the
features within a kernel with a sparse set of weights that are estimated in
conjunction with the original classification or regression problem. The
iterative algorithm, KNIFE, alternates between finding the coefficients of the
original problem and finding the feature weights through kernel linearization.
In addition, a slight modification of KNIFE yields an efficient algorithm for
finding feature regularization paths, or the paths of each feature's weight.
Simulation results demonstrate the utility of KNIFE for both kernel regression
and support vector machines with a variety of kernels. Feature path
realizations also reveal important non-linear correlations among features that
prove useful in determining a subset of significant variables. Results on vowel
recognition data, Parkinson's disease data, and microarray data are also given.",support vector - 0.00; KNIFEĊ - 3.95; KNIFE - 1.69,regression - 0.00,KNIFE - regression - 3.81,"{'CumulativeMethodScore': 0.7135223179618696, 'CumulativeTaskScore': 0.44375447054421435, 'CumulativeMethodTaskPairScore': 0.473670929053554}"
Bayesian Agglomerative Clustering with Coalescents,"We introduce a new Bayesian model for hierarchical clustering based on a
prior over trees called Kingman's coalescent. We develop novel greedy and
sequential Monte Carlo inferences which operate in a bottom-up agglomerative
fashion. We show experimentally the superiority of our algorithms over others,
and demonstrate our approach in document clustering and phylolinguistics.",Kingman's coalescent - 0.00; Bay Agglomerative Clustering - 0.00,phylolinguistics - 0.00; hierarchical clustering - 0.00; document clustering - 0.00,Kingman's coalescent - phylolinguistics - 0.00; Kingman's coalescent - hierarchical clustering - 0.00; Kingman's coalescent - document clustering - 0.00,"{'CumulativeMethodScore': 0.42968112907473627, 'CumulativeTaskScore': 0.44375453211254473, 'CumulativeMethodTaskPairScore': 0.4405709099541622}"
Structured Sparse Principal Component Analysis,"We present an extension of sparse PCA, or sparse dictionary learning, where
the sparsity patterns of all dictionary elements are structured and constrained
to belong to a prespecified set of shapes. This \emph{structured sparse PCA} is
based on a structured regularization recently introduced by [1]. While
classical sparse priors only deal with \textit{cardinality}, the regularization
we use encodes higher-order information about the data. We propose an efficient
and simple optimization procedure to solve this problem. Experiments with two
practical tasks, face recognition and the study of the dynamics of a protein
complex, demonstrate the benefits of the proposed structured approach over
unstructured approaches.",sparse PCA - 0.00,face recognition - 0.00,sparse PCA - face recognition - 0.00,"{'CumulativeMethodScore': 0.4296809076804205, 'CumulativeTaskScore': 0.4437548142255334, 'CumulativeMethodTaskPairScore': 0.4405709305772349}"
Sparse Convolved Multiple Output Gaussian Processes,"Recently there has been an increasing interest in methods that deal with
multiple outputs. This has been motivated partly by frameworks like multitask
learning, multisensor networks or structured output data. From a Gaussian
processes perspective, the problem reduces to specifying an appropriate
covariance function that, whilst being positive semi-definite, captures the
dependencies between all the data points and across all the outputs. One
approach to account for non-trivial correlations between outputs employs
convolution processes. Under a latent function interpretation of the
convolution transform we establish dependencies between output variables. The
main drawbacks of this approach are the associated computational and storage
demands. In this paper we address these issues. We present different sparse
approximations for dependent output Gaussian processes constructed through the
convolution formalism. We exploit the conditional independencies present
naturally in the model. This leads to a form of the covariance similar in
spirit to the so called PITC and FITC approximations for a single output. We
show experimental results with synthetic and real data, in particular, we show
results in pollution prediction, school exams score prediction and gene
expression data.",PITC - 1.93; FITC - 0.00,pollution - 0.21; gene - 0.33,PITC - pollution - 4.37; PITC - gene - 4.65; FITC - pollution - 0.41; FITC - gene - 0.64,"{'CumulativeMethodScore': 0.5317346579088764, 'CumulativeTaskScore': 0.4836699233645777, 'CumulativeMethodTaskPairScore': 0.528424833443388}"
Sparse Group Restricted Boltzmann Machines,"Since learning is typically very slow in Boltzmann machines, there is a need
to restrict connections within hidden layers. However, the resulting states of
hidden units exhibit statistical dependencies. Based on this observation, we
propose using $l_1/l_2$ regularization upon the activation possibilities of
hidden units in restricted Boltzmann machines to capture the loacal
dependencies among hidden units. This regularization not only encourages hidden
units of many groups to be inactive given observed data but also makes hidden
units within a group compete with each other for modeling observed data. Thus,
the $l_1/l_2$ regularization on RBMs yields sparsity at both the group and the
hidden unit levels. We call RBMs trained with the regularizer \emph{sparse
group} RBMs. The proposed sparse group RBMs are applied to three tasks:
modeling patches of natural images, modeling handwritten digits and pretaining
a deep networks for a classification task. Furthermore, we illustrate the
regularizer can also be applied to deep Boltzmann machines, which lead to
sparse group deep Boltzmann machines. When adapted to the MNIST data set, a
two-layer sparse group Boltzmann machine achieves an error rate of $0.84\%$,
which is, to our knowledge, the best published result on the
permutation-invariant version of the MNIST task.",RBMs - 0.70; deep Boltzmann machines - 1.04,modeling - 0.32; classification - 0.00,RBMs - modeling - 2.76; RBMs - classification - 2.09; deep Boltzmann machines - modeling - 2.04; deep Boltzmann machines - classification - 1.65,"{'CumulativeMethodScore': 0.5212715582809172, 'CumulativeTaskScore': 0.46747742959542177, 'CumulativeMethodTaskPairScore': 0.5149145980701659}"
Fast Sparse Decomposition by Iterative Detection-Estimation,"Finding sparse solutions of underdetermined systems of linear equations is a
fundamental problem in signal processing and statistics which has become a
subject of interest in recent years. In general, these systems have infinitely
many solutions. However, it may be shown that sufficiently sparse solutions may
be identified uniquely. In other words, the corresponding linear transformation
will be invertible if we restrict its domain to sufficiently sparse vectors.
This property may be used, for example, to solve the underdetermined Blind
Source Separation (BSS) problem, or to find sparse representation of a signal
in an `overcomplete' dictionary of primitive elements (i.e., the so-called
atomic decomposition). The main drawback of current methods of finding sparse
solutions is their computational complexity. In this paper, we will show that
by detecting `active' components of the (potential) solution, i.e., those
components having a considerable value, a framework for fast solution of the
problem may be devised. The idea leads to a family of algorithms, called
`Iterative Detection-Estimation (IDE)', which converge to the solution by
successive detection and estimation of its active part. Comparing the
performance of IDE(s) with one of the most successful method to date, which is
based on Linear Programming (LP), an improvement in speed of about two to three
orders of magnitude is observed.",IDE - 0.26; Iterative Detection-Estimation - 2.50,BlindĊSource Separation - 4.28; BSS - 0.00,IDE - BSS - 1.80; Iterative Detection-Estimation - BSS - 5.30,"{'CumulativeMethodScore': 0.5748826345193669, 'CumulativeTaskScore': 0.7422329359546589, 'CumulativeMethodTaskPairScore': 0.5023568831005627}"
Regularizers for Structured Sparsity,"We study the problem of learning a sparse linear regression vector under
additional conditions on the structure of its sparsity pattern. This problem is
relevant in machine learning, statistics and signal processing. It is well
known that a linear regression can benefit from knowledge that the underlying
regression vector is sparse. The combinatorial problem of selecting the nonzero
components of this vector can be ""relaxed"" by regularizing the squared error
with a convex penalty function like the $\ell_1$ norm. However, in many
applications, additional conditions on the structure of the regression vector
and its sparsity pattern are available. Incorporating this information into the
learning method may lead to a significant decrease of the estimation error. In
this paper, we present a family of convex penalty functions, which encode prior
knowledge on the structure of the vector formed by the absolute values of the
regression coefficients. This family subsumes the $\ell_1$ norm and is flexible
enough to include different models of sparsity patterns, which are of practical
and theoretical importance. We establish the basic properties of these penalty
functions and discuss some examples where they can be computed explicitly.
Moreover, we present a convergent optimization algorithm for solving
regularized least squares with these penalty functions. Numerical simulations
highlight the benefit of structured sparsity and the advantage offered by our
approach over the Lasso method and other related methods.",Lasso - 0.00,learning a sparse linear regression vector - 2.83,Lasso - learning a sparse linear regression vector - 2.83,"{'CumulativeMethodScore': 0.4296809076804205, 'CumulativeTaskScore': 0.6511606155359273, 'CumulativeMethodTaskPairScore': 0.46513254377392343}"
Exact block-wise optimization in group lasso and sparse group lasso for linear regression,"The group lasso is a penalized regression method, used in regression problems
where the covariates are partitioned into groups to promote sparsity at the
group level. Existing methods for finding the group lasso estimator either use
gradient projection methods to update the entire coefficient vector
simultaneously at each step, or update one group of coefficients at a time
using an inexact line search to approximate the optimal value for the group of
coefficients when all other groups' coefficients are fixed. We present a new
method of computation for the group lasso in the linear regression case, the
Single Line Search (SLS) algorithm, which operates by computing the exact
optimal value for each group (when all other coefficients are fixed) with one
univariate line search. We perform simulations demonstrating that the SLS
algorithm is often more efficient than existing computational methods. We also
extend the SLS algorithm to the sparse group lasso problem via the Signed
Single Line Search (SSLS) algorithm, and give theoretical results to support
both algorithms.",SLS - 0.63; group lasso - 0.00; SSLS - 0.48; group - 0.05; ĊSingle Line Search - 1.86; SignedĊSingle Line Search - 1.96,sparse group lasso - 0.45,group lasso - sparse group lasso - 1.18; ĊSingle Line Search - sparse group lasso - 5.88; SignedĊSingle Line Search - sparse group lasso - 5.01; SLS - sparse group lasso - 3.40; SSLS - sparse group lasso - 3.34,"{'CumulativeMethodScore': 0.6844378719352925, 'CumulativeTaskScore': 0.47756380569975326, 'CumulativeMethodTaskPairScore': 0.6034130363340674}"
An Introduction to Conditional Random Fields,"Often we wish to predict a large number of variables that depend on each
other as well as on other observed variables. Structured prediction methods are
essentially a combination of classification and graphical modeling, combining
the ability of graphical models to compactly model multivariate data with the
ability of classification methods to perform prediction using large sets of
input features. This tutorial describes conditional random fields, a popular
probabilistic method for structured prediction. CRFs have seen wide application
in natural language processing, computer vision, and bioinformatics. We
describe methods for inference and parameter estimation for CRFs, including
practical issues for implementing large scale CRFs. We do not assume previous
knowledge of graphical modeling, so this tutorial is intended to be useful to
practitioners in a wide variety of fields.",CRFs - 1.12; conditional random fields prediction - 2.20,Structured prediction - 1.97,CRFs - Structured prediction - 5.72; conditional random fields prediction - Structured prediction - 5.20,"{'CumulativeMethodScore': 0.6037183551141673, 'CumulativeTaskScore': 0.5906683426272252, 'CumulativeMethodTaskPairScore': 0.5357640892714484}"
Ultra-high Dimensional Multiple Output Learning With Simultaneous Orthogonal Matching Pursuit: A Sure Screening Approach,"We propose a novel application of the Simultaneous Orthogonal Matching
Pursuit (S-OMP) procedure for sparsistant variable selection in ultra-high
dimensional multi-task regression problems. Screening of variables, as
introduced in \cite{fan08sis}, is an efficient and highly scalable way to
remove many irrelevant variables from the set of all variables, while retaining
all the relevant variables. S-OMP can be applied to problems with hundreds of
thousands of variables and once the number of variables is reduced to a
manageable size, a more computationally demanding procedure can be used to
identify the relevant variables for each of the regression outputs. To our
knowledge, this is the first attempt to utilize relatedness of multiple outputs
to perform fast screening of relevant variables. As our main theoretical
contribution, we prove that, asymptotically, S-OMP is guaranteed to reduce an
ultra-high number of variables to below the sample size without losing true
relevant variables. We also provide formal evidence that a modified Bayesian
information criterion (BIC) can be used to efficiently determine the number of
iterations in S-OMP. We further provide empirical evidence on the benefit of
variable selection using multiple regression outputs jointly, as opposed to
performing variable selection for each output separately. The finite sample
performance of S-OMP is demonstrated on extensive simulation studies, and on a
genetic association mapping problem. $Keywords$ Adaptive Lasso; Greedy forward
regression; Orthogonal matching pursuit; Multi-output regression; Multi-task
learning; Simultaneous orthogonal matching pursuit; Sure screening; Variable
selection",S-OMP - 0.24; Simultaneous orthogonal matching pursuit - 0.39; Orthogonal matching pursuit - 0.36; Greedy forwardĊregression - 0.82; S-OMP mapping - 0.79; Sure screening - 0.60; Adaptive Lasso - 0.26; Simultaneous Orthogonal MatchingĊPursuit - 1.11,Multi-taskĊlearning - 0.82; Multi-output regression - 0.12; multi-task regression - 0.21,S-OMP - Multi-taskĊlearning - 7.45; S-OMP - Multi-output regression - 2.74; S-OMP - multi-task regression - 3.32; Simultaneous orthogonal matching pursuit - multi-task regression - 2.81; Orthogonal matching pursuit - multi-task regression - 3.59; Greedy forwardĊregression - multi-task regression - 6.31; S-OMP mapping - multi-task regression - 6.46; Sure screening - multi-task regression - 6.79; Adaptive Lasso - multi-task regression - 3.18; Simultaneous Orthogonal MatchingĊPursuit - multi-task regression - 4.97,"{'CumulativeMethodScore': 0.6647600053081612, 'CumulativeTaskScore': 0.5300855123901066, 'CumulativeMethodTaskPairScore': 0.8067046910443761}"
Hyper-sparse optimal aggregation,"In this paper, we consider the problem of ""hyper-sparse aggregation"". Namely,
given a dictionary $F = \{f_1, ..., f_M \}$ of functions, we look for an
optimal aggregation algorithm that writes $\tilde f = \sum_{j=1}^M \theta_j
f_j$ with as many zero coefficients $\theta_j$ as possible. This problem is of
particular interest when $F$ contains many irrelevant functions that should not
appear in $\tilde{f}$. We provide an exact oracle inequality for $\tilde f$,
where only two coefficients are non-zero, that entails $\tilde f$ to be an
optimal aggregation algorithm. Since selectors are suboptimal aggregation
procedures, this proves that 2 is the minimal number of elements of $F$
required for the construction of an optimal aggregation procedures in every
situations. A simulated example of this algorithm is proposed on a dictionary
obtained using LARS, for the problem of selection of the regularization
parameter of the LASSO. We also give an example of use of aggregation to
achieve minimax adaptation over anisotropic Besov spaces, which was not
previously known in minimax theory (in regression on a random design).",LASSO. - 3.08; LARS - 0.00,hyper-sparse aggregation - 0.88,LASSO. - hyper-sparse aggregation - 4.71; LARS - hyper-sparse aggregation - 1.89,"{'CumulativeMethodScore': 0.5916381196303966, 'CumulativeTaskScore': 0.5094342049323863, 'CumulativeMethodTaskPairScore': 0.49808962737046314}"
Foundations of a Multi-way Spectral Clustering Framework for Hybrid Linear Modeling,"The problem of Hybrid Linear Modeling (HLM) is to model and segment data
using a mixture of affine subspaces. Different strategies have been proposed to
solve this problem, however, rigorous analysis justifying their performance is
missing. This paper suggests the Theoretical Spectral Curvature Clustering
(TSCC) algorithm for solving the HLM problem, and provides careful analysis to
justify it. The TSCC algorithm is practically a combination of Govindu's
multi-way spectral clustering framework (CVPR 2005) and Ng et al.'s spectral
clustering algorithm (NIPS 2001). The main result of this paper states that if
the given data is sampled from a mixture of distributions concentrated around
affine subspaces, then with high sampling probability the TSCC algorithm
segments well the different underlying clusters. The goodness of clustering
depends on the within-cluster errors, the between-clusters interaction, and a
tuning parameter applied by TSCC. The proof also provides new insights for the
analysis of Ng et al. (NIPS 2001).",TSCC - 0.89; Spectral Curvature ClusteringĊ - 5.03; spectralĊclustering - 1.50,HLM - 0.86; Hybrid Linear Modeling - 0.42,TSCC - HLM - 9.38; TSCC - Hybrid Linear Modeling - 4.33; Spectral Curvature ClusteringĊ - HLM - 11.96; Spectral Curvature ClusteringĊ - Hybrid Linear Modeling - 8.95; spectralĊclustering - HLM - 7.88; spectralĊclustering - Hybrid Linear Modeling - 4.61,"{'CumulativeMethodScore': 0.7843669444654575, 'CumulativeTaskScore': 0.5397390296090602, 'CumulativeMethodTaskPairScore': 0.8038745205343174}"
A D.C. Programming Approach to the Sparse Generalized Eigenvalue Problem,"In this paper, we consider the sparse eigenvalue problem wherein the goal is
to obtain a sparse solution to the generalized eigenvalue problem. We achieve
this by constraining the cardinality of the solution to the generalized
eigenvalue problem and obtain sparse principal component analysis (PCA), sparse
canonical correlation analysis (CCA) and sparse Fisher discriminant analysis
(FDA) as special cases. Unlike the $\ell_1$-norm approximation to the
cardinality constraint, which previous methods have used in the context of
sparse PCA, we propose a tighter approximation that is related to the negative
log-likelihood of a Student's t-distribution. The problem is then framed as a
d.c. (difference of convex functions) program and is solved as a sequence of
convex programs by invoking the majorization-minimization method. The resulting
algorithm is proved to exhibit \emph{global convergence} behavior, i.e., for
any random initialization, the sequence (subsequence) of iterates generated by
the algorithm converges to a stationary point of the d.c. program. The
performance of the algorithm is empirically demonstrated on both sparse PCA
(finding few relevant genes that explain as much variance as possible in a
high-dimensional gene dataset) and sparse CCA (cross-language document
retrieval and vocabulary selection for music retrieval) applications.",sparseĊcanonical correlation analysis - 0.51; sparse principal component analysis - 0.29,sparse Fisher discriminant analysisĊ - 0.40; sparse PCA - 0.52; cross-language documentĊretrieval selection - 1.03; PCA - 0.00; FDA - 0.00; CCA - 0.40; sparse eigenvalue problem - 0.00; sparse CCA - 0.55,sparseĊcanonical correlation analysis - sparse eigenvalue problem - 1.82,"{'CumulativeMethodScore': 0.4716663549703818, 'CumulativeTaskScore': 0.6560782536705837, 'CumulativeMethodTaskPairScore': 0.45634562193342587}"
Matrix Completion from Noisy Entries,"Given a matrix M of low-rank, we consider the problem of reconstructing it
from noisy observations of a small, random subset of its entries. The problem
arises in a variety of applications, from collaborative filtering (the `Netflix
problem') to structure-from-motion and positioning. We study a low complexity
algorithm introduced by Keshavan et al.(2009), based on a combination of
spectral techniques and manifold optimization, that we call here OptSpace. We
prove performance guarantees that are order-optimal in a number of
circumstances.",OptSpace - 0.00,positioning - 0.00; structure-from-motion - 0.00; collaborative filtering - 0.00,OptSpace - positioning - 0.00; OptSpace - structure-from-motion - 0.00; OptSpace - collaborative filtering - 0.00,"{'CumulativeMethodScore': 0.42968098002033184, 'CumulativeTaskScore': 0.44375465232616035, 'CumulativeMethodTaskPairScore': 0.44057102665591763}"
Sparse Canonical Correlation Analysis,"We present a novel method for solving Canonical Correlation Analysis (CCA) in
a sparse convex framework using a least squares approach. The presented method
focuses on the scenario when one is interested in (or limited to) a primal
representation for the first view while having a dual representation for the
second view. Sparse CCA (SCCA) minimises the number of features used in both
the primal and dual projections while maximising the correlation between the
two views. The method is demonstrated on two paired corpuses of English-French
and English-Spanish for mate-retrieval. We are able to observe, in the
mate-retreival, that when the number of the original features is large SCCA
outperforms Kernel CCA (KCCA), learning the common semantic space from a sparse
set of features.",KCCA - 0.00; Kernel CCA - 0.21; SCCA - 0.25; Sparse CCA - 1.19,Canonical Correlation Analysis - 0.53; mate-retrieval - 2.31; CCA - 0.47; mate-retreival - 2.84,KCCA - Canonical Correlation Analysis - 2.46; KCCA - mate-retrieval - 10.22; KCCA - CCA - 3.96; KCCA - mate-retreival - 12.43; Kernel CCA - Canonical Correlation Analysis - 2.58; Kernel CCA - mate-retrieval - 8.49; Kernel CCA - CCA - 3.58; Kernel CCA - mate-retreival - 10.20; SCCA - Canonical Correlation Analysis - 3.01; SCCA - mate-retrieval - 9.47; SCCA - CCA - 4.43; SCCA - mate-retreival - 11.33; Sparse CCA - Canonical Correlation Analysis - 5.52; Sparse CCA - mate-retrieval - 10.88; Sparse CCA - CCA - 7.73; Sparse CCA - mate-retreival - 12.44,"{'CumulativeMethodScore': 0.516606541827599, 'CumulativeTaskScore': 0.8349867713815451, 'CumulativeMethodTaskPairScore': 0.980507100660624}"
SpicyMKL,"We propose a new optimization algorithm for Multiple Kernel Learning (MKL)
called SpicyMKL, which is applicable to general convex loss functions and
general types of regularization. The proposed SpicyMKL iteratively solves
smooth minimization problems. Thus, there is no need of solving SVM, LP, or QP
internally. SpicyMKL can be viewed as a proximal minimization method and
converges super-linearly. The cost of inner minimization is roughly
proportional to the number of active kernels. Therefore, when we aim for a
sparse kernel combination, our algorithm scales well against increasing number
of kernels. Moreover, we give a general block-norm formulation of MKL that
includes non-sparse regularizations, such as elastic-net and \ellp -norm
regularizations. Extending SpicyMKL, we propose an efficient optimization
method for the general regularization framework. Experimental results show that
our algorithm is faster than existing methods especially when the number of
kernels is large (> 1000).",SpicyMKL of - 2.38; SpicyMKLL - 0.92; SpicyMKL - 1.02,MKL - 0.94; Multiple Kernel Learning - 0.42,SpicyMKL of - Multiple Kernel Learning - 5.65; SpicyMKLL - Multiple Kernel Learning - 3.42,"{'CumulativeMethodScore': 0.6531757873525689, 'CumulativeTaskScore': 0.5450949730652029, 'CumulativeMethodTaskPairScore': 0.5196548220290581}"
High-dimensional variable selection for Cox's proportional hazards model,"Variable selection in high dimensional space has challenged many contemporary
statistical problems from many frontiers of scientific disciplines. Recent
technology advance has made it possible to collect a huge amount of covariate
information such as microarray, proteomic and SNP data via bioimaging
technology while observing survival information on patients in clinical
studies. Thus, the same challenge applies to the survival analysis in order to
understand the association between genomics information and clinical
information about the survival time. In this work, we extend the sure screening
procedure Fan and Lv (2008) to Cox's proportional hazards model with an
iterative version available. Numerical simulation studies have shown
encouraging performance of the proposed method in comparison with other
techniques such as LASSO. This demonstrates the utility and versatility of the
iterative sure independent screening scheme.",Cox - 0.14; LASSO. - 4.48,survival analysis - 0.00,LASSO. - survival analysis - 4.85,"{'CumulativeMethodScore': 0.6677372079953098, 'CumulativeTaskScore': 0.44375447054421435, 'CumulativeMethodTaskPairScore': 0.48273733942183156}"
Incorporating Side Information in Probabilistic Matrix Factorization with Gaussian Processes,"Probabilistic matrix factorization (PMF) is a powerful method for modeling
data associated with pairwise relationships, finding use in collaborative
filtering, computational biology, and document analysis, among other areas. In
many domains, there is additional information that can assist in prediction.
For example, when modeling movie ratings, we might know when the rating
occurred, where the user lives, or what actors appear in the movie. It is
difficult, however, to incorporate this side information into the PMF model. We
propose a framework for incorporating side information by coupling together
multiple PMF problems via Gaussian process priors. We replace scalar latent
features with functions that vary over the space of side information. The GP
priors on these functions require them to vary smoothly and share information.
We successfully use this new method to predict the scores of professional
basketball games, where side information about the venue and date of the game
are relevant for the outcome.",PMF - 0.00; Probabilistic matrix factorization - 0.00,document analysis - 0.42,PMF - document analysis - 1.12; Probabilistic matrix factorization - document analysis - 0.53,"{'CumulativeMethodScore': 0.4296816853216277, 'CumulativeTaskScore': 0.4749619275227057, 'CumulativeMethodTaskPairScore': 0.45485431321395864}"
Quantum learning: optimal classification of qubit states,"Pattern recognition is a central topic in Learning Theory with numerous
applications such as voice and text recognition, image analysis, computer
diagnosis. The statistical set-up in classification is the following: we are
given an i.i.d. training set $(X_{1},Y_{1}),... (X_{n},Y_{n})$ where $X_{i}$
represents a feature and $Y_{i}\in \{0,1\}$ is a label attached to that
feature. The underlying joint distribution of $(X,Y)$ is unknown, but we can
learn about it from the training set and we aim at devising low error
classifiers $f:X\to Y$ used to predict the label of new incoming features.
  Here we solve a quantum analogue of this problem, namely the classification
of two arbitrary unknown qubit states. Given a number of `training' copies from
each of the states, we would like to `learn' about them by performing a
measurement on the training set. The outcome is then used to design mesurements
for the classification of future systems with unknown labels. We find the
asymptotically optimal classification strategy and show that typically, it
performs strictly better than a plug-in strategy based on state estimation.
  The figure of merit is the excess risk which is the difference between the
probability of error and the probability of error of the optimal measurement
when the states are known, that is the Helstrom measurement. We show that the
excess risk has rate $n^{-1}$ and compute the exact constant of the rate.",Helstrom - 3.42,classification risk - 1.25; Pattern recognition recognition - 1.60; classification - 0.00; image analysis - 0.34,Helstrom - classification - 11.40,"{'CumulativeMethodScore': 0.6087599294239633, 'CumulativeTaskScore': 0.6749361779164963, 'CumulativeMethodTaskPairScore': 0.5399534188874868}"
Graph-Valued Regression,"Undirected graphical models encode in a graph $G$ the dependency structure of
a random vector $Y$. In many applications, it is of interest to model $Y$ given
another random vector $X$ as input. We refer to the problem of estimating the
graph $G(x)$ of $Y$ conditioned on $X=x$ as ``graph-valued regression.'' In
this paper, we propose a semiparametric method for estimating $G(x)$ that
builds a tree on the $X$ space just as in CART (classification and regression
trees), but at each leaf of the tree estimates a graph. We call the method
``Graph-optimized CART,'' or Go-CART. We study the theoretical properties of
Go-CART using dyadic partitioning trees, establishing oracle inequalities on
risk minimization and tree partition consistency. We also demonstrate the
application of Go-CART to a meteorological dataset, showing how graph-valued
regression can provide a useful tool for analyzing complex data.",Graph-Valued Regression - 2.32; CART - 0.00; Go-CART - 0.64; in - 0.00; Graph-optimized CART - 2.07,graph-valued regression - 0.71,Go-CART - graph-valued regression - 3.74; in - graph-valued regression - 2.96,"{'CumulativeMethodScore': 0.6866106162919793, 'CumulativeTaskScore': 0.49690288395242393, 'CumulativeMethodTaskPairScore': 0.4989254038604875}"
NESVM: a Fast Gradient Method for Support Vector Machines,"Support vector machines (SVMs) are invaluable tools for many practical
applications in artificial intelligence, e.g., classification and event
recognition. However, popular SVM solvers are not sufficiently efficient for
applications with a great deal of samples as well as a large number of
features. In this paper, thus, we present NESVM, a fast gradient SVM solver
that can optimize various SVM models, e.g., classical SVM, linear programming
SVM and least square SVM. Compared against SVM-Perf
\cite{SVM_Perf}\cite{PerfML} (its convergence rate in solving the dual SVM is
upper bounded by $\mathcal O(1/\sqrt{k})$, wherein $k$ is the number of
iterations.) and Pegasos \cite{Pegasos} (online SVM that converges at rate
$\mathcal O(1/k)$ for the primal SVM), NESVM achieves the optimal convergence
rate at $\mathcal O(1/k^{2})$ and a linear time complexity. In particular,
NESVM smoothes the non-differentiable hinge loss and $\ell_1$-norm in the
primal SVM. Then the optimal gradient method without any line search is adopted
to solve the optimization. In each iteration round, the current gradient and
historical gradients are combined to determine the descent direction, while the
Lipschitz constant determines the step size. Only two matrix-vector
multiplications are required in each iteration round. Therefore, NESVM is more
efficient than existing SVM solvers. In addition, NESVM is available for both
linear and nonlinear kernels. We also propose ""homotopy NESVM"" to accelerate
NESVM by dynamically decreasing the smooth parameter and using the continuation
method. Our experiments on census income categorization, indoor/outdoor scene
classification, event recognition and scene recognition suggest the efficiency
and the effectiveness of NESVM. The MATLAB code of NESVM will be available on
our website for further assessment.",ĊNESVM - 0.35; least square SVM - 0.35; SVM-Perf - 0.43; classical SVM - 0.42; NESVMĊrate - 0.35; NESVM - 0.00; SVM_PerfitePerfML - 1.19; linear programmingĊSVM - 0.78,and scene recognition - 0.00; classification - 0.00; eventĊrecognition - 0.55; census income categorization - 0.73; event recognition - 0.00; indoor/outdoor sceneĊclassification - 0.84,SVM-Perf - classification - 3.80; SVM-Perf - census income categorization - 6.85; NESVM - and scene recognition - 0.00; NESVM - classification - 0.00; NESVM - census income categorization - 6.23; NESVM - eventĊrecognition - 6.00; NESVM - event recognition - 0.00; NESVM - indoor/outdoor sceneĊclassification - 5.32,"{'CumulativeMethodScore': 0.631725172460025, 'CumulativeTaskScore': 0.6012938484817979, 'CumulativeMethodTaskPairScore': 0.6787981897172419}"
Hierarchical Semi-Markov Conditional Random Fields for Recursive Sequential Data,"Inspired by the hierarchical hidden Markov models (HHMM), we present the
hierarchical semi-Markov conditional random field (HSCRF), a generalisation of
embedded undirectedMarkov chains tomodel complex hierarchical, nestedMarkov
processes. It is parameterised in a discriminative framework and has polynomial
time algorithms for learning and inference. Importantly, we consider
partiallysupervised learning and propose algorithms for generalised
partially-supervised learning and constrained inference. We demonstrate the
HSCRF in two applications: (i) recognising human activities of daily living
(ADLs) from indoor surveillance cameras, and (ii) noun-phrase chunking. We show
that the HSCRF is capable of learning rich hierarchical models with reasonable
accuracy in both fully and partially observed data cases.",Ċhierarchical semi-Markov conditional random field - 1.58; HSCRF - 0.43; ĊHSCRF - 0.59; hierarchical hidden Markov models - 0.68; HHMM - 0.25,noun-phrase chunking - 0.45; recognising - 0.65,hierarchical hidden Markov models - noun-phrase chunking - 3.54; hierarchical hidden Markov models - recognising - 5.18; Ċhierarchical semi-Markov conditional random field - recognising - 4.86; HSCRF - noun-phrase chunking - 3.69; HSCRF - recognising - 6.15; ĊHSCRF - recognising - 6.87; HHMM - noun-phrase chunking - 3.80; HHMM - recognising - 7.41,"{'CumulativeMethodScore': 0.6144799983230658, 'CumulativeTaskScore': 0.5256371374459302, 'CumulativeMethodTaskPairScore': 0.7710006752792266}"
Model Selection by Loss Rank for Classification and Unsupervised Learning,"Hutter (2007) recently introduced the loss rank principle (LoRP) as a
generalpurpose principle for model selection. The LoRP enjoys many attractive
properties and deserves further investigations. The LoRP has been well-studied
for regression framework in Hutter and Tran (2010). In this paper, we study the
LoRP for classification framework, and develop it further for model selection
problems in unsupervised learning where the main interest is to describe the
associations between input measurements, like cluster analysis or graphical
modelling. Theoretical properties and simulation studies are presented.",LoRP - 4.35; ĊLoRP - 1.73,cluster analysis - 0.00; graphicalĊmodelling - 1.91; classification - 0.00,LoRP - classification - 13.63; ĊLoRP - classification - 5.30,"{'CumulativeMethodScore': 0.7323831241909338, 'CumulativeTaskScore': 0.5859998309639011, 'CumulativeMethodTaskPairScore': 0.6044319239374865}"
Using a Kernel Adatron for Object Classification with RCS Data,"Rapid identification of object from radar cross section (RCS) signals is
important for many space and military applications. This identification is a
problem in pattern recognition which either neural networks or support vector
machines should prove to be high-speed. Bayesian networks would also provide
value but require significant preprocessing of the signals. In this paper, we
describe the use of a support vector machine for object identification from
synthesized RCS data. Our best results are from data fusion of X-band and
S-band signals, where we obtained 99.4%, 95.3%, 100% and 95.6% correct
identification for cylinders, frusta, spheres, and polygons, respectively. We
also compare our results with a Bayesian approach and show that the SVM is
three orders of magnitude faster, as measured by the number of floating point
operations.",Bayesian - 0.00; support - 0.37,pattern recognition - 0.00,support - pattern recognition - 0.61,"{'CumulativeMethodScore': 0.4491132136940138, 'CumulativeTaskScore': 0.44375447054421435, 'CumulativeMethodTaskPairScore': 0.4458241534152463}"
On the numeric stability of the SFA implementation sfa-tk,"Slow feature analysis (SFA) is a method for extracting slowly varying
features from a quickly varying multidimensional signal. An open source
Matlab-implementation sfa-tk makes SFA easily useable. We show here that under
certain circumstances, namely when the covariance matrix of the nonlinearly
expanded data does not have full rank, this implementation runs into numerical
instabilities. We propse a modified algorithm based on singular value
decomposition (SVD) which is free of those instabilities even in the case where
the rank of the matrix is only less than 10% of its size. Furthermore we show
that an alternative way of handling the numerical problems is to inject a small
amount of noise into the multidimensional input signal which can restore a
rank-deficient covariance matrix to full rank, however at the price of
modifying the original data and the need for noise parameter tuning.",s - 0.00; sfa - 2.44; Slow feature analysis - 1.17,SFA - 2.08,s - SFA - 6.73; Slow feature analysis - SFA - 4.97,"{'CumulativeMethodScore': 0.618605572963668, 'CumulativeTaskScore': 0.5982828830309794, 'CumulativeMethodTaskPairScore': 0.542625535663259}"
